{"type": "FeatureCollection", "features": [{"type": "Feature", "properties": {"area": "Redcliff", "difficulty": "intermediate", "highway": "path", "name": "A Jacked", "osm_id": [1332500197, 1332500198], "stroke": "#3b82f6"}, "geometry": {"type": "MultiLineString", "coordinates": [[[-110.780722, 50.045585], [-110.780558, 50.045476], [-110.780428, 50.045392], [-110.780377, 50.045365], [-110.780329, 50.045351], [-110.780278, 50.045347], [-110.780198, 50.045347], [-110.780158, 50.045357], [-110.780138, 50.045375], [-110.780136, 50.045394], [-110.780156, 50.045411], [-110.780194, 50.045427], [-110.780247, 50.045441], [-110.780265, 50.045459], [-110.780276, 50.045489], [-110.780339, 50.045696], [-110.780331, 50.045784], [-110.78033, 50.045808], [-110.780347, 50.045842], [-110.780414, 50.045968], [-110.780438, 50.046016], [-110.780456, 50.046084], [-110.78049, 50.046168], [-110.780493, 50.046239], [-110.780497, 50.046257], [-110.780487, 50.046286], [-110.780472, 50.046317], [-110.780465, 50.046349], [-110.780461, 50.046391], [-110.780475, 50.046431], [-110.780504, 50.04647], [-110.780524, 50.046485], [-110.780536, 50.046495], [-110.780555, 50.046538], [-110.78062, 50.046643], [-110.780664, 50.046699], [-110.780711, 50.046738], [-110.780905, 50.04686], [-110.780957, 50.046894], [-110.781059, 50.046928], [-110.781101, 50.046947], [-110.781203, 50.047005], [-110.781228, 50.047026], [-110.781241, 50.047058], [-110.781247, 50.047111], [-110.781254, 50.047129], [-110.781283, 50.047158], [-110.781298, 50.047181], [-110.781298, 50.047199], [-110.781279, 50.047224], [-110.78123, 50.047243], [-110.781167, 50.047258], [-110.781098, 50.047258], [-110.781006, 50.047248], [-110.780857, 50.047219], [-110.780797, 50.047201], [-110.780756, 50.047181], [-110.780723, 50.047155], [-110.780697, 50.047139], [-110.780668, 50.047129], [-110.780639, 50.047126], [-110.780611, 50.047129], [-110.780595, 50.047143], [-110.780591, 50.047171], [-110.780602, 50.04719], [-110.780644, 50.047255], [-110.780691, 50.047316], [-110.780729, 50.047343], [-110.780804, 50.047373], [-110.780862, 50.04741], [-110.7809, 50.047441], [-110.780948, 50.047501], [-110.780977, 50.047526], [-110.781055, 50.047566], [-110.781075, 50.047581], [-110.781086, 50.047603], [-110.781079, 50.047633], [-110.781053, 50.047668], [-110.781015, 50.047692], [-110.780975, 50.047699], [-110.780934, 50.047695], [-110.78088, 50.047682], [-110.780842, 50.047668], [-110.780806, 50.04766], [-110.780764, 50.04766], [-110.780726, 50.047653], [-110.780675, 50.047633], [-110.780617, 50.047609], [-110.780584, 50.0476], [-110.780529, 50.047602], [-110.780449, 50.047604], [-110.780383, 50.047595], [-110.780307, 50.04758], [-110.780283, 50.047575], [-110.780231, 50.04756], [-110.780191, 50.047548], [-110.780147, 50.047542], [-110.780105, 50.047534], [-110.780045, 50.047508], [-110.779985, 50.047495], [-110.77994, 50.047498], [-110.779874, 50.047513], [-110.779774, 50.047542], [-110.779733, 50.047557], [-110.77966, 50.047594], [-110.779603, 50.047603], [-110.779545, 50.047609], [-110.779462, 50.047604], [-110.779393, 50.047593], [-110.779357, 50.047592], [-110.779305, 50.047593], [-110.77926, 50.047588], [-110.779197, 50.047581], [-110.779153, 50.047586], [-110.779113, 50.0476], [-110.779085, 50.047633], [-110.779085, 50.047656], [-110.779105, 50.047679], [-110.77914, 50.047697], [-110.779194, 50.047728], [-110.77925, 50.047775], [-110.779328, 50.047877], [-110.779407, 50.048], [-110.77942, 50.048036], [-110.779425, 50.04807], [-110.779433, 50.048092], [-110.779454, 50.048121], [-110.779482, 50.048162], [-110.779479, 50.048185], [-110.779464, 50.048216], [-110.779471, 50.048237], [-110.779496, 50.048254], [-110.779579, 50.04828], [-110.779624, 50.048294], [-110.779807, 50.048366], [-110.779861, 50.048395], [-110.77988, 50.048411], [-110.779898, 50.048444], [-110.779913, 50.048483], [-110.77994, 50.048523], [-110.779994, 50.048561], [-110.780057, 50.048581], [-110.780115, 50.048591], [-110.78017, 50.048591], [-110.780246, 50.048583], [-110.780304, 50.048583], [-110.780351, 50.048593], [-110.780423, 50.048628], [-110.78046, 50.048662], [-110.780552, 50.048798], [-110.780586, 50.048823], [-110.780645, 50.048846], [-110.780782, 50.048874], [-110.780876, 50.048881], [-110.780955, 50.04888], [-110.781023, 50.048892], [-110.781082, 50.048912], [-110.781208, 50.048995], [-110.781399, 50.049089], [-110.781474, 50.049129], [-110.781501, 50.04914], [-110.781572, 50.049153], [-110.781603, 50.049162], [-110.781637, 50.049185], [-110.781657, 50.049193], [-110.781691, 50.0492], [-110.781734, 50.049203], [-110.781765, 50.049215], [-110.781806, 50.049237], [-110.781859, 50.049251], [-110.781958, 50.049264], [-110.782003, 50.049269], [-110.782113, 50.049289], [-110.78217, 50.049293], [-110.782212, 50.049298], [-110.782233, 50.04931], [-110.782274, 50.049355], [-110.7823, 50.049408]], [[-110.777882, 50.046309], [-110.777952, 50.046356], [-110.778005, 50.046389], [-110.778071, 50.046417], [-110.778147, 50.046456], [-110.77823, 50.046494], [-110.778287, 50.046529], [-110.778339, 50.046551], [-110.778387, 50.046565], [-110.778424, 50.04658], [-110.778523, 50.046654], [-110.778734, 50.046855], [-110.778763, 50.046885], [-110.778795, 50.046904], [-110.778834, 50.046913], [-110.778943, 50.046913], [-110.779048, 50.046904], [-110.779066, 50.046907], [-110.779092, 50.046926], [-110.779198, 50.047011], [-110.779263, 50.047053], [-110.779315, 50.047081], [-110.779364, 50.047098], [-110.779412, 50.047122], [-110.779453, 50.047158], [-110.77953, 50.047263], [-110.779558, 50.047307], [-110.779584, 50.047372], [-110.779598, 50.04739], [-110.779641, 50.047413], [-110.779675, 50.04744], [-110.779713, 50.047493], [-110.779725, 50.047522], [-110.779733, 50.047557]]]}, "bbox": [-110.7823, 50.045347, -110.777882, 50.049408]}, {"type": "Feature", "properties": {"area": "Cypress Hills / Elkwater", "difficulty": "easy", "highway": "path", "name": "Aspen Ridge Connector", "osm_id": 1008966068, "stroke": "#22c55e"}, "geometry": {"type": "LineString", "coordinates": [[-110.265786, 49.662614], [-110.265436, 49.662512], [-110.265245, 49.662487], [-110.265168, 49.66246], [-110.264913, 49.662417], [-110.26502, 49.662316], [-110.265072, 49.662094], [-110.265079, 49.662062], [-110.265097, 49.662044], [-110.265119, 49.66189], [-110.265109, 49.66176], [-110.265133, 49.66166], [-110.265184, 49.661531], [-110.265198, 49.661473], [-110.265235, 49.661427], [-110.265289, 49.661361], [-110.265364, 49.661297], [-110.265354, 49.661255], [-110.26534, 49.661226], [-110.265343, 49.66111], [-110.265441, 49.661027], [-110.265469, 49.660883], [-110.265543, 49.660804], [-110.26548, 49.660676], [-110.265487, 49.660634], [-110.265614, 49.66056], [-110.265604, 49.660505], [-110.265597, 49.660436], [-110.26563, 49.660405], [-110.265688, 49.660306], [-110.265747, 49.660253], [-110.265749, 49.660194], [-110.265775, 49.660176], [-110.265756, 49.66008], [-110.265868, 49.659941], [-110.265791, 49.659872], [-110.265603, 49.659758]]}, "bbox": [-110.265868, 49.659758, -110.264913, 49.662614]}, {"type": "Feature", "properties": {"area": "Cypress Hills / Elkwater", "difficulty": "easy", "highway": "path", "name": "Badger Grind", "osm_id": 908905475, "stroke": "#22c55e"}, "geometry": {"type": "LineString", "coordinates": [[-110.312851, 49.662351], [-110.312868, 49.662312], [-110.312736, 49.662298], [-110.312561, 49.662171], [-110.312466, 49.662188], [-110.312405, 49.662225], [-110.312354, 49.662163], [-110.31236, 49.662121], [-110.312421, 49.662059], [-110.312527, 49.66201], [-110.312598, 49.661914], [-110.312636, 49.661893], [-110.312925, 49.661843], [-110.312766, 49.661801], [-110.3126, 49.66181], [-110.312309, 49.661759], [-110.31227, 49.661737], [-110.31227, 49.661708], [-110.312297, 49.661675], [-110.312401, 49.661672], [-110.312596, 49.661595], [-110.31259, 49.661562], [-110.312549, 49.661539], [-110.312331, 49.661572], [-110.312297, 49.661543], [-110.312332, 49.661511], [-110.312523, 49.661491], [-110.312637, 49.661437], [-110.312661, 49.661389], [-110.31256, 49.661325], [-110.312578, 49.661275], [-110.312692, 49.661186], [-110.312782, 49.661178], [-110.312846, 49.661142], [-110.312945, 49.661044], [-110.313022, 49.660924], [-110.313173, 49.660908], [-110.313293, 49.660928], [-110.313432, 49.660824], [-110.313838, 49.660722], [-110.314113, 49.660596], [-110.314205, 49.660525], [-110.314399, 49.660471], [-110.314532, 49.660383], [-110.314507, 49.660331], [-110.31459, 49.660301], [-110.314938, 49.660287], [-110.315058, 49.660204], [-110.315052, 49.660154], [-110.315102, 49.660054], [-110.315083, 49.660012], [-110.315031, 49.659976], [-110.314898, 49.659982], [-110.314812, 49.660004], [-110.314744, 49.660048], [-110.314707, 49.6601], [-110.314451, 49.660158], [-110.31435, 49.660122], [-110.314294, 49.66007], [-110.314297, 49.659974], [-110.314377, 49.659868], [-110.314307, 49.659833], [-110.314411, 49.659749], [-110.314396, 49.659709], [-110.314418, 49.659671], [-110.314418, 49.659603], [-110.314485, 49.659511], [-110.314516, 49.659442], [-110.314473, 49.659412], [-110.31451, 49.65934], [-110.314433, 49.659222], [-110.314433, 49.659163], [-110.314359, 49.659085], [-110.314341, 49.659059], [-110.314183, 49.659039], [-110.314183, 49.658963], [-110.314208, 49.658915], [-110.314282, 49.658839], [-110.314353, 49.658837], [-110.314359, 49.658742], [-110.314615, 49.658674], [-110.314698, 49.658612], [-110.314798, 49.658453], [-110.31486, 49.658389], [-110.314906, 49.658379], [-110.314949, 49.658331], [-110.31502, 49.658295], [-110.31526, 49.65816], [-110.315337, 49.658022], [-110.315347, 49.65799], [-110.315325, 49.657976], [-110.315349, 49.657949]]}, "bbox": [-110.315349, 49.657949, -110.31227, 49.662351]}, {"type": "Feature", "properties": {"area": "Cypress Hills / Elkwater", "difficulty": "intermediate", "highway": "path", "name": "Beaver Creek - Nichol Springs Connector", "osm_id": 910062404, "stroke": "#3b82f6"}, "geometry": {"type": "LineString", "coordinates": [[-110.323489, 49.638011], [-110.322269, 49.638015], [-110.321565, 49.637945], [-110.321412, 49.63792], [-110.3207, 49.637673], [-110.320348, 49.637643], [-110.320042, 49.637722], [-110.31977, 49.637661], [-110.319461, 49.637657], [-110.319351, 49.637601], [-110.319039, 49.63759], [-110.31799, 49.637317], [-110.317833, 49.637238], [-110.317469, 49.636999], [-110.317277, 49.636805]]}, "bbox": [-110.323489, 49.636805, -110.317277, 49.638015]}, {"type": "Feature", "properties": {"area": "Cypress Hills / Elkwater", "difficulty": "intermediate", "highway": "path", "name": "Beaver Creek Loop", "osm_id": 910055865, "stroke": "#3b82f6"}, "geometry": {"type": "LineString", "coordinates": [[-110.296166, 49.658015], [-110.296193, 49.65788], [-110.296439, 49.656483], [-110.296696, 49.655441], [-110.297645, 49.653943], [-110.297821, 49.653518], [-110.297802, 49.652956], [-110.297791, 49.65256], [-110.298666, 49.652019], [-110.29907, 49.652277], [-110.299078, 49.6524], [-110.29849, 49.652733], [-110.298349, 49.65275], [-110.298567, 49.653264], [-110.298452, 49.6541], [-110.298675, 49.654406], [-110.298486, 49.654895], [-110.298134, 49.655224], [-110.298267, 49.655724], [-110.298164, 49.656153], [-110.298525, 49.656548], [-110.298563, 49.656803], [-110.298319, 49.657101], [-110.298301, 49.657327], [-110.298143, 49.657363], [-110.298082, 49.657558], [-110.2981, 49.657911], [-110.297948, 49.658533]]}, "bbox": [-110.299078, 49.652019, -110.296166, 49.658533]}, {"type": "Feature", "properties": {"area": "Cypress Hills / Elkwater", "difficulty": "intermediate", "highway": "path", "name": "Beaver Creek Trail", "osm_id": 910061657, "stroke": "#3b82f6"}, "geometry": {"type": "LineString", "coordinates": [[-110.298666, 49.652019], [-110.29861, 49.651745], [-110.298744, 49.651593], [-110.298975, 49.651427], [-110.299054, 49.651299], [-110.299437, 49.651159], [-110.299592, 49.651044], [-110.299619, 49.650938], [-110.300078, 49.650546], [-110.30015, 49.650529], [-110.300406, 49.650536], [-110.300727, 49.650382], [-110.3008, 49.650342], [-110.300976, 49.650265], [-110.301038, 49.650218], [-110.301085, 49.650195], [-110.301222, 49.650216], [-110.301417, 49.650071], [-110.301478, 49.650001], [-110.301478, 49.649945], [-110.301521, 49.649873], [-110.301788, 49.649828], [-110.301922, 49.649777], [-110.302091, 49.649793], [-110.302333, 49.649849], [-110.302402, 49.649849], [-110.302604, 49.649791], [-110.302694, 49.649791], [-110.302694, 49.649709], [-110.302636, 49.649611], [-110.302532, 49.649574], [-110.30251, 49.649536], [-110.302622, 49.649532], [-110.302781, 49.649492], [-110.303201, 49.649257], [-110.303342, 49.649227], [-110.30363, 49.64911], [-110.303767, 49.64908], [-110.303926, 49.649112], [-110.304074, 49.649176], [-110.304172, 49.649274], [-110.304236, 49.649302], [-110.304536, 49.649327], [-110.304857, 49.649433], [-110.304965, 49.649444], [-110.305196, 49.649393], [-110.305323, 49.649388], [-110.305525, 49.649552], [-110.305776, 49.649582], [-110.306036, 49.649641], [-110.306119, 49.64969], [-110.306158, 49.649746], [-110.306238, 49.649816], [-110.306649, 49.649963], [-110.306768, 49.649991], [-110.30692, 49.650059], [-110.307032, 49.650159], [-110.307263, 49.650211], [-110.307447, 49.650299], [-110.307591, 49.650332], [-110.307631, 49.650381], [-110.307836, 49.650402], [-110.307909, 49.650384], [-110.308006, 49.650395], [-110.308194, 49.650381], [-110.308565, 49.650292], [-110.30863, 49.650295], [-110.309237, 49.650134], [-110.30941, 49.650038], [-110.3095, 49.649895], [-110.309554, 49.649865], [-110.309749, 49.649839], [-110.309955, 49.649762], [-110.310085, 49.649697], [-110.310262, 49.649554], [-110.310511, 49.649526], [-110.310608, 49.649465], [-110.310702, 49.649379], [-110.310897, 49.649279], [-110.310969, 49.649284], [-110.311009, 49.649251], [-110.31103, 49.649206], [-110.311135, 49.649071], [-110.311232, 49.648994], [-110.311427, 49.648982], [-110.31159, 49.649024], [-110.311684, 49.649013], [-110.311734, 49.648977], [-110.311716, 49.648889], [-110.311723, 49.648821], [-110.311839, 49.648697], [-110.311943, 49.648634], [-110.312247, 49.648167], [-110.312398, 49.648119], [-110.312528, 49.648094], [-110.312795, 49.647958], [-110.312968, 49.647932], [-110.313315, 49.647757], [-110.31347, 49.647729], [-110.313589, 49.647678], [-110.313805, 49.647633], [-110.313863, 49.647629], [-110.313968, 49.647563], [-110.314336, 49.647418], [-110.314726, 49.647348], [-110.314887, 49.647269], [-110.315197, 49.647213], [-110.31532, 49.647243], [-110.315435, 49.64725], [-110.315591, 49.647213], [-110.315728, 49.647161], [-110.315876, 49.647044], [-110.315948, 49.646956], [-110.31602, 49.646918], [-110.316186, 49.646636], [-110.316269, 49.64657], [-110.316356, 49.646439], [-110.316359, 49.646397], [-110.316417, 49.646297], [-110.316504, 49.646213], [-110.316572, 49.646089], [-110.316724, 49.645953], [-110.317139, 49.645796], [-110.317377, 49.645771], [-110.31768, 49.645654], [-110.317796, 49.64557], [-110.317897, 49.645453], [-110.318117, 49.645322], [-110.318236, 49.645142], [-110.318499, 49.644951], [-110.318633, 49.644995], [-110.318878, 49.645004], [-110.319055, 49.644972], [-110.319203, 49.644815], [-110.319225, 49.644705], [-110.319293, 49.644607], [-110.319282, 49.644544], [-110.319235, 49.64449], [-110.31925, 49.644432], [-110.319412, 49.644268], [-110.319445, 49.644226], [-110.31943, 49.644154], [-110.319694, 49.644013], [-110.319917, 49.643765], [-110.320347, 49.643321], [-110.320387, 49.64322], [-110.32039, 49.643089], [-110.320444, 49.643043], [-110.320455, 49.642846], [-110.320513, 49.64269], [-110.320506, 49.642622], [-110.320419, 49.64251], [-110.320416, 49.642407], [-110.320423, 49.642379], [-110.320495, 49.642335], [-110.320517, 49.642304], [-110.320509, 49.642178], [-110.320556, 49.641972], [-110.320849, 49.641783], [-110.321007, 49.641465], [-110.320988, 49.641423], [-110.321338, 49.641105], [-110.321414, 49.641098], [-110.321482, 49.641066], [-110.321518, 49.641024], [-110.321572, 49.640797], [-110.321608, 49.640753], [-110.321677, 49.64072], [-110.321966, 49.64051], [-110.32202, 49.640411], [-110.322215, 49.640409], [-110.322244, 49.640369], [-110.322391, 49.640407], [-110.32263, 49.640351], [-110.322756, 49.64032], [-110.322835, 49.640325], [-110.322947, 49.640341], [-110.323102, 49.64029], [-110.323131, 49.640224], [-110.32311, 49.640031], [-110.323424, 49.639814], [-110.32355, 49.639676], [-110.323597, 49.639508], [-110.323669, 49.639421], [-110.323647, 49.63929], [-110.323655, 49.639173], [-110.323709, 49.639017], [-110.323763, 49.638916], [-110.323766, 49.638842], [-110.323835, 49.638736], [-110.323846, 49.638673], [-110.324051, 49.638406], [-110.324077, 49.638289], [-110.324026, 49.638121], [-110.323961, 49.638086], [-110.323774, 49.638036], [-110.323489, 49.638011], [-110.323449, 49.637985], [-110.323431, 49.637875], [-110.323395, 49.63785], [-110.323221, 49.637826], [-110.323203, 49.637789], [-110.323308, 49.637772], [-110.32355, 49.637691], [-110.323608, 49.637653], [-110.323283, 49.637583], [-110.323225, 49.637527], [-110.323232, 49.637438], [-110.323319, 49.637377], [-110.323366, 49.637251], [-110.323409, 49.637223], [-110.323698, 49.63724], [-110.323756, 49.637226], [-110.323878, 49.637137], [-110.32394, 49.637144], [-110.324073, 49.637202], [-110.324156, 49.637183], [-110.324333, 49.637097], [-110.324676, 49.637055], [-110.324748, 49.637013], [-110.324928, 49.63698], [-110.325149, 49.636847], [-110.325423, 49.636765], [-110.325434, 49.636721], [-110.325293, 49.636676], [-110.32525, 49.636634], [-110.325181, 49.636618], [-110.325116, 49.636559], [-110.32517, 49.636494], [-110.325228, 49.636489], [-110.325228, 49.636433], [-110.325304, 49.636354], [-110.325416, 49.636349], [-110.325527, 49.636302], [-110.325592, 49.636155], [-110.325477, 49.63605], [-110.325524, 49.635996], [-110.325796, 49.635867]]}, "bbox": [-110.325796, 49.635867, -110.29861, 49.652019]}, {"type": "Feature", "properties": {"area": "Cypress Hills / Elkwater", "difficulty": "intermediate", "highway": "path", "name": "Beaver Creek to Ferguson Hill Campground", "osm_id": 949760646, "stroke": "#3b82f6"}, "geometry": {"type": "LineString", "coordinates": [[-110.294708, 49.652061], [-110.294835, 49.652031], [-110.294908, 49.652031], [-110.294939, 49.652067], [-110.294989, 49.652122], [-110.295041, 49.652164], [-110.295135, 49.652203], [-110.295221, 49.652278], [-110.295238, 49.652456], [-110.295191, 49.652575], [-110.295191, 49.652625], [-110.295277, 49.652692], [-110.295315, 49.652934], [-110.295406, 49.653089], [-110.29544, 49.65325], [-110.295547, 49.65339], [-110.295569, 49.653428], [-110.295569, 49.653578], [-110.295521, 49.653637], [-110.295521, 49.653692], [-110.295594, 49.653751], [-110.295672, 49.653751], [-110.295684, 49.653704], [-110.295663, 49.653637], [-110.295667, 49.653587], [-110.295725, 49.653605], [-110.295759, 49.653691], [-110.295774, 49.653755], [-110.295787, 49.653797], [-110.295823, 49.653769], [-110.295815, 49.65374], [-110.295811, 49.653698], [-110.295832, 49.653668], [-110.29586, 49.653643], [-110.295886, 49.653684], [-110.29589, 49.653737], [-110.295929, 49.653814], [-110.295984, 49.653883], [-110.295963, 49.654014], [-110.295914, 49.654071], [-110.295976, 49.654087], [-110.296034, 49.654055], [-110.296092, 49.653998], [-110.296107, 49.653918], [-110.296107, 49.65385], [-110.29618, 49.653832], [-110.296208, 49.653901], [-110.296259, 49.653908], [-110.29633, 49.653794], [-110.296353, 49.653696], [-110.296366, 49.653621], [-110.296407, 49.65352], [-110.296471, 49.653371], [-110.296527, 49.653314], [-110.296577, 49.65328], [-110.296628, 49.653199], [-110.296637, 49.653138], [-110.296669, 49.653069], [-110.296718, 49.653052], [-110.29677, 49.652982], [-110.29677, 49.652913], [-110.296815, 49.652834], [-110.296836, 49.652771], [-110.296866, 49.65271], [-110.296922, 49.652704], [-110.297171, 49.652696], [-110.29745, 49.652872], [-110.297532, 49.652924], [-110.297571, 49.652922], [-110.297644, 49.652911], [-110.297731, 49.652942], [-110.297802, 49.652956]]}, "bbox": [-110.297802, 49.652031, -110.294708, 49.654087]}, {"type": "Feature", "properties": {"area": "Redcliff", "difficulty": "advanced", "highway": "path", "name": "Billy Goat", "osm_id": 565218299, "stroke": "#0a0a0a"}, "geometry": {"type": "LineString", "coordinates": [[-110.784623, 50.056389], [-110.784506, 50.056418], [-110.78454, 50.056448], [-110.784687, 50.056497], [-110.784516, 50.056562], [-110.784587, 50.056584], [-110.784831, 50.056581], [-110.784893, 50.056596], [-110.784866, 50.056658], [-110.784728, 50.056696], [-110.784513, 50.056721], [-110.784307, 50.056742], [-110.784098, 50.056746], [-110.783894, 50.056737], [-110.783522, 50.056685], [-110.783286, 50.056625], [-110.782851, 50.056598], [-110.782669, 50.05656], [-110.782532, 50.056505], [-110.782271, 50.05631], [-110.782077, 50.056213], [-110.782018, 50.056153], [-110.78203, 50.056068], [-110.782076, 50.055992], [-110.782169, 50.055955], [-110.782276, 50.055977], [-110.782492, 50.056064], [-110.782563, 50.056037], [-110.782508, 50.055986], [-110.782215, 50.05588]]}, "bbox": [-110.784893, 50.05588, -110.782018, 50.056746]}, {"type": "Feature", "properties": {"area": "Redcliff", "difficulty": "easy", "highway": "path", "name": "Black Lung Pop", "osm_id": 1332500174, "stroke": "#22c55e"}, "geometry": {"type": "LineString", "coordinates": [[-110.774874, 50.04729], [-110.77482, 50.047271], [-110.774761, 50.047259], [-110.774705, 50.047253], [-110.774601, 50.047239], [-110.774535, 50.047217], [-110.774497, 50.047199], [-110.774467, 50.047185], [-110.774414, 50.047173], [-110.774346, 50.047144], [-110.774289, 50.047111], [-110.774246, 50.047091], [-110.774187, 50.047077], [-110.774131, 50.047071], [-110.774094, 50.04707], [-110.774067, 50.047067], [-110.773904, 50.047039], [-110.773749, 50.047004], [-110.773704, 50.046983], [-110.773592, 50.04693], [-110.773503, 50.046883], [-110.773454, 50.046864], [-110.773328, 50.04681], [-110.773303, 50.046791], [-110.773288, 50.04677], [-110.773197, 50.046569], [-110.773183, 50.046521], [-110.773173, 50.046481], [-110.77315, 50.04645], [-110.77312, 50.046414], [-110.773099, 50.046403], [-110.773026, 50.046382], [-110.772999, 50.046368], [-110.772925, 50.046329], [-110.772869, 50.04631], [-110.772788, 50.046293], [-110.772756, 50.046291], [-110.772707, 50.046297], [-110.772682, 50.046299], [-110.772661, 50.046297], [-110.772625, 50.04629], [-110.772583, 50.046282], [-110.772547, 50.046279], [-110.7725, 50.046282], [-110.772418, 50.046287], [-110.77238, 50.046287], [-110.772178, 50.046269], [-110.772146, 50.046262], [-110.771914, 50.046213], [-110.771807, 50.046177], [-110.771748, 50.046152], [-110.771694, 50.046112], [-110.771671, 50.046087], [-110.771658, 50.04606], [-110.771636, 50.046015], [-110.771621, 50.045997], [-110.771585, 50.045974], [-110.771575, 50.045964], [-110.771571, 50.045951], [-110.771555, 50.045895], [-110.771541, 50.045878], [-110.771518, 50.045866], [-110.771483, 50.045861], [-110.771429, 50.045864], [-110.7714, 50.045872], [-110.77136, 50.045884], [-110.771297, 50.045894], [-110.771256, 50.045903], [-110.77121, 50.045919], [-110.771165, 50.045928], [-110.771122, 50.045932], [-110.771071, 50.045931], [-110.771014, 50.04592], [-110.770968, 50.045892], [-110.770943, 50.045853], [-110.770939, 50.045818], [-110.770959, 50.045786], [-110.770986, 50.045766], [-110.771022, 50.045746], [-110.771063, 50.045735], [-110.771098, 50.045725], [-110.771124, 50.045714], [-110.771142, 50.045698], [-110.771179, 50.045669], [-110.771198, 50.045658], [-110.771235, 50.045645], [-110.77127, 50.045629], [-110.771296, 50.045606], [-110.771311, 50.045579], [-110.771315, 50.045554], [-110.771301, 50.045514], [-110.771274, 50.045485], [-110.771249, 50.045464], [-110.771215, 50.045454], [-110.771166, 50.045451], [-110.771122, 50.045453], [-110.771086, 50.045462], [-110.771049, 50.045471], [-110.771015, 50.045474], [-110.770992, 50.045473], [-110.770961, 50.045467], [-110.770938, 50.045462], [-110.77091, 50.04546], [-110.770878, 50.045461], [-110.770805, 50.045468], [-110.770737, 50.045474], [-110.770712, 50.045482], [-110.770698, 50.045494], [-110.770661, 50.045542], [-110.770627, 50.045568], [-110.770602, 50.045581], [-110.770569, 50.045583], [-110.770539, 50.045577], [-110.770512, 50.045561], [-110.770496, 50.045534], [-110.770476, 50.045501], [-110.770461, 50.045488], [-110.770428, 50.045481], [-110.770408, 50.045484], [-110.770381, 50.045494], [-110.770344, 50.045514], [-110.77031, 50.045525], [-110.770282, 50.045533], [-110.770263, 50.045543], [-110.770204, 50.045571], [-110.77016, 50.045585], [-110.770111, 50.045592], [-110.770074, 50.045593], [-110.770031, 50.045587], [-110.769987, 50.045572], [-110.76991, 50.045522], [-110.769865, 50.045481], [-110.76983, 50.04544], [-110.769821, 50.045425], [-110.769806, 50.045377], [-110.769803, 50.045344], [-110.769788, 50.045325], [-110.769769, 50.045319], [-110.769741, 50.045318], [-110.769712, 50.045328], [-110.769678, 50.04534], [-110.769654, 50.04535], [-110.769619, 50.045356], [-110.769552, 50.04537], [-110.769478, 50.045388], [-110.769434, 50.045404], [-110.769407, 50.045413], [-110.769379, 50.045415], [-110.769349, 50.045408], [-110.769315, 50.04539], [-110.769304, 50.045377], [-110.769293, 50.045359], [-110.769292, 50.045338], [-110.769285, 50.045317], [-110.769265, 50.045265], [-110.769262, 50.045241], [-110.769258, 50.045204], [-110.769246, 50.045175], [-110.769223, 50.04514], [-110.769193, 50.04511], [-110.769171, 50.045075], [-110.769153, 50.045053], [-110.769132, 50.045041], [-110.769069, 50.045022], [-110.768989, 50.044999], [-110.768951, 50.044981], [-110.768908, 50.044946], [-110.768875, 50.044907], [-110.768859, 50.044883], [-110.768847, 50.044876], [-110.768814, 50.044861], [-110.768787, 50.044833], [-110.76877, 50.044808], [-110.768762, 50.044785], [-110.768753, 50.044767], [-110.768724, 50.044746], [-110.768705, 50.04473], [-110.768699, 50.044717], [-110.768696, 50.044678], [-110.768683, 50.044651], [-110.768653, 50.044621], [-110.768607, 50.044594], [-110.768515, 50.044564], [-110.768486, 50.044558], [-110.768459, 50.04456], [-110.768421, 50.044565], [-110.768404, 50.044564], [-110.768364, 50.044562], [-110.768332, 50.044564], [-110.768283, 50.044572], [-110.768239, 50.044574], [-110.768199, 50.044562], [-110.768178, 50.044545], [-110.768173, 50.044528], [-110.768176, 50.04451], [-110.768191, 50.044476], [-110.768197, 50.044406], [-110.768204, 50.044384], [-110.768214, 50.044366], [-110.768211, 50.044348], [-110.768196, 50.044322], [-110.768154, 50.044274], [-110.768124, 50.044255], [-110.768094, 50.044247], [-110.768008, 50.044238], [-110.767963, 50.044238], [-110.767919, 50.044244], [-110.767892, 50.044244], [-110.767858, 50.044239], [-110.767823, 50.044228], [-110.767804, 50.044216], [-110.767792, 50.044193], [-110.767776, 50.044119], [-110.767774, 50.044004], [-110.767788, 50.043896], [-110.767791, 50.043833], [-110.76778, 50.043793], [-110.767755, 50.043768], [-110.767725, 50.043751], [-110.767669, 50.043731], [-110.767625, 50.043726], [-110.767589, 50.043727], [-110.767549, 50.043738], [-110.76749, 50.043767], [-110.76745, 50.043789], [-110.767426, 50.043809], [-110.767384, 50.043849], [-110.767343, 50.043875], [-110.767292, 50.043892], [-110.767229, 50.043909], [-110.767149, 50.04392], [-110.767113, 50.04392], [-110.767071, 50.043915], [-110.767028, 50.043904], [-110.766985, 50.043898], [-110.766966, 50.043899], [-110.76692, 50.043905], [-110.766877, 50.043917], [-110.766833, 50.043928], [-110.766797, 50.043932], [-110.766757, 50.043929], [-110.766637, 50.043896], [-110.766604, 50.043893], [-110.766569, 50.043896], [-110.766478, 50.043903], [-110.766433, 50.043903], [-110.766364, 50.043902], [-110.766334, 50.043902], [-110.766296, 50.043905], [-110.766266, 50.043903], [-110.766232, 50.04389], [-110.766193, 50.043872], [-110.766154, 50.043863], [-110.766098, 50.043862], [-110.766067, 50.043859], [-110.766028, 50.043843], [-110.765902, 50.043795], [-110.765748, 50.043727], [-110.765679, 50.043679], [-110.765645, 50.043657], [-110.76559, 50.043636], [-110.765534, 50.04362], [-110.765483, 50.043592], [-110.765416, 50.043575], [-110.765375, 50.043553], [-110.765323, 50.043525], [-110.765282, 50.043518], [-110.765196, 50.043506], [-110.765153, 50.043496], [-110.765111, 50.043471], [-110.765036, 50.043432], [-110.764943, 50.043392], [-110.764836, 50.04335], [-110.764788, 50.043339], [-110.764756, 50.043329], [-110.764677, 50.043287], [-110.764824, 50.043344], [-110.764817, 50.043337], [-110.764499, 50.043134], [-110.764453, 50.043108], [-110.764419, 50.043097], [-110.764307, 50.04306], [-110.764253, 50.043034], [-110.764185, 50.043019], [-110.76414, 50.043004], [-110.764075, 50.04298], [-110.76393, 50.042945], [-110.763893, 50.042925], [-110.763857, 50.042907], [-110.763774, 50.042887], [-110.763717, 50.042871], [-110.763641, 50.042832], [-110.763604, 50.042821], [-110.763547, 50.042803], [-110.763505, 50.042775], [-110.763492, 50.042764], [-110.763381, 50.042708], [-110.763351, 50.042697], [-110.76331, 50.042692], [-110.763142, 50.042667]]}, "bbox": [-110.774874, 50.042667, -110.763142, 50.04729]}, {"type": "Feature", "properties": {"area": "Cypress Hills / Elkwater", "difficulty": "easy", "highway": "path", "name": "Bunny Hug", "osm_id": 1002668240, "stroke": "#22c55e"}, "geometry": {"type": "LineString", "coordinates": [[-110.265821, 49.657981], [-110.265843, 49.657878], [-110.265839, 49.65781], [-110.265833, 49.657709], [-110.265839, 49.657656], [-110.265824, 49.657582], [-110.265775, 49.657539], [-110.265719, 49.657513], [-110.265616, 49.657516], [-110.265547, 49.657525], [-110.265416, 49.657492], [-110.265343, 49.65751], [-110.265178, 49.657607], [-110.265103, 49.657646], [-110.265101, 49.657682], [-110.265039, 49.657717], [-110.265015, 49.657768], [-110.265004, 49.657795], [-110.264955, 49.657838], [-110.264904, 49.657859], [-110.264844, 49.657864], [-110.264799, 49.657891], [-110.264687, 49.657887], [-110.264642, 49.657874], [-110.264586, 49.657913], [-110.264556, 49.657939], [-110.264453, 49.657949], [-110.264365, 49.658023], [-110.264325, 49.658038], [-110.26428, 49.658063], [-110.264252, 49.658082], [-110.264224, 49.658142], [-110.264192, 49.658185], [-110.264155, 49.658219], [-110.264076, 49.658235], [-110.26402, 49.658277], [-110.26402, 49.658305], [-110.264041, 49.658338], [-110.264089, 49.658378], [-110.264086, 49.6584], [-110.264082, 49.658456], [-110.264078, 49.658489], [-110.264037, 49.658564], [-110.263951, 49.658652], [-110.263868, 49.658734], [-110.263859, 49.658767], [-110.263857, 49.658816], [-110.263827, 49.658855], [-110.263758, 49.658879], [-110.263649, 49.658787], [-110.263644, 49.658729], [-110.263544, 49.658713], [-110.263441, 49.658688], [-110.263327, 49.658701], [-110.262962, 49.658845], [-110.262808, 49.658859], [-110.262733, 49.658826], [-110.262711, 49.658787], [-110.262561, 49.658751], [-110.262503, 49.658729], [-110.262529, 49.658699], [-110.262488, 49.658669], [-110.262402, 49.65863], [-110.262385, 49.658562], [-110.262385, 49.658502], [-110.262408, 49.658456], [-110.262426, 49.658415], [-110.262413, 49.658364], [-110.262432, 49.658346], [-110.262387, 49.658308], [-110.262396, 49.658268], [-110.262421, 49.658182], [-110.262503, 49.658147], [-110.262584, 49.658108], [-110.262647, 49.6581], [-110.262638, 49.658065], [-110.26255, 49.658051], [-110.262439, 49.658103], [-110.262348, 49.658126], [-110.262258, 49.658178], [-110.262196, 49.658257], [-110.262153, 49.658371], [-110.262145, 49.658435], [-110.262121, 49.658511], [-110.262097, 49.658568], [-110.262012, 49.658643], [-110.261941, 49.658617], [-110.261924, 49.658537], [-110.261939, 49.658446], [-110.261945, 49.658383], [-110.261874, 49.658301], [-110.261889, 49.658199], [-110.261913, 49.658105], [-110.261956, 49.658021], [-110.262003, 49.657937], [-110.262046, 49.65785], [-110.262054, 49.657786]]}, "bbox": [-110.265843, 49.657492, -110.261874, 49.658879]}, {"type": "Feature", "properties": {"area": "Cypress Hills / Elkwater", "difficulty": "intermediate", "highway": "path", "name": "Canadiana", "osm_id": 949759303, "stroke": "#3b82f6"}, "geometry": {"type": "LineString", "coordinates": [[-110.270326, 49.652563], [-110.270187, 49.65278], [-110.270131, 49.652855], [-110.270142, 49.652912], [-110.270219, 49.652993], [-110.270262, 49.653026], [-110.27029, 49.653036], [-110.27035, 49.653118], [-110.270475, 49.653214], [-110.270513, 49.653255], [-110.270513, 49.653303], [-110.270552, 49.653397], [-110.270526, 49.653497], [-110.270528, 49.653572], [-110.270483, 49.653626], [-110.270346, 49.653721], [-110.270146, 49.653769], [-110.270028, 49.653858], [-110.270003, 49.653894], [-110.270008, 49.653904], [-110.270031, 49.653939], [-110.270123, 49.653967], [-110.270211, 49.653971], [-110.270419, 49.654025], [-110.270458, 49.654064], [-110.27047, 49.654089], [-110.270503, 49.654099], [-110.27052, 49.654133], [-110.27049, 49.654179], [-110.270269, 49.654257], [-110.270204, 49.654354], [-110.27014, 49.654418], [-110.270016, 49.654464], [-110.26996, 49.6545], [-110.269698, 49.654561], [-110.269541, 49.654577], [-110.26941, 49.654643], [-110.269329, 49.654667], [-110.269314, 49.65472], [-110.269215, 49.654797], [-110.269239, 49.654893], [-110.269185, 49.654966], [-110.269123, 49.655032], [-110.269144, 49.655071], [-110.269121, 49.655121], [-110.269041, 49.65515], [-110.268904, 49.655228], [-110.268724, 49.655291], [-110.268689, 49.655324], [-110.268548, 49.65537], [-110.268464, 49.655435], [-110.268441, 49.655459], [-110.26837, 49.655482], [-110.268312, 49.655514], [-110.268207, 49.655528], [-110.268112, 49.655509], [-110.267932, 49.655509], [-110.267846, 49.655509], [-110.267769, 49.655486], [-110.267677, 49.65542], [-110.267574, 49.655402], [-110.26752, 49.655411], [-110.267464, 49.65547], [-110.267346, 49.655541], [-110.267245, 49.655546], [-110.267187, 49.655566], [-110.267233, 49.655637], [-110.267151, 49.655673], [-110.267089, 49.655681], [-110.266943, 49.655656], [-110.2669, 49.655691], [-110.266896, 49.655748], [-110.266917, 49.655779], [-110.267089, 49.655874], [-110.267248, 49.655916], [-110.267278, 49.655942], [-110.267318, 49.656008], [-110.267398, 49.65604], [-110.267509, 49.656066], [-110.267597, 49.656055], [-110.267606, 49.656034], [-110.267584, 49.655984], [-110.267773, 49.655958], [-110.26785, 49.655963], [-110.267928, 49.65594], [-110.267975, 49.655909], [-110.268067, 49.655937], [-110.26805, 49.656002], [-110.267994, 49.656049], [-110.267962, 49.656059], [-110.267913, 49.656088], [-110.267893, 49.656129], [-110.26785, 49.656151], [-110.267898, 49.656163], [-110.267956, 49.656187], [-110.268026, 49.656184], [-110.268082, 49.65615], [-110.268138, 49.6561], [-110.2682, 49.656129], [-110.268243, 49.65619], [-110.268207, 49.656258], [-110.268084, 49.656354], [-110.268052, 49.656422], [-110.268009, 49.656479], [-110.267855, 49.656502], [-110.267827, 49.656539], [-110.267773, 49.656584], [-110.267696, 49.656619], [-110.267587, 49.656658], [-110.267546, 49.656689], [-110.267526, 49.656715], [-110.26743, 49.656741], [-110.267393, 49.656754], [-110.267239, 49.656789], [-110.267074, 49.656768], [-110.266917, 49.656783], [-110.266851, 49.656805], [-110.266804, 49.656848], [-110.266703, 49.656894], [-110.266452, 49.65697], [-110.266338, 49.657027], [-110.266252, 49.657151], [-110.266149, 49.65719], [-110.266087, 49.657236], [-110.265928, 49.6573], [-110.26577, 49.657369], [-110.265626, 49.657379], [-110.265454, 49.657383], [-110.265429, 49.657401], [-110.265386, 49.657408], [-110.265238, 49.657465], [-110.265055, 49.657533], [-110.264987, 49.657552], [-110.264924, 49.657579], [-110.264772, 49.657668], [-110.26468, 49.657708], [-110.264549, 49.657732], [-110.264485, 49.657771], [-110.264349, 49.657809], [-110.264294, 49.657833], [-110.264257, 49.657886], [-110.264279, 49.657914], [-110.264249, 49.657964], [-110.26392, 49.658073], [-110.263791, 49.658079], [-110.263791, 49.658002], [-110.263815, 49.657954], [-110.263864, 49.657914], [-110.263847, 49.657814], [-110.263667, 49.657789], [-110.263564, 49.65785], [-110.263382, 49.657873], [-110.263178, 49.657932], [-110.263139, 49.657964], [-110.263096, 49.657947], [-110.263118, 49.657873], [-110.263129, 49.657825], [-110.263141, 49.657762], [-110.263146, 49.657709], [-110.26312, 49.657682], [-110.263043, 49.657677], [-110.263004, 49.657677], [-110.262839, 49.657787], [-110.262764, 49.657871], [-110.262708, 49.657909], [-110.262581, 49.657918], [-110.262421, 49.657922], [-110.262285, 49.657972], [-110.262253, 49.658009], [-110.262206, 49.658072], [-110.262163, 49.658089], [-110.262094, 49.658083], [-110.262092, 49.658012], [-110.262079, 49.657966], [-110.262112, 49.657876], [-110.262093, 49.657776]]}, "bbox": [-110.270552, 49.652563, -110.262079, 49.658089]}, {"type": "Feature", "properties": {"area": "Redcliff", "difficulty": "intermediate", "highway": "path", "name": "Carl's Revenge", "osm_id": 948170653, "stroke": "#3b82f6"}, "geometry": {"type": "LineString", "coordinates": [[-110.765699, 50.052238], [-110.765391, 50.052457], [-110.765297, 50.052505], [-110.765185, 50.052526], [-110.76508, 50.052514], [-110.764912, 50.052494], [-110.765057, 50.052434], [-110.765231, 50.052324], [-110.765352, 50.052204], [-110.765469, 50.052125], [-110.765662, 50.052054], [-110.765741, 50.052005], [-110.766008, 50.051768], [-110.766033, 50.051708], [-110.766045, 50.051556], [-110.766024, 50.051459], [-110.765932, 50.05132], [-110.76579, 50.05119], [-110.765766, 50.051158], [-110.765801, 50.051128], [-110.765895, 50.05111], [-110.766381, 50.051157], [-110.766528, 50.05114], [-110.766706, 50.051071], [-110.766795, 50.050982], [-110.766913, 50.0508], [-110.76701, 50.050666], [-110.767076, 50.05031], [-110.767036, 50.050141], [-110.766954, 50.050069], [-110.766383, 50.049949], [-110.766257, 50.049923], [-110.765618, 50.049708], [-110.765485, 50.049702], [-110.765313, 50.049726], [-110.765209, 50.049708], [-110.764959, 50.049575], [-110.76478, 50.049541], [-110.764563, 50.049566], [-110.764461, 50.049607], [-110.764293, 50.049772], [-110.764235, 50.049775], [-110.764165, 50.049735], [-110.764068, 50.049579], [-110.76399, 50.049495], [-110.763791, 50.049358], [-110.763587, 50.049088], [-110.763329, 50.048857], [-110.763259, 50.048658], [-110.763208, 50.048578], [-110.763141, 50.048521], [-110.762992, 50.048428], [-110.762717, 50.048301], [-110.762651, 50.048278], [-110.762423, 50.048267], [-110.762156, 50.048178], [-110.761878, 50.048027], [-110.761499, 50.04772], [-110.76094, 50.047423], [-110.760733, 50.047281], [-110.760623, 50.047157], [-110.760499, 50.046929], [-110.760495, 50.046708], [-110.760456, 50.046617]]}, "bbox": [-110.767076, 50.046617, -110.760456, 50.052526]}, {"type": "Feature", "properties": {"area": "Echodale", "difficulty": "easy", "highway": "path", "name": "Coal Burner", "osm_id": [1332500175, 1332502636], "stroke": "#22c55e"}, "geometry": {"type": "MultiLineString", "coordinates": [[[-110.782143, 50.048392], [-110.782099, 50.048434], [-110.782071, 50.048447], [-110.782034, 50.048454], [-110.781985, 50.048454], [-110.781943, 50.048444], [-110.781878, 50.048421], [-110.781786, 50.048367], [-110.781734, 50.04834], [-110.781691, 50.048328], [-110.781572, 50.048309], [-110.781545, 50.048298], [-110.781482, 50.048272], [-110.781389, 50.048241], [-110.781352, 50.048226], [-110.781274, 50.048214], [-110.781239, 50.048204], [-110.781064, 50.048142], [-110.780879, 50.048086], [-110.780772, 50.048046], [-110.780727, 50.048038], [-110.780679, 50.048039], [-110.78064, 50.048054], [-110.78062, 50.048082], [-110.780614, 50.048105], [-110.780614, 50.048132], [-110.78062, 50.04815], [-110.780641, 50.048174], [-110.780692, 50.048203], [-110.780721, 50.048225], [-110.78074, 50.048255], [-110.780756, 50.048303], [-110.780768, 50.048331], [-110.780815, 50.048389], [-110.780844, 50.048425], [-110.780845, 50.048449], [-110.780845, 50.048476], [-110.780806, 50.048602], [-110.780802, 50.04864], [-110.780805, 50.048672], [-110.780819, 50.048698], [-110.780842, 50.048717], [-110.780879, 50.048729], [-110.780925, 50.048731], [-110.781189, 50.048729], [-110.781228, 50.048723], [-110.781313, 50.0487], [-110.781373, 50.048686], [-110.781414, 50.048686], [-110.78144, 50.048691], [-110.781461, 50.048705], [-110.781462, 50.048719], [-110.781461, 50.048731], [-110.781423, 50.04881], [-110.781414, 50.048839], [-110.781414, 50.048856], [-110.781449, 50.048937], [-110.781459, 50.048969], [-110.781475, 50.049018], [-110.7815, 50.04905], [-110.781521, 50.049068], [-110.781618, 50.049099], [-110.781731, 50.04913], [-110.78178, 50.049156], [-110.781815, 50.049169], [-110.781859, 50.049178], [-110.781937, 50.049187], [-110.782039, 50.049208], [-110.782073, 50.049211], [-110.782283, 50.049202], [-110.782332, 50.049198], [-110.78238, 50.049202], [-110.782419, 50.049211], [-110.782447, 50.049237], [-110.782452, 50.049252], [-110.782439, 50.049273], [-110.782424, 50.049285], [-110.782393, 50.049296], [-110.782356, 50.049308], [-110.782334, 50.049318], [-110.782317, 50.049329], [-110.782274, 50.049355]], [[-110.781352, 50.046193], [-110.781328, 50.046179], [-110.781311, 50.046164], [-110.781294, 50.046137], [-110.781288, 50.046099], [-110.781302, 50.046065], [-110.781317, 50.04602], [-110.78132, 50.045989], [-110.781313, 50.045955], [-110.781295, 50.045927], [-110.781268, 50.04591], [-110.781219, 50.045892], [-110.781183, 50.045885], [-110.781094, 50.045879], [-110.781056, 50.045871], [-110.780998, 50.045851], [-110.780927, 50.045816], [-110.780874, 50.04577], [-110.78084, 50.045719], [-110.780823, 50.0457], [-110.780755, 50.04564], [-110.780736, 50.045616], [-110.780722, 50.045585], [-110.780699, 50.045538], [-110.780677, 50.045511], [-110.78061, 50.045449], [-110.780578, 50.045421], [-110.780545, 50.045406], [-110.780504, 50.045384], [-110.780471, 50.045357], [-110.780409, 50.045292], [-110.780374, 50.045268], [-110.780337, 50.045256], [-110.780261, 50.045253], [-110.780224, 50.045253], [-110.780181, 50.045263], [-110.780073, 50.045313], [-110.780054, 50.045332], [-110.779935, 50.045428], [-110.779891, 50.045451], [-110.779792, 50.0455], [-110.779727, 50.045518], [-110.779635, 50.045537], [-110.779552, 50.04554], [-110.779477, 50.04555], [-110.779355, 50.045575], [-110.779295, 50.045584], [-110.779235, 50.045585], [-110.779117, 50.045578], [-110.779079, 50.045581], [-110.779055, 50.045595], [-110.778988, 50.045639], [-110.77895, 50.045656], [-110.778891, 50.045673], [-110.778846, 50.045683], [-110.778817, 50.045693], [-110.778788, 50.045717], [-110.778783, 50.045746], [-110.778796, 50.045779], [-110.778818, 50.045795], [-110.778864, 50.045805], [-110.778898, 50.045798], [-110.778942, 50.045782], [-110.779005, 50.045752], [-110.779077, 50.045698], [-110.779124, 50.045674], [-110.779193, 50.045657], [-110.779275, 50.045653], [-110.779364, 50.045653], [-110.779459, 50.045667], [-110.77957, 50.04568], [-110.779611, 50.045681], [-110.779641, 50.04569], [-110.779662, 50.045703], [-110.779681, 50.045728], [-110.779706, 50.04576], [-110.779742, 50.045795], [-110.77979, 50.045829], [-110.779833, 50.045834], [-110.77987, 50.045827], [-110.779925, 50.045803], [-110.779996, 50.045763], [-110.780052, 50.045744], [-110.780117, 50.045736], [-110.78015, 50.045741], [-110.780181, 50.045754], [-110.780197, 50.045773], [-110.780205, 50.045792], [-110.780228, 50.045916], [-110.780236, 50.04594], [-110.780265, 50.045994], [-110.780322, 50.04606], [-110.780338, 50.046085], [-110.780397, 50.04622], [-110.780403, 50.046253], [-110.780397, 50.046276], [-110.78035, 50.046343], [-110.780341, 50.046369], [-110.780343, 50.04642], [-110.780364, 50.04647], [-110.780398, 50.046505], [-110.780446, 50.046546], [-110.780472, 50.046574], [-110.780509, 50.046654], [-110.780532, 50.04668], [-110.780564, 50.04671], [-110.780584, 50.046735], [-110.780619, 50.0468], [-110.780674, 50.046842], [-110.780752, 50.046892], [-110.780839, 50.046929], [-110.780938, 50.046983], [-110.780983, 50.046997], [-110.781032, 50.047004], [-110.781101, 50.047017], [-110.781158, 50.047037], [-110.781179, 50.047065], [-110.781182, 50.047099], [-110.781164, 50.047122], [-110.781135, 50.047129], [-110.781101, 50.047131], [-110.781058, 50.047127], [-110.781014, 50.047121], [-110.780809, 50.047111], [-110.780768, 50.047099], [-110.780679, 50.047067], [-110.780642, 50.047058], [-110.780563, 50.047061], [-110.780513, 50.047058], [-110.78042, 50.047047], [-110.780367, 50.047031], [-110.780283, 50.046977], [-110.780233, 50.046958], [-110.780139, 50.046929], [-110.780107, 50.046906], [-110.780069, 50.0469], [-110.780034, 50.046903], [-110.780003, 50.046913], [-110.779979, 50.04693], [-110.779969, 50.04695], [-110.779972, 50.046974], [-110.779999, 50.047008], [-110.780032, 50.047042], [-110.780069, 50.047067], [-110.780152, 50.047091], [-110.780207, 50.047127], [-110.780231, 50.047159], [-110.780241, 50.047191], [-110.780238, 50.04723], [-110.780242, 50.047267], [-110.780265, 50.047311], [-110.780263, 50.047326], [-110.780239, 50.047364], [-110.780217, 50.047396], [-110.780198, 50.04749]], [[-110.780213, 50.047487], [-110.780424, 50.047611], [-110.780654, 50.047728], [-110.780927, 50.047863], [-110.781215, 50.047991], [-110.78136, 50.048068], [-110.781604, 50.04818], [-110.781806, 50.048257], [-110.781956, 50.048326], [-110.782089, 50.04837], [-110.782121, 50.04839]]]}, "bbox": [-110.782452, 50.045253, -110.778783, 50.049355]}, {"type": "Feature", "properties": {"area": "Cypress Hills / Elkwater", "difficulty": "easy", "highway": "path", "name": "Cobble Miner Trail", "osm_id": 910054593, "stroke": "#22c55e"}, "geometry": {"type": "LineString", "coordinates": [[-110.275504, 49.659337], [-110.27524, 49.65916], [-110.275233, 49.659046], [-110.275193, 49.659013], [-110.275117, 49.659039], [-110.27506, 49.659013], [-110.275078, 49.658836], [-110.274988, 49.658747], [-110.274966, 49.658712], [-110.27497, 49.658663], [-110.275053, 49.658609], [-110.275045, 49.658565], [-110.274822, 49.658485], [-110.27476, 49.658425], [-110.274778, 49.658392], [-110.274959, 49.658333], [-110.275074, 49.658226], [-110.275103, 49.65813], [-110.275089, 49.658081], [-110.275042, 49.658053], [-110.274764, 49.657978], [-110.274742, 49.657941], [-110.274988, 49.657906], [-110.275045, 49.65788], [-110.275125, 49.657798], [-110.275136, 49.657759], [-110.275081, 49.657756], [-110.27493, 49.657813], [-110.274659, 49.657817], [-110.274533, 49.657791], [-110.274479, 49.657668], [-110.274475, 49.65763], [-110.274381, 49.657584], [-110.274425, 49.657497], [-110.274428, 49.657429], [-110.274356, 49.657261], [-110.27436, 49.657177], [-110.274396, 49.657107], [-110.274789, 49.656894], [-110.275125, 49.656792], [-110.275388, 49.656658], [-110.275713, 49.65657], [-110.275828, 49.656518], [-110.275901, 49.656446], [-110.276049, 49.656166], [-110.2762, 49.655981], [-110.276218, 49.655932], [-110.276117, 49.655806], [-110.276092, 49.655738], [-110.276153, 49.655467], [-110.276279, 49.655313], [-110.276579, 49.655107], [-110.276583, 49.655058], [-110.276539, 49.655007], [-110.276409, 49.654916], [-110.276388, 49.654855], [-110.276471, 49.654701], [-110.276471, 49.654607], [-110.276427, 49.654525], [-110.276442, 49.654474], [-110.276768, 49.654373], [-110.276803, 49.654362], [-110.277326, 49.654023], [-110.277369, 49.653937], [-110.277395, 49.653712], [-110.277445, 49.65364], [-110.277727, 49.653519], [-110.277976, 49.653469], [-110.278109, 49.653413], [-110.278253, 49.65342], [-110.278347, 49.653437], [-110.278557, 49.653528], [-110.278813, 49.653561], [-110.279246, 49.65389], [-110.279361, 49.653927], [-110.27996, 49.653918], [-110.2803, 49.653836], [-110.280354, 49.653806], [-110.280422, 49.653747], [-110.280473, 49.653612], [-110.280498, 49.653544], [-110.280491, 49.653376], [-110.280415, 49.653283], [-110.280379, 49.653124], [-110.280274, 49.653037], [-110.280245, 49.652969], [-110.280278, 49.652512], [-110.280339, 49.652418], [-110.280422, 49.652334], [-110.280448, 49.652278], [-110.280408, 49.652259], [-110.279996, 49.652229], [-110.279827, 49.652234], [-110.279672, 49.652161], [-110.27943, 49.65211], [-110.279192, 49.652014], [-110.279109, 49.651934], [-110.279076, 49.65186], [-110.279073, 49.651734], [-110.279011, 49.651488], [-110.279051, 49.651217], [-110.279033, 49.65117], [-110.278979, 49.651163], [-110.278878, 49.651166], [-110.278766, 49.65125], [-110.278654, 49.651278], [-110.278557, 49.651245], [-110.278492, 49.651086], [-110.278387, 49.65111], [-110.278196, 49.651248], [-110.278004, 49.651458], [-110.277788, 49.651593], [-110.277579, 49.651864], [-110.277514, 49.651906], [-110.277452, 49.651927], [-110.277373, 49.651902], [-110.277348, 49.651773], [-110.27729, 49.651715], [-110.277232, 49.651738], [-110.277167, 49.651811], [-110.277124, 49.651853], [-110.27703, 49.651841], [-110.276954, 49.651811], [-110.27694, 49.651748], [-110.276933, 49.651654], [-110.277037, 49.651327], [-110.276987, 49.651332], [-110.276871, 49.65135], [-110.276716, 49.651472], [-110.276608, 49.651509], [-110.2765, 49.651491], [-110.276427, 49.651423], [-110.276251, 49.651353], [-110.276155, 49.651341], [-110.276023, 49.651325], [-110.276132, 49.651376], [-110.276175, 49.651423], [-110.276189, 49.651467], [-110.276081, 49.651708], [-110.276007, 49.651744], [-110.275939, 49.651707], [-110.275877, 49.651756], [-110.275838, 49.65184], [-110.275834, 49.651945], [-110.275914, 49.652135], [-110.275946, 49.652618]]}, "bbox": [-110.280498, 49.651086, -110.274356, 49.659337]}, {"type": "Feature", "properties": {"area": "Medicine Hat", "difficulty": "intermediate", "highway": "path", "name": "Cobra Chicken", "osm_id": [1332502644, 1332502646], "stroke": "#3b82f6"}, "geometry": {"type": "MultiLineString", "coordinates": [[[-110.734699, 50.030357], [-110.734627, 50.030435], [-110.734578, 50.030481], [-110.734522, 50.030555], [-110.734483, 50.030607], [-110.734452, 50.030634], [-110.734385, 50.030654], [-110.734343, 50.030682], [-110.734272, 50.030765], [-110.734128, 50.030934], [-110.734047, 50.031011], [-110.733889, 50.031135], [-110.733664, 50.031244], [-110.733534, 50.0313], [-110.733506, 50.031325], [-110.733464, 50.031391], [-110.733394, 50.03147], [-110.733341, 50.031512], [-110.733299, 50.031553], [-110.733197, 50.031668], [-110.733158, 50.031711], [-110.733109, 50.031741], [-110.733074, 50.031768], [-110.733021, 50.031822], [-110.732965, 50.031867], [-110.732901, 50.031905], [-110.732831, 50.031982], [-110.732792, 50.032011], [-110.732698, 50.032072], [-110.732659, 50.0321], [-110.732578, 50.032183], [-110.732494, 50.032246], [-110.732089, 50.032472], [-110.732033, 50.032492], [-110.731995, 50.032492], [-110.731966, 50.032481], [-110.731958, 50.032429], [-110.732021, 50.032093], [-110.732044, 50.03204], [-110.732082, 50.03197], [-110.732115, 50.03184], [-110.732145, 50.031791], [-110.732168, 50.031741], [-110.73216, 50.03168], [-110.732112, 50.031639], [-110.732067, 50.031625], [-110.731991, 50.03163], [-110.731905, 50.031671], [-110.731822, 50.031695], [-110.731762, 50.031717], [-110.73171, 50.031734], [-110.731571, 50.031818], [-110.731394, 50.031924], [-110.731311, 50.031994], [-110.73106, 50.032151], [-110.730917, 50.032233], [-110.730804, 50.032293], [-110.730733, 50.032325], [-110.730692, 50.032356], [-110.730646, 50.032409], [-110.730598, 50.032426], [-110.730462, 50.032448], [-110.730414, 50.032477], [-110.73038, 50.032549], [-110.730323, 50.032696], [-110.730293, 50.032745], [-110.730166, 50.032861], [-110.730139, 50.032909], [-110.730083, 50.032952], [-110.729801, 50.033107], [-110.729662, 50.033191], [-110.729579, 50.033261], [-110.729553, 50.033331], [-110.729478, 50.033488], [-110.729459, 50.033536], [-110.729365, 50.033577], [-110.729279, 50.033621], [-110.729223, 50.033655], [-110.729132, 50.033686], [-110.729038, 50.033696], [-110.728956, 50.033674], [-110.728884, 50.033652], [-110.728809, 50.033645], [-110.728776, 50.033676], [-110.72873, 50.033717], [-110.728685, 50.033746], [-110.728614, 50.033782], [-110.72858, 50.033814], [-110.728573, 50.033862], [-110.72861, 50.033898], [-110.728723, 50.033956], [-110.728742, 50.034004], [-110.72873, 50.03406], [-110.728667, 50.034154], [-110.728606, 50.034222], [-110.72858, 50.034316], [-110.728464, 50.034468], [-110.728362, 50.034574], [-110.728246, 50.034654], [-110.728107, 50.034685], [-110.728028, 50.034683], [-110.727923, 50.034639], [-110.72787, 50.034596], [-110.727859, 50.034545], [-110.727833, 50.034497], [-110.727787, 50.034473], [-110.727727, 50.034463], [-110.727678, 50.034463], [-110.727592, 50.034482], [-110.727543, 50.034511], [-110.727431, 50.034591], [-110.727348, 50.034692], [-110.727333, 50.034762], [-110.727363, 50.034822], [-110.727446, 50.034892], [-110.727472, 50.034938], [-110.727476, 50.035035], [-110.727502, 50.035146], [-110.727555, 50.03523], [-110.727558, 50.035262], [-110.727543, 50.035334], [-110.727562, 50.035394], [-110.72757, 50.035476], [-110.727551, 50.035527], [-110.727498, 50.035563], [-110.727408, 50.035609], [-110.727393, 50.035655], [-110.727404, 50.035698], [-110.727431, 50.035727], [-110.727566, 50.035875], [-110.727622, 50.035928], [-110.727637, 50.035983], [-110.727648, 50.036031], [-110.727626, 50.036085], [-110.727592, 50.036118], [-110.727536, 50.036142]], [[-110.727683, 50.036035], [-110.727758, 50.036102], [-110.727773, 50.036134], [-110.727762, 50.036209]]]}, "bbox": [-110.734699, 50.030357, -110.727333, 50.036209]}, {"type": "Feature", "properties": {"area": "Cypress Hills / Elkwater", "difficulty": "easy", "highway": "path", "name": "Cougar Ridge", "osm_id": [908526417, 908529715], "stroke": "#22c55e"}, "geometry": {"type": "MultiLineString", "coordinates": [[[-110.29731, 49.659876], [-110.297251, 49.660025], [-110.296906, 49.66042], [-110.296826, 49.660488], [-110.2969, 49.660823], [-110.297048, 49.660998], [-110.297652, 49.661018], [-110.297738, 49.660994], [-110.297787, 49.660966], [-110.297849, 49.660966], [-110.297898, 49.660994], [-110.297984, 49.661074], [-110.29804, 49.661126], [-110.29811, 49.66116], [-110.298181, 49.661167], [-110.298295, 49.661173], [-110.298413, 49.66117], [-110.29845, 49.661186], [-110.298571, 49.66116], [-110.29868, 49.661159], [-110.298743, 49.661178], [-110.298789, 49.661163], [-110.298987, 49.66122], [-110.29915, 49.661224], [-110.299211, 49.6613], [-110.299223, 49.661351], [-110.299239, 49.661398], [-110.29926, 49.661423], [-110.299287, 49.661437], [-110.299314, 49.661449], [-110.299367, 49.661468], [-110.299394, 49.66148], [-110.299436, 49.661476], [-110.299525, 49.661456], [-110.299562, 49.661452], [-110.299582, 49.661458], [-110.299602, 49.661468], [-110.299629, 49.661501], [-110.299712, 49.66155], [-110.299787, 49.661559], [-110.299935, 49.661541], [-110.300164, 49.66146], [-110.300243, 49.661469], [-110.300335, 49.661462], [-110.300423, 49.661454], [-110.300463, 49.661433], [-110.300523, 49.661451], [-110.300627, 49.661441], [-110.300654, 49.661431], [-110.300671, 49.661413], [-110.300674, 49.66134], [-110.300719, 49.661231], [-110.300789, 49.66124], [-110.300861, 49.661278], [-110.300911, 49.66128], [-110.300948, 49.661263], [-110.300968, 49.661234], [-110.300944, 49.661169], [-110.301063, 49.661076], [-110.301111, 49.660992], [-110.301217, 49.660947], [-110.301334, 49.660941], [-110.3014, 49.660888], [-110.301507, 49.660858], [-110.301578, 49.660688], [-110.3017, 49.660639], [-110.301749, 49.660639], [-110.301806, 49.660671], [-110.301894, 49.660679], [-110.302023, 49.660741], [-110.302157, 49.66074], [-110.302271, 49.660808], [-110.302318, 49.660808], [-110.302375, 49.660768], [-110.302422, 49.660787], [-110.302555, 49.660788], [-110.302643, 49.660762], [-110.302762, 49.660758], [-110.302846, 49.660698], [-110.302833, 49.660629], [-110.302799, 49.660588], [-110.302828, 49.660561], [-110.303347, 49.660561], [-110.303475, 49.660619], [-110.303545, 49.660682], [-110.303757, 49.66071], [-110.303996, 49.660641], [-110.304151, 49.660511], [-110.304175, 49.660491], [-110.30422, 49.660471], [-110.304218, 49.660411], [-110.304189, 49.660334], [-110.304214, 49.660285], [-110.304275, 49.660239], [-110.304461, 49.660188], [-110.304592, 49.66021], [-110.304745, 49.660191], [-110.304871, 49.66013], [-110.304906, 49.660113], [-110.304961, 49.660072], [-110.305004, 49.660082], [-110.304975, 49.660128], [-110.305206, 49.660069], [-110.305269, 49.660071], [-110.305695, 49.660179], [-110.305724, 49.660218], [-110.305893, 49.66027], [-110.305986, 49.660336], [-110.306013, 49.66037], [-110.306095, 49.660376], [-110.306135, 49.660419], [-110.306129, 49.660449], [-110.306124, 49.660489], [-110.306101, 49.660528], [-110.306072, 49.660581], [-110.306072, 49.660638], [-110.30609, 49.660685], [-110.306355, 49.660745], [-110.306403, 49.660748], [-110.306457, 49.660742], [-110.306579, 49.660805], [-110.306824, 49.66089], [-110.306868, 49.660881]], [[-110.312992, 49.662408], [-110.312851, 49.662351], [-110.312667, 49.662399], [-110.312571, 49.662381], [-110.312355, 49.662418], [-110.31227, 49.662429], [-110.312228, 49.662434], [-110.312146, 49.662422], [-110.312058, 49.662395], [-110.311948, 49.662349], [-110.311746, 49.662379], [-110.3117, 49.66236], [-110.311679, 49.662287], [-110.311453, 49.662253], [-110.311375, 49.662228], [-110.311308, 49.662239], [-110.311233, 49.662287], [-110.311113, 49.662333], [-110.31107, 49.662347], [-110.310975, 49.662441], [-110.310833, 49.662441], [-110.310678, 49.662427], [-110.310603, 49.66242], [-110.310554, 49.662347], [-110.310568, 49.662266], [-110.310571, 49.662218], [-110.310635, 49.662138], [-110.310624, 49.662019], [-110.310472, 49.661829], [-110.310462, 49.661795], [-110.310419, 49.661769], [-110.310352, 49.661762], [-110.31031, 49.661815], [-110.310157, 49.661868], [-110.310076, 49.661895], [-110.310009, 49.661962], [-110.309927, 49.661989], [-110.309729, 49.662017], [-110.309722, 49.661987], [-110.309733, 49.661948], [-110.30974, 49.661921], [-110.30974, 49.661877], [-110.309733, 49.661836], [-110.309779, 49.661795], [-110.309849, 49.661744], [-110.309881, 49.661634], [-110.309849, 49.661579], [-110.309768, 49.661579], [-110.309725, 49.661581], [-110.309693, 49.661616], [-110.309676, 49.661634], [-110.309626, 49.661636], [-110.309598, 49.661595], [-110.30958, 49.661488], [-110.309584, 49.661382], [-110.30957, 49.661318], [-110.309541, 49.661275], [-110.309481, 49.661194], [-110.309509, 49.661075], [-110.309506, 49.660997], [-110.309545, 49.660926], [-110.309729, 49.660789], [-110.309647, 49.660674], [-110.309584, 49.660672], [-110.309283, 49.660835], [-110.309124, 49.660846], [-110.309088, 49.660876], [-110.309025, 49.660876], [-110.308954, 49.660931], [-110.308915, 49.660949], [-110.308816, 49.66108], [-110.308724, 49.661119], [-110.308625, 49.661199], [-110.308504, 49.661258], [-110.308441, 49.661371], [-110.308349, 49.661444], [-110.308097, 49.661508], [-110.30803, 49.66157], [-110.307842, 49.661588], [-110.307701, 49.661685], [-110.307634, 49.661753], [-110.307404, 49.66187], [-110.307213, 49.661851], [-110.306958, 49.661871], [-110.306707, 49.661997], [-110.306488, 49.662213], [-110.306392, 49.662293], [-110.306335, 49.662355], [-110.306254, 49.662378], [-110.306187, 49.662378], [-110.306169, 49.662351]]]}, "bbox": [-110.312992, 49.659876, -110.296826, 49.662441]}, {"type": "Feature", "properties": {"area": "Cypress Hills / Elkwater", "difficulty": "easy", "highway": "path", "name": "Crocus Loop", "osm_id": 906601515, "stroke": "#22c55e"}, "geometry": {"type": "LineString", "coordinates": [[-110.318042, 49.657662], [-110.318065, 49.657584], [-110.318037, 49.657532], [-110.317965, 49.657492], [-110.317898, 49.657492], [-110.317784, 49.657464], [-110.317669, 49.657494], [-110.317416, 49.657484], [-110.317378, 49.657484], [-110.317316, 49.657485], [-110.317125, 49.6574], [-110.317012, 49.657359], [-110.316819, 49.657369], [-110.316471, 49.657364], [-110.316435, 49.6573], [-110.31642, 49.657214], [-110.316487, 49.657197], [-110.316469, 49.657162], [-110.316495, 49.65702], [-110.316474, 49.656972], [-110.316448, 49.656959], [-110.316371, 49.656985], [-110.316343, 49.65705], [-110.316402, 49.657105], [-110.316345, 49.657165], [-110.316322, 49.657227], [-110.316242, 49.657292], [-110.316224, 49.657362], [-110.316116, 49.657472], [-110.315931, 49.657584], [-110.315578, 49.65775], [-110.315375, 49.657757], [-110.315313, 49.65778], [-110.315297, 49.657812], [-110.315349, 49.657949], [-110.315475, 49.657935], [-110.31564, 49.657999], [-110.315702, 49.658004], [-110.315779, 49.65797], [-110.315908, 49.657989], [-110.315938, 49.658025], [-110.316139, 49.658095], [-110.316392, 49.658074], [-110.316672, 49.658012], [-110.317012, 49.6579], [-110.317069, 49.657879], [-110.317112, 49.657879], [-110.317164, 49.657887], [-110.31721, 49.657907], [-110.317298, 49.657965], [-110.317339, 49.657965], [-110.317524, 49.657895], [-110.317609, 49.65783], [-110.317741, 49.6578], [-110.317908, 49.657789], [-110.318044, 49.657757], [-110.318042, 49.657662]]}, "bbox": [-110.318065, 49.656959, -110.315297, 49.658095]}, {"type": "Feature", "properties": {"area": "Cypress Hills / Elkwater", "difficulty": "easy", "highway": "path", "name": "Crocus Loop Trail Head", "osm_id": 906601516, "stroke": "#22c55e"}, "geometry": {"type": "LineString", "coordinates": [[-110.318065, 49.657584], [-110.318147, 49.657515], [-110.318229, 49.657508]]}, "bbox": [-110.318229, 49.657508, -110.318065, 49.657584]}, {"type": "Feature", "properties": {"area": "Redcliff", "difficulty": "intermediate", "highway": "path", "name": "DMZ", "osm_id": [510320495, 565218300], "stroke": "#3b82f6"}, "geometry": {"type": "MultiLineString", "coordinates": [[[-110.765699, 50.052238], [-110.765922, 50.052055], [-110.766204, 50.051908], [-110.766364, 50.051786], [-110.76644, 50.051702], [-110.766466, 50.051621], [-110.766448, 50.051564], [-110.766332, 50.051409], [-110.766324, 50.051346], [-110.766435, 50.05141], [-110.76657, 50.051539], [-110.766639, 50.051554], [-110.766702, 50.051558], [-110.766783, 50.051506], [-110.766791, 50.051481], [-110.766783, 50.051453], [-110.766749, 50.051439], [-110.76671, 50.051443], [-110.766641, 50.051415], [-110.766615, 50.051372], [-110.766596, 50.051335], [-110.76662, 50.051306], [-110.766697, 50.05126], [-110.766806, 50.051231], [-110.766884, 50.051192], [-110.766923, 50.051158], [-110.767087, 50.050928], [-110.767186, 50.050686], [-110.767236, 50.050222], [-110.767196, 50.050109], [-110.767142, 50.050037], [-110.767044, 50.049964], [-110.76687, 50.049892], [-110.766781, 50.049878], [-110.766688, 50.049883], [-110.766383, 50.049949]], [[-110.765938, 50.05302], [-110.765909, 50.052965], [-110.765909, 50.052859], [-110.765965, 50.052742], [-110.766232, 50.052549], [-110.766327, 50.052405], [-110.766468, 50.052352], [-110.766691, 50.052302], [-110.767045, 50.052261], [-110.767127, 50.052236], [-110.767192, 50.052184], [-110.767436, 50.051886], [-110.76704, 50.052124], [-110.767196, 50.05192], [-110.767214, 50.051724], [-110.767088, 50.051855], [-110.767025, 50.051934], [-110.766874, 50.052068], [-110.76677, 50.052101], [-110.766202, 50.052107], [-110.766061, 50.052135], [-110.765897, 50.052198], [-110.765699, 50.052238]]]}, "bbox": [-110.767436, 50.049878, -110.765699, 50.05302]}, {"type": "Feature", "properties": {"area": "Redcliff", "difficulty": "easy", "highway": "path", "name": "Dale but no Chip", "osm_id": [1332500181, 1332500182, 1332500183, 1332500184, 1332500185, 1332500186, 1332500187, 1332500188, 1332500189, 1332500195], "stroke": "#22c55e"}, "geometry": {"type": "MultiLineString", "coordinates": [[[-110.772418, 50.041534], [-110.772453, 50.041539], [-110.77256, 50.041569], [-110.772586, 50.041585], [-110.772604, 50.041608], [-110.772604, 50.041642], [-110.772615, 50.041669], [-110.772631, 50.041689], [-110.772649, 50.04173], [-110.772671, 50.041755], [-110.772776, 50.041802], [-110.77285, 50.041828], [-110.772897, 50.041839], [-110.772991, 50.041847], [-110.77322, 50.041868], [-110.773279, 50.041879]], [[-110.773279, 50.041879], [-110.773592, 50.041952]], [[-110.770041, 50.041464], [-110.770054, 50.041472], [-110.770076, 50.041478], [-110.770114, 50.041481], [-110.770178, 50.041484], [-110.770244, 50.041498], [-110.770479, 50.041532], [-110.770639, 50.041529], [-110.770789, 50.041513], [-110.770982, 50.041513], [-110.771076, 50.041514], [-110.771157, 50.041524], [-110.771198, 50.041529], [-110.771241, 50.041526], [-110.771405, 50.041515], [-110.77146, 50.041514], [-110.771518, 50.041523]], [[-110.771518, 50.041523], [-110.771557, 50.041527]], [[-110.771557, 50.041527], [-110.771578, 50.041529], [-110.771707, 50.04153], [-110.771995, 50.041532]], [[-110.771995, 50.041532], [-110.772418, 50.041534]], [[-110.769928, 50.041326], [-110.770041, 50.041464]], [[-110.769808, 50.041252], [-110.76985, 50.041261], [-110.769866, 50.04127], [-110.769928, 50.041326]], [[-110.769766, 50.041247], [-110.769808, 50.041252]], [[-110.773592, 50.041952], [-110.773624, 50.041958], [-110.773655, 50.041958], [-110.773717, 50.041949], [-110.773768, 50.041939], [-110.773831, 50.041937], [-110.773895, 50.041938], [-110.773965, 50.041956], [-110.774043, 50.041986], [-110.774139, 50.04202], [-110.774253, 50.04207], [-110.774323, 50.042114], [-110.774408, 50.042159], [-110.774572, 50.042221], [-110.774686, 50.042257], [-110.774799, 50.042278], [-110.774856, 50.04229], [-110.775043, 50.042337], [-110.775174, 50.042393], [-110.775234, 50.042428], [-110.77526, 50.042471], [-110.775276, 50.042563], [-110.775303, 50.04272], [-110.77533, 50.042772], [-110.775331, 50.042784], [-110.775338, 50.04285], [-110.775354, 50.042876], [-110.775375, 50.042895], [-110.775407, 50.042913], [-110.775459, 50.042932], [-110.775554, 50.043036], [-110.775647, 50.043179], [-110.775653, 50.043196], [-110.775651, 50.043212], [-110.775662, 50.043226], [-110.775686, 50.043239], [-110.775714, 50.043245], [-110.775744, 50.043243], [-110.775853, 50.043212]]]}, "bbox": [-110.775853, 50.041247, -110.769766, 50.043245]}, {"type": "Feature", "properties": {"area": "Medicine Hat", "highway": "cyclepath", "name": "Danger Noodle", "osm_id": 1332502645, "stroke": "#3b82f6", "difficulty": "intermediate"}, "geometry": {"type": "LineString", "coordinates": [[-110.732359, 50.032522], [-110.7323, 50.032676], [-110.73224, 50.032753], [-110.732209, 50.032787], [-110.732138, 50.032823], [-110.7321, 50.032862], [-110.73204, 50.032941], [-110.732005, 50.033008], [-110.731952, 50.033054], [-110.731899, 50.033063], [-110.73184, 50.033063], [-110.731794, 50.033076], [-110.731726, 50.033126], [-110.731703, 50.033159], [-110.73171, 50.033265], [-110.731683, 50.033297], [-110.731637, 50.033314], [-110.731591, 50.033309], [-110.731512, 50.033293], [-110.731447, 50.03329], [-110.731397, 50.033297], [-110.731322, 50.03332], [-110.731114, 50.033455], [-110.730966, 50.03359], [-110.73092, 50.033669], [-110.73092, 50.033751], [-110.73092, 50.033833], [-110.730884, 50.033878], [-110.730812, 50.033954], [-110.730799, 50.033992], [-110.730799, 50.034053], [-110.730845, 50.034157], [-110.730848, 50.034247], [-110.730822, 50.0343], [-110.730789, 50.034323], [-110.730733, 50.034332], [-110.730559, 50.034334], [-110.730476, 50.034349], [-110.73045, 50.034374], [-110.73045, 50.034414], [-110.730463, 50.034509], [-110.73042, 50.034547], [-110.730351, 50.034556], [-110.730309, 50.034545], [-110.730249, 50.03452], [-110.730207, 50.03448], [-110.730151, 50.034463], [-110.730098, 50.034459], [-110.730059, 50.034444], [-110.730023, 50.034438], [-110.729957, 50.034444], [-110.729927, 50.034473], [-110.72993, 50.034511], [-110.730016, 50.034655], [-110.730049, 50.034674], [-110.730121, 50.034718], [-110.730138, 50.034752], [-110.730121, 50.034788], [-110.730069, 50.034799], [-110.730006, 50.034788], [-110.729852, 50.03471], [-110.729825, 50.034689], [-110.729776, 50.034613], [-110.729733, 50.034579], [-110.729694, 50.034571], [-110.729638, 50.034585], [-110.729608, 50.034619], [-110.729618, 50.034666], [-110.729648, 50.034718], [-110.729717, 50.034809], [-110.729779, 50.034845], [-110.729842, 50.034894], [-110.729861, 50.034934], [-110.729852, 50.034972], [-110.729819, 50.034987], [-110.729746, 50.034993], [-110.729667, 50.034985], [-110.729611, 50.034968], [-110.729467, 50.034913], [-110.729375, 50.034849], [-110.729292, 50.034816], [-110.729194, 50.034799], [-110.729105, 50.034788], [-110.728983, 50.034795], [-110.728927, 50.034814], [-110.728911, 50.034841], [-110.728918, 50.034902], [-110.728898, 50.034944], [-110.728868, 50.034985], [-110.728839, 50.035014], [-110.728812, 50.035031], [-110.728725, 50.035076]]}, "bbox": [-110.732359, 50.032522, -110.728725, 50.035076]}, {"type": "Feature", "properties": {"area": "Redcliff", "difficulty": "intermediate", "highway": "path", "name": "Death Valley", "osm_id": 510285806, "stroke": "#3b82f6"}, "geometry": {"type": "LineString", "coordinates": [[-110.778236, 50.062607], [-110.777907, 50.062572], [-110.777535, 50.062539], [-110.776122, 50.062001], [-110.775914, 50.0619], [-110.7758, 50.061752], [-110.775682, 50.06146], [-110.775561, 50.06127], [-110.775527, 50.061166], [-110.7756, 50.060855], [-110.775578, 50.060742], [-110.775199, 50.060159], [-110.775079, 50.059915], [-110.775031, 50.05974], [-110.77493, 50.059508], [-110.774742, 50.059289], [-110.774614, 50.059199], [-110.774519, 50.059165], [-110.774385, 50.059146], [-110.774052, 50.059167], [-110.773841, 50.059233], [-110.773393, 50.05942], [-110.77328, 50.059453], [-110.773106, 50.05947], [-110.772898, 50.059428], [-110.772679, 50.05935], [-110.772456, 50.059232], [-110.771952, 50.059116], [-110.771843, 50.059069], [-110.771717, 50.058954], [-110.771626, 50.058901], [-110.771426, 50.058822], [-110.771182, 50.058667], [-110.770948, 50.058561], [-110.770765, 50.058506], [-110.77066, 50.058494], [-110.770219, 50.058518], [-110.769846, 50.058596], [-110.76957, 50.058594], [-110.769586, 50.058558], [-110.769999, 50.058499], [-110.770051, 50.058475], [-110.770075, 50.058436], [-110.770082, 50.05838], [-110.770109, 50.058329], [-110.770172, 50.058316], [-110.770302, 50.05833], [-110.770357, 50.058324], [-110.77042, 50.058305], [-110.770432, 50.058269], [-110.770358, 50.058238], [-110.770256, 50.058221], [-110.770054, 50.058246], [-110.769912, 50.058237], [-110.769719, 50.058214], [-110.769833, 50.058153], [-110.769896, 50.058041], [-110.769962, 50.057852], [-110.769964, 50.057785], [-110.769895, 50.057678], [-110.769787, 50.057574], [-110.769554, 50.057449], [-110.769434, 50.057359], [-110.769328, 50.057188], [-110.769315, 50.056932], [-110.769266, 50.056777], [-110.769269, 50.056664], [-110.769346, 50.056484], [-110.769386, 50.056412], [-110.769424, 50.056344], [-110.769444, 50.056292], [-110.76947, 50.056224], [-110.76953, 50.056025], [-110.769599, 50.056], [-110.769725, 50.055984], [-110.769795, 50.055998], [-110.769866, 50.056047], [-110.769894, 50.056115], [-110.769855, 50.056392], [-110.769829, 50.056479], [-110.769747, 50.05661], [-110.769744, 50.056678], [-110.769742, 50.056722], [-110.769779, 50.05675], [-110.769843, 50.056722], [-110.769923, 50.056685], [-110.770116, 50.056565], [-110.770299, 50.056498], [-110.770406, 50.056492], [-110.770791, 50.056521], [-110.770883, 50.056501], [-110.77094, 50.056458], [-110.770973, 50.056383], [-110.770958, 50.056338], [-110.770902, 50.056296], [-110.77067, 50.056202], [-110.770421, 50.056013], [-110.77031, 50.055843], [-110.770244, 50.055731], [-110.770178, 50.055768], [-110.770105, 50.055864], [-110.770043, 50.055888], [-110.769988, 50.055826], [-110.769952, 50.055755], [-110.769984, 50.055623], [-110.769961, 50.055566], [-110.769822, 50.055527], [-110.76956, 50.055499], [-110.769276, 50.055427], [-110.769139, 50.055373], [-110.768976, 50.055195], [-110.76893, 50.055117], [-110.768923, 50.055056], [-110.768945, 50.054974], [-110.768985, 50.054899], [-110.769065, 50.054771], [-110.768997, 50.054694], [-110.768641, 50.054367], [-110.768007, 50.054049], [-110.76764, 50.054009], [-110.767527, 50.053963], [-110.767436, 50.053866], [-110.767421, 50.053797], [-110.767446, 50.053731], [-110.767503, 50.053663], [-110.767821, 50.053614], [-110.767486, 50.05357], [-110.767413, 50.053532], [-110.767271, 50.053509], [-110.766774, 50.053494], [-110.766631, 50.053464], [-110.766498, 50.053417], [-110.766081, 50.053187], [-110.765967, 50.053079], [-110.765938, 50.05302]]}, "bbox": [-110.778236, 50.05302, -110.765938, 50.062607]}, {"type": "Feature", "properties": {"area": "Medicine Hat", "difficulty": "easy", "highway": "cycleway", "name": "Echo Dale Campground Chip", "osm_id": [212003779, 741157171, 1331135024, 1331135025, 1332500168, 1332500169], "stroke": "#22c55e"}, "geometry": {"type": "MultiLineString", "coordinates": [[[-110.724992, 50.035909], [-110.725128, 50.035887], [-110.725217, 50.03588], [-110.725302, 50.03588], [-110.725389, 50.035885], [-110.725468, 50.035884], [-110.725644, 50.035863], [-110.725737, 50.035842], [-110.725921, 50.035789], [-110.726045, 50.035759], [-110.726189, 50.035712], [-110.726399, 50.035636], [-110.72649, 50.035601], [-110.726568, 50.035564], [-110.726652, 50.035517], [-110.726718, 50.035469], [-110.726832, 50.035375], [-110.726883, 50.035314], [-110.726927, 50.035248], [-110.726983, 50.035162], [-110.727031, 50.035063], [-110.727103, 50.034871], [-110.727185, 50.034764], [-110.727286, 50.034659], [-110.727447, 50.034524], [-110.727616, 50.034395], [-110.727707, 50.034342], [-110.727802, 50.034294], [-110.727899, 50.03426], [-110.727983, 50.03423], [-110.728055, 50.034195], [-110.728114, 50.034163], [-110.72818, 50.034107], [-110.728526, 50.033694], [-110.728899, 50.033294], [-110.729027, 50.033205], [-110.729158, 50.033126], [-110.729683, 50.032809], [-110.729774, 50.032751], [-110.72985, 50.032694], [-110.729904, 50.032637], [-110.730056, 50.032425], [-110.730124, 50.032366], [-110.730192, 50.032317], [-110.730233, 50.032293], [-110.730283, 50.032272], [-110.730649, 50.032178], [-110.730819, 50.032136], [-110.730916, 50.032104], [-110.730999, 50.032055], [-110.73107, 50.032003], [-110.731318, 50.031808], [-110.731414, 50.031748], [-110.731668, 50.031664], [-110.731922, 50.031596], [-110.731981, 50.031583], [-110.732049, 50.031577], [-110.732114, 50.031582], [-110.732164, 50.031597], [-110.7322, 50.03162], [-110.732231, 50.031646], [-110.732248, 50.031675], [-110.732253, 50.031705], [-110.732223, 50.031862], [-110.732215, 50.031936], [-110.732225, 50.031974], [-110.732245, 50.032011], [-110.732288, 50.03204], [-110.732335, 50.032057], [-110.732418, 50.03206], [-110.732507, 50.032047], [-110.732578, 50.032021], [-110.732641, 50.031993], [-110.732843, 50.031831], [-110.733575, 50.031168], [-110.733703, 50.031057], [-110.733858, 50.030948], [-110.733939, 50.030893], [-110.733994, 50.030843], [-110.734086, 50.030737], [-110.734144, 50.030666], [-110.734207, 50.03061], [-110.734283, 50.030554], [-110.734363, 50.030495], [-110.734455, 50.030444], [-110.734692, 50.030331], [-110.734733, 50.030315], [-110.735042, 50.030148], [-110.735135, 50.030111], [-110.735241, 50.030088], [-110.73554, 50.030057], [-110.735666, 50.030058], [-110.735717, 50.030063], [-110.735892, 50.030112], [-110.736154, 50.030209], [-110.73634, 50.030298], [-110.736573, 50.030395], [-110.736793, 50.03046], [-110.736985, 50.03052], [-110.737104, 50.030539], [-110.737216, 50.030551], [-110.737349, 50.030558], [-110.737473, 50.030559], [-110.73877, 50.030556], [-110.739976, 50.030571], [-110.740073, 50.030578], [-110.740163, 50.0306], [-110.740707, 50.030724], [-110.740886, 50.030732], [-110.742161, 50.03075], [-110.742443, 50.03078], [-110.742742, 50.030824], [-110.742917, 50.030877], [-110.743076, 50.030967], [-110.743157, 50.031032], [-110.74323, 50.031103], [-110.743289, 50.031187], [-110.743338, 50.031271], [-110.743545, 50.032053], [-110.743677, 50.032775], [-110.743676, 50.033034], [-110.743625, 50.033311], [-110.743618, 50.033612], [-110.743642, 50.033659], [-110.74368, 50.033693], [-110.743751, 50.033723], [-110.743826, 50.033734], [-110.743944, 50.033736], [-110.744435, 50.033716], [-110.744544, 50.033692], [-110.744715, 50.033653], [-110.74499, 50.033579], [-110.745132, 50.033526], [-110.745278, 50.033446], [-110.745484, 50.033355], [-110.745623, 50.033293], [-110.745844, 50.033215], [-110.745954, 50.033185], [-110.746011, 50.033176], [-110.746099, 50.033181], [-110.746395, 50.033225], [-110.747002, 50.033289], [-110.747496, 50.033315], [-110.74775, 50.033355], [-110.748311, 50.033499], [-110.748841, 50.03371], [-110.749161, 50.033795], [-110.749476, 50.033857], [-110.749685, 50.033875], [-110.749827, 50.033884], [-110.750146, 50.033868], [-110.750398, 50.033889], [-110.750416, 50.033891], [-110.750485, 50.03391], [-110.750545, 50.033955], [-110.7506, 50.033996], [-110.75066, 50.034065], [-110.750738, 50.034177], [-110.750828, 50.034359], [-110.751002, 50.034748], [-110.751024, 50.034771], [-110.751045, 50.034797], [-110.751072, 50.034821], [-110.751341, 50.034973], [-110.752291, 50.035508], [-110.752453, 50.035588], [-110.752661, 50.035663], [-110.753419, 50.035896], [-110.753697, 50.035995], [-110.753977, 50.036104], [-110.754109, 50.036163], [-110.754626, 50.036449], [-110.754844, 50.03653], [-110.754957, 50.036563], [-110.755215, 50.036634], [-110.755433, 50.036668], [-110.755843, 50.036704], [-110.756417, 50.036722], [-110.756765, 50.036709], [-110.756932, 50.036688], [-110.757392, 50.036577], [-110.757576, 50.036553], [-110.757704, 50.03656], [-110.75781, 50.036594], [-110.758021, 50.036693], [-110.758099, 50.036696], [-110.758298, 50.036686], [-110.758421, 50.036703], [-110.758538, 50.03674], [-110.758628, 50.036785], [-110.758705, 50.036833], [-110.75877, 50.036885], [-110.758828, 50.036945], [-110.758856, 50.037012], [-110.758904, 50.037091], [-110.758993, 50.037165], [-110.759112, 50.03723], [-110.759383, 50.037355], [-110.759669, 50.037459], [-110.759893, 50.037506], [-110.760092, 50.037516], [-110.760276, 50.037513], [-110.76056, 50.037484], [-110.761136, 50.037436], [-110.761575, 50.037314], [-110.761718, 50.037284], [-110.761843, 50.037283], [-110.762193, 50.037317], [-110.762361, 50.037365], [-110.762479, 50.037413], [-110.762615, 50.037509], [-110.762833, 50.037637], [-110.763676, 50.038006], [-110.763907, 50.038089], [-110.764309, 50.038254], [-110.764527, 50.038326], [-110.765121, 50.038404], [-110.765586, 50.03841], [-110.766067, 50.038396], [-110.766489, 50.038367], [-110.76721, 50.038294], [-110.767743, 50.038267], [-110.767876, 50.038265], [-110.767994, 50.038275], [-110.768116, 50.038299], [-110.768222, 50.038334], [-110.768433, 50.038443], [-110.768704, 50.038591], [-110.768985, 50.038693], [-110.769296, 50.038777], [-110.769781, 50.038912], [-110.7703, 50.039037], [-110.770684, 50.039074], [-110.770892, 50.039076], [-110.771077, 50.039073], [-110.772025, 50.039056], [-110.772179, 50.039047], [-110.773025, 50.038904], [-110.773539, 50.038742], [-110.773665, 50.038696], [-110.774252, 50.038445], [-110.774304, 50.03842], [-110.774334, 50.03839], [-110.774414, 50.038228], [-110.774489, 50.038029], [-110.774614, 50.037608], [-110.774649, 50.037518], [-110.774696, 50.037439], [-110.774766, 50.037364], [-110.774853, 50.037308], [-110.774943, 50.037266], [-110.77512, 50.037222], [-110.775306, 50.037203], [-110.775527, 50.037197], [-110.775681, 50.037216], [-110.775779, 50.037244], [-110.775839, 50.037272], [-110.775863, 50.0373], [-110.775864, 50.037335], [-110.775822, 50.037537], [-110.775774, 50.037872], [-110.775747, 50.037942], [-110.775683, 50.038065], [-110.775634, 50.038131], [-110.775523, 50.038235], [-110.77548, 50.038278], [-110.775467, 50.038323], [-110.775495, 50.038854], [-110.775482, 50.039067], [-110.775471, 50.039113], [-110.775437, 50.039163], [-110.775314, 50.039295], [-110.775254, 50.039408], [-110.775234, 50.039519], [-110.775234, 50.039604], [-110.775243, 50.039695], [-110.775516, 50.04118], [-110.775618, 50.041817], [-110.775735, 50.042289], [-110.775864, 50.0428]], [[-110.77792, 50.046234], [-110.777882, 50.046309], [-110.777874, 50.046345], [-110.777892, 50.046391], [-110.778005, 50.04664], [-110.778003, 50.046729], [-110.777969, 50.046801], [-110.777932, 50.046849], [-110.777884, 50.04689], [-110.777827, 50.046919], [-110.777763, 50.046936], [-110.777486, 50.046954], [-110.776736, 50.047029], [-110.776509, 50.047071], [-110.77613, 50.047193], [-110.775839, 50.047331], [-110.775598, 50.047428], [-110.775513, 50.047475], [-110.775464, 50.047526], [-110.775448, 50.047556], [-110.775437, 50.047588], [-110.775405, 50.047703], [-110.775374, 50.047757]], [[-110.72068, 50.040576], [-110.720685, 50.040471], [-110.720706, 50.040456], [-110.720761, 50.040447], [-110.720937, 50.040436], [-110.721018, 50.040425], [-110.721115, 50.040387], [-110.721196, 50.040346], [-110.721246, 50.040301], [-110.721299, 50.040234], [-110.721328, 50.040151], [-110.721349, 50.039747], [-110.721317, 50.039323], [-110.721317, 50.039133], [-110.721344, 50.03901], [-110.721397, 50.038882], [-110.721533, 50.038661], [-110.721564, 50.038596], [-110.721573, 50.038532], [-110.721556, 50.038093], [-110.721585, 50.037983], [-110.721544, 50.03707], [-110.721515, 50.036823], [-110.721511, 50.036762], [-110.721538, 50.036721], [-110.721595, 50.036687], [-110.721684, 50.036659], [-110.721783, 50.03665], [-110.723418, 50.036499], [-110.723556, 50.03648], [-110.723663, 50.03644], [-110.723753, 50.036386], [-110.723894, 50.03628], [-110.724002, 50.036172], [-110.724067, 50.03613], [-110.724138, 50.036101], [-110.724281, 50.036054], [-110.724533, 50.035995], [-110.724787, 50.035947]], [[-110.724787, 50.035947], [-110.724992, 50.035909]], [[-110.775933, 50.043126], [-110.775947, 50.0432], [-110.77599, 50.043376], [-110.776094, 50.043794], [-110.776195, 50.044213], [-110.776329, 50.044528], [-110.776395, 50.044666], [-110.776453, 50.044764], [-110.776538, 50.044841], [-110.776729, 50.044983], [-110.776763, 50.045027], [-110.776785, 50.045071], [-110.776789, 50.045208], [-110.776805, 50.045249], [-110.776836, 50.045294], [-110.777148, 50.045616], [-110.777368, 50.045846], [-110.777495, 50.045941], [-110.77768, 50.046063], [-110.777813, 50.046149], [-110.77792, 50.046234]], [[-110.775864, 50.0428], [-110.775933, 50.043126]]]}, "bbox": [-110.778005, 50.030057, -110.72068, 50.047757]}, {"type": "Feature", "properties": {"area": "Redcliff", "difficulty": "easy", "highway": "path", "name": "Echo Dale River Trail", "osm_id": 512144793, "stroke": "#22c55e"}, "geometry": {"type": "LineString", "coordinates": [[-110.763543, 50.043691], [-110.763197, 50.04376], [-110.763119, 50.043811], [-110.763083, 50.043864], [-110.763071, 50.04393], [-110.763098, 50.044021], [-110.763154, 50.044107], [-110.763258, 50.044185], [-110.763566, 50.044355], [-110.763731, 50.044443], [-110.764196, 50.044749], [-110.764847, 50.045122], [-110.765474, 50.045454], [-110.766011, 50.045767], [-110.766183, 50.045904], [-110.766359, 50.046069], [-110.766556, 50.046195], [-110.766834, 50.046357], [-110.767275, 50.046558], [-110.767443, 50.04665], [-110.767574, 50.04673], [-110.767666, 50.046812], [-110.767834, 50.046981], [-110.768238, 50.047233], [-110.768356, 50.047286], [-110.768717, 50.047435], [-110.768882, 50.047557], [-110.769112, 50.04771], [-110.769159, 50.047741], [-110.769183, 50.047785], [-110.769163, 50.047821], [-110.769099, 50.047861], [-110.76908, 50.047882], [-110.769104, 50.047931], [-110.769199, 50.048012], [-110.769396, 50.048136], [-110.769498, 50.048189], [-110.769722, 50.048339], [-110.769792, 50.048378], [-110.769905, 50.048428], [-110.770011, 50.048497], [-110.770101, 50.048589], [-110.770215, 50.048675], [-110.770342, 50.048745], [-110.770697, 50.048834], [-110.770794, 50.048848], [-110.770878, 50.048867], [-110.771088, 50.048956], [-110.771241, 50.049084], [-110.771286, 50.049108], [-110.771351, 50.049122], [-110.771428, 50.049141], [-110.771465, 50.049164], [-110.771545, 50.049244], [-110.771597, 50.049279], [-110.771657, 50.049307], [-110.771839, 50.049365], [-110.771887, 50.049388], [-110.772037, 50.049464], [-110.772094, 50.049488], [-110.772165, 50.049498], [-110.77225, 50.049506], [-110.772373, 50.04951], [-110.772444, 50.049526], [-110.772499, 50.049557], [-110.772702, 50.049727], [-110.772887, 50.049833], [-110.773262, 50.050052], [-110.773831, 50.05033], [-110.774063, 50.050484], [-110.774295, 50.050628], [-110.774551, 50.050788], [-110.775211, 50.05116], [-110.775625, 50.051349], [-110.775811, 50.051518], [-110.776036, 50.051647], [-110.776155, 50.051682], [-110.776473, 50.051707], [-110.77668, 50.051746], [-110.776839, 50.051795], [-110.776998, 50.051851], [-110.777189, 50.051882], [-110.777297, 50.051887], [-110.778505, 50.052064], [-110.778532, 50.052069], [-110.778612, 50.052087], [-110.778695, 50.052125], [-110.778779, 50.052174], [-110.779155, 50.052619], [-110.779244, 50.052708], [-110.779427, 50.052807], [-110.779683, 50.052915], [-110.780082, 50.053037], [-110.780655, 50.053187], [-110.781198, 50.05328], [-110.781864, 50.053348], [-110.78246, 50.05339], [-110.783035, 50.05338], [-110.784683, 50.053229], [-110.784994, 50.053107], [-110.785664, 50.053003], [-110.786581, 50.052819], [-110.786836, 50.052763], [-110.786901, 50.052748], [-110.786926, 50.052725], [-110.786914, 50.052642], [-110.786906, 50.052561]]}, "bbox": [-110.786926, 50.043691, -110.763071, 50.05339]}, {"type": "Feature", "properties": {"area": "Cypress Hills / Elkwater", "difficulty": "intermediate", "highway": "path", "name": "Elkwater to Ferguson Hill Campground", "osm_id": 949760123, "stroke": "#3b82f6"}, "geometry": {"type": "LineString", "coordinates": [[-110.292201, 49.654696], [-110.292283, 49.654718], [-110.292339, 49.654702], [-110.292373, 49.654714], [-110.292429, 49.654731], [-110.292562, 49.654797], [-110.292571, 49.654825], [-110.292635, 49.654838], [-110.292695, 49.654879], [-110.292749, 49.654853], [-110.29268, 49.654807], [-110.29262, 49.654763], [-110.292549, 49.654727], [-110.292451, 49.654703], [-110.292378, 49.654646], [-110.292305, 49.654565], [-110.292285, 49.654484], [-110.2923, 49.654396], [-110.292262, 49.654195], [-110.292288, 49.654031], [-110.292303, 49.653966], [-110.2923, 49.653919], [-110.292281, 49.653836], [-110.292227, 49.653777], [-110.29232, 49.653735], [-110.292337, 49.653713], [-110.292451, 49.653737], [-110.292521, 49.653763], [-110.292577, 49.653804], [-110.292659, 49.653808], [-110.292672, 49.65378], [-110.292579, 49.653749], [-110.292502, 49.653697], [-110.292442, 49.653613], [-110.292416, 49.653557], [-110.292356, 49.653507], [-110.292354, 49.653471], [-110.292384, 49.653413], [-110.292453, 49.653388], [-110.292551, 49.6534], [-110.292663, 49.653425], [-110.292766, 49.653436], [-110.29283, 49.653453], [-110.292948, 49.653611], [-110.293008, 49.653699], [-110.293062, 49.653871], [-110.293107, 49.653925], [-110.293107, 49.653967], [-110.293075, 49.654002], [-110.293099, 49.654054], [-110.29312, 49.654098], [-110.293193, 49.654117], [-110.293255, 49.654106], [-110.293296, 49.654071], [-110.293275, 49.654014], [-110.293212, 49.653949], [-110.293165, 49.653877], [-110.293129, 49.65381], [-110.293077, 49.65374], [-110.293077, 49.653684], [-110.293019, 49.6536], [-110.292923, 49.653481], [-110.29288, 49.653415], [-110.29282, 49.653366], [-110.29282, 49.653234], [-110.2928, 49.653159], [-110.292824, 49.65307], [-110.292856, 49.653012], [-110.29289, 49.652984], [-110.292946, 49.65292], [-110.292959, 49.652847], [-110.293041, 49.652753], [-110.293129, 49.652615], [-110.293221, 49.65256], [-110.2933, 49.652507], [-110.293352, 49.652451], [-110.293326, 49.652376], [-110.293366, 49.65232], [-110.293398, 49.652276], [-110.293422, 49.65219], [-110.293418, 49.652151], [-110.293437, 49.652121], [-110.293471, 49.652091], [-110.293517, 49.65197], [-110.293579, 49.651924], [-110.293604, 49.651878], [-110.293688, 49.651841], [-110.29371, 49.651813], [-110.293729, 49.651769], [-110.293723, 49.651712], [-110.293753, 49.651666], [-110.293759, 49.65161], [-110.293815, 49.651466], [-110.29398, 49.651356], [-110.294064, 49.651324], [-110.29415, 49.651309], [-110.29433, 49.6513], [-110.294416, 49.651302], [-110.294539, 49.651277], [-110.294575, 49.651288], [-110.29462, 49.651285], [-110.2948, 49.651305]]}, "bbox": [-110.2948, 49.651277, -110.292201, 49.654879]}, {"type": "Feature", "properties": {"area": "Redcliff", "difficulty": "advanced", "highway": "path", "name": "Falcon Punch", "osm_id": 510320500, "stroke": "#0a0a0a"}, "geometry": {"type": "LineString", "coordinates": [[-110.790253, 50.060479], [-110.790405, 50.060433], [-110.790478, 50.060331], [-110.79048, 50.060224], [-110.790433, 50.06009], [-110.790338, 50.059772], [-110.790323, 50.059701], [-110.790107, 50.059547], [-110.790052, 50.059488], [-110.789984, 50.0594], [-110.78993, 50.059178], [-110.789941, 50.058948], [-110.789964, 50.058809], [-110.789964, 50.058693], [-110.789923, 50.058583], [-110.789874, 50.05854], [-110.7899, 50.058453], [-110.790015, 50.058324], [-110.790117, 50.058211], [-110.790266, 50.058071], [-110.790253, 50.05786], [-110.790337, 50.057896], [-110.790468, 50.057902], [-110.790513, 50.057989], [-110.790341, 50.058118], [-110.790264, 50.058173], [-110.790212, 50.058271], [-110.790133, 50.05835], [-110.790051, 50.05841], [-110.790054, 50.058483], [-110.790191, 50.058524], [-110.790374, 50.05855], [-110.790452, 50.058586], [-110.790481, 50.05862], [-110.790476, 50.058683], [-110.790438, 50.058776], [-110.79029, 50.058914], [-110.790257, 50.058958], [-110.79027, 50.058999], [-110.790344, 50.059031], [-110.790414, 50.059064], [-110.790415, 50.059152], [-110.790627, 50.059178], [-110.790848, 50.059158], [-110.791017, 50.059121], [-110.791132, 50.059116], [-110.791324, 50.059146], [-110.791404, 50.059308], [-110.7915, 50.05939], [-110.791736, 50.059499], [-110.791797, 50.059544], [-110.791916, 50.059699], [-110.791983, 50.059748], [-110.792114, 50.059809], [-110.792239, 50.059842], [-110.792463, 50.059873], [-110.792903, 50.060042], [-110.793162, 50.060119], [-110.793303, 50.060131], [-110.793321, 50.060084], [-110.793267, 50.059986], [-110.793318, 50.059936], [-110.79335, 50.059874], [-110.793438, 50.059883], [-110.793507, 50.059953], [-110.793518, 50.06004], [-110.793507, 50.060147], [-110.793563, 50.060183], [-110.79365, 50.06007], [-110.793725, 50.059992], [-110.793807, 50.059845], [-110.794551, 50.059233]]}, "bbox": [-110.794551, 50.05786, -110.789874, 50.060479]}, {"type": "Feature", "properties": {"area": "Cypress Hills / Elkwater", "difficulty": "easy", "highway": "path", "name": "Firerock Connector", "osm_id": 908906105, "stroke": "#22c55e"}, "geometry": {"type": "LineString", "coordinates": [[-110.306547, 49.659305], [-110.306453, 49.659281], [-110.306348, 49.659311], [-110.30622, 49.659279], [-110.306104, 49.659314], [-110.30585, 49.65926], [-110.305734, 49.659269], [-110.305563, 49.659246], [-110.305485, 49.659262], [-110.305404, 49.65924], [-110.305361, 49.659255], [-110.305289, 49.659262], [-110.305144, 49.659307], [-110.305131, 49.659276], [-110.305168, 49.659241], [-110.305168, 49.659213], [-110.305026, 49.659191], [-110.304948, 49.659217], [-110.304938, 49.659161], [-110.304951, 49.659132], [-110.304951, 49.65909], [-110.30483, 49.659125], [-110.304809, 49.659168], [-110.30475, 49.659187], [-110.304785, 49.659144], [-110.30479, 49.659071], [-110.304689, 49.659029]]}, "bbox": [-110.306547, 49.659029, -110.304689, 49.659314]}, {"type": "Feature", "properties": {"area": "Cypress Hills / Elkwater", "difficulty": "easy", "highway": "path", "name": "Firerock Trail", "osm_id": 908213395, "stroke": "#22c55e"}, "geometry": {"type": "LineString", "coordinates": [[-110.318065, 49.657584], [-110.317858, 49.657621], [-110.317602, 49.65766], [-110.317155, 49.657745], [-110.316947, 49.657723], [-110.316752, 49.657721], [-110.316504, 49.657692], [-110.316313, 49.65771], [-110.316102, 49.657737], [-110.315833, 49.657802], [-110.31561, 49.657855], [-110.315435, 49.657884], [-110.315349, 49.657949], [-110.315191, 49.657913], [-110.314829, 49.658037], [-110.314703, 49.658174], [-110.314618, 49.658226], [-110.314492, 49.658268], [-110.314236, 49.658318], [-110.314138, 49.6584], [-110.313984, 49.658597], [-110.313935, 49.658631], [-110.313788, 49.658666], [-110.313389, 49.658616], [-110.313076, 49.658602], [-110.312274, 49.658771], [-110.311879, 49.658818], [-110.311574, 49.658784], [-110.311217, 49.658678], [-110.310944, 49.658618], [-110.310674, 49.658518], [-110.310491, 49.65851], [-110.310312, 49.658549], [-110.310101, 49.658547], [-110.309987, 49.658581], [-110.309678, 49.658641], [-110.30932, 49.65866], [-110.30891, 49.658779], [-110.308568, 49.658831], [-110.308393, 49.658918], [-110.307906, 49.65891], [-110.307662, 49.658931], [-110.307097, 49.659094], [-110.307003, 49.659155], [-110.306739, 49.659199], [-110.306531, 49.659296], [-110.306547, 49.659305], [-110.306568, 49.659317], [-110.306536, 49.659478], [-110.306544, 49.659549], [-110.306507, 49.659691], [-110.306503, 49.660004], [-110.306515, 49.660085], [-110.306718, 49.660249], [-110.306828, 49.660396], [-110.306796, 49.660551], [-110.306812, 49.660699], [-110.306857, 49.660862], [-110.306868, 49.660881], [-110.306897, 49.66093], [-110.306901, 49.660975], [-110.306938, 49.661035], [-110.306926, 49.661064], [-110.306771, 49.661014], [-110.306682, 49.660996], [-110.306629, 49.66102], [-110.306666, 49.66118], [-110.30634, 49.661138], [-110.306292, 49.661167], [-110.306296, 49.661246], [-110.306389, 49.661325], [-110.306414, 49.661391], [-110.306344, 49.66153], [-110.306397, 49.661617], [-110.306397, 49.661701], [-110.306357, 49.661762], [-110.306332, 49.661875], [-110.306357, 49.661962], [-110.306324, 49.662035], [-110.306296, 49.662099], [-110.306259, 49.662167], [-110.306202, 49.662199], [-110.306198, 49.662238], [-110.306271, 49.662317], [-110.306169, 49.662351], [-110.306096, 49.662296], [-110.306076, 49.662133], [-110.306088, 49.662083], [-110.306064, 49.661964], [-110.306064, 49.661783], [-110.305974, 49.661628], [-110.305856, 49.661493], [-110.305759, 49.661354], [-110.305673, 49.661307], [-110.305637, 49.661249], [-110.305568, 49.661238], [-110.305458, 49.661283], [-110.305348, 49.661407], [-110.305283, 49.661446], [-110.30499, 49.661501], [-110.304889, 49.661591], [-110.304909, 49.661738], [-110.304836, 49.661822], [-110.304669, 49.661825], [-110.30462, 49.661838], [-110.304576, 49.661859], [-110.304543, 49.661907], [-110.304482, 49.661954], [-110.304291, 49.661962], [-110.304227, 49.662026], [-110.304048, 49.662071], [-110.30389, 49.662039], [-110.303751, 49.662107], [-110.303694, 49.662186], [-110.303597, 49.662242], [-110.30352, 49.662228], [-110.303467, 49.662231], [-110.303422, 49.662357], [-110.303585, 49.662405], [-110.303682, 49.662421], [-110.303861, 49.662497], [-110.303694, 49.662576], [-110.303629, 49.662668], [-110.303576, 49.662681], [-110.303532, 49.662752], [-110.303524, 49.662813], [-110.30354, 49.662847], [-110.303759, 49.662963], [-110.303808, 49.663018], [-110.3038, 49.663144], [-110.303733, 49.663227]]}, "bbox": [-110.318065, 49.657584, -110.303422, 49.663227]}, {"type": "Feature", "properties": {"area": "Cypress Hills / Elkwater", "difficulty": "advanced", "highway": "path", "name": "Flatten The Curve", "osm_id": 950074048, "stroke": "#0a0a0a"}, "geometry": {"type": "LineString", "coordinates": [[-110.280098, 49.64233], [-110.280165, 49.642233], [-110.280354, 49.64222], [-110.280414, 49.642245], [-110.280482, 49.642253], [-110.28053, 49.642289], [-110.28053, 49.642364], [-110.280581, 49.64247], [-110.280581, 49.642556], [-110.28059, 49.642611], [-110.280723, 49.642653], [-110.280813, 49.642659], [-110.280989, 49.642725], [-110.281027, 49.642789], [-110.28107, 49.642881], [-110.281027, 49.643003], [-110.281066, 49.643087], [-110.281152, 49.643151], [-110.281298, 49.643173], [-110.281384, 49.643223], [-110.281384, 49.643278], [-110.281362, 49.643313], [-110.281414, 49.643382], [-110.281482, 49.643457], [-110.281615, 49.643577], [-110.281645, 49.643652], [-110.281645, 49.643729], [-110.281693, 49.643813], [-110.281796, 49.64391], [-110.281894, 49.643949], [-110.281954, 49.644004], [-110.28201, 49.644096], [-110.282203, 49.644163], [-110.282289, 49.64426], [-110.282207, 49.64433], [-110.282126, 49.64441], [-110.282087, 49.644452], [-110.28206, 49.644495], [-110.282112, 49.644548], [-110.282163, 49.644581], [-110.282348, 49.644615], [-110.28246, 49.644704], [-110.282532, 49.644768], [-110.282567, 49.64489], [-110.282644, 49.64494], [-110.282751, 49.645012], [-110.282932, 49.645123], [-110.283129, 49.645154], [-110.283305, 49.645168], [-110.283417, 49.645196], [-110.283554, 49.645237], [-110.283653, 49.64529], [-110.283678, 49.64536], [-110.283648, 49.645415], [-110.283528, 49.645485], [-110.283391, 49.645537], [-110.283408, 49.645601], [-110.283464, 49.645635], [-110.283567, 49.645729], [-110.28361, 49.645796], [-110.2837, 49.645843], [-110.2837, 49.645898], [-110.283674, 49.645926], [-110.283661, 49.645998], [-110.283601, 49.646054], [-110.283524, 49.646198], [-110.28361, 49.64624], [-110.283781, 49.646282], [-110.283833, 49.646326], [-110.283854, 49.646398], [-110.283957, 49.646451], [-110.283914, 49.646512], [-110.283906, 49.646554], [-110.283867, 49.646598], [-110.283807, 49.646621], [-110.283781, 49.646651], [-110.283781, 49.646699], [-110.283833, 49.646746], [-110.283824, 49.646793], [-110.283781, 49.646826], [-110.28382, 49.646862], [-110.283841, 49.646904], [-110.283914, 49.646965], [-110.284009, 49.647065], [-110.284137, 49.647129], [-110.284223, 49.647201], [-110.284198, 49.647246], [-110.284274, 49.647361], [-110.284304, 49.647456], [-110.284377, 49.6475], [-110.284446, 49.647681], [-110.28457, 49.647764], [-110.284622, 49.647784], [-110.284729, 49.647895], [-110.284832, 49.647989], [-110.284897, 49.648026], [-110.284961, 49.648134], [-110.284922, 49.648167], [-110.284952, 49.648209], [-110.285279, 49.648276], [-110.285266, 49.64834], [-110.285283, 49.648387], [-110.285309, 49.648434], [-110.285364, 49.648428], [-110.285482, 49.648464], [-110.285524, 49.648489], [-110.285634, 49.648611], [-110.285691, 49.648639], [-110.285756, 49.648632], [-110.285813, 49.64865], [-110.285891, 49.648718], [-110.285912, 49.648748], [-110.285882, 49.64879], [-110.285847, 49.649067], [-110.285904, 49.649084], [-110.285983, 49.649049], [-110.28609, 49.649059], [-110.286232, 49.64913], [-110.28627, 49.649193], [-110.286253, 49.649219], [-110.286101, 49.64924], [-110.286079, 49.649279], [-110.28611, 49.649319], [-110.286171, 49.649342], [-110.286336, 49.6493], [-110.286617, 49.649379], [-110.286551, 49.649438], [-110.286542, 49.649495], [-110.286548, 49.649517], [-110.286491, 49.649517], [-110.286377, 49.649588], [-110.286257, 49.649589], [-110.286279, 49.649701], [-110.286267, 49.649749], [-110.286312, 49.649798], [-110.286301, 49.649887], [-110.28647, 49.650088], [-110.2865, 49.650181]]}, "bbox": [-110.286617, 49.64222, -110.280098, 49.650181]}, {"type": "Feature", "properties": {"area": "Cypress Hills / Elkwater", "difficulty": "advanced", "highway": "path", "name": "Great White", "osm_id": 1002683714, "stroke": "#0a0a0a"}, "geometry": {"type": "LineString", "coordinates": [[-110.267886, 49.650905], [-110.26777, 49.650884], [-110.26762, 49.650815], [-110.267548, 49.650758], [-110.267507, 49.650661], [-110.267507, 49.650583], [-110.26749, 49.650537], [-110.267467, 49.650477], [-110.267429, 49.65046], [-110.267337, 49.65046], [-110.267252, 49.650491], [-110.267194, 49.650506], [-110.267132, 49.650486], [-110.267132, 49.650435], [-110.267091, 49.650391], [-110.267064, 49.650365], [-110.267051, 49.650323], [-110.26704, 49.650279], [-110.267003, 49.650248], [-110.266962, 49.650219], [-110.266883, 49.650199], [-110.266832, 49.65021], [-110.266754, 49.650223], [-110.26671, 49.650217], [-110.266662, 49.650173], [-110.266631, 49.650131], [-110.266573, 49.650082], [-110.266559, 49.650045], [-110.266525, 49.649978], [-110.266499, 49.649915], [-110.266482, 49.649864], [-110.266462, 49.649809], [-110.266438, 49.649738], [-110.266383, 49.649707], [-110.266301, 49.649669], [-110.266209, 49.649669], [-110.266138, 49.649643], [-110.265991, 49.649623], [-110.265909, 49.649616], [-110.265824, 49.649603], [-110.265763, 49.649566], [-110.265728, 49.64955], [-110.26551, 49.64955], [-110.265428, 49.64955], [-110.265299, 49.64953], [-110.265203, 49.649548], [-110.265002, 49.649621], [-110.264941, 49.649707]]}, "bbox": [-110.267886, 49.64953, -110.264941, 49.650905]}, {"type": "Feature", "properties": {"area": "Cypress Hills / Elkwater", "difficulty": "easy", "highway": "path", "name": "Hidden Valley Connector", "osm_id": 1002688168, "stroke": "#22c55e"}, "geometry": {"type": "LineString", "coordinates": [[-110.270326, 49.652563], [-110.270156, 49.652453], [-110.270095, 49.652366], [-110.270044, 49.652298], [-110.270003, 49.652179], [-110.269853, 49.651967], [-110.269734, 49.651801], [-110.269543, 49.651744], [-110.26944, 49.651649], [-110.269369, 49.651574], [-110.269215, 49.651413], [-110.269105, 49.651324], [-110.269048, 49.651254], [-110.269, 49.651148], [-110.268919, 49.651046], [-110.268792, 49.650982], [-110.268683, 49.650949], [-110.26853, 49.650947], [-110.268349, 49.650954], [-110.268135, 49.651085]]}, "bbox": [-110.270326, 49.650947, -110.268135, 49.652563]}, {"type": "Feature", "properties": {"area": "Cypress Hills / Elkwater", "difficulty": "advanced", "highway": "path", "name": "Highline", "osm_id": [370926909, 913025208], "stroke": "#0a0a0a"}, "geometry": {"type": "MultiLineString", "coordinates": [[[-110.248005, 49.666224], [-110.247828, 49.665877], [-110.247752, 49.665634], [-110.247613, 49.665571], [-110.246776, 49.665432], [-110.246508, 49.665349], [-110.246111, 49.66528], [-110.246036, 49.665224], [-110.245714, 49.665155], [-110.245457, 49.665009], [-110.244995, 49.664988], [-110.244673, 49.665057], [-110.244448, 49.665127], [-110.244051, 49.665224], [-110.243547, 49.665231], [-110.24301, 49.665273], [-110.242624, 49.665287], [-110.241777, 49.665168], [-110.241508, 49.665238], [-110.241262, 49.665182], [-110.24095, 49.665113], [-110.240832, 49.665148], [-110.240028, 49.665141], [-110.239931, 49.66528], [-110.240071, 49.665731], [-110.240071, 49.666411], [-110.24006, 49.667252], [-110.240017, 49.667453], [-110.240114, 49.667634], [-110.240071, 49.668134], [-110.240038, 49.668328], [-110.240114, 49.668536], [-110.240028, 49.668745]], [[-110.240028, 49.668745], [-110.240296, 49.669036], [-110.24035, 49.669564], [-110.240221, 49.669911], [-110.240242, 49.670258], [-110.240435, 49.670515], [-110.240585, 49.670764]]]}, "bbox": [-110.248005, 49.664988, -110.239931, 49.670764]}, {"type": "Feature", "properties": {"area": "Cypress Hills / Elkwater", "difficulty": "intermediate", "highway": "path", "name": "Horseshoe Canyon Trail", "osm_id": 370927059, "stroke": "#3b82f6"}, "geometry": {"type": "LineString", "coordinates": [[-110.329569, 49.636822], [-110.329416, 49.636987], [-110.328991, 49.637441], [-110.328736, 49.637673], [-110.328661, 49.637798], [-110.328596, 49.638104], [-110.328473, 49.638837], [-110.328349, 49.639156], [-110.327747, 49.640152], [-110.327543, 49.641021], [-110.327521, 49.641841], [-110.327704, 49.642549], [-110.328047, 49.643355], [-110.327972, 49.643793], [-110.327489, 49.644085], [-110.326663, 49.644223], [-110.325708, 49.64446], [-110.325086, 49.644911], [-110.324528, 49.645481], [-110.324539, 49.64603], [-110.324271, 49.646606], [-110.323477, 49.64744], [-110.322221, 49.648697], [-110.321395, 49.648954], [-110.320526, 49.649045], [-110.318831, 49.649753], [-110.316771, 49.650399], [-110.316199, 49.65086], [-110.31602, 49.650941], [-110.315692, 49.650998], [-110.315494, 49.651045], [-110.315299, 49.651268], [-110.315208, 49.651478], [-110.31517, 49.651628], [-110.315099, 49.651678], [-110.314951, 49.651668], [-110.314432, 49.651587], [-110.314206, 49.651554], [-110.314055, 49.651554], [-110.313967, 49.6516], [-110.313977, 49.651677], [-110.314078, 49.651828], [-110.314274, 49.651969], [-110.314518, 49.652164], [-110.314894, 49.652601], [-110.314929, 49.653185], [-110.314991, 49.653333], [-110.314998, 49.653479], [-110.314922, 49.653603], [-110.314625, 49.653814], [-110.314002, 49.654097], [-110.312897, 49.654657], [-110.312738, 49.654703], [-110.312644, 49.654743], [-110.312615, 49.654819], [-110.312656, 49.654859], [-110.313188, 49.655256], [-110.313241, 49.655366], [-110.313241, 49.655463], [-110.313187, 49.655572], [-110.312942, 49.655716], [-110.312357, 49.655979], [-110.311639, 49.656315], [-110.311351, 49.656468], [-110.311092, 49.656546], [-110.310609, 49.656558], [-110.309609, 49.656527], [-110.30935, 49.656563], [-110.309053, 49.656669], [-110.308714, 49.656873], [-110.30787, 49.657672], [-110.307628, 49.657882], [-110.307464, 49.657999], [-110.307293, 49.658044], [-110.307086, 49.658074], [-110.306947, 49.658159], [-110.306042, 49.65879], [-110.304991, 49.659019], [-110.304695, 49.659003], [-110.302867, 49.658901], [-110.301813, 49.658866], [-110.300771, 49.658949], [-110.300489, 49.658963], [-110.300154, 49.658914], [-110.298714, 49.658489], [-110.298547, 49.658458], [-110.298135, 49.658477], [-110.298057, 49.658495], [-110.297948, 49.658533], [-110.29769, 49.658621], [-110.297544, 49.658648], [-110.297399, 49.658658], [-110.29731, 49.65866], [-110.297157, 49.658819], [-110.296762, 49.659186], [-110.295877, 49.659863], [-110.295458, 49.660149]]}, "bbox": [-110.329569, 49.636822, -110.295458, 49.660149]}, {"type": "Feature", "properties": {"area": "Cypress Hills / Elkwater", "difficulty": "advanced", "highway": "path", "name": "Hoser", "osm_id": 1002675529, "stroke": "#0a0a0a"}, "geometry": {"type": "LineString", "coordinates": [[-110.270008, 49.653904], [-110.27, 49.65396], [-110.269911, 49.654033], [-110.269897, 49.654065], [-110.269856, 49.654095], [-110.269781, 49.654136], [-110.269469, 49.654338], [-110.269336, 49.65441], [-110.269181, 49.654461], [-110.269091, 49.654537], [-110.26898, 49.654614], [-110.268943, 49.654661], [-110.268846, 49.654811], [-110.268828, 49.654859], [-110.268795, 49.654898], [-110.268736, 49.654942], [-110.268657, 49.654976], [-110.268545, 49.654997], [-110.268322, 49.655011], [-110.26818, 49.655012], [-110.268125, 49.655029], [-110.268082, 49.655065], [-110.268065, 49.65511], [-110.267988, 49.655119], [-110.268004, 49.655196], [-110.267959, 49.655227], [-110.26781, 49.655223], [-110.267768, 49.655235], [-110.267725, 49.655276], [-110.267609, 49.655265], [-110.267374, 49.655365], [-110.267267, 49.6554], [-110.267127, 49.65543], [-110.26707, 49.655463], [-110.266978, 49.655502], [-110.266918, 49.655538], [-110.266874, 49.655552], [-110.266824, 49.655537], [-110.2668, 49.6555], [-110.266789, 49.655325], [-110.2668, 49.655285], [-110.266841, 49.65524], [-110.266791, 49.655225], [-110.266598, 49.655305], [-110.266483, 49.655379], [-110.266412, 49.655469], [-110.266384, 49.655647], [-110.266334, 49.655731], [-110.266316, 49.655788], [-110.266324, 49.655921], [-110.266341, 49.655969], [-110.266363, 49.656], [-110.266393, 49.656076], [-110.266437, 49.656134], [-110.266405, 49.656154], [-110.266198, 49.656121], [-110.266116, 49.656069], [-110.265949, 49.656038], [-110.265908, 49.655989], [-110.265822, 49.655973], [-110.265805, 49.655998], [-110.265783, 49.656045], [-110.265789, 49.656085], [-110.265678, 49.656246], [-110.26551, 49.656255], [-110.265229, 49.656404], [-110.265157, 49.656405], [-110.265119, 49.656379], [-110.265051, 49.656353], [-110.26499, 49.656355], [-110.264786, 49.656415], [-110.264592, 49.656416], [-110.264254, 49.656496], [-110.264193, 49.656533], [-110.263925, 49.656656], [-110.263737, 49.656713], [-110.263512, 49.656757], [-110.263325, 49.656813], [-110.263053, 49.656838], [-110.263012, 49.656857], [-110.262978, 49.656901], [-110.262933, 49.656913], [-110.262887, 49.65691], [-110.262704, 49.656978], [-110.262572, 49.657082], [-110.262462, 49.65721], [-110.262336, 49.657236], [-110.262281, 49.657296], [-110.26216, 49.657326], [-110.262137, 49.657362], [-110.262106, 49.657395], [-110.26206, 49.657397], [-110.262037, 49.657391], [-110.261982, 49.657334], [-110.26195, 49.65737], [-110.261942, 49.65741], [-110.261979, 49.657449], [-110.262021, 49.657463], [-110.262029, 49.65749], [-110.262008, 49.657529], [-110.261954, 49.65759], [-110.261937, 49.657649], [-110.262, 49.657792]]}, "bbox": [-110.270008, 49.653904, -110.261937, 49.657792]}, {"type": "Feature", "properties": {"area": "Redcliff", "difficulty": "intermediate", "highway": "path", "name": "Iron Leg", "osm_id": 1332500192, "stroke": "#3b82f6"}, "geometry": {"type": "LineString", "coordinates": [[-110.763263, 50.042215], [-110.763186, 50.04218], [-110.763018, 50.042285], [-110.762911, 50.042335], [-110.762813, 50.042391], [-110.762737, 50.042446], [-110.762676, 50.042474], [-110.762626, 50.042481], [-110.762518, 50.042477], [-110.762465, 50.042474], [-110.762406, 50.042484], [-110.762339, 50.04249], [-110.762287, 50.042485], [-110.762239, 50.042473], [-110.762189, 50.042445], [-110.762165, 50.042432], [-110.762132, 50.042426], [-110.762019, 50.042416], [-110.761954, 50.042408], [-110.761867, 50.042384], [-110.761815, 50.042377], [-110.761686, 50.042373], [-110.761573, 50.042371], [-110.761503, 50.04236], [-110.76144, 50.042354], [-110.761381, 50.042367], [-110.761323, 50.042372], [-110.76127, 50.042367], [-110.761192, 50.042345], [-110.761129, 50.042338], [-110.76109, 50.042334], [-110.761059, 50.04234], [-110.761022, 50.042357], [-110.760992, 50.042359], [-110.760953, 50.04236], [-110.760885, 50.042371], [-110.760828, 50.042361], [-110.760783, 50.042344], [-110.760774, 50.042329], [-110.760781, 50.04229], [-110.76078, 50.042263], [-110.760796, 50.04224], [-110.760818, 50.042202], [-110.760818, 50.042171], [-110.7608, 50.042149], [-110.760765, 50.042137], [-110.760696, 50.042125], [-110.760674, 50.042116], [-110.760589, 50.042013], [-110.760558, 50.041997], [-110.760535, 50.04198], [-110.760496, 50.041942], [-110.760463, 50.041927], [-110.760225, 50.041896], [-110.760193, 50.041886], [-110.760163, 50.041871], [-110.760098, 50.041818], [-110.760065, 50.041791], [-110.760036, 50.041769], [-110.759888, 50.041713], [-110.759856, 50.04169], [-110.75974, 50.041561], [-110.759686, 50.041518], [-110.759646, 50.041491], [-110.75962, 50.041466], [-110.759614, 50.041438], [-110.759621, 50.041381], [-110.75961, 50.041347], [-110.759597, 50.041308], [-110.759577, 50.041282], [-110.75957, 50.041242], [-110.759572, 50.041184], [-110.759581, 50.041157], [-110.759607, 50.041104], [-110.759616, 50.041074], [-110.759605, 50.041033], [-110.759594, 50.041006], [-110.759599, 50.04098], [-110.75961, 50.040939], [-110.75961, 50.040913], [-110.759596, 50.040879], [-110.759546, 50.040785], [-110.759503, 50.04069], [-110.759461, 50.040652], [-110.75944, 50.040616], [-110.75944, 50.040592], [-110.759462, 50.040508], [-110.759459, 50.040481], [-110.759448, 50.040436], [-110.759448, 50.040404], [-110.759449, 50.040363], [-110.759536, 50.040122], [-110.759551, 50.040102], [-110.759583, 50.040058], [-110.75959, 50.04003], [-110.759573, 50.039944], [-110.759573, 50.039914], [-110.759583, 50.039895], [-110.759614, 50.039864], [-110.759627, 50.039842], [-110.759629, 50.039819], [-110.759621, 50.039736], [-110.759627, 50.039685], [-110.75962, 50.039647], [-110.75961, 50.03957], [-110.759616, 50.039499], [-110.75962, 50.039477], [-110.759616, 50.039458], [-110.75959, 50.039429], [-110.759579, 50.039411], [-110.759577, 50.03939], [-110.759588, 50.039287], [-110.759586, 50.03924], [-110.759575, 50.03921], [-110.759575, 50.039187], [-110.759592, 50.039119], [-110.759596, 50.039099], [-110.759607, 50.039063], [-110.759603, 50.039036], [-110.759583, 50.039016], [-110.759462, 50.03894], [-110.759427, 50.03893], [-110.759394, 50.038931], [-110.759355, 50.038928], [-110.759326, 50.038912], [-110.759301, 50.038892], [-110.759289, 50.038867], [-110.759289, 50.038825], [-110.759274, 50.038806], [-110.759111, 50.038659], [-110.759054, 50.038634], [-110.759022, 50.038626], [-110.758972, 50.038625], [-110.758935, 50.038623], [-110.758906, 50.038613], [-110.75882, 50.038582], [-110.75878, 50.038575], [-110.758706, 50.038577], [-110.758641, 50.038577], [-110.758617, 50.038571], [-110.758591, 50.038561], [-110.758574, 50.038543], [-110.758569, 50.038514], [-110.758576, 50.038487], [-110.758593, 50.038455], [-110.758636, 50.038421], [-110.758674, 50.038404], [-110.758706, 50.038406], [-110.75875, 50.038406], [-110.758796, 50.038399], [-110.75883, 50.038394], [-110.758865, 50.038398], [-110.758926, 50.038413], [-110.758983, 50.038431], [-110.759042, 50.038437], [-110.7591, 50.038446], [-110.759141, 50.038456], [-110.759176, 50.038469], [-110.759216, 50.03848], [-110.759259, 50.038485], [-110.759313, 50.038481], [-110.759372, 50.038469], [-110.759453, 50.038437], [-110.759588, 50.038374], [-110.759621, 50.038364], [-110.759734, 50.038317], [-110.759762, 50.038301], [-110.759775, 50.03828], [-110.759823, 50.038231], [-110.75988, 50.038185], [-110.759958, 50.038132], [-110.760001, 50.03812], [-110.760058, 50.038103], [-110.76009, 50.0381], [-110.760188, 50.038099], [-110.760252, 50.038091], [-110.76028, 50.03808], [-110.760291, 50.038065], [-110.76028, 50.038048], [-110.760258, 50.038039], [-110.760225, 50.038042], [-110.760136, 50.038056], [-110.760084, 50.038057], [-110.760064, 50.03805], [-110.760053, 50.038038], [-110.760056, 50.038025], [-110.760077, 50.038013], [-110.760106, 50.038006], [-110.760147, 50.037998], [-110.760212, 50.037993], [-110.760263, 50.037983], [-110.760297, 50.037976], [-110.760324, 50.037974], [-110.760376, 50.037981], [-110.760428, 50.03798], [-110.760521, 50.037975], [-110.760546, 50.037977], [-110.760583, 50.037981], [-110.760685, 50.037976], [-110.760723, 50.037967], [-110.760755, 50.037961], [-110.760964, 50.037957], [-110.76103, 50.037949], [-110.761079, 50.037942], [-110.76113, 50.037927], [-110.76123, 50.037901], [-110.761258, 50.037898], [-110.761297, 50.0379], [-110.761338, 50.037913], [-110.761392, 50.037935], [-110.76143, 50.037942], [-110.761458, 50.037941], [-110.761481, 50.037931], [-110.761495, 50.03791], [-110.761486, 50.037896], [-110.761456, 50.037869], [-110.76144, 50.037851], [-110.761435, 50.037835], [-110.761437, 50.037823], [-110.761453, 50.037808], [-110.761477, 50.037808], [-110.761587, 50.037834], [-110.761629, 50.037842], [-110.761674, 50.037838], [-110.761698, 50.037826], [-110.761718, 50.037798], [-110.761755, 50.037732], [-110.761776, 50.037702], [-110.761806, 50.037688], [-110.761868, 50.037674], [-110.76192, 50.03766], [-110.761944, 50.037639], [-110.761939, 50.037616], [-110.76192, 50.037605], [-110.76189, 50.037602], [-110.761852, 50.037608], [-110.761808, 50.037633], [-110.761778, 50.037643], [-110.761739, 50.037648], [-110.761647, 50.037656], [-110.761608, 50.037665], [-110.76155, 50.037686], [-110.761514, 50.037693], [-110.761479, 50.037692], [-110.761417, 50.037682], [-110.761384, 50.037681], [-110.761352, 50.037686], [-110.761284, 50.037703], [-110.761233, 50.037713], [-110.761184, 50.037714], [-110.761132, 50.037714], [-110.7611, 50.037717], [-110.761033, 50.037727], [-110.761003, 50.037728], [-110.760975, 50.037726], [-110.760945, 50.037713], [-110.760803, 50.037639], [-110.760693, 50.037598], [-110.760591, 50.037574], [-110.760543, 50.037567], [-110.760486, 50.037567], [-110.760421, 50.037567], [-110.760368, 50.037572], [-110.760309, 50.037572], [-110.76024, 50.037573], [-110.760187, 50.037573], [-110.76017, 50.037577], [-110.760056, 50.037608], [-110.759994, 50.037641], [-110.759918, 50.037689], [-110.759881, 50.037708], [-110.75984, 50.037719], [-110.759798, 50.037734], [-110.759773, 50.037751], [-110.759736, 50.037788], [-110.759711, 50.037811], [-110.759678, 50.037831], [-110.75957, 50.037885], [-110.75952, 50.037917], [-110.759504, 50.037955], [-110.759487, 50.037977], [-110.759456, 50.03799], [-110.759414, 50.037997], [-110.75938, 50.037992], [-110.759341, 50.037983], [-110.759184, 50.037865], [-110.759161, 50.037836], [-110.759145, 50.037801], [-110.759122, 50.037718], [-110.75912, 50.037691], [-110.75911, 50.037664], [-110.759079, 50.037641], [-110.759042, 50.037627], [-110.759, 50.037619], [-110.758933, 50.03761], [-110.758901, 50.037601], [-110.758876, 50.037583], [-110.758867, 50.037557], [-110.758872, 50.037535], [-110.75889, 50.03749], [-110.758881, 50.037467], [-110.758857, 50.037401], [-110.758853, 50.037381], [-110.758865, 50.037311], [-110.758858, 50.03729], [-110.758832, 50.037258], [-110.758795, 50.037184], [-110.758681, 50.037062], [-110.758651, 50.037007], [-110.758563, 50.036849], [-110.758508, 50.036798], [-110.758469, 50.036783], [-110.758349, 50.036787], [-110.758278, 50.036802], [-110.758202, 50.03682], [-110.758136, 50.036825], [-110.758074, 50.036812], [-110.758025, 50.036787], [-110.757956, 50.036728], [-110.75791, 50.036703], [-110.75786, 50.03669], [-110.757807, 50.036675], [-110.757729, 50.036642], [-110.757651, 50.036617], [-110.757623, 50.036616], [-110.757584, 50.036624], [-110.757531, 50.036642], [-110.757478, 50.036662], [-110.757423, 50.036713], [-110.7574, 50.036752], [-110.757349, 50.036802], [-110.757305, 50.036846], [-110.757273, 50.036886], [-110.757241, 50.036949], [-110.757165, 50.037143], [-110.757113, 50.037298], [-110.75708, 50.037337], [-110.756993, 50.037405], [-110.756943, 50.037427], [-110.756912, 50.037457], [-110.756865, 50.037484], [-110.75685, 50.037498], [-110.756839, 50.037529], [-110.756829, 50.037587], [-110.756816, 50.037608], [-110.756666, 50.037756], [-110.756602, 50.037788], [-110.756568, 50.037799], [-110.7564, 50.037822], [-110.756279, 50.037823], [-110.756121, 50.037813], [-110.755993, 50.037817], [-110.755882, 50.037845], [-110.755823, 50.037853], [-110.755729, 50.037852], [-110.755683, 50.037842], [-110.755649, 50.037814], [-110.755624, 50.037749], [-110.755605, 50.037728], [-110.755435, 50.037571], [-110.755356, 50.037469], [-110.755332, 50.037436], [-110.755316, 50.037422], [-110.755247, 50.037396], [-110.755233, 50.037384], [-110.755148, 50.0373], [-110.755037, 50.037183], [-110.754947, 50.037091], [-110.754616, 50.036742], [-110.754582, 50.036716], [-110.754558, 50.036698], [-110.754482, 50.036636], [-110.754419, 50.036612], [-110.754312, 50.036561], [-110.754267, 50.036548], [-110.754238, 50.03653], [-110.754154, 50.036478], [-110.754106, 50.03644], [-110.754066, 50.036391], [-110.754013, 50.03636], [-110.753966, 50.03634], [-110.753917, 50.036329], [-110.753785, 50.036303], [-110.753702, 50.036275], [-110.75366, 50.036246], [-110.753608, 50.036196], [-110.75357, 50.036162], [-110.753514, 50.036141], [-110.753376, 50.036124], [-110.753286, 50.036103], [-110.753241, 50.036082], [-110.753167, 50.036019], [-110.753121, 50.035998], [-110.753085, 50.03599], [-110.753009, 50.03598], [-110.752968, 50.03598], [-110.752826, 50.035969], [-110.752774, 50.03596], [-110.752734, 50.03594], [-110.752674, 50.035907], [-110.752649, 50.035899], [-110.752537, 50.035874], [-110.752486, 50.035851], [-110.752421, 50.035822], [-110.75238, 50.035813], [-110.752289, 50.035803], [-110.752218, 50.035799], [-110.75218, 50.035788], [-110.752003, 50.035754], [-110.751925, 50.035753], [-110.751871, 50.035744], [-110.751822, 50.035713], [-110.751782, 50.035691], [-110.751591, 50.035641], [-110.75148, 50.035612], [-110.751428, 50.035607], [-110.751348, 50.035602], [-110.751287, 50.035592], [-110.751207, 50.03557], [-110.751155, 50.035564], [-110.751099, 50.035573], [-110.751015, 50.035584], [-110.750972, 50.035582], [-110.750916, 50.035572], [-110.750881, 50.035549], [-110.750878, 50.035513], [-110.750881, 50.035483], [-110.750894, 50.035465], [-110.750997, 50.035342], [-110.750995, 50.035308], [-110.751006, 50.035252], [-110.751021, 50.035166], [-110.751029, 50.035052]]}, "bbox": [-110.763263, 50.035052, -110.750878, 50.04249]}, {"type": "Feature", "properties": {"area": "Cypress Hills / Elkwater", "difficulty": "easy", "highway": "path", "name": "Kerfuffle", "osm_id": 1002689431, "stroke": "#22c55e"}, "geometry": {"type": "LineString", "coordinates": [[-110.260616, 49.653412], [-110.26062, 49.653512], [-110.260629, 49.653608], [-110.260595, 49.653752], [-110.260535, 49.653896], [-110.260494, 49.653954], [-110.260441, 49.654086], [-110.260407, 49.654175], [-110.260424, 49.654275], [-110.260451, 49.654328], [-110.260494, 49.654433], [-110.260533, 49.654541], [-110.260726, 49.654627], [-110.260777, 49.654813], [-110.260902, 49.655015], [-110.260929, 49.65509], [-110.260958, 49.655191], [-110.261036, 49.65527], [-110.261106, 49.655316], [-110.261106, 49.655388], [-110.261125, 49.655444], [-110.261145, 49.655599], [-110.261122, 49.655665], [-110.261094, 49.655763], [-110.26105, 49.655853], [-110.261018, 49.655938], [-110.260982, 49.656009], [-110.260958, 49.656137], [-110.260985, 49.656435], [-110.261053, 49.656605], [-110.261031, 49.657005], [-110.261093, 49.657283], [-110.261164, 49.657424], [-110.261255, 49.657626], [-110.261335, 49.657756], [-110.261453, 49.657811], [-110.261498, 49.657832], [-110.26179, 49.657814], [-110.262, 49.657792], [-110.262054, 49.657786]]}, "bbox": [-110.262054, 49.653412, -110.260407, 49.657832]}, {"type": "Feature", "properties": {"area": "Cypress Hills / Elkwater", "difficulty": "advanced", "highway": "path", "name": "Last Grizzly", "osm_id": 910064722, "stroke": "#0a0a0a"}, "geometry": {"type": "LineString", "coordinates": [[-110.275838, 49.653219], [-110.275848, 49.653245], [-110.275957, 49.653318], [-110.275989, 49.653447], [-110.276128, 49.653605], [-110.276246, 49.653686], [-110.276421, 49.653752], [-110.276548, 49.653832], [-110.276569, 49.653889], [-110.276532, 49.653985], [-110.276601, 49.654096], [-110.276587, 49.654129], [-110.276491, 49.654159], [-110.276523, 49.654188], [-110.276712, 49.654256], [-110.276619, 49.654355], [-110.276612, 49.654389], [-110.276678, 49.654448], [-110.276731, 49.654449], [-110.276728, 49.654478], [-110.276724, 49.654508], [-110.276737, 49.65456], [-110.276846, 49.654685], [-110.276926, 49.654723], [-110.277108, 49.654766], [-110.277149, 49.654797], [-110.277042, 49.654976], [-110.277122, 49.655167], [-110.277103, 49.655233], [-110.277033, 49.655335], [-110.277015, 49.655426], [-110.277179, 49.655398], [-110.277226, 49.65541], [-110.277226, 49.655454], [-110.277163, 49.655543], [-110.277188, 49.655582], [-110.277311, 49.655634], [-110.277351, 49.655671], [-110.277374, 49.655709], [-110.27737, 49.655768], [-110.277438, 49.655876], [-110.277611, 49.655983], [-110.277838, 49.656085], [-110.277953, 49.656201], [-110.278151, 49.656278], [-110.27828, 49.656441], [-110.278349, 49.656491], [-110.278383, 49.656546], [-110.27839, 49.656578], [-110.278294, 49.656755], [-110.278306, 49.65693], [-110.278285, 49.657036], [-110.278374, 49.657104], [-110.278827, 49.657231], [-110.27889, 49.657304], [-110.278906, 49.657369], [-110.278786, 49.657625], [-110.278829, 49.657776], [-110.278817, 49.657857], [-110.278672, 49.658027], [-110.278642, 49.658089], [-110.278645, 49.658216], [-110.27859, 49.658347], [-110.278665, 49.658421]]}, "bbox": [-110.278906, 49.653219, -110.275838, 49.658421]}, {"type": "Feature", "properties": {"area": "Cypress Hills / Elkwater", "difficulty": "intermediate", "highway": "path", "name": "Lodgepole to Ferguson Hill Campgrounds", "osm_id": 949761403, "stroke": "#3b82f6"}, "geometry": {"type": "LineString", "coordinates": [[-110.296859, 49.649458], [-110.296735, 49.649458], [-110.296576, 49.6495], [-110.29646, 49.649514], [-110.29634, 49.649589], [-110.296038, 49.649572], [-110.296005, 49.649607], [-110.295992, 49.649678], [-110.295584, 49.650103], [-110.295451, 49.650267], [-110.295348, 49.650384], [-110.29528, 49.650494], [-110.295198, 49.650606], [-110.295168, 49.650806], [-110.295181, 49.650939], [-110.295099, 49.651409], [-110.295125, 49.651456], [-110.295069, 49.651643], [-110.295078, 49.651748], [-110.295035, 49.651854], [-110.294939, 49.652067]]}, "bbox": [-110.296859, 49.649458, -110.294939, 49.652067]}, {"type": "Feature", "properties": {"area": "Cypress Hills / Elkwater", "difficulty": "intermediate", "highway": "path", "name": "Lower Mystery Trail", "osm_id": 910066146, "stroke": "#3b82f6"}, "geometry": {"type": "LineString", "coordinates": [[-110.275875, 49.653142], [-110.275981, 49.653053], [-110.275977, 49.652981], [-110.275942, 49.652937], [-110.275965, 49.652776], [-110.275946, 49.652618], [-110.275877, 49.652538], [-110.27587, 49.652419], [-110.27582, 49.652379], [-110.275805, 49.652139], [-110.275495, 49.651651], [-110.275506, 49.651602], [-110.274959, 49.651317], [-110.27478, 49.651128], [-110.27468, 49.651022], [-110.27468, 49.65098], [-110.274676, 49.650938], [-110.27466, 49.650901], [-110.274607, 49.650864], [-110.274595, 49.650757], [-110.274438, 49.650504], [-110.274377, 49.650457], [-110.274289, 49.650433], [-110.274226, 49.650439], [-110.273975, 49.650465], [-110.273061, 49.649952], [-110.272939, 49.649942], [-110.272889, 49.649885], [-110.272774, 49.649494], [-110.272793, 49.649417], [-110.272977, 49.64906], [-110.273065, 49.648991], [-110.273118, 49.648759], [-110.273084, 49.648705], [-110.273168, 49.648568], [-110.273199, 49.648061], [-110.273191, 49.648008], [-110.273291, 49.647793], [-110.273271, 49.647582], [-110.27334, 49.647476], [-110.273359, 49.647441], [-110.273241, 49.647255], [-110.273111, 49.646774], [-110.273183, 49.646353], [-110.273275, 49.646222]]}, "bbox": [-110.275981, 49.646222, -110.272774, 49.653142]}, {"type": "Feature", "properties": {"difficulty": "easy", "name": "Lump Gravy", "stroke": "#22c55e"}, "geometry": {"type": "LineString", "coordinates": [[-110.78132, 50.055781], [-110.781417, 50.055747], [-110.78147, 50.055707], [-110.781574, 50.055633], [-110.781726, 50.055572], [-110.781808, 50.055562], [-110.782041, 50.055562], [-110.782197, 50.055558], [-110.782385, 50.055589], [-110.782441, 50.055605], [-110.782578, 50.055637], [-110.782666, 50.055663], [-110.782752, 50.05571], [-110.782791, 50.055769], [-110.782839, 50.055838], [-110.782882, 50.055903], [-110.7829, 50.055951], [-110.782922, 50.055997]]}, "bbox": [-110.782922, 50.055558, -110.78132, 50.055997]}, {"type": "Feature", "properties": {"area": "Cypress Hills / Elkwater", "difficulty": "intermediate", "highway": "path", "name": "Mack Jacket", "osm_id": 1002687040, "stroke": "#3b82f6"}, "geometry": {"type": "LineString", "coordinates": [[-110.267886, 49.650905], [-110.267771, 49.650833], [-110.267665, 49.650793], [-110.267594, 49.650685], [-110.267566, 49.65061], [-110.267577, 49.650559], [-110.267648, 49.650455], [-110.267747, 49.650389], [-110.267761, 49.650334], [-110.267832, 49.650217], [-110.267832, 49.650171], [-110.26787, 49.650142], [-110.267931, 49.650032], [-110.267942, 49.650003], [-110.267962, 49.649881], [-110.267942, 49.649839], [-110.267839, 49.649847], [-110.267723, 49.649881], [-110.267662, 49.649867], [-110.267723, 49.649777], [-110.267768, 49.649724], [-110.26774, 49.649673], [-110.267662, 49.649675], [-110.267498, 49.649717], [-110.267396, 49.649763], [-110.267318, 49.649819], [-110.267253, 49.649821], [-110.267246, 49.64977], [-110.267301, 49.649726], [-110.267348, 49.649695], [-110.267396, 49.649622], [-110.267399, 49.649569], [-110.267321, 49.649521], [-110.267246, 49.649465], [-110.267191, 49.649362], [-110.267031, 49.649375], [-110.267021, 49.649326], [-110.26699, 49.649293], [-110.266867, 49.649242], [-110.266809, 49.649205], [-110.266779, 49.649139], [-110.266728, 49.649061], [-110.266663, 49.648975], [-110.266646, 49.64892], [-110.266581, 49.648913], [-110.266537, 49.648936], [-110.266486, 49.649008], [-110.266441, 49.64905], [-110.266359, 49.649134], [-110.266199, 49.649132], [-110.26611, 49.649152], [-110.266056, 49.649165], [-110.265957, 49.649132], [-110.265786, 49.649139], [-110.26565, 49.649165], [-110.265543, 49.64922], [-110.265485, 49.649313], [-110.265423, 49.649357], [-110.265301, 49.649379], [-110.265171, 49.649373], [-110.26513, 49.649388], [-110.265048, 49.649412], [-110.264874, 49.649439], [-110.264799, 49.649439], [-110.264765, 49.649395], [-110.264796, 49.649333], [-110.264809, 49.649273], [-110.264755, 49.649258], [-110.264649, 49.649272]]}, "bbox": [-110.267962, 49.648913, -110.264649, 49.650905]}, {"type": "Feature", "properties": {"area": "Cypress Hills / Elkwater", "difficulty": "intermediate", "highway": "path", "name": "Mazama Drop Trail", "osm_id": 908916616, "stroke": "#3b82f6"}, "geometry": {"type": "LineString", "coordinates": [[-110.290382, 49.653573], [-110.290321, 49.653573], [-110.290229, 49.6535], [-110.290194, 49.653365], [-110.289921, 49.653248], [-110.290052, 49.653092], [-110.290052, 49.653042], [-110.29001, 49.652971], [-110.290021, 49.652881], [-110.290003, 49.652826], [-110.289953, 49.652808], [-110.289819, 49.652808], [-110.289497, 49.652955], [-110.289497, 49.652998], [-110.289447, 49.653014], [-110.289373, 49.652998], [-110.289306, 49.652952], [-110.289253, 49.652881], [-110.288969, 49.65273], [-110.288849, 49.652753], [-110.288647, 49.652751], [-110.288573, 49.652751], [-110.288506, 49.652783], [-110.288555, 49.652859], [-110.288516, 49.652891], [-110.288421, 49.652824], [-110.288237, 49.652726], [-110.288109, 49.652725], [-110.288109, 49.652638], [-110.288053, 49.652632], [-110.288017, 49.652588], [-110.287947, 49.652588], [-110.287925, 49.652638], [-110.28789, 49.652668], [-110.287833, 49.652648], [-110.287819, 49.652586], [-110.28777, 49.652483], [-110.287801, 49.652455], [-110.287784, 49.652409], [-110.287731, 49.652382], [-110.287596, 49.65224], [-110.287596, 49.652187], [-110.287547, 49.652166], [-110.287525, 49.65213], [-110.287437, 49.652063], [-110.287394, 49.651946], [-110.287348, 49.651905], [-110.287387, 49.651832], [-110.287383, 49.651749], [-110.287429, 49.651626], [-110.287383, 49.651596], [-110.28739, 49.651518], [-110.28738, 49.651451], [-110.287323, 49.651339], [-110.287153, 49.651229], [-110.287054, 49.651073], [-110.286994, 49.650938], [-110.287005, 49.650812], [-110.286973, 49.650764], [-110.286969, 49.650709], [-110.286923, 49.650693], [-110.286863, 49.650688], [-110.286785, 49.650617], [-110.286771, 49.650429], [-110.286686, 49.650326], [-110.286686, 49.65037], [-110.286647, 49.650381], [-110.286608, 49.650301], [-110.286475, 49.650177], [-110.286471, 49.650173], [-110.286353, 49.650063], [-110.286258, 49.649951], [-110.28596, 49.649786], [-110.285918, 49.649802], [-110.285918, 49.649829], [-110.286038, 49.649953], [-110.286077, 49.650127], [-110.286106, 49.650182], [-110.286134, 49.65032], [-110.286109, 49.650347], [-110.286056, 49.650336], [-110.286035, 49.650265], [-110.285904, 49.650088], [-110.285876, 49.650061], [-110.285706, 49.649944], [-110.28566, 49.649935], [-110.28561, 49.649976], [-110.285653, 49.650175], [-110.285617, 49.650221], [-110.285553, 49.650102], [-110.285497, 49.650074], [-110.285458, 49.650193], [-110.285354, 49.650239], [-110.285081, 49.650269], [-110.284837, 49.650324], [-110.284543, 49.650338], [-110.284182, 49.650384], [-110.28391, 49.650446], [-110.283763, 49.650413], [-110.283366, 49.650253], [-110.283009, 49.650164], [-110.282977, 49.650129], [-110.282995, 49.65007], [-110.283062, 49.650049], [-110.283519, 49.650104], [-110.283699, 49.650083], [-110.283706, 49.650051], [-110.283685, 49.650015], [-110.28354, 49.649893], [-110.283416, 49.64987], [-110.283112, 49.64985], [-110.282779, 49.649898], [-110.282506, 49.650006], [-110.282213, 49.649996], [-110.281707, 49.650063], [-110.281593, 49.650061], [-110.281409, 49.649985], [-110.28131, 49.650008], [-110.281214, 49.649953], [-110.280903, 49.649932], [-110.280829, 49.649964], [-110.280857, 49.649994], [-110.280722, 49.650083], [-110.280623, 49.649971], [-110.280506, 49.649953], [-110.280446, 49.649967], [-110.280376, 49.650045], [-110.280298, 49.650031], [-110.280156, 49.649953], [-110.280089, 49.649978], [-110.28005, 49.650012], [-110.280004, 49.650038], [-110.279954, 49.650038], [-110.279887, 49.650006], [-110.279738, 49.649861], [-110.279512, 49.649776], [-110.279381, 49.64979], [-110.279257, 49.649889], [-110.279169, 49.649918], [-110.279094, 49.649896], [-110.279016, 49.649802], [-110.278917, 49.649733], [-110.278843, 49.649726], [-110.278762, 49.649726], [-110.27868, 49.64977], [-110.278631, 49.649854], [-110.278624, 49.649964], [-110.278595, 49.649992], [-110.278376, 49.649902], [-110.278209, 49.649877], [-110.278068, 49.649964], [-110.277873, 49.649956], [-110.277756, 49.649993], [-110.277653, 49.650179], [-110.277487, 49.65027], [-110.277346, 49.650447], [-110.277045, 49.650534], [-110.276588, 49.650575], [-110.276171, 49.65049], [-110.276107, 49.650518], [-110.276093, 49.650726], [-110.276057, 49.650816], [-110.276057, 49.650894], [-110.276125, 49.650923], [-110.27628, 49.650937], [-110.276312, 49.650953], [-110.276135, 49.651052], [-110.275898, 49.651077], [-110.275742, 49.651068], [-110.275675, 49.651017], [-110.275643, 49.650969], [-110.275625, 49.650832], [-110.275703, 49.65063], [-110.27571, 49.650591], [-110.275615, 49.650497], [-110.275399, 49.650351], [-110.275303, 49.650312], [-110.275052, 49.650332], [-110.274907, 49.650307], [-110.274592, 49.650172], [-110.274437, 49.650163], [-110.27433, 49.650241], [-110.2742, 49.650436], [-110.274192, 49.650449], [-110.274153, 49.650722], [-110.273803, 49.650827], [-110.273729, 49.650894], [-110.273623, 49.651105], [-110.273612, 49.651192], [-110.273711, 49.651462], [-110.273828, 49.651517], [-110.27387, 49.651602], [-110.27387, 49.651632], [-110.273824, 49.651678], [-110.273775, 49.651687], [-110.273559, 49.651643], [-110.273488, 49.651664], [-110.273446, 49.651776], [-110.273166, 49.651797], [-110.273152, 49.651836], [-110.273226, 49.651953], [-110.27323, 49.651996], [-110.273191, 49.652031], [-110.273074, 49.652026], [-110.273028, 49.652056], [-110.273021, 49.652099], [-110.273007, 49.652136], [-110.27278, 49.652136], [-110.272522, 49.652209]]}, "bbox": [-110.290382, 49.649726, -110.272522, 49.653573]}, {"type": "Feature", "properties": {"area": "Cypress Hills / Elkwater", "difficulty": "intermediate", "highway": "path", "name": "Mitchell Creek Connector", "osm_id": 908204850, "stroke": "#3b82f6"}, "geometry": {"type": "LineString", "coordinates": [[-110.294106, 49.659062], [-110.293995, 49.658926], [-110.294062, 49.658825], [-110.294027, 49.658714], [-110.294018, 49.658554], [-110.294086, 49.658512], [-110.294115, 49.658372], [-110.294294, 49.658295], [-110.294299, 49.658239], [-110.294325, 49.658194], [-110.294238, 49.658117], [-110.294281, 49.658046], [-110.294129, 49.657918], [-110.294068, 49.657768], [-110.293942, 49.657611], [-110.293886, 49.657565], [-110.293854, 49.657502], [-110.293874, 49.657478], [-110.29385, 49.657312], [-110.293902, 49.65729], [-110.29383, 49.65723], [-110.293764, 49.657138], [-110.293746, 49.657038], [-110.293684, 49.656975], [-110.293658, 49.656931], [-110.293658, 49.656881], [-110.293732, 49.656781], [-110.29367, 49.656739], [-110.293564, 49.656715], [-110.293469, 49.656693], [-110.293379, 49.656657], [-110.293351, 49.656647], [-110.293266, 49.656569], [-110.293186, 49.656544], [-110.293182, 49.656533], [-110.293184, 49.656513], [-110.293192, 49.656496], [-110.293238, 49.656472], [-110.293072, 49.656391], [-110.293032, 49.656306], [-110.29296, 49.656258], [-110.292932, 49.656208], [-110.292762, 49.656159], [-110.292838, 49.65608], [-110.29283, 49.656033], [-110.292782, 49.655988], [-110.292618, 49.6559], [-110.292588, 49.655851], [-110.29261, 49.655761], [-110.29258, 49.655677], [-110.292612, 49.6556], [-110.292602, 49.655566], [-110.292546, 49.655503], [-110.292532, 49.655452], [-110.292429, 49.655383], [-110.292431, 49.655319], [-110.292453, 49.6553], [-110.292377, 49.655215], [-110.292341, 49.655139], [-110.292381, 49.655074], [-110.292385, 49.655043], [-110.292303, 49.654877], [-110.292207, 49.654772], [-110.292201, 49.654696], [-110.291885, 49.654618], [-110.291777, 49.654575], [-110.291576, 49.654431], [-110.291586, 49.654383], [-110.29157, 49.654337], [-110.291516, 49.65431], [-110.291324, 49.654327], [-110.29127, 49.654302], [-110.291172, 49.654292], [-110.290936, 49.654197], [-110.29045, 49.654156]]}, "bbox": [-110.294325, 49.654156, -110.29045, 49.659062]}, {"type": "Feature", "properties": {"area": "Cypress Hills / Elkwater", "difficulty": "advanced", "highway": "path", "name": "Mitchell Creek Trail", "osm_id": 910093273, "stroke": "#0a0a0a"}, "geometry": {"type": "LineString", "coordinates": [[-110.29045, 49.654156], [-110.290438, 49.65404], [-110.290436, 49.653966], [-110.290428, 49.65392], [-110.290398, 49.653844], [-110.290372, 49.653778], [-110.290375, 49.653715], [-110.290407, 49.653577], [-110.290413, 49.65354], [-110.290449, 49.653489], [-110.290466, 49.653459], [-110.290482, 49.653442], [-110.290488, 49.653431], [-110.290501, 49.653418], [-110.290521, 49.653407], [-110.290529, 49.653396], [-110.290557, 49.653382], [-110.29057, 49.653369], [-110.290576, 49.653362], [-110.290586, 49.653332], [-110.290593, 49.653325], [-110.290593, 49.653311], [-110.290599, 49.653277], [-110.290604, 49.653261], [-110.290609, 49.653252], [-110.290615, 49.653245], [-110.290632, 49.653237], [-110.290644, 49.65322], [-110.290647, 49.653203], [-110.29067, 49.653163], [-110.290674, 49.653131], [-110.290697, 49.653091], [-110.290745, 49.652968], [-110.29075, 49.652933], [-110.290766, 49.652894], [-110.29077, 49.652854], [-110.290809, 49.652783], [-110.290814, 49.652771], [-110.290805, 49.65276], [-110.290801, 49.652741], [-110.290819, 49.652727], [-110.290817, 49.652714], [-110.290838, 49.652666], [-110.290877, 49.652638], [-110.290891, 49.652632], [-110.290925, 49.652585], [-110.290946, 49.652577], [-110.290985, 49.652538], [-110.290998, 49.652504], [-110.291044, 49.652461], [-110.291062, 49.652451], [-110.291101, 49.652432], [-110.291127, 49.652412], [-110.291153, 49.652389], [-110.291166, 49.652374], [-110.291206, 49.652354], [-110.291235, 49.65233], [-110.291259, 49.652312], [-110.291273, 49.652285], [-110.291326, 49.652267], [-110.291341, 49.65225], [-110.291345, 49.652236], [-110.291353, 49.652211], [-110.291354, 49.652205], [-110.291357, 49.6522], [-110.291381, 49.65219], [-110.291387, 49.652179], [-110.291383, 49.652164], [-110.291386, 49.652154], [-110.291377, 49.652146], [-110.291378, 49.652131], [-110.291395, 49.652101], [-110.291404, 49.652079], [-110.291394, 49.65206], [-110.291396, 49.652017], [-110.2914, 49.652005], [-110.291401, 49.651995], [-110.291404, 49.651977], [-110.291406, 49.651962], [-110.291424, 49.651939], [-110.291421, 49.651912], [-110.291423, 49.651889], [-110.291411, 49.651866], [-110.291389, 49.651873], [-110.291357, 49.651884], [-110.291281, 49.651894], [-110.291226, 49.651897], [-110.291114, 49.651915], [-110.291074, 49.651925], [-110.291047, 49.651934], [-110.291023, 49.651944], [-110.290983, 49.651947], [-110.290953, 49.651953], [-110.290919, 49.651956], [-110.290879, 49.651956], [-110.29083, 49.651961], [-110.290801, 49.651956], [-110.290693, 49.651958], [-110.290689, 49.651953], [-110.290672, 49.651946], [-110.290655, 49.651944], [-110.290648, 49.651935], [-110.290629, 49.651932], [-110.290607, 49.651929], [-110.290563, 49.65193], [-110.290533, 49.651931], [-110.29051, 49.651928], [-110.290479, 49.65193], [-110.290441, 49.651917], [-110.290414, 49.651908], [-110.290358, 49.651903], [-110.290339, 49.651892], [-110.290311, 49.651875], [-110.290296, 49.651872], [-110.290266, 49.651862], [-110.290248, 49.651853], [-110.290234, 49.651844], [-110.290201, 49.651846], [-110.290157, 49.651828], [-110.290143, 49.65182], [-110.290133, 49.651809], [-110.290112, 49.651798], [-110.290087, 49.651797], [-110.290058, 49.651765], [-110.290041, 49.651753], [-110.290033, 49.651737], [-110.290018, 49.651706], [-110.290002, 49.651636], [-110.289971, 49.651593], [-110.289974, 49.651564], [-110.28998, 49.651546], [-110.290001, 49.651522], [-110.290012, 49.651512], [-110.290064, 49.651453], [-110.290091, 49.651443], [-110.290106, 49.651416], [-110.290131, 49.651406], [-110.290139, 49.651392], [-110.290136, 49.651377], [-110.290143, 49.651363], [-110.29015, 49.651346], [-110.290181, 49.651329], [-110.290194, 49.651314], [-110.290189, 49.651298], [-110.2902, 49.65127], [-110.29023, 49.651232], [-110.290249, 49.651211], [-110.290246, 49.651189], [-110.290272, 49.651154], [-110.290275, 49.65113], [-110.290307, 49.651092], [-110.290326, 49.651076], [-110.290337, 49.651065], [-110.290359, 49.651037], [-110.29036, 49.651022], [-110.290371, 49.651003], [-110.290378, 49.650993], [-110.290383, 49.650984], [-110.290397, 49.650988], [-110.290426, 49.650978], [-110.290475, 49.650938], [-110.290486, 49.650923], [-110.290486, 49.650913], [-110.290514, 49.650873], [-110.290517, 49.650855], [-110.290535, 49.650842], [-110.290559, 49.650804], [-110.29058, 49.650773], [-110.290597, 49.650737], [-110.290629, 49.650716], [-110.290641, 49.650708], [-110.290656, 49.650693], [-110.290678, 49.650642], [-110.290698, 49.650637], [-110.290714, 49.650622], [-110.290719, 49.650603], [-110.290762, 49.650558], [-110.290786, 49.650539], [-110.290791, 49.650525], [-110.290788, 49.650498], [-110.290791, 49.650482], [-110.290795, 49.650469], [-110.290805, 49.650459], [-110.290821, 49.650438], [-110.290823, 49.650424], [-110.29083, 49.650406], [-110.290836, 49.650378], [-110.290843, 49.650373], [-110.290843, 49.650362], [-110.290859, 49.65034], [-110.290879, 49.650273], [-110.290878, 49.650239], [-110.290888, 49.650223], [-110.290895, 49.650198], [-110.2909, 49.650156], [-110.290885, 49.650126], [-110.290885, 49.65011], [-110.290874, 49.650097], [-110.290883, 49.650073], [-110.29088, 49.650031], [-110.290892, 49.650002], [-110.29089, 49.649988], [-110.290896, 49.649973], [-110.290885, 49.649953], [-110.290888, 49.649945], [-110.290874, 49.649882], [-110.290876, 49.649864], [-110.290876, 49.649845], [-110.29088, 49.649836], [-110.290895, 49.649819], [-110.290911, 49.649776], [-110.290916, 49.649753], [-110.290924, 49.649741], [-110.290925, 49.649725], [-110.290953, 49.649684], [-110.290957, 49.649672], [-110.290973, 49.649659], [-110.290982, 49.649613], [-110.29098, 49.649603], [-110.290992, 49.649588], [-110.290994, 49.649557], [-110.290987, 49.64954], [-110.290983, 49.6495], [-110.291006, 49.649451], [-110.291008, 49.649427], [-110.291025, 49.649393], [-110.291039, 49.649355], [-110.291039, 49.649348], [-110.291063, 49.649316], [-110.291075, 49.649282], [-110.291107, 49.64924], [-110.2911, 49.649207], [-110.291116, 49.649169], [-110.291131, 49.649137], [-110.291147, 49.6491], [-110.291158, 49.649051], [-110.291158, 49.64904], [-110.291164, 49.649027], [-110.291161, 49.649002], [-110.291187, 49.648962], [-110.2912, 49.648923], [-110.291205, 49.648901], [-110.291218, 49.648868], [-110.291225, 49.64885], [-110.291236, 49.648831], [-110.291248, 49.648821], [-110.291246, 49.648799], [-110.291259, 49.648766], [-110.291261, 49.648722], [-110.291237, 49.648685], [-110.291255, 49.648652], [-110.291268, 49.648615], [-110.291297, 49.648557], [-110.29133, 49.648516], [-110.291352, 49.648468], [-110.291357, 49.648458], [-110.291356, 49.648432], [-110.291361, 49.648408], [-110.291373, 49.648387], [-110.291403, 49.648323], [-110.291422, 49.648296], [-110.291434, 49.648281], [-110.291447, 49.648257], [-110.291449, 49.64825], [-110.291457, 49.648216], [-110.291474, 49.64818], [-110.291486, 49.648148], [-110.291503, 49.648126], [-110.291532, 49.648095], [-110.291541, 49.648089], [-110.29156, 49.648062], [-110.291582, 49.648037], [-110.291612, 49.648021], [-110.291643, 49.647975], [-110.291658, 49.647922], [-110.291691, 49.647886], [-110.291708, 49.647875], [-110.29173, 49.647851], [-110.29176, 49.647827], [-110.291774, 49.647804], [-110.291791, 49.647785], [-110.291897, 49.647721], [-110.291932, 49.647708], [-110.291941, 49.647697], [-110.292009, 49.647617], [-110.292019, 49.64759], [-110.292061, 49.647562], [-110.292092, 49.647527], [-110.292112, 49.647493], [-110.292128, 49.647473], [-110.292157, 49.647467], [-110.292169, 49.647448], [-110.292208, 49.647424], [-110.292231, 49.647414], [-110.292253, 49.647405], [-110.292257, 49.647391], [-110.292285, 49.647365], [-110.292324, 49.647314], [-110.29235, 49.647287], [-110.29237, 49.647268], [-110.29239, 49.647239], [-110.292457, 49.647202], [-110.2925, 49.647161], [-110.29256, 49.647126], [-110.292569, 49.647099], [-110.2926, 49.647071], [-110.29261, 49.647057], [-110.292636, 49.647035], [-110.292645, 49.647022], [-110.29267, 49.647009], [-110.292684, 49.647005], [-110.292703, 49.646988], [-110.292785, 49.646924], [-110.292811, 49.646902], [-110.292839, 49.646887], [-110.292866, 49.646855], [-110.292883, 49.646829], [-110.292887, 49.646819], [-110.292905, 49.646808], [-110.29293, 49.646769], [-110.292947, 49.646751], [-110.292967, 49.646732], [-110.293, 49.646707], [-110.29301, 49.646701], [-110.29304, 49.646683], [-110.293088, 49.646617], [-110.293125, 49.646578], [-110.293148, 49.646554], [-110.293147, 49.646542], [-110.293166, 49.646513], [-110.293182, 49.646463], [-110.29319, 49.64645], [-110.293207, 49.646441], [-110.293217, 49.646429], [-110.293228, 49.646427], [-110.293246, 49.646392], [-110.293289, 49.646364], [-110.293326, 49.646282], [-110.293336, 49.646245], [-110.293355, 49.646219], [-110.293365, 49.6462], [-110.293364, 49.646173], [-110.293382, 49.646144], [-110.293439, 49.646065], [-110.293465, 49.646039], [-110.293504, 49.646011], [-110.293556, 49.645956], [-110.293602, 49.645934], [-110.293611, 49.645925], [-110.293623, 49.645901], [-110.293675, 49.645882], [-110.293709, 49.645861], [-110.293748, 49.645827], [-110.293766, 49.645799], [-110.293772, 49.645775], [-110.293795, 49.645744], [-110.293824, 49.645711], [-110.293857, 49.645647], [-110.293886, 49.645616], [-110.293915, 49.645563], [-110.293935, 49.64554], [-110.293948, 49.645529], [-110.293972, 49.645502], [-110.293991, 49.645482], [-110.294002, 49.645464], [-110.293998, 49.645448], [-110.293996, 49.645426], [-110.29402, 49.645394], [-110.294038, 49.64537], [-110.294051, 49.645354], [-110.29405, 49.645292], [-110.294059, 49.645261], [-110.29406, 49.645248], [-110.29408, 49.645199], [-110.294092, 49.645194], [-110.294086, 49.645162], [-110.294087, 49.645143], [-110.294095, 49.645096], [-110.294109, 49.645055], [-110.294116, 49.645038], [-110.294127, 49.645035], [-110.294134, 49.645022], [-110.294139, 49.645005], [-110.294133, 49.644988], [-110.294148, 49.644957], [-110.294156, 49.644948], [-110.294152, 49.644913], [-110.294159, 49.644901], [-110.294158, 49.644878], [-110.294171, 49.64487], [-110.294231, 49.6448], [-110.294238, 49.644761], [-110.29424, 49.644745], [-110.294237, 49.644736], [-110.294258, 49.644707], [-110.294286, 49.644661], [-110.294305, 49.644636], [-110.294307, 49.644613], [-110.294345, 49.644594], [-110.294355, 49.64459], [-110.294351, 49.644531], [-110.294361, 49.644476], [-110.294384, 49.64445], [-110.294393, 49.644439], [-110.29441, 49.64441], [-110.294412, 49.644399], [-110.294446, 49.644367], [-110.294463, 49.644331], [-110.29448, 49.644314], [-110.294492, 49.644279], [-110.294513, 49.644253], [-110.294557, 49.644222], [-110.29457, 49.644207], [-110.294602, 49.644181], [-110.294612, 49.644172], [-110.294624, 49.644155], [-110.294627, 49.644129], [-110.29464, 49.644107], [-110.294654, 49.644072], [-110.294662, 49.644057], [-110.294708, 49.644034], [-110.294724, 49.644026], [-110.294735, 49.644026], [-110.294745, 49.64401], [-110.294767, 49.643989], [-110.294784, 49.643965], [-110.294798, 49.643944], [-110.294812, 49.643925], [-110.294825, 49.643917], [-110.294825, 49.643906], [-110.294846, 49.643884], [-110.294873, 49.643864], [-110.294888, 49.643856], [-110.294908, 49.643835], [-110.294934, 49.643813], [-110.294946, 49.64378], [-110.294944, 49.643771], [-110.294961, 49.643752], [-110.294961, 49.643732], [-110.294992, 49.64372], [-110.295015, 49.643699], [-110.295055, 49.64365], [-110.295057, 49.643626], [-110.295069, 49.643596], [-110.295103, 49.643566], [-110.295109, 49.643554], [-110.295135, 49.643538], [-110.295159, 49.643523], [-110.295176, 49.643505], [-110.295205, 49.643476], [-110.295211, 49.643458], [-110.295226, 49.643443], [-110.295249, 49.643401], [-110.295261, 49.643386], [-110.295281, 49.643369], [-110.29529, 49.643337], [-110.295287, 49.643323], [-110.295287, 49.643305], [-110.295286, 49.64329], [-110.295306, 49.643267], [-110.295315, 49.643241], [-110.29533, 49.64321], [-110.295337, 49.643186], [-110.295363, 49.643169], [-110.295392, 49.643142], [-110.295392, 49.643134], [-110.295472, 49.64311], [-110.295544, 49.64308], [-110.295567, 49.643068], [-110.295613, 49.643048], [-110.295638, 49.643044], [-110.295671, 49.643032], [-110.2957, 49.643025], [-110.29572, 49.643015], [-110.295744, 49.643008], [-110.295782, 49.642983], [-110.295847, 49.642953], [-110.295883, 49.642934], [-110.295906, 49.642918], [-110.295964, 49.642891], [-110.29604, 49.642871], [-110.296211, 49.642875], [-110.29629, 49.642852], [-110.296318, 49.642829], [-110.29634, 49.642822], [-110.296372, 49.642792], [-110.296329, 49.642776], [-110.296301, 49.642756], [-110.296276, 49.642724], [-110.296232, 49.642705], [-110.296228, 49.642693], [-110.296151, 49.642622], [-110.296146, 49.642609], [-110.296098, 49.642579], [-110.296077, 49.642571], [-110.29606, 49.642559], [-110.296033, 49.642532], [-110.295988, 49.642499], [-110.295961, 49.642493], [-110.295908, 49.642479], [-110.295853, 49.642437], [-110.2958, 49.642413], [-110.295696, 49.642382], [-110.295663, 49.642346], [-110.295577, 49.642313], [-110.295512, 49.642289], [-110.295507, 49.64228], [-110.295493, 49.642274], [-110.29548, 49.642264], [-110.295452, 49.642222], [-110.295452, 49.642207], [-110.295427, 49.642159], [-110.29541, 49.642116], [-110.29538, 49.64204], [-110.295385, 49.642014], [-110.295391, 49.641981], [-110.295388, 49.64192], [-110.295376, 49.641866], [-110.295402, 49.641794], [-110.295394, 49.641746], [-110.295397, 49.641718], [-110.295413, 49.641637], [-110.295409, 49.641587], [-110.295436, 49.641548], [-110.295468, 49.641501], [-110.295484, 49.641457], [-110.295501, 49.641407], [-110.295529, 49.641349], [-110.295564, 49.64129], [-110.295614, 49.641209], [-110.295647, 49.641163], [-110.295698, 49.641111], [-110.2957, 49.641094], [-110.295734, 49.641004], [-110.295748, 49.640963], [-110.295757, 49.640926], [-110.295743, 49.640896], [-110.295735, 49.640857], [-110.295713, 49.640841], [-110.295718, 49.640756], [-110.295733, 49.640718], [-110.295725, 49.640646], [-110.295716, 49.640605], [-110.295711, 49.640584], [-110.295713, 49.640567], [-110.295721, 49.640521], [-110.295722, 49.640485], [-110.295702, 49.640445], [-110.295717, 49.6404], [-110.295735, 49.640355], [-110.295782, 49.640298], [-110.295825, 49.640251], [-110.295834, 49.640235], [-110.295859, 49.640212], [-110.295876, 49.640191], [-110.295918, 49.640164], [-110.295959, 49.640145], [-110.296022, 49.640138], [-110.296084, 49.640089], [-110.296146, 49.640088], [-110.296192, 49.640069], [-110.296227, 49.640023], [-110.296244, 49.640015], [-110.296289, 49.639958], [-110.296337, 49.639928], [-110.296381, 49.639898], [-110.296466, 49.639881], [-110.296513, 49.639855], [-110.296585, 49.639828], [-110.296643, 49.639798], [-110.296719, 49.639757], [-110.296738, 49.639734], [-110.296771, 49.639705], [-110.296842, 49.639676], [-110.296901, 49.639666], [-110.296965, 49.639638], [-110.297053, 49.639613], [-110.29708, 49.639602], [-110.29715, 49.639582], [-110.297214, 49.639563], [-110.297271, 49.639532], [-110.297309, 49.639524], [-110.29734, 49.639514], [-110.297392, 49.639462], [-110.297419, 49.639409], [-110.297437, 49.639345], [-110.297439, 49.63929], [-110.297479, 49.639273], [-110.297484, 49.639241], [-110.297473, 49.639201], [-110.297466, 49.63909], [-110.297461, 49.639022], [-110.297468, 49.638992], [-110.297463, 49.638956], [-110.297463, 49.638931], [-110.297502, 49.638841], [-110.297557, 49.638785], [-110.297575, 49.638714], [-110.297687, 49.638606], [-110.297732, 49.638567], [-110.297755, 49.638549], [-110.297803, 49.638504], [-110.297838, 49.63845], [-110.297864, 49.638408], [-110.297911, 49.638363], [-110.297935, 49.638334], [-110.297998, 49.638299], [-110.298065, 49.638246], [-110.298146, 49.638173], [-110.298198, 49.638131], [-110.298255, 49.63809], [-110.298291, 49.638055], [-110.298349, 49.63805], [-110.29842, 49.638031], [-110.298453, 49.637955], [-110.298457, 49.637905], [-110.298505, 49.637805], [-110.29857, 49.637785], [-110.298603, 49.637774], [-110.298561, 49.637718], [-110.298525, 49.637655], [-110.29848, 49.637604], [-110.298359, 49.637539], [-110.298308, 49.637438], [-110.298303, 49.637321], [-110.29829, 49.637274], [-110.298267, 49.637231], [-110.298281, 49.637163], [-110.29828, 49.637092], [-110.298301, 49.636969], [-110.298334, 49.636871], [-110.298364, 49.636818], [-110.298386, 49.636711], [-110.298467, 49.636634], [-110.298494, 49.636599], [-110.298554, 49.636555], [-110.298608, 49.636524], [-110.298655, 49.636474], [-110.298731, 49.636407], [-110.298799, 49.636345], [-110.298882, 49.636288], [-110.29896, 49.636235], [-110.299009, 49.6362], [-110.299043, 49.636157], [-110.299169, 49.636157], [-110.299332, 49.636094], [-110.299428, 49.636028], [-110.299568, 49.635993], [-110.29963, 49.635984], [-110.299722, 49.635969], [-110.299942, 49.635897], [-110.300099, 49.635878], [-110.300146, 49.635869], [-110.300202, 49.635832], [-110.300263, 49.63578], [-110.300292, 49.635747], [-110.300304, 49.635669], [-110.300326, 49.635573], [-110.300356, 49.635534], [-110.300377, 49.635402], [-110.30048, 49.635283], [-110.300808, 49.634908], [-110.300817, 49.63483], [-110.300849, 49.634757], [-110.300837, 49.634718], [-110.300889, 49.634615], [-110.300898, 49.634452], [-110.300828, 49.634275], [-110.300819, 49.634144], [-110.300788, 49.633901]]}, "bbox": [-110.300898, 49.633901, -110.289971, 49.654156]}, {"type": "Feature", "properties": {"area": "Cypress Hills / Elkwater", "difficulty": "easy", "highway": "path", "name": "Mitt Nibler", "osm_id": 1002679465, "stroke": "#22c55e"}, "geometry": {"type": "LineString", "coordinates": [[-110.268135, 49.651085], [-110.268026, 49.651051], [-110.267906, 49.650943], [-110.267886, 49.650905], [-110.267775, 49.650683], [-110.267768, 49.650478], [-110.267871, 49.650364], [-110.268002, 49.650138], [-110.268086, 49.650071], [-110.268133, 49.649985], [-110.268159, 49.64979], [-110.268215, 49.649593], [-110.268234, 49.649471], [-110.268234, 49.6493], [-110.268232, 49.649117], [-110.268223, 49.649028], [-110.268114, 49.648762], [-110.268094, 49.648719], [-110.268017, 49.648608], [-110.267987, 49.648508], [-110.267895, 49.648443], [-110.267824, 49.648436], [-110.26774, 49.648404], [-110.267676, 49.648371], [-110.267534, 49.648366], [-110.267376, 49.648348], [-110.267281, 49.648303], [-110.266992, 49.648321], [-110.266803, 49.648309], [-110.266659, 49.648291], [-110.26653, 49.648294], [-110.266436, 49.648351], [-110.266384, 49.648518], [-110.26638, 49.648586], [-110.266356, 49.648639], [-110.266348, 49.648714], [-110.266256, 49.648789], [-110.266234, 49.648819], [-110.265981, 49.64893], [-110.265859, 49.648947], [-110.265792, 49.648985], [-110.265668, 49.649004], [-110.265389, 49.648976], [-110.264996, 49.649006], [-110.264955, 49.649035], [-110.2649, 49.649119], [-110.264822, 49.649167], [-110.264706, 49.649211], [-110.264649, 49.649272], [-110.264633, 49.649289], [-110.264561, 49.649345], [-110.264468, 49.649386], [-110.264453, 49.649468], [-110.264483, 49.649507], [-110.264496, 49.649575], [-110.264455, 49.649606], [-110.264423, 49.649649], [-110.264453, 49.649704], [-110.264464, 49.649761], [-110.264391, 49.649848], [-110.264348, 49.649902], [-110.264292, 49.649931], [-110.264191, 49.650021], [-110.264144, 49.650106], [-110.264215, 49.650218], [-110.264269, 49.650403], [-110.264303, 49.650461], [-110.264312, 49.650663], [-110.26432, 49.650713], [-110.264355, 49.650749], [-110.264282, 49.650797], [-110.264215, 49.650878], [-110.264189, 49.651018], [-110.264166, 49.651091], [-110.264136, 49.651211], [-110.264097, 49.651223], [-110.264046, 49.651226], [-110.264011, 49.65119], [-110.264009, 49.651141], [-110.264037, 49.6511], [-110.264048, 49.651011], [-110.264013, 49.650926], [-110.263979, 49.650873], [-110.263885, 49.650818], [-110.263825, 49.650797], [-110.263801, 49.650748], [-110.263786, 49.650585], [-110.263717, 49.650544], [-110.263666, 49.650497], [-110.263556, 49.650451], [-110.263501, 49.650411], [-110.263438, 49.650411], [-110.263387, 49.650389], [-110.263352, 49.65035], [-110.26328, 49.650301], [-110.263297, 49.65038], [-110.263327, 49.650424], [-110.263462, 49.650462], [-110.263511, 49.650507], [-110.263546, 49.650708], [-110.263498, 49.650771], [-110.263393, 49.650818], [-110.263314, 49.650821], [-110.263224, 49.650938], [-110.263185, 49.651042], [-110.263024, 49.651111], [-110.26276, 49.651107], [-110.262523, 49.651198], [-110.262422, 49.651202], [-110.262339, 49.651225], [-110.262309, 49.651232], [-110.262289, 49.651273], [-110.262371, 49.651303], [-110.262478, 49.651314], [-110.262558, 49.651364], [-110.262575, 49.651414], [-110.262611, 49.651475], [-110.262661, 49.65158], [-110.262598, 49.651712], [-110.262585, 49.651791], [-110.262594, 49.651932], [-110.26257, 49.651997], [-110.262538, 49.652022], [-110.262551, 49.652106], [-110.262502, 49.652131], [-110.262274, 49.652174], [-110.262197, 49.652341], [-110.262173, 49.652366], [-110.26201, 49.652412], [-110.261907, 49.652452], [-110.261813, 49.652495], [-110.261701, 49.652526], [-110.261665, 49.652559], [-110.261671, 49.65262], [-110.261622, 49.652666], [-110.261498, 49.652642], [-110.261435, 49.652639], [-110.261407, 49.652645], [-110.261399, 49.65272], [-110.261309, 49.65272], [-110.261191, 49.652702], [-110.261161, 49.652723], [-110.261128, 49.652788], [-110.261133, 49.652894], [-110.261158, 49.652912], [-110.261021, 49.652956], [-110.261075, 49.652995], [-110.261141, 49.652994], [-110.261244, 49.652963], [-110.261444, 49.652934], [-110.261626, 49.652935], [-110.261517, 49.653006], [-110.261476, 49.653044], [-110.261422, 49.65306], [-110.261143, 49.653083], [-110.261079, 49.653124], [-110.26106, 49.653233], [-110.260993, 49.653285], [-110.260912, 49.653318], [-110.260828, 49.653322], [-110.260725, 49.653371], [-110.260637, 49.653382], [-110.260616, 49.653412]]}, "bbox": [-110.268234, 49.648291, -110.260616, 49.653412]}, {"type": "Feature", "properties": {"area": "Redcliff", "difficulty": "advanced", "highway": "path", "name": "Moose Knuckle", "osm_id": 510557773, "stroke": "#0a0a0a"}, "geometry": {"type": "LineString", "coordinates": [[-110.796724, 50.059456], [-110.796704, 50.059506], [-110.796533, 50.059833], [-110.796523, 50.0599], [-110.796561, 50.059956], [-110.796664, 50.059989], [-110.796747, 50.06], [-110.796871, 50.059883], [-110.796962, 50.05995], [-110.797037, 50.059986], [-110.797103, 50.060091], [-110.797073, 50.060202], [-110.797004, 50.060298], [-110.796934, 50.060367], [-110.796939, 50.060416], [-110.797016, 50.060435], [-110.797114, 50.060401], [-110.797187, 50.06034], [-110.797442, 50.060149], [-110.797557, 50.060084], [-110.797652, 50.06001], [-110.79781, 50.059753], [-110.797926, 50.059647], [-110.798056, 50.059604]]}, "bbox": [-110.798056, 50.059456, -110.796523, 50.060435]}, {"type": "Feature", "properties": {"area": "Medicine Hat", "difficulty": "easy", "fill": "#009e0b", "highway": "path", "name": "Mr Burnside", "osm_id": [739509123, 976230273], "stroke": "#22c55e"}, "geometry": {"type": "MultiLineString", "coordinates": [[[-110.747675, 50.050482], [-110.747641, 50.050497], [-110.747618, 50.050514], [-110.747601, 50.050536], [-110.747591, 50.050561], [-110.747589, 50.050587], [-110.747592, 50.050609], [-110.747624, 50.050671], [-110.747646, 50.050692], [-110.747675, 50.050707], [-110.747704, 50.050719], [-110.747726, 50.050728], [-110.747739, 50.050736], [-110.747749, 50.050749], [-110.747763, 50.050766], [-110.747779, 50.050777], [-110.747803, 50.050787], [-110.747867, 50.050818], [-110.747893, 50.050834], [-110.747912, 50.050855], [-110.747942, 50.050889], [-110.74797, 50.050911], [-110.748002, 50.05093], [-110.748033, 50.050945], [-110.748065, 50.050958], [-110.748089, 50.050976], [-110.74812, 50.051], [-110.748149, 50.051026], [-110.748173, 50.051042], [-110.748209, 50.051063], [-110.748257, 50.051093], [-110.74828, 50.05111], [-110.748338, 50.051142], [-110.748371, 50.051155], [-110.748413, 50.051168], [-110.748443, 50.051179], [-110.748468, 50.051192], [-110.748497, 50.051214], [-110.748533, 50.051245], [-110.748576, 50.051289], [-110.748589, 50.051305], [-110.748599, 50.051332], [-110.748614, 50.051347], [-110.748638, 50.05137], [-110.748672, 50.051386], [-110.748746, 50.05141], [-110.748774, 50.051419], [-110.748828, 50.051435], [-110.74886, 50.051446], [-110.748879, 50.051457], [-110.748891, 50.051469], [-110.74891, 50.051492], [-110.748943, 50.051514], [-110.748963, 50.051532], [-110.74898, 50.051556], [-110.748979, 50.051575], [-110.748974, 50.051603], [-110.748975, 50.051614], [-110.748979, 50.051627], [-110.74898, 50.051639], [-110.748968, 50.051649], [-110.748944, 50.051661], [-110.748906, 50.051677], [-110.748883, 50.051685], [-110.748846, 50.051687], [-110.748817, 50.051681], [-110.748783, 50.051674], [-110.748753, 50.051675], [-110.748719, 50.051679], [-110.748686, 50.051689], [-110.748661, 50.051702], [-110.748626, 50.051724], [-110.748605, 50.051747], [-110.748593, 50.051766], [-110.748583, 50.051789], [-110.748582, 50.051814], [-110.748584, 50.051834], [-110.748589, 50.051851], [-110.748587, 50.051873], [-110.748573, 50.051904], [-110.748556, 50.051938], [-110.748551, 50.051959], [-110.748551, 50.051993], [-110.748547, 50.052022], [-110.748552, 50.052044], [-110.748551, 50.052065], [-110.74854, 50.052096], [-110.748524, 50.052123], [-110.748504, 50.052144], [-110.748474, 50.05216], [-110.748444, 50.052167], [-110.748407, 50.052171], [-110.748383, 50.052176], [-110.748362, 50.052192], [-110.74833, 50.052209], [-110.748299, 50.052222], [-110.748274, 50.052237], [-110.748245, 50.052257], [-110.74822, 50.05227], [-110.748194, 50.052277], [-110.748177, 50.052279], [-110.748158, 50.052276], [-110.748141, 50.05227], [-110.748131, 50.052261], [-110.74812, 50.052248], [-110.748112, 50.052236], [-110.748111, 50.052216], [-110.74812, 50.052184], [-110.748126, 50.052166], [-110.748136, 50.052135], [-110.748135, 50.052123], [-110.748133, 50.052109], [-110.748129, 50.05209], [-110.748125, 50.052077], [-110.748119, 50.05206], [-110.74811, 50.052022], [-110.748112, 50.052011], [-110.748119, 50.051975], [-110.748135, 50.05194], [-110.748136, 50.0519], [-110.748134, 50.05189], [-110.74811, 50.051863], [-110.748099, 50.051847], [-110.748093, 50.051833], [-110.748086, 50.051812], [-110.748086, 50.051778], [-110.74808, 50.05175], [-110.748069, 50.051734], [-110.748038, 50.051699], [-110.74802, 50.051665], [-110.74801, 50.051636], [-110.747987, 50.05161], [-110.747951, 50.051593], [-110.747921, 50.051583], [-110.747886, 50.051581], [-110.747844, 50.05158], [-110.747807, 50.051577], [-110.747777, 50.05157], [-110.747749, 50.051561], [-110.747729, 50.051561], [-110.747699, 50.051567], [-110.747672, 50.051567], [-110.747642, 50.051562], [-110.747619, 50.051559], [-110.747595, 50.051562], [-110.747573, 50.051572], [-110.747556, 50.051585], [-110.747525, 50.051594], [-110.747499, 50.051597], [-110.747479, 50.051601], [-110.747454, 50.051613], [-110.747431, 50.051621], [-110.747393, 50.051622], [-110.747357, 50.051622], [-110.747273, 50.051624], [-110.747201, 50.051624], [-110.747165, 50.051626], [-110.747135, 50.051622], [-110.747107, 50.051613], [-110.747083, 50.051608], [-110.747061, 50.05161], [-110.747036, 50.051618], [-110.747018, 50.051627], [-110.747006, 50.05164], [-110.746994, 50.05166], [-110.746977, 50.051688], [-110.746966, 50.051713], [-110.746965, 50.051737], [-110.746975, 50.05176], [-110.746988, 50.05178], [-110.747004, 50.0518], [-110.747007, 50.051815], [-110.747001, 50.051829], [-110.746988, 50.051845], [-110.746965, 50.051858], [-110.746939, 50.051867], [-110.746915, 50.05187], [-110.746903, 50.051875], [-110.746887, 50.051887], [-110.746864, 50.051901], [-110.746845, 50.051911], [-110.746813, 50.051917], [-110.746778, 50.051922], [-110.746742, 50.051925], [-110.746712, 50.051928], [-110.746683, 50.051929], [-110.746658, 50.051926], [-110.74664, 50.051921], [-110.746627, 50.051915], [-110.746617, 50.051907], [-110.746607, 50.051895], [-110.746601, 50.05188], [-110.746596, 50.051864], [-110.746586, 50.051855], [-110.746564, 50.051843], [-110.746553, 50.051834], [-110.746538, 50.05181], [-110.74653, 50.051799], [-110.746521, 50.051791], [-110.746509, 50.051785], [-110.74649, 50.051775], [-110.746479, 50.051766], [-110.746471, 50.051757], [-110.746463, 50.051743], [-110.746448, 50.051724], [-110.746438, 50.051715], [-110.746417, 50.051702], [-110.746372, 50.051685], [-110.746335, 50.051669], [-110.746304, 50.051656], [-110.74628, 50.051641], [-110.746247, 50.051619], [-110.746211, 50.051599], [-110.746187, 50.051582], [-110.746168, 50.051558], [-110.74615, 50.051539], [-110.746118, 50.051523], [-110.746085, 50.051501], [-110.74607, 50.051483], [-110.746065, 50.051462], [-110.746071, 50.051445], [-110.746084, 50.051415], [-110.746081, 50.051369], [-110.746085, 50.051356], [-110.74611, 50.051317], [-110.746114, 50.051303], [-110.746115, 50.051285], [-110.746119, 50.051235], [-110.746126, 50.05122], [-110.746126, 50.051187], [-110.746128, 50.051174], [-110.746131, 50.051161], [-110.746128, 50.051149], [-110.746118, 50.051135], [-110.746106, 50.051122], [-110.746081, 50.05111], [-110.746053, 50.051099], [-110.746032, 50.051087], [-110.746012, 50.051074], [-110.745992, 50.051068], [-110.745968, 50.05107], [-110.745941, 50.051077], [-110.745908, 50.051088], [-110.745871, 50.0511], [-110.74584, 50.051103], [-110.74582, 50.051109], [-110.745799, 50.05112], [-110.745773, 50.051136], [-110.74574, 50.051158], [-110.745713, 50.051173], [-110.745696, 50.05118], [-110.745673, 50.051187], [-110.745653, 50.051195], [-110.745633, 50.051207], [-110.745598, 50.051212], [-110.74557, 50.051223], [-110.745516, 50.051246], [-110.74548, 50.051251], [-110.745436, 50.051256], [-110.745396, 50.051262], [-110.745366, 50.051259], [-110.745333, 50.051253], [-110.745307, 50.051242], [-110.745277, 50.051233], [-110.745247, 50.051228], [-110.745204, 50.051228], [-110.745157, 50.051232], [-110.745125, 50.051238], [-110.745064, 50.051254], [-110.745044, 50.051266], [-110.745016, 50.051293], [-110.745002, 50.051311], [-110.745, 50.051332], [-110.745004, 50.051343], [-110.745019, 50.051362], [-110.745021, 50.051375], [-110.745012, 50.051399], [-110.745002, 50.051412], [-110.744977, 50.051426], [-110.744959, 50.051448], [-110.744933, 50.051478], [-110.744897, 50.051508], [-110.744884, 50.051518], [-110.744871, 50.051535], [-110.744863, 50.051555], [-110.744839, 50.05158], [-110.744814, 50.051597], [-110.744784, 50.051622], [-110.744756, 50.051651], [-110.744715, 50.051679], [-110.744655, 50.051719], [-110.744596, 50.051765], [-110.744556, 50.051787], [-110.74453, 50.051804], [-110.74452, 50.051827], [-110.74452, 50.051849], [-110.744528, 50.051872], [-110.744545, 50.05189], [-110.744565, 50.051899], [-110.744588, 50.051905], [-110.744615, 50.051907], [-110.744644, 50.051905], [-110.744668, 50.051904], [-110.744689, 50.051905], [-110.744712, 50.051912], [-110.744731, 50.05192], [-110.744757, 50.051922], [-110.744787, 50.051919], [-110.744806, 50.051918], [-110.744825, 50.051919], [-110.74484, 50.051923], [-110.74486, 50.051931], [-110.744884, 50.051937], [-110.744904, 50.051941], [-110.744942, 50.051951], [-110.744971, 50.051964], [-110.744999, 50.051973], [-110.745027, 50.051984], [-110.745051, 50.051997], [-110.745065, 50.052007], [-110.745087, 50.052009], [-110.745109, 50.052012], [-110.745134, 50.052016], [-110.745148, 50.052025], [-110.745158, 50.052035], [-110.745172, 50.052049], [-110.745174, 50.052065], [-110.745172, 50.05208], [-110.745164, 50.052091], [-110.745146, 50.052105], [-110.745134, 50.05212], [-110.745126, 50.052136], [-110.745123, 50.052155], [-110.745127, 50.052171], [-110.745134, 50.052188], [-110.745134, 50.052204], [-110.745129, 50.052222], [-110.745114, 50.052237], [-110.745093, 50.052248], [-110.745067, 50.052256], [-110.74504, 50.052262], [-110.745024, 50.052274], [-110.745024, 50.05229], [-110.74504, 50.052329], [-110.745059, 50.052347], [-110.745083, 50.052357], [-110.745109, 50.052369], [-110.745134, 50.052381], [-110.745159, 50.052407], [-110.745174, 50.052416], [-110.745218, 50.05244], [-110.745237, 50.052453], [-110.745251, 50.052466], [-110.745261, 50.052482], [-110.745282, 50.052493], [-110.745317, 50.052504], [-110.745353, 50.052517], [-110.745366, 50.052531], [-110.745429, 50.052587], [-110.74544, 50.052606], [-110.745474, 50.052627], [-110.745548, 50.052678], [-110.7456, 50.052723], [-110.745633, 50.052752], [-110.745652, 50.052781], [-110.745688, 50.052804], [-110.745707, 50.052821], [-110.745725, 50.052848], [-110.745742, 50.052858], [-110.74577, 50.052882], [-110.745779, 50.0529], [-110.74579, 50.05293], [-110.745802, 50.052948], [-110.745836, 50.052976], [-110.745866, 50.053016], [-110.745874, 50.053061], [-110.745882, 50.053107], [-110.745904, 50.053148], [-110.745911, 50.053192], [-110.745944, 50.05323], [-110.745971, 50.053266], [-110.745988, 50.053292], [-110.745991, 50.053319], [-110.745985, 50.053352], [-110.745982, 50.053385], [-110.745964, 50.053406], [-110.745937, 50.053419], [-110.745906, 50.053427], [-110.74588, 50.053427], [-110.745817, 50.053423], [-110.745754, 50.05341], [-110.74572, 50.0534], [-110.74569, 50.053384], [-110.745675, 50.053371], [-110.745654, 50.053355], [-110.745641, 50.053344], [-110.745624, 50.053319], [-110.745607, 50.053292], [-110.745592, 50.053269], [-110.745574, 50.053255], [-110.745551, 50.05324], [-110.745532, 50.053225], [-110.745524, 50.053209], [-110.745508, 50.053192], [-110.745489, 50.053176], [-110.745443, 50.053144], [-110.745427, 50.053133], [-110.745403, 50.053111], [-110.745381, 50.053105], [-110.745344, 50.053093], [-110.745333, 50.053082], [-110.745321, 50.053062], [-110.745309, 50.053052], [-110.745287, 50.053037], [-110.745273, 50.053025], [-110.745265, 50.053006], [-110.745249, 50.052972], [-110.745229, 50.052958], [-110.745209, 50.052936], [-110.745187, 50.052896], [-110.745173, 50.052876], [-110.745148, 50.052858], [-110.745125, 50.052845], [-110.74511, 50.052828], [-110.745098, 50.052807], [-110.745076, 50.052791], [-110.745049, 50.052777], [-110.745004, 50.052745], [-110.744937, 50.052735], [-110.744887, 50.05272], [-110.744815, 50.052718], [-110.744771, 50.052711], [-110.744745, 50.052713], [-110.744716, 50.052723], [-110.744689, 50.052731], [-110.744654, 50.052733], [-110.744614, 50.05273], [-110.744586, 50.052722], [-110.744559, 50.052709], [-110.744533, 50.052694], [-110.744511, 50.052671], [-110.7445, 50.052652], [-110.744492, 50.052628], [-110.744484, 50.052612], [-110.744468, 50.052585], [-110.744456, 50.052571], [-110.744433, 50.052559], [-110.744411, 50.052545], [-110.744392, 50.052534], [-110.744344, 50.05252], [-110.744306, 50.052514], [-110.744289, 50.052506], [-110.744275, 50.052498], [-110.744244, 50.05249], [-110.744206, 50.052493], [-110.744174, 50.05249], [-110.744148, 50.052477], [-110.744127, 50.052461], [-110.744104, 50.052441], [-110.744075, 50.052425], [-110.744022, 50.05241], [-110.743981, 50.052397], [-110.743955, 50.05239], [-110.74392, 50.052397], [-110.743832, 50.052422], [-110.743801, 50.052424], [-110.743769, 50.05243], [-110.743718, 50.052446], [-110.743689, 50.05245], [-110.743652, 50.052447], [-110.743614, 50.052443], [-110.743566, 50.052449], [-110.74352, 50.052466], [-110.743486, 50.052484], [-110.743463, 50.052493], [-110.743426, 50.052492], [-110.743374, 50.052481], [-110.743324, 50.05247], [-110.743302, 50.052458], [-110.743285, 50.052446], [-110.743267, 50.052431], [-110.743238, 50.052414], [-110.743227, 50.052402], [-110.743223, 50.052384], [-110.74321, 50.052371], [-110.74317, 50.052342], [-110.74316, 50.052328], [-110.74315, 50.052305], [-110.743135, 50.052291], [-110.743025, 50.052242], [-110.742993, 50.052224], [-110.742981, 50.052217], [-110.742958, 50.052202], [-110.742923, 50.05219], [-110.742857, 50.052176], [-110.742829, 50.052168], [-110.742803, 50.052164], [-110.742779, 50.052168], [-110.742758, 50.052173], [-110.742735, 50.052174], [-110.74271, 50.052169], [-110.742694, 50.052164], [-110.742668, 50.052147], [-110.742618, 50.05212], [-110.742595, 50.052096], [-110.742582, 50.05207], [-110.742568, 50.052054], [-110.742538, 50.052031], [-110.742525, 50.052013], [-110.742501, 50.051982], [-110.74248, 50.051962], [-110.742456, 50.051949], [-110.742419, 50.051937], [-110.742398, 50.051922], [-110.742367, 50.051908], [-110.74233, 50.051905], [-110.742298, 50.051908], [-110.742242, 50.051903], [-110.742211, 50.051912], [-110.742183, 50.051924], [-110.742157, 50.051942], [-110.742137, 50.051953], [-110.742123, 50.051961], [-110.742098, 50.051987], [-110.742082, 50.051997], [-110.742048, 50.05201], [-110.742016, 50.052031], [-110.742001, 50.052047], [-110.741984, 50.052071], [-110.741963, 50.052092], [-110.741921, 50.052123], [-110.741912, 50.052137], [-110.741891, 50.052198], [-110.741882, 50.052216], [-110.741881, 50.052236], [-110.741898, 50.052254], [-110.741899, 50.052266], [-110.741858, 50.052345], [-110.741802, 50.052373], [-110.741796, 50.052381], [-110.741787, 50.052402], [-110.741779, 50.05242], [-110.741758, 50.052431], [-110.741717, 50.052439], [-110.741689, 50.05244], [-110.741655, 50.052446], [-110.741622, 50.052448], [-110.74158, 50.052437], [-110.741527, 50.052433], [-110.741462, 50.052419], [-110.741432, 50.052403], [-110.741402, 50.052392], [-110.741329, 50.052376], [-110.741294, 50.052357], [-110.741251, 50.052353], [-110.741197, 50.05236], [-110.741143, 50.052353], [-110.741071, 50.052371], [-110.741022, 50.052373], [-110.740964, 50.052388], [-110.740856, 50.052399], [-110.740813, 50.052396], [-110.74075, 50.052381], [-110.740691, 50.052364], [-110.740609, 50.052363], [-110.740561, 50.052357], [-110.740502, 50.052361], [-110.740455, 50.052357], [-110.740415, 50.052345], [-110.740363, 50.052334], [-110.740304, 50.05234], [-110.740262, 50.052351], [-110.740212, 50.052379], [-110.740168, 50.052397], [-110.740132, 50.05243], [-110.740103, 50.052446], [-110.740044, 50.05246], [-110.740009, 50.052481], [-110.739948, 50.052501], [-110.739923, 50.052519], [-110.739898, 50.052553], [-110.739879, 50.052567], [-110.739841, 50.052581], [-110.739785, 50.052601], [-110.739705, 50.052623], [-110.739632, 50.052669], [-110.739592, 50.052688], [-110.739561, 50.052712], [-110.739519, 50.052729], [-110.739468, 50.052738], [-110.739433, 50.052746], [-110.739406, 50.05277], [-110.739388, 50.052799], [-110.739378, 50.052832], [-110.739362, 50.052856], [-110.739327, 50.052886], [-110.739316, 50.052904], [-110.739283, 50.052934], [-110.739257, 50.052948], [-110.739219, 50.052953], [-110.739187, 50.052956], [-110.739154, 50.052964], [-110.739119, 50.052977], [-110.739069, 50.05299], [-110.739037, 50.05299], [-110.739006, 50.052982], [-110.738976, 50.052971], [-110.738924, 50.05296], [-110.738879, 50.052944], [-110.738852, 50.052922], [-110.738829, 50.052901], [-110.738804, 50.052893], [-110.738751, 50.052886], [-110.738713, 50.052874], [-110.738678, 50.052854], [-110.738646, 50.052847], [-110.738616, 50.05284], [-110.738553, 50.052809], [-110.738527, 50.052802], [-110.7385, 50.052796], [-110.738481, 50.052782], [-110.738463, 50.05276], [-110.738437, 50.05275], [-110.738417, 50.052739], [-110.738403, 50.052723], [-110.738387, 50.052694], [-110.738372, 50.052673], [-110.738346, 50.052655], [-110.738309, 50.052642], [-110.738235, 50.052594], [-110.738196, 50.052581], [-110.738123, 50.05256], [-110.738071, 50.052527], [-110.737991, 50.052511], [-110.737942, 50.052493], [-110.737887, 50.052455], [-110.73783, 50.052422], [-110.737777, 50.052403], [-110.737753, 50.052367], [-110.737722, 50.052355], [-110.737696, 50.052339], [-110.737666, 50.052312], [-110.737639, 50.052232], [-110.73763, 50.052216], [-110.737582, 50.052194], [-110.737545, 50.052174], [-110.737516, 50.05217], [-110.737472, 50.052177], [-110.737425, 50.052191], [-110.737368, 50.052223], [-110.737336, 50.052259], [-110.737291, 50.052282], [-110.737276, 50.052308], [-110.737251, 50.05233], [-110.737217, 50.052345], [-110.737186, 50.052346], [-110.737145, 50.052358], [-110.737083, 50.052366], [-110.737037, 50.052364], [-110.736989, 50.052373], [-110.736917, 50.052404], [-110.736864, 50.052422], [-110.736836, 50.052444], [-110.736817, 50.052466], [-110.736801, 50.052475], [-110.736775, 50.052477], [-110.736731, 50.052461], [-110.736687, 50.052433], [-110.736665, 50.052414], [-110.736639, 50.052406], [-110.736602, 50.052405], [-110.736562, 50.052406], [-110.736527, 50.052401], [-110.736469, 50.052392], [-110.73639, 50.052392], [-110.73634, 50.052381], [-110.736281, 50.052381], [-110.736255, 50.052375], [-110.736223, 50.052355], [-110.736194, 50.052349], [-110.736095, 50.052339], [-110.73601, 50.052322], [-110.735955, 50.052293], [-110.7359, 50.052285], [-110.735853, 50.05227], [-110.735811, 50.052248], [-110.735783, 50.052228], [-110.735762, 50.052191], [-110.735758, 50.052145], [-110.735733, 50.052103], [-110.735732, 50.052075], [-110.73575, 50.052018], [-110.735748, 50.052003], [-110.73573, 50.051972], [-110.735725, 50.051952], [-110.735722, 50.051914], [-110.735714, 50.051898], [-110.735678, 50.051866], [-110.735656, 50.051852], [-110.735629, 50.051826], [-110.73561, 50.051811], [-110.735582, 50.051803], [-110.73555, 50.0518], [-110.735507, 50.051801], [-110.735477, 50.051804], [-110.735411, 50.051803], [-110.735348, 50.051792], [-110.735261, 50.0518], [-110.735195, 50.0518], [-110.735154, 50.05179], [-110.73512, 50.051777], [-110.735082, 50.051768], [-110.735052, 50.051768], [-110.735016, 50.051774], [-110.734988, 50.051783], [-110.734953, 50.051786], [-110.734921, 50.051779], [-110.734884, 50.051768], [-110.734857, 50.051755], [-110.734832, 50.051732], [-110.734806, 50.051701], [-110.73479, 50.051667], [-110.734759, 50.051573], [-110.734749, 50.051547], [-110.734732, 50.051502], [-110.734724, 50.051475], [-110.734721, 50.051446], [-110.734725, 50.051423], [-110.734741, 50.051399], [-110.734759, 50.051365], [-110.734763, 50.051334], [-110.734759, 50.051312], [-110.734738, 50.051289], [-110.734704, 50.051264], [-110.734658, 50.051248], [-110.73461, 50.051238], [-110.734568, 50.051237], [-110.734528, 50.05123], [-110.7345, 50.051222], [-110.73445, 50.051196], [-110.73442, 50.051171], [-110.734394, 50.051144], [-110.734391, 50.051121], [-110.734395, 50.051094], [-110.734402, 50.051062], [-110.734397, 50.051038], [-110.734389, 50.051015], [-110.734387, 50.050989], [-110.734374, 50.05096], [-110.734344, 50.050931], [-110.734289, 50.0509], [-110.734214, 50.050877], [-110.734165, 50.050867], [-110.734111, 50.050872], [-110.733924, 50.050927], [-110.733888, 50.050932], [-110.733851, 50.050931], [-110.733825, 50.050924], [-110.733798, 50.050912], [-110.733784, 50.050896], [-110.73378, 50.05088], [-110.733784, 50.050861], [-110.7338, 50.050848], [-110.733826, 50.050837], [-110.733856, 50.050824], [-110.733887, 50.050816], [-110.733941, 50.050809], [-110.734018, 50.0508], [-110.734071, 50.050792], [-110.734112, 50.050781], [-110.734164, 50.05076], [-110.734191, 50.05074], [-110.734206, 50.050714], [-110.734203, 50.050684], [-110.73419, 50.050659], [-110.734159, 50.050636], [-110.734117, 50.050622], [-110.734057, 50.050624], [-110.733993, 50.05064], [-110.733859, 50.050671], [-110.73376, 50.05069], [-110.733657, 50.050703], [-110.733497, 50.050755], [-110.733467, 50.050772], [-110.733445, 50.050794], [-110.733406, 50.050843], [-110.733382, 50.050867], [-110.733345, 50.050882], [-110.733306, 50.050887], [-110.733266, 50.05088], [-110.733231, 50.050864], [-110.733209, 50.050843], [-110.733195, 50.050807], [-110.733177, 50.050778], [-110.733153, 50.050748], [-110.733149, 50.050728], [-110.733157, 50.050703], [-110.733161, 50.050675], [-110.733151, 50.050648], [-110.733126, 50.050622], [-110.733085, 50.050603], [-110.733034, 50.050569], [-110.732981, 50.050515], [-110.73293, 50.05049], [-110.732861, 50.050479], [-110.732795, 50.050485], [-110.732711, 50.0505], [-110.732625, 50.050511], [-110.732577, 50.050522], [-110.732506, 50.050556], [-110.73246, 50.050579], [-110.732381, 50.050625], [-110.732325, 50.050669], [-110.73229, 50.050703], [-110.732261, 50.050721], [-110.732172, 50.050744], [-110.732143, 50.050747], [-110.732109, 50.050744], [-110.732084, 50.050734], [-110.732064, 50.050719], [-110.732044, 50.050702], [-110.732031, 50.050679], [-110.732028, 50.050662], [-110.732033, 50.050647], [-110.732041, 50.050628], [-110.732066, 50.050601], [-110.7321, 50.05057], [-110.732108, 50.05055], [-110.732138, 50.050451], [-110.732184, 50.050392], [-110.732189, 50.050364], [-110.73218, 50.05029], [-110.732165, 50.050258], [-110.732131, 50.050235], [-110.732091, 50.050221], [-110.732033, 50.05021], [-110.731969, 50.050215], [-110.731908, 50.050228], [-110.731846, 50.050255], [-110.73173, 50.050323], [-110.731623, 50.050377], [-110.73153, 50.050416], [-110.731363, 50.050472], [-110.731278, 50.050489], [-110.731191, 50.050487], [-110.731105, 50.050472], [-110.731056, 50.050453], [-110.731012, 50.050422], [-110.730991, 50.050396], [-110.731003, 50.05035], [-110.731013, 50.050319], [-110.731026, 50.050278], [-110.731107, 50.050188], [-110.731165, 50.050131], [-110.731201, 50.050085], [-110.731239, 50.05006], [-110.731298, 50.050017], [-110.731327, 50.049966], [-110.731356, 50.049911], [-110.731379, 50.049872], [-110.731389, 50.049835], [-110.731419, 50.049778], [-110.731454, 50.049738], [-110.731492, 50.049708], [-110.731537, 50.04969], [-110.731572, 50.049679], [-110.731633, 50.049676], [-110.73171, 50.049658], [-110.731788, 50.049647], [-110.731888, 50.049617], [-110.731924, 50.049588], [-110.731956, 50.049561], [-110.731989, 50.049541], [-110.73202, 50.049533], [-110.732066, 50.049532], [-110.732106, 50.049521], [-110.732156, 50.04949], [-110.732204, 50.049459], [-110.732262, 50.049431], [-110.732319, 50.049407], [-110.732374, 50.049378], [-110.73242, 50.049362], [-110.732483, 50.049351], [-110.732545, 50.049343], [-110.732632, 50.049317], [-110.732686, 50.049302], [-110.732748, 50.049273], [-110.732816, 50.049244], [-110.732861, 50.049227], [-110.732928, 50.049209], [-110.732986, 50.0492], [-110.73306, 50.049188], [-110.733142, 50.049168], [-110.733196, 50.049146], [-110.733263, 50.04911], [-110.733324, 50.049073], [-110.733375, 50.049027], [-110.733399, 50.048984], [-110.733409, 50.048956], [-110.733408, 50.048917], [-110.733402, 50.048887], [-110.733382, 50.04887], [-110.733347, 50.048859], [-110.733293, 50.048861], [-110.733221, 50.048877], [-110.73306, 50.048902], [-110.733008, 50.048901], [-110.732893, 50.048889], [-110.732823, 50.048887], [-110.732791, 50.048893], [-110.732725, 50.048905], [-110.732621, 50.048911], [-110.732569, 50.048912], [-110.732526, 50.04892], [-110.73248, 50.048934], [-110.732398, 50.048945], [-110.732327, 50.048938], [-110.732258, 50.048929], [-110.732221, 50.04893], [-110.732157, 50.048939], [-110.732114, 50.048939], [-110.73205, 50.048929], [-110.731972, 50.048917], [-110.731932, 50.048903], [-110.731893, 50.04888], [-110.731877, 50.048853], [-110.731862, 50.048791], [-110.731868, 50.048744], [-110.731861, 50.048698], [-110.731848, 50.048664], [-110.731822, 50.04863], [-110.731786, 50.0486], [-110.731729, 50.048569], [-110.731663, 50.048551], [-110.731571, 50.048535], [-110.731465, 50.048523], [-110.73142, 50.048508], [-110.731377, 50.048481], [-110.731339, 50.048465], [-110.731293, 50.048454], [-110.731245, 50.048453], [-110.731193, 50.048459], [-110.731138, 50.048467], [-110.731041, 50.048481], [-110.730948, 50.048482], [-110.730911, 50.048472], [-110.730847, 50.048437], [-110.730786, 50.048386], [-110.730747, 50.048325], [-110.730738, 50.048304], [-110.730738, 50.048277], [-110.730753, 50.048245], [-110.730772, 50.048221], [-110.730804, 50.048187], [-110.730817, 50.048159], [-110.730822, 50.048136], [-110.730817, 50.04809], [-110.730807, 50.048064], [-110.730764, 50.048008], [-110.730742, 50.047989], [-110.730677, 50.047957], [-110.730625, 50.047931], [-110.730603, 50.047912], [-110.730564, 50.047896], [-110.730521, 50.047889], [-110.730451, 50.047889], [-110.730303, 50.04788], [-110.730182, 50.047878], [-110.730135, 50.04787], [-110.729992, 50.047828], [-110.729899, 50.047802], [-110.729843, 50.047794], [-110.729791, 50.047787], [-110.729763, 50.047771], [-110.729744, 50.047753], [-110.729744, 50.047736], [-110.729758, 50.047716], [-110.729788, 50.047689], [-110.729804, 50.047657], [-110.729827, 50.047622], [-110.729829, 50.047581], [-110.729861, 50.047537], [-110.729887, 50.04748], [-110.729898, 50.047426], [-110.729876, 50.047385], [-110.729823, 50.047348], [-110.729772, 50.047329], [-110.729742, 50.047311], [-110.729711, 50.047303], [-110.729693, 50.047288], [-110.729673, 50.047268], [-110.729642, 50.047245], [-110.729605, 50.047227], [-110.729556, 50.047217], [-110.729492, 50.047213], [-110.729404, 50.047224], [-110.729364, 50.047225], [-110.729328, 50.047215], [-110.72929, 50.047202], [-110.729245, 50.04719], [-110.729187, 50.047184], [-110.72913, 50.047188], [-110.729067, 50.047192], [-110.729025, 50.047184], [-110.728979, 50.047162], [-110.728937, 50.047143], [-110.728891, 50.047132], [-110.728817, 50.047099], [-110.728785, 50.047089], [-110.728724, 50.047087], [-110.728673, 50.047078], [-110.72861, 50.047056], [-110.728573, 50.047038], [-110.728535, 50.047011], [-110.728498, 50.046983], [-110.728479, 50.046952], [-110.728471, 50.046917], [-110.72849, 50.046884], [-110.728486, 50.046851], [-110.728463, 50.046815], [-110.728423, 50.046776], [-110.72833, 50.0467], [-110.728268, 50.046648], [-110.728218, 50.046582], [-110.728197, 50.046559], [-110.728166, 50.046543], [-110.728118, 50.046535], [-110.728067, 50.046537], [-110.727989, 50.046553], [-110.727922, 50.046561], [-110.727826, 50.046577], [-110.727712, 50.046575], [-110.727618, 50.046612], [-110.72752, 50.046639], [-110.72743, 50.046521]], [[-110.766243, 50.050015], [-110.766131, 50.050065], [-110.765879, 50.05008], [-110.765576, 50.050071], [-110.765435, 50.050053], [-110.765352, 50.050038], [-110.765246, 50.050029], [-110.765209, 50.050027], [-110.765173, 50.050021], [-110.765127, 50.050023], [-110.765098, 50.05003], [-110.765001, 50.050068], [-110.764967, 50.050079], [-110.76495, 50.050091], [-110.764932, 50.050108], [-110.764913, 50.050123], [-110.764873, 50.050136], [-110.76482, 50.050144], [-110.764746, 50.050149], [-110.76469, 50.05015], [-110.764645, 50.050145], [-110.764604, 50.050136], [-110.76456, 50.050119], [-110.764521, 50.050104], [-110.764475, 50.050091], [-110.764425, 50.050079], [-110.764381, 50.050074], [-110.764332, 50.050071], [-110.764269, 50.050074], [-110.764237, 50.050073], [-110.764215, 50.050069], [-110.764187, 50.050068], [-110.764147, 50.050075], [-110.764112, 50.05008], [-110.764084, 50.050078], [-110.764056, 50.050072], [-110.764035, 50.050056], [-110.764021, 50.050031], [-110.764002, 50.049991], [-110.763983, 50.049965], [-110.763948, 50.049927], [-110.763921, 50.049904], [-110.763878, 50.049875], [-110.763834, 50.049852], [-110.763809, 50.049838], [-110.763783, 50.049819], [-110.763759, 50.049798], [-110.763736, 50.049767], [-110.763711, 50.049736], [-110.763681, 50.049712], [-110.763656, 50.049697], [-110.76364, 50.049679], [-110.763637, 50.049658], [-110.763628, 50.049641], [-110.763607, 50.04963], [-110.763579, 50.04962], [-110.763556, 50.049615], [-110.763529, 50.049615], [-110.763487, 50.049607], [-110.763459, 50.049605], [-110.763405, 50.049604], [-110.763361, 50.049606], [-110.763331, 50.049609], [-110.763276, 50.049599], [-110.763248, 50.049594], [-110.763223, 50.049589], [-110.763208, 50.04958], [-110.7632, 50.049563], [-110.763195, 50.049544], [-110.763186, 50.049528], [-110.763168, 50.049511], [-110.76315, 50.049497], [-110.763136, 50.049484], [-110.763128, 50.049474], [-110.763125, 50.049461], [-110.763125, 50.049431], [-110.763121, 50.049416], [-110.763111, 50.049402], [-110.763094, 50.049392], [-110.763069, 50.049386], [-110.763035, 50.049382], [-110.763003, 50.049385], [-110.762969, 50.049394], [-110.762925, 50.0494], [-110.762889, 50.049404], [-110.762852, 50.049415], [-110.762817, 50.049429], [-110.762774, 50.049438], [-110.762742, 50.049445], [-110.762703, 50.049446], [-110.762681, 50.049445], [-110.762657, 50.049439], [-110.762638, 50.049429], [-110.762626, 50.049419], [-110.76262, 50.04941], [-110.762624, 50.049397], [-110.762626, 50.049381], [-110.762624, 50.049369], [-110.762616, 50.049355], [-110.762602, 50.049342], [-110.762587, 50.049331], [-110.762563, 50.049318], [-110.762527, 50.049305], [-110.762497, 50.049297], [-110.762466, 50.049294], [-110.762419, 50.049295], [-110.762371, 50.049299], [-110.762291, 50.049303], [-110.762237, 50.049308], [-110.762194, 50.049316], [-110.762102, 50.049337], [-110.762026, 50.049354], [-110.761969, 50.049369], [-110.761912, 50.049378], [-110.761879, 50.049377], [-110.761832, 50.049377], [-110.761795, 50.049379], [-110.761763, 50.04939], [-110.761704, 50.049418], [-110.761629, 50.049455], [-110.761553, 50.049493], [-110.761504, 50.049515], [-110.761475, 50.049523], [-110.761441, 50.049526], [-110.761412, 50.049533], [-110.761393, 50.049542], [-110.761374, 50.049556], [-110.761366, 50.049573], [-110.761357, 50.049583], [-110.761332, 50.049593], [-110.761298, 50.049609], [-110.761248, 50.049645], [-110.761218, 50.04967], [-110.761204, 50.049691], [-110.761197, 50.049708], [-110.761173, 50.049737], [-110.761154, 50.049768], [-110.76113, 50.049798], [-110.761109, 50.049819], [-110.761085, 50.049832], [-110.761055, 50.049841], [-110.761031, 50.049855], [-110.760995, 50.049888], [-110.760943, 50.049923], [-110.760914, 50.049949], [-110.760884, 50.04999], [-110.760856, 50.050018], [-110.760828, 50.050034], [-110.760804, 50.05004], [-110.760762, 50.05004], [-110.760728, 50.050034], [-110.7607, 50.050036], [-110.760678, 50.050031], [-110.760659, 50.05002], [-110.760643, 50.050005], [-110.760635, 50.04999], [-110.760628, 50.049962], [-110.760623, 50.049927], [-110.760615, 50.049889], [-110.760608, 50.049863], [-110.760592, 50.049838], [-110.760564, 50.049814], [-110.76054, 50.049798], [-110.760509, 50.049786], [-110.760474, 50.049777], [-110.760436, 50.049775], [-110.760395, 50.049776], [-110.76037, 50.049773], [-110.760348, 50.049766], [-110.760322, 50.049752], [-110.760297, 50.049735], [-110.760277, 50.049716], [-110.760249, 50.049701], [-110.760221, 50.04969], [-110.760187, 50.049681], [-110.760148, 50.049676], [-110.760111, 50.049675], [-110.760059, 50.04968], [-110.760008, 50.049692], [-110.759938, 50.049711], [-110.759902, 50.049723], [-110.759825, 50.04975], [-110.759779, 50.049771], [-110.759735, 50.049799], [-110.759701, 50.049834], [-110.759682, 50.049858], [-110.759662, 50.04988], [-110.759633, 50.049904], [-110.759616, 50.049918], [-110.759599, 50.049939], [-110.759576, 50.049963], [-110.759522, 50.049991], [-110.759494, 50.050014], [-110.759474, 50.050036], [-110.759458, 50.050057], [-110.759419, 50.05009], [-110.759405, 50.050107], [-110.759398, 50.050129], [-110.759396, 50.050159], [-110.759388, 50.050184], [-110.759371, 50.050211], [-110.759348, 50.050234], [-110.759321, 50.050252], [-110.759306, 50.05027], [-110.759292, 50.050295], [-110.759287, 50.05032], [-110.759281, 50.050339], [-110.759269, 50.050355], [-110.75925, 50.050364], [-110.759229, 50.050369], [-110.759205, 50.050364], [-110.759182, 50.050354], [-110.759143, 50.050329], [-110.759124, 50.05032], [-110.75909, 50.050308], [-110.759068, 50.050295], [-110.759054, 50.050286], [-110.759043, 50.050272], [-110.759026, 50.050255], [-110.759009, 50.050241], [-110.758978, 50.050227], [-110.758946, 50.050216], [-110.758922, 50.050209], [-110.758888, 50.050199], [-110.758857, 50.050193], [-110.758813, 50.05019], [-110.758777, 50.050192], [-110.758741, 50.050201], [-110.758709, 50.050211], [-110.758684, 50.050227], [-110.758661, 50.050245], [-110.758651, 50.050267], [-110.758646, 50.050292], [-110.75863, 50.050323], [-110.758616, 50.050353], [-110.7586, 50.05038], [-110.758574, 50.050404], [-110.758543, 50.05042], [-110.758508, 50.05043], [-110.758482, 50.05043], [-110.758465, 50.050424], [-110.758451, 50.050414], [-110.758443, 50.050401], [-110.758436, 50.050381], [-110.758429, 50.050363], [-110.75842, 50.050352], [-110.7584, 50.050338], [-110.758363, 50.05032], [-110.758318, 50.050302], [-110.758269, 50.050285], [-110.758234, 50.050281], [-110.758193, 50.050286], [-110.758137, 50.050296], [-110.758087, 50.050303], [-110.758031, 50.050307], [-110.757981, 50.050317], [-110.757923, 50.050327], [-110.757886, 50.05033], [-110.757853, 50.050326], [-110.757831, 50.050317], [-110.757808, 50.050307], [-110.757789, 50.050291], [-110.757781, 50.050275], [-110.757776, 50.050258], [-110.757768, 50.050243], [-110.757748, 50.050227], [-110.757716, 50.050216], [-110.757689, 50.050205], [-110.757658, 50.050195], [-110.757618, 50.050188], [-110.757587, 50.050184], [-110.757564, 50.050177], [-110.757537, 50.050167], [-110.757502, 50.050152], [-110.757463, 50.050134], [-110.7574, 50.050117], [-110.757359, 50.050107], [-110.757325, 50.050097], [-110.757298, 50.050088], [-110.757253, 50.050083], [-110.75718, 50.05008], [-110.757129, 50.050081], [-110.757064, 50.050091], [-110.757004, 50.050092], [-110.756941, 50.050095], [-110.756894, 50.050101], [-110.756849, 50.050104], [-110.756817, 50.050098], [-110.756772, 50.050087], [-110.756712, 50.050071], [-110.75668, 50.050062], [-110.756653, 50.050048], [-110.756626, 50.050032], [-110.756566, 50.050003], [-110.756528, 50.049986], [-110.756499, 50.04998], [-110.756469, 50.049979], [-110.756431, 50.049983], [-110.756371, 50.049991], [-110.756308, 50.049997], [-110.756255, 50.050004], [-110.75622, 50.050002], [-110.756185, 50.049996], [-110.756151, 50.049987], [-110.756124, 50.049975], [-110.756101, 50.049959], [-110.756088, 50.049942], [-110.756082, 50.04993], [-110.756085, 50.049915], [-110.756094, 50.0499], [-110.756112, 50.04988], [-110.75613, 50.049855], [-110.756145, 50.049821], [-110.756152, 50.049788], [-110.756149, 50.049756], [-110.756137, 50.049727], [-110.756114, 50.049702], [-110.756086, 50.04968], [-110.756055, 50.049665], [-110.756019, 50.049657], [-110.755977, 50.049655], [-110.755943, 50.049657], [-110.755906, 50.049671], [-110.755875, 50.049689], [-110.755843, 50.049705], [-110.755812, 50.049715], [-110.755737, 50.04973], [-110.755696, 50.049733], [-110.755668, 50.049732], [-110.755641, 50.049724], [-110.755619, 50.049714], [-110.755598, 50.049699], [-110.755576, 50.049671], [-110.755554, 50.049633], [-110.755529, 50.049594], [-110.755524, 50.049565], [-110.755513, 50.049546], [-110.755511, 50.04952], [-110.755514, 50.049493], [-110.755521, 50.049469], [-110.755532, 50.049441], [-110.755534, 50.049416], [-110.755529, 50.049392], [-110.75552, 50.049367], [-110.755506, 50.04935], [-110.755479, 50.049327], [-110.755442, 50.049303], [-110.755412, 50.049291], [-110.755388, 50.049288], [-110.755356, 50.04929], [-110.755322, 50.049297], [-110.755265, 50.049311], [-110.755213, 50.049321], [-110.755151, 50.049325], [-110.755115, 50.049323], [-110.755084, 50.049317], [-110.755067, 50.049309], [-110.75505, 50.049297], [-110.755043, 50.049287], [-110.75504, 50.049269], [-110.755033, 50.04925], [-110.755015, 50.049232], [-110.754991, 50.049214], [-110.754962, 50.049201], [-110.754928, 50.049189], [-110.754898, 50.049186], [-110.754862, 50.049184], [-110.754825, 50.049188], [-110.754794, 50.049197], [-110.754768, 50.049209], [-110.754753, 50.049222], [-110.75474, 50.049241], [-110.754731, 50.049273], [-110.754727, 50.049307], [-110.754717, 50.049334], [-110.754719, 50.049362], [-110.754723, 50.049393], [-110.754733, 50.049413], [-110.754734, 50.04943], [-110.754728, 50.049452], [-110.754718, 50.049481], [-110.754712, 50.049506], [-110.754709, 50.049531], [-110.754711, 50.049569], [-110.754724, 50.049612], [-110.754736, 50.049654], [-110.754767, 50.049696], [-110.754793, 50.049717], [-110.754832, 50.049741], [-110.754859, 50.049759], [-110.754889, 50.049777], [-110.754924, 50.049797], [-110.754951, 50.049811], [-110.754966, 50.049822], [-110.754976, 50.049834], [-110.754979, 50.049846], [-110.754973, 50.049862], [-110.754955, 50.049908], [-110.754932, 50.049948], [-110.754911, 50.049979], [-110.754881, 50.050019], [-110.754848, 50.050063], [-110.754806, 50.050109], [-110.754775, 50.050147], [-110.754752, 50.050172], [-110.754729, 50.050181], [-110.75471, 50.050184], [-110.754687, 50.05018], [-110.754668, 50.050171], [-110.75465, 50.050159], [-110.754625, 50.05014], [-110.754614, 50.050121], [-110.754599, 50.050091], [-110.754578, 50.050074], [-110.754545, 50.050057], [-110.754519, 50.050044], [-110.754484, 50.050035], [-110.75445, 50.050031], [-110.754411, 50.05003], [-110.754375, 50.050036], [-110.754336, 50.050047], [-110.754281, 50.050061], [-110.754247, 50.050075], [-110.754228, 50.050089], [-110.75421, 50.050103], [-110.754192, 50.050124], [-110.754177, 50.05014], [-110.754157, 50.050157], [-110.754133, 50.050166], [-110.754111, 50.05017], [-110.754078, 50.050167], [-110.754052, 50.050155], [-110.754039, 50.050142], [-110.75403, 50.050127], [-110.75401, 50.05011], [-110.753988, 50.050092], [-110.753969, 50.050076], [-110.753959, 50.050057], [-110.753948, 50.050035], [-110.753935, 50.05002], [-110.753912, 50.050006], [-110.753893, 50.049994], [-110.75388, 50.049977], [-110.753875, 50.04996], [-110.753872, 50.049929], [-110.753869, 50.049913], [-110.753857, 50.049903], [-110.753836, 50.049889], [-110.753815, 50.049877], [-110.753802, 50.04986], [-110.753789, 50.049847], [-110.753771, 50.049833], [-110.753747, 50.049822], [-110.753718, 50.049815], [-110.75369, 50.049811], [-110.753675, 50.049804], [-110.75366, 50.049793], [-110.753649, 50.049779], [-110.753635, 50.04977], [-110.753619, 50.049764], [-110.753595, 50.049758], [-110.753575, 50.04975], [-110.753557, 50.049739], [-110.753541, 50.049723], [-110.753531, 50.049709], [-110.753521, 50.04969], [-110.753519, 50.049673], [-110.753519, 50.049655], [-110.753519, 50.049632], [-110.75352, 50.049615], [-110.753515, 50.049601], [-110.7535, 50.049594], [-110.75348, 50.049587], [-110.753447, 50.049576], [-110.753428, 50.049566], [-110.753407, 50.049552], [-110.753385, 50.049537], [-110.753365, 50.049526], [-110.75334, 50.049518], [-110.753309, 50.04951], [-110.75328, 50.049508], [-110.753248, 50.049512], [-110.753227, 50.049519], [-110.753203, 50.049529], [-110.753177, 50.049537], [-110.753145, 50.049542], [-110.753102, 50.049546], [-110.753073, 50.049553], [-110.75305, 50.04956], [-110.75303, 50.049571], [-110.753016, 50.049586], [-110.752999, 50.049604], [-110.752977, 50.049616], [-110.752949, 50.049624], [-110.752912, 50.049627], [-110.752883, 50.049622], [-110.752864, 50.049611], [-110.752855, 50.0496], [-110.752849, 50.049583], [-110.752842, 50.04956], [-110.75284, 50.049539], [-110.752836, 50.049528], [-110.752837, 50.049512], [-110.752844, 50.049493], [-110.752856, 50.049473], [-110.752861, 50.04946], [-110.752859, 50.049448], [-110.752858, 50.049428], [-110.752859, 50.049414], [-110.752865, 50.049397], [-110.752872, 50.049377], [-110.752878, 50.049356], [-110.752889, 50.049343], [-110.752901, 50.049331], [-110.752918, 50.049322], [-110.752937, 50.049312], [-110.752961, 50.049305], [-110.752989, 50.049295], [-110.753002, 50.049286], [-110.753018, 50.049273], [-110.753037, 50.049259], [-110.753062, 50.049248], [-110.753132, 50.049214], [-110.753188, 50.049192], [-110.753232, 50.049176], [-110.753262, 50.049163], [-110.753275, 50.04915], [-110.753315, 50.049111], [-110.753343, 50.049071], [-110.753348, 50.049044], [-110.753346, 50.049017], [-110.753341, 50.048999], [-110.753348, 50.048971], [-110.753347, 50.048941], [-110.753332, 50.048884], [-110.75332, 50.048857], [-110.753317, 50.048842], [-110.753321, 50.048811], [-110.753316, 50.048798], [-110.753302, 50.04878], [-110.753291, 50.048749], [-110.75328, 50.048729], [-110.753268, 50.048719], [-110.753247, 50.048711], [-110.753228, 50.048709], [-110.753202, 50.048708], [-110.753172, 50.048702], [-110.753143, 50.048696], [-110.753111, 50.048698], [-110.753089, 50.048705], [-110.753051, 50.048725], [-110.752991, 50.048767], [-110.752924, 50.048814], [-110.752874, 50.048856], [-110.75285, 50.048875], [-110.752813, 50.048897], [-110.752772, 50.048927], [-110.752737, 50.048946], [-110.75269, 50.048961], [-110.752626, 50.048979], [-110.752591, 50.048986], [-110.752562, 50.049006], [-110.752541, 50.049013], [-110.752504, 50.049022], [-110.752478, 50.049039], [-110.752451, 50.049064], [-110.752434, 50.049101], [-110.752432, 50.04913], [-110.752426, 50.049153], [-110.752421, 50.049176], [-110.752411, 50.049197], [-110.752402, 50.049217], [-110.752405, 50.049238], [-110.752408, 50.049261], [-110.752409, 50.049282], [-110.7524, 50.049305], [-110.752393, 50.049323], [-110.752394, 50.049344], [-110.752393, 50.049373], [-110.752392, 50.049401], [-110.75239, 50.049426], [-110.752382, 50.049447], [-110.752358, 50.049473], [-110.752333, 50.049491], [-110.752305, 50.049507], [-110.752222, 50.049541], [-110.75216, 50.049569], [-110.752139, 50.049584], [-110.752108, 50.0496], [-110.752103, 50.049611], [-110.752104, 50.049625], [-110.752109, 50.049638], [-110.752123, 50.049653], [-110.752148, 50.049672], [-110.752171, 50.049692], [-110.752192, 50.049704], [-110.752223, 50.049732], [-110.752242, 50.049751], [-110.752266, 50.049763], [-110.75229, 50.049786], [-110.752324, 50.049831], [-110.752336, 50.049845], [-110.752361, 50.049876], [-110.752405, 50.049936], [-110.752416, 50.049947], [-110.752422, 50.049959], [-110.752421, 50.049968], [-110.75241, 50.049976], [-110.752395, 50.04998], [-110.752384, 50.04998], [-110.752355, 50.049971], [-110.752304, 50.049955], [-110.752283, 50.049951], [-110.75226, 50.049954], [-110.752232, 50.049956], [-110.752207, 50.049956], [-110.752179, 50.049949], [-110.752158, 50.049946], [-110.752127, 50.049949], [-110.752096, 50.049952], [-110.752065, 50.049953], [-110.752041, 50.049958], [-110.752007, 50.049968], [-110.751982, 50.049976], [-110.751961, 50.049989], [-110.751933, 50.049999], [-110.751904, 50.050008], [-110.751872, 50.050015], [-110.751843, 50.050018], [-110.751817, 50.05003], [-110.751801, 50.050036], [-110.751782, 50.050038], [-110.751754, 50.050043], [-110.751716, 50.050054], [-110.751697, 50.050065], [-110.751678, 50.050086], [-110.751674, 50.050103], [-110.751671, 50.050129], [-110.751681, 50.050154], [-110.751689, 50.050169], [-110.75169, 50.05019], [-110.751682, 50.050209], [-110.751676, 50.050231], [-110.751677, 50.05025], [-110.751684, 50.050274], [-110.75169, 50.050299], [-110.751691, 50.050316], [-110.751689, 50.050328], [-110.751681, 50.050341], [-110.751662, 50.050366], [-110.75165, 50.050387], [-110.751649, 50.050402], [-110.751649, 50.050423], [-110.751651, 50.050439], [-110.751658, 50.050453], [-110.751662, 50.050467], [-110.751651, 50.050478], [-110.751632, 50.050487], [-110.751604, 50.050492], [-110.751582, 50.050492], [-110.751561, 50.050488], [-110.751543, 50.050483], [-110.75152, 50.050472], [-110.751504, 50.050459], [-110.751491, 50.050445], [-110.751472, 50.050421], [-110.751462, 50.05041], [-110.751447, 50.050402], [-110.751431, 50.050394], [-110.751412, 50.050382], [-110.751397, 50.05037], [-110.751384, 50.050359], [-110.751372, 50.05034], [-110.751362, 50.050323], [-110.751349, 50.050307], [-110.751333, 50.050292], [-110.751315, 50.05028], [-110.751291, 50.050266], [-110.751279, 50.050257], [-110.751267, 50.050246], [-110.751253, 50.05023], [-110.751241, 50.050215], [-110.751224, 50.050202], [-110.751205, 50.050192], [-110.751179, 50.050182], [-110.751159, 50.050173], [-110.75114, 50.050156], [-110.751116, 50.050127], [-110.75109, 50.05011], [-110.751065, 50.0501], [-110.75104, 50.050096], [-110.751007, 50.050099], [-110.750987, 50.050106], [-110.75097, 50.050116], [-110.750951, 50.05013], [-110.750935, 50.050146], [-110.750925, 50.050164], [-110.750923, 50.050187], [-110.750925, 50.050204], [-110.750923, 50.050219], [-110.750908, 50.050231], [-110.750891, 50.050242], [-110.750867, 50.050259], [-110.750837, 50.050266], [-110.750817, 50.050272], [-110.750795, 50.050284], [-110.750762, 50.050308], [-110.750748, 50.050326], [-110.750731, 50.050342], [-110.750711, 50.050357], [-110.750687, 50.050362], [-110.750659, 50.050362], [-110.750631, 50.050354], [-110.750613, 50.050344], [-110.750596, 50.05033], [-110.750584, 50.050316], [-110.750569, 50.050304], [-110.75055, 50.050292], [-110.750536, 50.050286], [-110.750516, 50.050269], [-110.750498, 50.05026], [-110.750475, 50.050252], [-110.750451, 50.050243], [-110.750435, 50.050231], [-110.750423, 50.050218], [-110.750414, 50.050199], [-110.750396, 50.050186], [-110.750378, 50.050176], [-110.750364, 50.050165], [-110.750358, 50.050153], [-110.750354, 50.050138], [-110.750352, 50.050127], [-110.750347, 50.050113], [-110.750338, 50.050103], [-110.750325, 50.050095], [-110.750308, 50.050088], [-110.750281, 50.050084], [-110.750257, 50.05008], [-110.750231, 50.050074], [-110.750219, 50.050065], [-110.750205, 50.050054], [-110.750197, 50.050041], [-110.750187, 50.050027], [-110.750175, 50.050015], [-110.750154, 50.050007], [-110.750123, 50.049999], [-110.750089, 50.049993], [-110.750064, 50.049991], [-110.750033, 50.049991], [-110.750015, 50.049994], [-110.749986, 50.050001], [-110.749964, 50.050011], [-110.749922, 50.050024], [-110.749896, 50.050035], [-110.749863, 50.050043], [-110.749821, 50.050063], [-110.749791, 50.050079], [-110.749759, 50.050097], [-110.749741, 50.05012], [-110.749736, 50.050136], [-110.749738, 50.050153], [-110.749748, 50.050171], [-110.749764, 50.050186], [-110.749786, 50.050209], [-110.74981, 50.050221], [-110.749835, 50.050231], [-110.749855, 50.050243], [-110.749875, 50.050255], [-110.749886, 50.050268], [-110.749894, 50.050284], [-110.749902, 50.050297], [-110.749919, 50.050314], [-110.749939, 50.050335], [-110.74995, 50.050354], [-110.749964, 50.050368], [-110.749981, 50.05038], [-110.750002, 50.050389], [-110.750023, 50.050401], [-110.750037, 50.05041], [-110.750048, 50.050423], [-110.750051, 50.050438], [-110.750051, 50.050452], [-110.750036, 50.050462], [-110.750021, 50.05047], [-110.749997, 50.050478], [-110.749971, 50.050479], [-110.749946, 50.050476], [-110.749921, 50.050473], [-110.749895, 50.050475], [-110.749866, 50.050481], [-110.749833, 50.050488], [-110.749805, 50.0505], [-110.749779, 50.050513], [-110.749764, 50.05053], [-110.749761, 50.050549], [-110.749756, 50.050576], [-110.749764, 50.050621], [-110.749785, 50.050688], [-110.749819, 50.050734], [-110.749839, 50.050762], [-110.749847, 50.050785], [-110.749851, 50.05081], [-110.749877, 50.050845], [-110.749893, 50.050872], [-110.7499, 50.050911], [-110.749912, 50.050932], [-110.749911, 50.050964], [-110.749912, 50.050986], [-110.749922, 50.051003], [-110.749943, 50.051037], [-110.749955, 50.05107], [-110.749977, 50.051109], [-110.749979, 50.051126], [-110.749971, 50.051146], [-110.749968, 50.051168], [-110.749972, 50.051184], [-110.749988, 50.051206], [-110.750034, 50.051245], [-110.750052, 50.05127], [-110.750064, 50.051283], [-110.750088, 50.051293], [-110.750111, 50.051308], [-110.750138, 50.05132], [-110.750155, 50.051335], [-110.750169, 50.051349], [-110.750185, 50.05138], [-110.750195, 50.051397], [-110.750226, 50.051422], [-110.750242, 50.051443], [-110.750248, 50.051463], [-110.75026, 50.051475], [-110.750279, 50.051486], [-110.750291, 50.051503], [-110.750289, 50.051521], [-110.750277, 50.051537], [-110.750252, 50.051553], [-110.750238, 50.051574], [-110.750231, 50.051592], [-110.750211, 50.051606], [-110.750181, 50.051616], [-110.750148, 50.05162], [-110.750115, 50.051617], [-110.750088, 50.05161], [-110.750061, 50.051598], [-110.750015, 50.051566], [-110.749992, 50.05155], [-110.749952, 50.051537], [-110.749912, 50.051524], [-110.749856, 50.051513], [-110.749812, 50.051497], [-110.749767, 50.051484], [-110.74973, 50.051461], [-110.749627, 50.051427], [-110.749604, 50.051414], [-110.749576, 50.051382], [-110.749522, 50.051359], [-110.749501, 50.051345], [-110.749474, 50.051318], [-110.749439, 50.051302], [-110.74937, 50.051279], [-110.749336, 50.051255], [-110.749308, 50.051227], [-110.749285, 50.05118], [-110.749265, 50.051161], [-110.749192, 50.051101], [-110.749179, 50.051083], [-110.74916, 50.051046], [-110.749132, 50.051017], [-110.749102, 50.050995], [-110.749055, 50.050971], [-110.749011, 50.050946], [-110.748975, 50.050921], [-110.748943, 50.05089], [-110.748911, 50.050841], [-110.748903, 50.050815], [-110.748891, 50.050765], [-110.748877, 50.050727], [-110.74885, 50.050689], [-110.748813, 50.050659], [-110.74877, 50.050641], [-110.748729, 50.050639], [-110.748686, 50.050647], [-110.748644, 50.050678], [-110.748607, 50.050702], [-110.748581, 50.050721], [-110.748572, 50.050748], [-110.748567, 50.050782], [-110.748553, 50.050803], [-110.748524, 50.050815], [-110.748485, 50.050816], [-110.748459, 50.05081], [-110.74844, 50.050804], [-110.748405, 50.050801], [-110.748354, 50.0508], [-110.748328, 50.050796], [-110.748306, 50.050796], [-110.748276, 50.050799], [-110.748239, 50.050797], [-110.748217, 50.050793], [-110.748195, 50.05078], [-110.748173, 50.050761], [-110.748151, 50.050747], [-110.748106, 50.050727], [-110.748068, 50.050706], [-110.748051, 50.050693], [-110.748037, 50.050679], [-110.748005, 50.050663], [-110.747983, 50.050648], [-110.747974, 50.050635], [-110.747959, 50.050598], [-110.747947, 50.050574], [-110.747922, 50.050539], [-110.747915, 50.050518], [-110.747906, 50.050491], [-110.747888, 50.05048], [-110.747858, 50.050469], [-110.74783, 50.050462], [-110.747795, 50.050459], [-110.747762, 50.050463], [-110.747728, 50.050469], [-110.747675, 50.050482]]]}, "bbox": [-110.766243, 50.046521, -110.72743, 50.053427]}, {"type": "Feature", "properties": {"area": "Cypress Hills / Elkwater", "difficulty": "intermediate", "highway": "path", "name": "Mystery Trail", "osm_id": 910069838, "stroke": "#3b82f6"}, "geometry": {"type": "LineString", "coordinates": [[-110.300356, 49.635534], [-110.300094, 49.635565], [-110.299913, 49.635513], [-110.299801, 49.635499], [-110.299318, 49.635471], [-110.299043, 49.635378], [-110.298838, 49.635357], [-110.298073, 49.635488], [-110.297972, 49.635539], [-110.297907, 49.635616], [-110.297849, 49.635654], [-110.296831, 49.635787], [-110.296559, 49.636099], [-110.296303, 49.636342], [-110.296278, 49.636368], [-110.296169, 49.636606], [-110.295827, 49.636919], [-110.295801, 49.636982], [-110.295801, 49.637174], [-110.295671, 49.637302], [-110.295408, 49.637753], [-110.295137, 49.638066], [-110.29495, 49.638438], [-110.294935, 49.638481], [-110.294914, 49.638612], [-110.294892, 49.638855], [-110.294874, 49.63892], [-110.294751, 49.639063], [-110.294672, 49.63914], [-110.294643, 49.639112], [-110.294506, 49.639065], [-110.294387, 49.638935], [-110.294408, 49.638696], [-110.294271, 49.638322], [-110.294004, 49.638046], [-110.293731, 49.637677], [-110.293515, 49.637509], [-110.293367, 49.637289], [-110.293288, 49.637245], [-110.293045, 49.637182], [-110.292821, 49.637032], [-110.292641, 49.637006], [-110.292363, 49.636866], [-110.292063, 49.636801], [-110.291767, 49.636539], [-110.291334, 49.636364], [-110.291139, 49.636214], [-110.29093, 49.635894], [-110.290771, 49.635831], [-110.290602, 49.635728], [-110.290371, 49.635649], [-110.290136, 49.635546], [-110.289959, 49.635311], [-110.289829, 49.635171], [-110.289757, 49.635098], [-110.28975, 49.635049], [-110.289764, 49.634998], [-110.289721, 49.634984], [-110.289552, 49.634998], [-110.289108, 49.634797], [-110.289007, 49.634703], [-110.288971, 49.634607], [-110.288892, 49.634493], [-110.28882, 49.63443], [-110.288693, 49.634367], [-110.288592, 49.634331], [-110.288455, 49.634374], [-110.28834, 49.634474], [-110.288242, 49.634603], [-110.28813, 49.634675], [-110.287318, 49.634825], [-110.287206, 49.634878], [-110.287058, 49.634899], [-110.286813, 49.634984], [-110.286515, 49.635028], [-110.286078, 49.635049], [-110.286013, 49.635082], [-110.285995, 49.635128], [-110.286053, 49.635229], [-110.286032, 49.635283], [-110.285977, 49.63529], [-110.28557, 49.635458], [-110.285327, 49.635506], [-110.284948, 49.63563], [-110.284637, 49.635761], [-110.284327, 49.635796], [-110.284154, 49.635941], [-110.284085, 49.636107], [-110.283862, 49.636191], [-110.283797, 49.636273], [-110.283728, 49.636418], [-110.283649, 49.636507], [-110.283562, 49.636532], [-110.283519, 49.636504], [-110.283479, 49.636408], [-110.283479, 49.636376], [-110.283454, 49.636338], [-110.283472, 49.636268], [-110.283425, 49.636257], [-110.283216, 49.63628], [-110.283148, 49.636261], [-110.283148, 49.636182], [-110.28309, 49.636084], [-110.283047, 49.635976], [-110.282816, 49.635777], [-110.282744, 49.635635], [-110.282744, 49.635569], [-110.282722, 49.635495], [-110.282635, 49.63542], [-110.282542, 49.635375], [-110.282466, 49.635366], [-110.282397, 49.635401], [-110.282293, 49.635623], [-110.282231, 49.635668], [-110.282047, 49.635693], [-110.281957, 49.635745], [-110.281852, 49.635852], [-110.281813, 49.635985], [-110.281719, 49.636072], [-110.281643, 49.636166], [-110.281636, 49.636374], [-110.281556, 49.636589], [-110.281531, 49.636895], [-110.281286, 49.637358], [-110.281264, 49.637414], [-110.281224, 49.637627], [-110.281105, 49.637868], [-110.281094, 49.638038], [-110.281239, 49.638155], [-110.281239, 49.638183], [-110.281138, 49.638267], [-110.281084, 49.638335], [-110.281011, 49.638515], [-110.280986, 49.638653], [-110.280795, 49.638798], [-110.280398, 49.639447], [-110.280376, 49.639511], [-110.280391, 49.639604], [-110.280398, 49.639665], [-110.280485, 49.639882], [-110.280589, 49.640118], [-110.280632, 49.640188], [-110.280687, 49.640338], [-110.280643, 49.640476], [-110.280578, 49.64059], [-110.280355, 49.640804], [-110.280326, 49.640876], [-110.280333, 49.640986], [-110.280326, 49.641087], [-110.280293, 49.641143], [-110.280225, 49.641218], [-110.280048, 49.641276], [-110.279968, 49.641339], [-110.279979, 49.641372], [-110.280134, 49.641591], [-110.280199, 49.641748], [-110.280217, 49.641844], [-110.280232, 49.642005], [-110.280192, 49.642045], [-110.280095, 49.642134], [-110.280098, 49.64233], [-110.280145, 49.642405], [-110.280362, 49.64269], [-110.280376, 49.642758], [-110.280365, 49.642807], [-110.280243, 49.642832], [-110.280142, 49.642935], [-110.279972, 49.643019], [-110.279896, 49.643101], [-110.279572, 49.643237], [-110.279338, 49.64326], [-110.27915, 49.643248], [-110.27888, 49.643197], [-110.278104, 49.643202], [-110.277941, 49.643248], [-110.277642, 49.643447], [-110.277598, 49.64354], [-110.277566, 49.643681], [-110.27744, 49.643723], [-110.277209, 49.643676], [-110.277061, 49.643676], [-110.276934, 49.64369], [-110.27679, 49.64373], [-110.276736, 49.643769], [-110.276617, 49.644024], [-110.276545, 49.644078], [-110.276234, 49.64426], [-110.275863, 49.644382], [-110.275329, 49.644833], [-110.275231, 49.644989], [-110.275123, 49.645106], [-110.274814, 49.64527], [-110.274381, 49.645433], [-110.274316, 49.645492], [-110.274197, 49.645611], [-110.274146, 49.645634], [-110.27376, 49.645751], [-110.273275, 49.646222]]}, "bbox": [-110.300356, 49.634331, -110.273275, 49.646222]}, {"type": "Feature", "properties": {"area": "Cypress Hills / Elkwater", "difficulty": "easy", "highway": "path", "name": "Old Baldy Trail", "osm_id": 908524346, "stroke": "#22c55e"}, "geometry": {"type": "LineString", "coordinates": [[-110.304695, 49.659003], [-110.304689, 49.659029], [-110.304679, 49.659079], [-110.304673, 49.659115], [-110.304636, 49.659151], [-110.30459, 49.659141], [-110.304501, 49.659151], [-110.304076, 49.659314], [-110.303786, 49.65939], [-110.30349, 49.659438], [-110.303194, 49.659492], [-110.302899, 49.659552], [-110.302591, 49.659564], [-110.302301, 49.659616], [-110.302073, 49.659665], [-110.301879, 49.659721], [-110.301604, 49.659858], [-110.301404, 49.65995], [-110.301059, 49.660097], [-110.300853, 49.660183], [-110.300715, 49.660233], [-110.300634, 49.660215], [-110.300561, 49.660224], [-110.300412, 49.660181], [-110.300323, 49.660173], [-110.300197, 49.660191], [-110.299946, 49.66027], [-110.299877, 49.660317], [-110.299787, 49.660408], [-110.299766, 49.660444], [-110.299353, 49.660557], [-110.299252, 49.660574], [-110.299155, 49.660576], [-110.299072, 49.660557], [-110.298885, 49.660466], [-110.298814, 49.660432], [-110.298704, 49.660415], [-110.298622, 49.660419], [-110.298521, 49.660445], [-110.298327, 49.660522], [-110.298262, 49.66056], [-110.298224, 49.660586], [-110.298197, 49.660628], [-110.298193, 49.660677], [-110.298182, 49.660694], [-110.298154, 49.660696], [-110.298128, 49.660688], [-110.298117, 49.660668], [-110.298097, 49.660575], [-110.298095, 49.660487], [-110.298116, 49.660408], [-110.298158, 49.660341], [-110.298239, 49.660259], [-110.298331, 49.660171], [-110.298423, 49.660075], [-110.298525, 49.659998], [-110.298641, 49.659953], [-110.298739, 49.659903], [-110.298816, 49.659884], [-110.298875, 49.659859], [-110.298928, 49.65985], [-110.298968, 49.659854], [-110.299008, 49.659848], [-110.299022, 49.65984], [-110.299027, 49.659818], [-110.299006, 49.659798], [-110.298905, 49.659785], [-110.298846, 49.659771], [-110.298734, 49.659756], [-110.298568, 49.659756], [-110.298403, 49.659776], [-110.298296, 49.659805], [-110.298214, 49.659821], [-110.298169, 49.659819], [-110.29813, 49.659797], [-110.298128, 49.659766], [-110.298146, 49.659732], [-110.298266, 49.659671], [-110.298492, 49.659557], [-110.298567, 49.659539], [-110.298677, 49.659544], [-110.298722, 49.659526], [-110.298741, 49.659493], [-110.298722, 49.659455], [-110.298686, 49.659448], [-110.298526, 49.659479], [-110.298449, 49.659476], [-110.298407, 49.659476], [-110.298343, 49.659501], [-110.298289, 49.659518], [-110.298199, 49.659525], [-110.298134, 49.659539], [-110.298014, 49.659583], [-110.297831, 49.659614], [-110.297745, 49.659654], [-110.297666, 49.659676], [-110.297546, 49.659726], [-110.297446, 49.659812], [-110.297363, 49.659835], [-110.297333, 49.659863], [-110.29731, 49.659876], [-110.297324, 49.659824], [-110.297377, 49.659762], [-110.297451, 49.659707], [-110.297505, 49.659632], [-110.297568, 49.659607], [-110.297611, 49.659581], [-110.297674, 49.659495], [-110.297722, 49.659448], [-110.297813, 49.659399], [-110.297966, 49.659229], [-110.297996, 49.659164], [-110.298139, 49.659057], [-110.298139, 49.659032], [-110.298169, 49.658996], [-110.298234, 49.658966], [-110.29833, 49.658894], [-110.298363, 49.658823], [-110.298399, 49.658794], [-110.298466, 49.658761], [-110.298483, 49.658744], [-110.298494, 49.658695], [-110.298535, 49.658663], [-110.298555, 49.658614], [-110.298549, 49.65859], [-110.298526, 49.65857], [-110.29844, 49.658572], [-110.29841, 49.658564], [-110.298386, 49.658543], [-110.298348, 49.658532], [-110.298183, 49.658543], [-110.298128, 49.658575], [-110.298049, 49.658656], [-110.297987, 49.658678], [-110.297866, 49.658697]]}, "bbox": [-110.304695, 49.658532, -110.29731, 49.660696]}, {"type": "Feature", "properties": {"area": "Cypress Hills / Elkwater", "difficulty": "easy", "highway": "path", "name": "Plateau Trail", "osm_id": 909710983, "stroke": "#22c55e"}, "geometry": {"type": "LineString", "coordinates": [[-110.328501, 49.637176], [-110.328263, 49.636625], [-110.327888, 49.636284], [-110.327233, 49.636097], [-110.326354, 49.636048], [-110.325796, 49.635867], [-110.325474, 49.635687], [-110.322674, 49.635839], [-110.321107, 49.636152], [-110.320506, 49.636187], [-110.318522, 49.636472], [-110.31761, 49.6365], [-110.317277, 49.636805], [-110.315335, 49.638084], [-110.315228, 49.638306], [-110.314166, 49.638417], [-110.313082, 49.638042], [-110.312192, 49.63759], [-110.312138, 49.637271], [-110.311612, 49.636965], [-110.311168, 49.636889], [-110.310979, 49.636777], [-110.310106, 49.636531], [-110.309985, 49.636354], [-110.309717, 49.636394], [-110.308815, 49.636062], [-110.308537, 49.635951], [-110.307324, 49.635937], [-110.306916, 49.636006], [-110.306756, 49.635992], [-110.306638, 49.636103], [-110.306434, 49.636117], [-110.306112, 49.635902], [-110.305693, 49.635853], [-110.304959, 49.635548], [-110.304723, 49.635589], [-110.304347, 49.635367], [-110.303907, 49.634908], [-110.302555, 49.634658], [-110.302094, 49.634707], [-110.301085, 49.634686], [-110.300892, 49.634811], [-110.300808, 49.634908]]}, "bbox": [-110.328501, 49.634658, -110.300808, 49.638417]}, {"type": "Feature", "properties": {"area": "Echodale", "difficulty": "easy", "highway": "path", "name": "Powder Monkey", "osm_id": [1332500171, 1332500172, 1332500173, 1332500196], "stroke": "#22c55e"}, "geometry": {"type": "MultiLineString", "coordinates": [[[-110.784854, 50.05026], [-110.784903, 50.050241], [-110.784942, 50.050231], [-110.784986, 50.050225], [-110.785032, 50.050219], [-110.785077, 50.050206], [-110.785122, 50.050184], [-110.785148, 50.050163], [-110.785151, 50.050142], [-110.785146, 50.05012], [-110.785119, 50.050086], [-110.78507, 50.050053], [-110.78504, 50.050041], [-110.785008, 50.050032], [-110.784952, 50.050021], [-110.784874, 50.050006], [-110.784824, 50.049991], [-110.784741, 50.049956], [-110.784714, 50.049943], [-110.78467, 50.04993], [-110.784652, 50.049915], [-110.784639, 50.049895], [-110.784634, 50.04987], [-110.784644, 50.049794], [-110.784644, 50.049771], [-110.784628, 50.04975], [-110.784601, 50.049733], [-110.784568, 50.049721], [-110.784543, 50.049707], [-110.784511, 50.049681], [-110.784486, 50.049666], [-110.784452, 50.049657], [-110.784406, 50.049642], [-110.784367, 50.049629], [-110.784339, 50.049622], [-110.784307, 50.049619], [-110.784282, 50.049618], [-110.784265, 50.049624], [-110.784253, 50.049635], [-110.784192, 50.049756], [-110.784174, 50.049776], [-110.784142, 50.049792], [-110.784112, 50.049799], [-110.78408, 50.0498], [-110.783882, 50.049769], [-110.783825, 50.049755], [-110.783792, 50.049739], [-110.783761, 50.049724], [-110.783716, 50.049711], [-110.783662, 50.049698], [-110.783585, 50.049687], [-110.783553, 50.049679], [-110.783532, 50.049664], [-110.783511, 50.049635], [-110.783501, 50.049613], [-110.783483, 50.049596], [-110.783458, 50.049586], [-110.783421, 50.049581], [-110.783382, 50.049584], [-110.783329, 50.0496], [-110.783288, 50.049609], [-110.78326, 50.049609], [-110.783218, 50.049606], [-110.783197, 50.049612], [-110.783179, 50.049619], [-110.783038, 50.049678]], [[-110.78315, 50.04971], [-110.783145, 50.049689], [-110.783146, 50.049673], [-110.783147, 50.049669], [-110.78315, 50.049655], [-110.783161, 50.049638], [-110.783179, 50.049619]], [[-110.782133, 50.04948], [-110.782077, 50.049457], [-110.782009, 50.049436], [-110.781957, 50.049423], [-110.781918, 50.049419], [-110.781871, 50.049414], [-110.781828, 50.049406], [-110.78177, 50.049387], [-110.781714, 50.049363], [-110.781667, 50.049341], [-110.781629, 50.049327], [-110.781586, 50.049316], [-110.781532, 50.049304], [-110.781417, 50.049282], [-110.78137, 50.049271], [-110.781341, 50.04926], [-110.781322, 50.049247], [-110.78128, 50.049216], [-110.781249, 50.0492], [-110.781211, 50.049189], [-110.781153, 50.049174], [-110.781061, 50.049159], [-110.780887, 50.049135], [-110.780823, 50.049124], [-110.780778, 50.04911], [-110.780749, 50.04909], [-110.780718, 50.049066], [-110.780685, 50.049053], [-110.780627, 50.049041], [-110.780567, 50.049032], [-110.780523, 50.049029], [-110.78047, 50.049026], [-110.78043, 50.049023], [-110.780377, 50.049018], [-110.780323, 50.049004], [-110.780264, 50.048981], [-110.78014, 50.048933], [-110.780094, 50.048907], [-110.780063, 50.048894], [-110.779932, 50.048853], [-110.779856, 50.04883], [-110.779816, 50.048826], [-110.779789, 50.048826], [-110.77976, 50.048827], [-110.779726, 50.048833], [-110.779694, 50.048833], [-110.779555, 50.04884], [-110.779479, 50.048848], [-110.779425, 50.048857], [-110.779399, 50.048858], [-110.779379, 50.048855], [-110.779353, 50.048846], [-110.779206, 50.048777], [-110.7791, 50.048717], [-110.779056, 50.04869], [-110.779019, 50.048667], [-110.778969, 50.04865], [-110.778917, 50.04864], [-110.778883, 50.048637], [-110.778833, 50.048638], [-110.778805, 50.048636], [-110.778781, 50.048631], [-110.778719, 50.048621], [-110.778694, 50.048619], [-110.778658, 50.048619], [-110.778624, 50.048616], [-110.778597, 50.048607], [-110.77854, 50.048591], [-110.778508, 50.048585], [-110.778459, 50.04858]], [[-110.784559, 50.050203], [-110.784497, 50.05009], [-110.784476, 50.050065], [-110.784454, 50.050049], [-110.784421, 50.050033], [-110.784391, 50.050024], [-110.784361, 50.050017], [-110.784344, 50.050017], [-110.784315, 50.050017], [-110.784291, 50.050014], [-110.784257, 50.050004], [-110.78422, 50.04999], [-110.78413, 50.049943], [-110.784093, 50.049929], [-110.78394, 50.049892], [-110.783905, 50.049886], [-110.783863, 50.049883], [-110.783819, 50.049882], [-110.783782, 50.049879], [-110.783757, 50.049875], [-110.783717, 50.049863], [-110.783653, 50.049841], [-110.783565, 50.049805], [-110.783529, 50.049796], [-110.783491, 50.049791], [-110.78342, 50.049786], [-110.783367, 50.049783], [-110.783329, 50.049779], [-110.783293, 50.04977], [-110.783232, 50.049747], [-110.78315, 50.04971], [-110.783103, 50.04969], [-110.783077, 50.049683], [-110.783038, 50.049678], [-110.78298, 50.049675], [-110.782929, 50.049675], [-110.782881, 50.04968], [-110.782853, 50.049682], [-110.78283, 50.04968], [-110.782806, 50.049674], [-110.782753, 50.049655], [-110.782663, 50.049617], [-110.782617, 50.049602], [-110.782546, 50.049587], [-110.782498, 50.049582], [-110.782455, 50.049581], [-110.782404, 50.049584], [-110.782365, 50.049585], [-110.782335, 50.049578], [-110.782304, 50.049569], [-110.782278, 50.049555], [-110.782133, 50.04948]], [[-110.78475, 50.050153], [-110.784611, 50.050122], [-110.78443, 50.050108]]]}, "bbox": [-110.785151, 50.04858, -110.778459, 50.05026]}, {"type": "Feature", "properties": {"area": "Cypress Hills / Elkwater", "difficulty": "easy", "highway": "path", "name": "Rangers Trail", "osm_id": [909712369, 909712696], "stroke": "#22c55e"}, "geometry": {"type": "MultiLineString", "coordinates": [[[-110.292531, 49.659814], [-110.292165, 49.659417], [-110.292175, 49.659209], [-110.291971, 49.659084], [-110.291843, 49.658917], [-110.291789, 49.658757], [-110.291553, 49.65841], [-110.291521, 49.658153], [-110.291446, 49.658007], [-110.291371, 49.657736], [-110.291596, 49.657611], [-110.291596, 49.657507], [-110.291478, 49.657382], [-110.291467, 49.657243], [-110.291446, 49.657049], [-110.291253, 49.656896], [-110.291156, 49.656708], [-110.291038, 49.656639], [-110.291006, 49.656451], [-110.290963, 49.656354], [-110.290641, 49.65666], [-110.290534, 49.656653], [-110.290459, 49.65657], [-110.290373, 49.656528], [-110.29003, 49.657382], [-110.290008, 49.657563], [-110.289901, 49.65757], [-110.28969, 49.657535], [-110.289432, 49.657548], [-110.28934, 49.657537], [-110.289186, 49.657616], [-110.289054, 49.657723], [-110.288969, 49.657742], [-110.288873, 49.657729], [-110.288769, 49.657704], [-110.288561, 49.657716], [-110.288136, 49.65774], [-110.287578, 49.657795], [-110.287196, 49.657817], [-110.287006, 49.657795], [-110.28685, 49.657724], [-110.286669, 49.657594], [-110.286534, 49.657447], [-110.286212, 49.657347], [-110.285895, 49.657273], [-110.285414, 49.65719], [-110.285246, 49.657201], [-110.284895, 49.657264], [-110.284675, 49.657294], [-110.284411, 49.657299], [-110.283919, 49.657375], [-110.283788, 49.657382], [-110.283617, 49.657342], [-110.283279, 49.657234], [-110.283037, 49.65716], [-110.282866, 49.657104], [-110.282681, 49.657099], [-110.282113, 49.657161], [-110.281955, 49.657159], [-110.281703, 49.657123], [-110.281564, 49.657125], [-110.281004, 49.657269], [-110.280881, 49.657281], [-110.280634, 49.657257], [-110.280472, 49.657226], [-110.280299, 49.657164], [-110.280192, 49.657161], [-110.279918, 49.657222], [-110.279709, 49.65735], [-110.279497, 49.657519], [-110.279391, 49.657627], [-110.279284, 49.65768], [-110.279186, 49.657739], [-110.279036, 49.657887], [-110.279032, 49.657948], [-110.279006, 49.658044], [-110.27873, 49.658292], [-110.278269, 49.658236], [-110.278043, 49.658236], [-110.277485, 49.658396], [-110.277249, 49.658396], [-110.27696, 49.658445], [-110.276874, 49.658493], [-110.276702, 49.658493], [-110.276584, 49.658702], [-110.276316, 49.658931], [-110.275565, 49.659195], [-110.275532, 49.659284], [-110.275468, 49.659459], [-110.275468, 49.659653], [-110.275522, 49.659792], [-110.275533, 49.659855], [-110.275501, 49.659945], [-110.275308, 49.659994], [-110.275265, 49.660112], [-110.275082, 49.660167], [-110.274964, 49.660327], [-110.274964, 49.660445], [-110.274825, 49.660563], [-110.274739, 49.660688], [-110.274675, 49.660834], [-110.274675, 49.66091], [-110.274724, 49.660988], [-110.274717, 49.66104], [-110.274574, 49.661087], [-110.274444, 49.661081], [-110.274331, 49.661117], [-110.274293, 49.661189], [-110.274198, 49.661203], [-110.27408, 49.661178], [-110.27406, 49.661057], [-110.27399, 49.660994], [-110.273784, 49.660889], [-110.273677, 49.660889], [-110.273662, 49.66091], [-110.273634, 49.660952], [-110.273687, 49.661181], [-110.273612, 49.661271], [-110.273419, 49.661271], [-110.273304, 49.661337], [-110.273285, 49.661441], [-110.273331, 49.661534], [-110.273469, 49.661615], [-110.273456, 49.661668], [-110.272798, 49.661793], [-110.272756, 49.661837], [-110.272758, 49.661905], [-110.272836, 49.661947], [-110.273112, 49.662039], [-110.273203, 49.662119], [-110.27319, 49.662145], [-110.273196, 49.662318], [-110.273171, 49.662364], [-110.272796, 49.662479], [-110.272769, 49.662592], [-110.272662, 49.663174]], [[-110.290729, 49.655947], [-110.290935, 49.656407]]]}, "bbox": [-110.292531, 49.655947, -110.272662, 49.663174]}, {"type": "Feature", "properties": {"area": "Cypress Hills / Elkwater", "difficulty": "advanced", "highway": "path", "name": "Red Serge", "osm_id": 962360524, "stroke": "#0a0a0a"}, "geometry": {"type": "LineString", "coordinates": [[-110.269105, 49.651324], [-110.269062, 49.651479], [-110.269035, 49.651538], [-110.268928, 49.651573], [-110.268788, 49.651613], [-110.268659, 49.651616], [-110.268503, 49.651644], [-110.268391, 49.651578], [-110.268122, 49.651647], [-110.268047, 49.651647], [-110.267955, 49.651618], [-110.267902, 49.651559], [-110.267759, 49.651487], [-110.267719, 49.651393], [-110.267558, 49.651346], [-110.26744, 49.651353], [-110.267093, 49.651242], [-110.266897, 49.651117], [-110.266803, 49.651039], [-110.26669, 49.650993], [-110.26658, 49.650905], [-110.266518, 49.650853], [-110.266435, 49.650748], [-110.266397, 49.650672], [-110.266311, 49.65063], [-110.266236, 49.650567], [-110.266121, 49.650498], [-110.265992, 49.650479], [-110.265903, 49.650435], [-110.265849, 49.65036], [-110.265804, 49.650317], [-110.265645, 49.650155], [-110.265624, 49.650061], [-110.265608, 49.649967], [-110.265541, 49.649894], [-110.265425, 49.649774], [-110.265366, 49.649677], [-110.265361, 49.649578], [-110.265304, 49.649553], [-110.265259, 49.649553], [-110.265143, 49.649604], [-110.26507, 49.649639], [-110.264971, 49.649687], [-110.264941, 49.649707], [-110.264839, 49.649774], [-110.264783, 49.649819], [-110.264737, 49.649886], [-110.26467, 49.650009], [-110.264595, 49.650129], [-110.264592, 49.650181], [-110.264665, 49.650251], [-110.26474, 49.650333], [-110.264735, 49.650399], [-110.264686, 49.650464], [-110.264617, 49.650484], [-110.264568, 49.650514], [-110.264531, 49.650598], [-110.264504, 49.650709], [-110.264453, 49.650825], [-110.264396, 49.650893], [-110.264305, 49.650992], [-110.264294, 49.651156], [-110.264291, 49.651184], [-110.264356, 49.651241], [-110.264364, 49.651285], [-110.2643, 49.651327], [-110.264146, 49.651325], [-110.263996, 49.651346], [-110.263902, 49.65137], [-110.263829, 49.651434], [-110.263735, 49.651476], [-110.263632, 49.65149], [-110.263487, 49.651492], [-110.263395, 49.651534], [-110.263393, 49.651635], [-110.263379, 49.6517], [-110.263331, 49.651804], [-110.263309, 49.651903], [-110.263213, 49.651945], [-110.263194, 49.652001], [-110.263151, 49.652032], [-110.26289, 49.652087], [-110.262866, 49.652105], [-110.26278, 49.652181], [-110.262729, 49.652202], [-110.262635, 49.652265], [-110.262557, 49.652301], [-110.262541, 49.652347], [-110.262686, 49.652376], [-110.262699, 49.652407], [-110.262587, 49.652473], [-110.26249, 49.652482], [-110.262436, 49.65254], [-110.262511, 49.652593], [-110.262554, 49.652724], [-110.262549, 49.652771], [-110.262444, 49.652849], [-110.262358, 49.652948], [-110.262313, 49.652974], [-110.262256, 49.65302], [-110.262194, 49.6531], [-110.26213, 49.653189], [-110.261888, 49.653291], [-110.261749, 49.653328], [-110.261614, 49.653396], [-110.261501, 49.653469], [-110.261356, 49.653587], [-110.261219, 49.653682], [-110.260943, 49.653862], [-110.260841, 49.653904], [-110.260725, 49.653965], [-110.260441, 49.654086]]}, "bbox": [-110.269105, 49.649553, -110.260441, 49.654086]}, {"type": "Feature", "properties": {"area": "Cypress Hills / Elkwater", "difficulty": "easy", "highway": "path", "name": "Ressler Trail", "osm_id": 370928071, "stroke": "#22c55e"}, "geometry": {"type": "LineString", "coordinates": [[-110.291337, 49.614774], [-110.291262, 49.614923], [-110.29094, 49.615194], [-110.290629, 49.615361], [-110.290532, 49.615604], [-110.290425, 49.615743], [-110.290478, 49.616007], [-110.290157, 49.616744], [-110.290275, 49.617189], [-110.290157, 49.61753], [-110.290307, 49.61819], [-110.290242, 49.618385], [-110.290103, 49.618628], [-110.290039, 49.618948], [-110.289642, 49.619226], [-110.289212, 49.619497], [-110.288526, 49.620115], [-110.28829, 49.620505], [-110.288129, 49.621068], [-110.287936, 49.621547], [-110.287968, 49.62193], [-110.287979, 49.622108], [-110.287725, 49.622543], [-110.287206, 49.623028], [-110.287013, 49.62334], [-110.287002, 49.623507], [-110.287271, 49.623945], [-110.287324, 49.624181], [-110.287238, 49.624369], [-110.286713, 49.624765], [-110.286605, 49.624939], [-110.286455, 49.625043], [-110.286337, 49.625134], [-110.286251, 49.625419], [-110.285758, 49.625745], [-110.2852, 49.625975], [-110.284792, 49.626051], [-110.284363, 49.626072], [-110.283827, 49.626162], [-110.283344, 49.626315], [-110.283, 49.626558], [-110.282432, 49.626836], [-110.281777, 49.627086], [-110.28167, 49.627135]]}, "bbox": [-110.291337, 49.614774, -110.28167, 49.627135]}, {"type": "Feature", "properties": {"area": "Cypress Hills / Elkwater", "difficulty": "easy", "highway": "path", "name": "Ridgetop Trail", "osm_id": 370924932, "stroke": "#22c55e"}, "geometry": {"type": "LineString", "coordinates": [[-110.240039, 49.668675], [-110.239478, 49.668223], [-110.239167, 49.66789], [-110.238298, 49.66739], [-110.238115, 49.667168], [-110.237665, 49.666841], [-110.237203, 49.666279], [-110.236795, 49.66598], [-110.236366, 49.665821], [-110.235422, 49.664501], [-110.234886, 49.663418], [-110.234152, 49.662537], [-110.232598, 49.660982], [-110.232461, 49.660585], [-110.232257, 49.659994], [-110.232214, 49.659709], [-110.232193, 49.659258], [-110.23289, 49.658522], [-110.233201, 49.658195], [-110.234124, 49.656862], [-110.233995, 49.656501], [-110.232847, 49.656285], [-110.232171, 49.656369], [-110.231721, 49.656209], [-110.231699, 49.655556], [-110.230723, 49.654702], [-110.230058, 49.653208], [-110.229661, 49.652556], [-110.229854, 49.652139], [-110.230122, 49.652076], [-110.230498, 49.652055], [-110.231206, 49.652125], [-110.232053, 49.651937], [-110.232354, 49.651646], [-110.232751, 49.651416], [-110.23318, 49.651291], [-110.233491, 49.651284], [-110.233695, 49.651333], [-110.235315, 49.651257], [-110.237096, 49.651187], [-110.237665, 49.650916], [-110.237686, 49.650645], [-110.237493, 49.650145], [-110.236849, 49.649381], [-110.236399, 49.64902], [-110.235851, 49.648895], [-110.235626, 49.648909], [-110.235315, 49.648777], [-110.23539, 49.648374], [-110.235733, 49.647943], [-110.235733, 49.647693], [-110.235433, 49.647422], [-110.235326, 49.647144], [-110.235444, 49.646839], [-110.235841, 49.64613], [-110.236034, 49.64581], [-110.23628, 49.645484], [-110.23657, 49.645234], [-110.237182, 49.644935], [-110.237847, 49.645025], [-110.238383, 49.645137], [-110.238888, 49.645324], [-110.240669, 49.645477], [-110.242042, 49.645588], [-110.2426, 49.645185], [-110.242417, 49.644616], [-110.242106, 49.643837], [-110.241784, 49.642608], [-110.241538, 49.641955], [-110.241623, 49.641545], [-110.241795, 49.641267], [-110.241666, 49.640767], [-110.240969, 49.640204], [-110.24098, 49.639975], [-110.241452, 49.639495], [-110.241988, 49.639398], [-110.24231, 49.639724], [-110.24245, 49.640239], [-110.242482, 49.640364], [-110.243576, 49.641218], [-110.243801, 49.641621], [-110.243855, 49.641934], [-110.244359, 49.642212], [-110.245539, 49.642344], [-110.246366, 49.642253], [-110.246923, 49.641927], [-110.246988, 49.641816], [-110.247342, 49.641795], [-110.247417, 49.641878], [-110.24761, 49.642733], [-110.247717, 49.644136], [-110.24805, 49.644546], [-110.248855, 49.644595], [-110.249531, 49.644581], [-110.249917, 49.644657], [-110.251097, 49.64522], [-110.251483, 49.645519], [-110.251751, 49.645644], [-110.252792, 49.645838], [-110.252953, 49.645665], [-110.252942, 49.645102], [-110.253382, 49.64447], [-110.253683, 49.643872], [-110.253994, 49.64349], [-110.254562, 49.642886], [-110.254702, 49.642691], [-110.254509, 49.642073], [-110.253715, 49.640642], [-110.253017, 49.639433], [-110.252052, 49.637869], [-110.252084, 49.637584], [-110.252867, 49.636494], [-110.253221, 49.635611], [-110.253296, 49.635396], [-110.253318, 49.635097], [-110.253286, 49.634902], [-110.253039, 49.634645], [-110.252406, 49.634214], [-110.252234, 49.634089], [-110.252127, 49.633902], [-110.252106, 49.63304], [-110.252052, 49.632833]]}, "bbox": [-110.254702, 49.632833, -110.229661, 49.668675]}, {"type": "Feature", "properties": {"area": "Redcliff", "difficulty": "easy", "highway": "path", "name": "River Valley Trail", "osm_id": 441989584, "stroke": "#22c55e"}, "geometry": {"type": "MultiLineString", "coordinates": [[[-110.800271, 50.053263], [-110.800269, 50.053305], [-110.800252, 50.053348], [-110.800228, 50.053379], [-110.800169, 50.0534], [-110.800108, 50.053426], [-110.800074, 50.053459], [-110.800072, 50.053511], [-110.799978, 50.05351], [-110.799811, 50.053501], [-110.799597, 50.05342], [-110.799336, 50.053298], [-110.79918, 50.053236], [-110.798913, 50.053217], [-110.798494, 50.053334], [-110.797462, 50.053638], [-110.796222, 50.053973], [-110.795299, 50.054208], [-110.795063, 50.054263], [-110.794087, 50.054387], [-110.793615, 50.054421], [-110.792853, 50.054641], [-110.792488, 50.054786], [-110.791984, 50.05491], [-110.791458, 50.055], [-110.790643, 50.055158], [-110.790342, 50.055158], [-110.79001, 50.055289], [-110.789344, 50.055468], [-110.788593, 50.055578], [-110.788196, 50.055647], [-110.787735, 50.055689], [-110.787349, 50.055806], [-110.787338, 50.055875], [-110.787499, 50.056005], [-110.787653, 50.056037], [-110.787907, 50.055999], [-110.788207, 50.055992], [-110.788497, 50.056054], [-110.788942, 50.056151], [-110.789135, 50.056214], [-110.789296, 50.056335], [-110.789839, 50.056481], [-110.790289, 50.056508], [-110.790804, 50.056432], [-110.791158, 50.056377], [-110.791372, 50.056364], [-110.791576, 50.056364], [-110.791726, 50.056439], [-110.791855, 50.056563], [-110.791973, 50.05666], [-110.792252, 50.056722], [-110.79267, 50.056956], [-110.792982, 50.057149], [-110.793014, 50.057211], [-110.793057, 50.057328], [-110.792976, 50.057465], [-110.793153, 50.057507], [-110.7934, 50.057603], [-110.793529, 50.057686], [-110.793654, 50.057713], [-110.793754, 50.057734], [-110.794065, 50.057817], [-110.794269, 50.057948], [-110.794355, 50.058044], [-110.794462, 50.058099], [-110.794762, 50.058093], [-110.795106, 50.058037], [-110.795417, 50.058093], [-110.79576, 50.058216], [-110.796082, 50.05832], [-110.79634, 50.058458], [-110.796898, 50.058809], [-110.797306, 50.058953], [-110.797606, 50.058954], [-110.797788, 50.058919], [-110.798142, 50.058912], [-110.798303, 50.058954], [-110.798475, 50.059105], [-110.798861, 50.059298], [-110.799319, 50.059648], [-110.799526, 50.059808], [-110.799784, 50.059938], [-110.799912, 50.060028], [-110.799912, 50.0601], [-110.799912, 50.060152], [-110.799816, 50.060317], [-110.79973, 50.060517], [-110.799569, 50.060827], [-110.799334, 50.061012], [-110.799323, 50.061126], [-110.799355, 50.061235], [-110.799358, 50.061345], [-110.7993, 50.061423], [-110.799201, 50.061528], [-110.799101, 50.06162], [-110.799067, 50.061695], [-110.799065, 50.06181], [-110.799029, 50.061888], [-110.798962, 50.061962], [-110.798813, 50.062072], [-110.798642, 50.062183], [-110.798171, 50.062495], [-110.798146, 50.062598], [-110.798028, 50.062699], [-110.797925, 50.062747], [-110.797808, 50.062778], [-110.797695, 50.062787], [-110.797562, 50.062788], [-110.797441, 50.062807], [-110.797341, 50.062838], [-110.797254, 50.062874], [-110.797175, 50.062909], [-110.797061, 50.062933], [-110.796948, 50.062941], [-110.796828, 50.062936], [-110.796821, 50.062936], [-110.796723, 50.062944], [-110.796667, 50.062967], [-110.796534, 50.063031], [-110.79645, 50.063053], [-110.79637, 50.063066], [-110.79629, 50.063067], [-110.796214, 50.063067], [-110.796126, 50.063077], [-110.796062, 50.063091], [-110.795972, 50.06312], [-110.795904, 50.063147], [-110.795854, 50.063182], [-110.795814, 50.063212], [-110.795761, 50.063253], [-110.795711, 50.06328], [-110.795661, 50.063304], [-110.795602, 50.063324], [-110.795526, 50.063341], [-110.79547, 50.063353], [-110.795402, 50.063377], [-110.795306, 50.063421], [-110.795222, 50.06349], [-110.795179, 50.063548], [-110.795156, 50.063591], [-110.795138, 50.063618], [-110.795105, 50.063653], [-110.79506, 50.063692], [-110.795016, 50.06372], [-110.794937, 50.063759], [-110.794885, 50.063778], [-110.794817, 50.063811], [-110.794743, 50.063866], [-110.794715, 50.063898], [-110.794685, 50.06394], [-110.794661, 50.063971], [-110.794631, 50.063993], [-110.794597, 50.064006], [-110.794569, 50.064015], [-110.794532, 50.064027]], [[-110.789775, 50.062151], [-110.789752, 50.061916], [-110.789708, 50.061711], [-110.789652, 50.061513], [-110.789644, 50.061373], [-110.789658, 50.06117], [-110.789701, 50.060979], [-110.789728, 50.060837], [-110.78974, 50.060674], [-110.789801, 50.06056], [-110.789937, 50.060481], [-110.790204, 50.060464], [-110.790445, 50.060558], [-110.790686, 50.060589], [-110.790945, 50.060628], [-110.791112, 50.060722], [-110.791268, 50.060922], [-110.791542, 50.061064], [-110.791748, 50.061034], [-110.791886, 50.060975], [-110.791952, 50.060861], [-110.792055, 50.060771], [-110.792173, 50.06074], [-110.792319, 50.060761], [-110.792373, 50.060837], [-110.792314, 50.060967], [-110.79228, 50.061085], [-110.792322, 50.061204], [-110.79243, 50.061287], [-110.792616, 50.06137], [-110.792844, 50.061378], [-110.793143, 50.061407], [-110.793404, 50.061374], [-110.793651, 50.061391], [-110.793704, 50.061483], [-110.793693, 50.061656], [-110.793649, 50.061783], [-110.793606, 50.061911], [-110.793583, 50.062042], [-110.79357, 50.062093]], [[-110.793699, 50.061417], [-110.794017, 50.061369], [-110.794295, 50.061302], [-110.79456, 50.061199], [-110.79478, 50.061092], [-110.794936, 50.06098], [-110.795003, 50.060923]], [[-110.794163, 50.061354], [-110.794378, 50.061454], [-110.794598, 50.061541], [-110.794749, 50.061642], [-110.794851, 50.061725], [-110.794968, 50.061882], [-110.795049, 50.062059], [-110.795127, 50.062252], [-110.795232, 50.062329], [-110.795339, 50.062346], [-110.795508, 50.062333], [-110.795669, 50.062304], [-110.795765, 50.062269], [-110.7959, 50.062201], [-110.796079, 50.062078], [-110.796296, 50.061982], [-110.796421, 50.061906], [-110.796576, 50.061892], [-110.796862, 50.061883], [-110.79703, 50.061856], [-110.797231, 50.061832], [-110.797389, 50.061739], [-110.797507, 50.061686], [-110.797684, 50.06166], [-110.797858, 50.061655], [-110.798, 50.061712], [-110.798132, 50.061833], [-110.798179, 50.061946], [-110.798202, 50.062137], [-110.798207, 50.062314], [-110.798199, 50.062431]]]}, "bbox": [-110.800271, 50.053217, -110.787338, 50.064027]}, {"type": "Feature", "properties": {"area": "Cypress Hills / Elkwater", "difficulty": "advanced", "highway": "path", "name": "Rodeo Loop", "osm_id": 370926482, "stroke": "#0a0a0a"}, "geometry": {"type": "LineString", "coordinates": [[-110.254744, 49.666389], [-110.254485, 49.666536], [-110.254217, 49.666585], [-110.254077, 49.666724], [-110.254174, 49.666925], [-110.254045, 49.667078], [-110.253798, 49.667106], [-110.253659, 49.667113], [-110.253466, 49.667141], [-110.25324, 49.667217], [-110.253058, 49.667377], [-110.252908, 49.667648], [-110.252908, 49.667738], [-110.252811, 49.667884], [-110.252597, 49.66796], [-110.252457, 49.668022], [-110.252414, 49.668266], [-110.252479, 49.668529], [-110.252479, 49.668613], [-110.252296, 49.668738], [-110.252189, 49.668974], [-110.252167, 49.669127], [-110.251985, 49.669279], [-110.251835, 49.669453], [-110.251502, 49.66964], [-110.251062, 49.669779], [-110.250687, 49.669849], [-110.250429, 49.669765], [-110.250215, 49.669793], [-110.249957, 49.669696], [-110.249721, 49.669654], [-110.249571, 49.669731], [-110.249432, 49.669946], [-110.249324, 49.670092], [-110.249067, 49.670168], [-110.24882, 49.670203], [-110.248734, 49.670314], [-110.248745, 49.670467], [-110.248595, 49.670606], [-110.24838, 49.670682], [-110.248112, 49.670751], [-110.247951, 49.670814], [-110.247876, 49.671001], [-110.247565, 49.671161], [-110.246953, 49.671425], [-110.246803, 49.671494], [-110.246524, 49.671612], [-110.24617, 49.671654], [-110.24587, 49.671821], [-110.245687, 49.672112], [-110.246009, 49.672494], [-110.246202, 49.672793], [-110.246309, 49.672834], [-110.246535, 49.673119], [-110.246567, 49.6733], [-110.246106, 49.673751], [-110.24588, 49.673855], [-110.245634, 49.67398], [-110.245194, 49.673931], [-110.244904, 49.673813], [-110.244593, 49.673897], [-110.244507, 49.673855], [-110.2444, 49.673917], [-110.244035, 49.674008], [-110.243756, 49.674174], [-110.243702, 49.674327], [-110.243574, 49.674716], [-110.24323, 49.674737], [-110.242887, 49.674619], [-110.242801, 49.674501], [-110.242801, 49.674424], [-110.242415, 49.674258], [-110.242308, 49.674084], [-110.242007, 49.673883], [-110.242168, 49.673702], [-110.242619, 49.673543], [-110.242833, 49.673494], [-110.242994, 49.673341], [-110.243198, 49.67323], [-110.243252, 49.673022], [-110.243155, 49.672689], [-110.243155, 49.672564], [-110.243069, 49.6723], [-110.243069, 49.672203], [-110.242962, 49.672008], [-110.242812, 49.671835], [-110.242533, 49.671716], [-110.242029, 49.671258], [-110.241621, 49.671147], [-110.241449, 49.671189], [-110.241192, 49.671043], [-110.240859, 49.671001], [-110.240585, 49.670764]]}, "bbox": [-110.254744, 49.666389, -110.240585, 49.674737]}, {"type": "Feature", "properties": {"area": "Cypress Hills / Elkwater", "difficulty": "easy", "highway": "path", "name": "Ruttentuke", "osm_id": 949756506, "stroke": "#22c55e"}, "geometry": {"type": "LineString", "coordinates": [[-110.262093, 49.657776], [-110.262005, 49.657804], [-110.262009, 49.657839], [-110.262005, 49.657872], [-110.261982, 49.65791], [-110.261945, 49.657932], [-110.261927, 49.657968], [-110.261883, 49.658076], [-110.261855, 49.658128], [-110.26184, 49.658199], [-110.261835, 49.658253], [-110.261827, 49.658332], [-110.261845, 49.65841], [-110.261857, 49.658459], [-110.261872, 49.658584], [-110.261978, 49.658724], [-110.261937, 49.658865], [-110.261988, 49.658971], [-110.261975, 49.659065], [-110.26195, 49.659107], [-110.261997, 49.659228], [-110.262081, 49.659326], [-110.262188, 49.659429], [-110.262259, 49.659466], [-110.26234, 49.659529], [-110.262347, 49.659608], [-110.26237, 49.659687], [-110.262379, 49.659786], [-110.262342, 49.65988], [-110.262342, 49.659918], [-110.262357, 49.659953], [-110.262417, 49.660004], [-110.262422, 49.660036], [-110.262465, 49.660079], [-110.262475, 49.660161], [-110.262512, 49.660248], [-110.262508, 49.660295], [-110.262533, 49.660362], [-110.262533, 49.660392], [-110.262516, 49.660431], [-110.262529, 49.660463], [-110.26252, 49.660534], [-110.262533, 49.660588], [-110.262527, 49.660688], [-110.262572, 49.660781], [-110.262583, 49.660818], [-110.262628, 49.660863], [-110.262802, 49.660986], [-110.262862, 49.660993], [-110.263226, 49.660936], [-110.263432, 49.660952], [-110.263494, 49.660945], [-110.263631, 49.660885], [-110.263694, 49.660832], [-110.263767, 49.660807], [-110.263784, 49.660782], [-110.264, 49.660684], [-110.264067, 49.660638], [-110.264436, 49.660402], [-110.264496, 49.660353], [-110.264563, 49.660325], [-110.264777, 49.660303], [-110.265093, 49.660156], [-110.265217, 49.660054], [-110.265292, 49.659996], [-110.265346, 49.659935], [-110.265472, 49.659872], [-110.265573, 49.659774], [-110.265603, 49.659758], [-110.265661, 49.659665], [-110.265777, 49.659571], [-110.265926, 49.65956], [-110.266087, 49.659571], [-110.266138, 49.659571], [-110.26625, 49.659631], [-110.266301, 49.659704], [-110.266351, 49.65974], [-110.266555, 49.659795], [-110.266642, 49.659838], [-110.266979, 49.659981], [-110.267058, 49.659982], [-110.267103, 49.659949], [-110.267157, 49.659967], [-110.267247, 49.659954], [-110.267337, 49.659906], [-110.267395, 49.659888], [-110.267552, 49.659913], [-110.267618, 49.659925], [-110.267687, 49.659925], [-110.267764, 49.659914], [-110.267846, 49.659917], [-110.268035, 49.659978], [-110.268183, 49.660049], [-110.268279, 49.660088], [-110.268378, 49.660103], [-110.26847, 49.660104], [-110.268728, 49.660153], [-110.268784, 49.660189], [-110.2689, 49.660224], [-110.269007, 49.660252], [-110.269175, 49.660324], [-110.269235, 49.660368], [-110.269372, 49.660411], [-110.269488, 49.660424], [-110.269632, 49.66047], [-110.26972, 49.660517], [-110.269737, 49.660549], [-110.269808, 49.660586], [-110.26996, 49.66062], [-110.270024, 49.660618], [-110.270162, 49.6606], [-110.270308, 49.66062], [-110.270361, 49.660648], [-110.270533, 49.660661], [-110.27072, 49.660577], [-110.270902, 49.660577], [-110.270975, 49.660589], [-110.271007, 49.660605], [-110.271106, 49.660652], [-110.271314, 49.660691], [-110.271389, 49.660692], [-110.271505, 49.660739], [-110.271548, 49.660763], [-110.27178, 49.660834], [-110.271846, 49.660887], [-110.27191, 49.660922], [-110.271983, 49.660954], [-110.272144, 49.661065], [-110.272241, 49.661104], [-110.272481, 49.661107], [-110.272578, 49.661079], [-110.272685, 49.66103], [-110.272709, 49.661044], [-110.272751, 49.661019], [-110.272854, 49.661003], [-110.272919, 49.660969], [-110.273134, 49.660944], [-110.27329, 49.660965], [-110.273402, 49.660957], [-110.273634, 49.660963]]}, "bbox": [-110.273634, 49.657776, -110.261827, 49.661107]}, {"type": "Feature", "properties": {"area": "Cypress Hills / Elkwater", "difficulty": "easy", "highway": "path", "name": "Salus Trail", "osm_id": 913025209, "stroke": "#22c55e"}, "geometry": {"type": "LineString", "coordinates": [[-110.279241, 49.615927], [-110.279424, 49.616442], [-110.279638, 49.61672], [-110.279939, 49.617262], [-110.280207, 49.617568], [-110.280357, 49.617985], [-110.280582, 49.61852], [-110.280679, 49.61909], [-110.280808, 49.619876], [-110.280936, 49.620237], [-110.280861, 49.620543], [-110.280936, 49.620633], [-110.280969, 49.620786], [-110.281044, 49.621377], [-110.280969, 49.621947], [-110.28069, 49.622079], [-110.280357, 49.622301], [-110.279971, 49.622357], [-110.279799, 49.622433], [-110.279466, 49.622677], [-110.279059, 49.622885], [-110.278147, 49.623518], [-110.277578, 49.623858], [-110.27716, 49.624136], [-110.277031, 49.624352]]}, "bbox": [-110.281044, 49.615927, -110.277031, 49.624352]}, {"type": "Feature", "properties": {"area": "Cypress Hills / Elkwater", "difficulty": "easy", "highway": "path", "name": "Shoreline", "osm_id": [370925777, 1025718960], "stroke": "#22c55e"}, "geometry": {"type": "MultiLineString", "coordinates": [[[-110.28216, 49.662914], [-110.282228, 49.663012], [-110.282246, 49.663188], [-110.282267, 49.663341], [-110.281859, 49.663542], [-110.281419, 49.663625], [-110.281162, 49.663702], [-110.281076, 49.663827], [-110.280765, 49.663854], [-110.280321, 49.663968], [-110.280203, 49.664128], [-110.280114, 49.66419], [-110.279822, 49.664261], [-110.279553, 49.664311], [-110.279073, 49.664422], [-110.278911, 49.664434], [-110.278702, 49.664415], [-110.278256, 49.664344], [-110.278113, 49.664291], [-110.277956, 49.664203], [-110.277894, 49.664172], [-110.277786, 49.664144], [-110.277665, 49.664116], [-110.277583, 49.66407], [-110.277465, 49.663983], [-110.277413, 49.663959], [-110.277315, 49.663946], [-110.277123, 49.663955], [-110.277016, 49.663944], [-110.276914, 49.663912], [-110.276434, 49.663723], [-110.276319, 49.663677]], [[-110.273556, 49.66347], [-110.273426, 49.663473], [-110.273256, 49.663472], [-110.273188, 49.663442], [-110.272983, 49.663312], [-110.272785, 49.66326], [-110.272634, 49.663227]]]}, "bbox": [-110.282267, 49.662914, -110.272634, 49.664434]}, {"type": "Feature", "properties": {"area": "Medicine Hat", "difficulty": "intermediate", "name": "Sidewinder", "osm_id": 1332502643, "stroke": "#3b82f6"}, "geometry": {"type": "LineString", "coordinates": [[-110.73476, 50.030379], [-110.734691, 50.030471], [-110.734625, 50.030539], [-110.734566, 50.03061], [-110.734533, 50.030643], [-110.734434, 50.030722], [-110.734412, 50.030754], [-110.734353, 50.030858], [-110.73429, 50.030942], [-110.734214, 50.031034], [-110.734158, 50.031087], [-110.734099, 50.031123], [-110.733995, 50.031186], [-110.733938, 50.031231], [-110.733759, 50.031331], [-110.733691, 50.031376], [-110.733653, 50.031423], [-110.733632, 50.031501], [-110.733604, 50.031545], [-110.733552, 50.031599], [-110.733533, 50.031628], [-110.733495, 50.03169], [-110.733474, 50.031714], [-110.733403, 50.031764], [-110.733368, 50.031793], [-110.733318, 50.031834], [-110.73328, 50.031857], [-110.733205, 50.031881], [-110.733148, 50.031896], [-110.733125, 50.031914], [-110.733033, 50.03199], [-110.732932, 50.032046], [-110.732903, 50.032075], [-110.732858, 50.032126], [-110.732809, 50.032167], [-110.732778, 50.032199], [-110.732704, 50.032311], [-110.732648, 50.032363], [-110.73253, 50.032475], [-110.732467, 50.032503], [-110.732359, 50.032522], [-110.732211, 50.032537], [-110.732126, 50.032551], [-110.732066, 50.032568], [-110.73201, 50.0326], [-110.731875, 50.032702], [-110.731726, 50.032861], [-110.731675, 50.032912], [-110.731636, 50.032932], [-110.731591, 50.032935], [-110.731554, 50.032919], [-110.731548, 50.032888], [-110.731574, 50.032821], [-110.731633, 50.032726], [-110.731638, 50.032697], [-110.731644, 50.032548], [-110.731669, 50.032469], [-110.731667, 50.032436], [-110.731692, 50.032386], [-110.731706, 50.032333], [-110.731726, 50.032281], [-110.731754, 50.032239], [-110.731791, 50.032178], [-110.731838, 50.032129], [-110.731864, 50.032091], [-110.731855, 50.032069], [-110.731824, 50.032056], [-110.731796, 50.032065], [-110.731745, 50.032105], [-110.731698, 50.032129], [-110.73161, 50.03214], [-110.731458, 50.032136], [-110.731399, 50.032154], [-110.731332, 50.032185], [-110.731298, 50.032217], [-110.731219, 50.032295], [-110.731177, 50.032326], [-110.731126, 50.032355], [-110.731098, 50.03238], [-110.731075, 50.032416], [-110.731075, 50.032449], [-110.731081, 50.032492], [-110.731123, 50.032586], [-110.731146, 50.032633], [-110.731151, 50.032713], [-110.731134, 50.032771], [-110.731098, 50.032832], [-110.730992, 50.032928], [-110.7309, 50.032983], [-110.730856, 50.033053], [-110.730797, 50.033124], [-110.730683, 50.033226], [-110.73054, 50.033355], [-110.730525, 50.033426], [-110.730488, 50.033476], [-110.730444, 50.033523], [-110.730433, 50.033584], [-110.730408, 50.033613], [-110.730294, 50.033688], [-110.730275, 50.033721], [-110.730194, 50.033934], [-110.730132, 50.033974], [-110.729878, 50.034097], [-110.729845, 50.034151], [-110.729816, 50.034243], [-110.72979, 50.034271], [-110.729654, 50.034333], [-110.72957, 50.034373], [-110.729452, 50.034526], [-110.729386, 50.034571], [-110.729276, 50.034611], [-110.729099, 50.034644], [-110.728967, 50.034689], [-110.728912, 50.034724], [-110.728883, 50.034767], [-110.728868, 50.034819], [-110.728872, 50.034904], [-110.728831, 50.034956], [-110.728736, 50.035041], [-110.728661, 50.035094], [-110.72857, 50.035128], [-110.728445, 50.03513], [-110.728342, 50.035104], [-110.728214, 50.035036], [-110.728148, 50.035019], [-110.728085, 50.035017], [-110.728015, 50.035038], [-110.72799, 50.035071], [-110.727971, 50.035142], [-110.727982, 50.035178], [-110.728082, 50.035425], [-110.728082, 50.035489], [-110.728052, 50.035513], [-110.727924, 50.0356], [-110.727909, 50.035635], [-110.727938, 50.035671], [-110.728063, 50.035751], [-110.728096, 50.035789], [-110.72814, 50.03585], [-110.728221, 50.035954], [-110.728214, 50.036023], [-110.728159, 50.036119], [-110.728115, 50.036174], [-110.728082, 50.036228], [-110.728085, 50.036282], [-110.72814, 50.036403], [-110.728148, 50.036452], [-110.728118, 50.036473], [-110.728071, 50.036473], [-110.728045, 50.036454], [-110.727935, 50.036341], [-110.727799, 50.036259], [-110.727762, 50.036209], [-110.727718, 50.036178], [-110.727633, 50.036152], [-110.727571, 50.036145], [-110.72749, 50.03615], [-110.727435, 50.036157], [-110.727372, 50.03615], [-110.72731, 50.036119], [-110.727247, 50.036098], [-110.727196, 50.036089], [-110.727148, 50.036089], [-110.727086, 50.036105], [-110.727016, 50.036143], [-110.726954, 50.036181], [-110.726807, 50.036228], [-110.72674, 50.036235], [-110.726682, 50.036226], [-110.726575, 50.036178], [-110.726468, 50.036141], [-110.726355, 50.036119], [-110.726303, 50.036096], [-110.726141, 50.036018], [-110.726083, 50.035971], [-110.725983, 50.035897], [-110.725928, 50.035841], [-110.725921, 50.035789]]}, "bbox": [-110.73476, 50.030379, -110.725921, 50.036473]}, {"type": "Feature", "properties": {"area": "Redcliff", "difficulty": "intermediate", "highway": "path", "name": "Slow Burn", "osm_id": 510530658, "stroke": "#3b82f6"}, "geometry": {"type": "LineString", "coordinates": [[-110.787647, 50.056043], [-110.787952, 50.056095], [-110.788105, 50.056112], [-110.788211, 50.05616], [-110.788226, 50.056268], [-110.788365, 50.056342], [-110.788382, 50.056441], [-110.788211, 50.056547], [-110.788144, 50.056632], [-110.788281, 50.056613], [-110.788527, 50.056458], [-110.788659, 50.056427], [-110.788655, 50.056489], [-110.788607, 50.056548], [-110.788627, 50.05668], [-110.788725, 50.056808], [-110.78882, 50.056888], [-110.788905, 50.056914], [-110.789041, 50.056917], [-110.789248, 50.056897], [-110.789336, 50.056888], [-110.789437, 50.056899], [-110.789484, 50.056921], [-110.789532, 50.05698], [-110.7896, 50.057174], [-110.78964, 50.057232], [-110.789693, 50.057254], [-110.789798, 50.05723], [-110.789865, 50.057138], [-110.789921, 50.056983], [-110.789999, 50.05689], [-110.790065, 50.056849], [-110.790145, 50.056833], [-110.790241, 50.056854], [-110.790397, 50.056931], [-110.790764, 50.057028], [-110.79088, 50.057039], [-110.791151, 50.056976], [-110.791224, 50.056982], [-110.791311, 50.057021], [-110.791475, 50.057187], [-110.791529, 50.057286], [-110.791507, 50.057462], [-110.791519, 50.057522], [-110.79156, 50.05754], [-110.791646, 50.057522], [-110.791712, 50.057484], [-110.791923, 50.057312], [-110.792038, 50.057305], [-110.792219, 50.057378], [-110.792465, 50.057357], [-110.792615, 50.057422], [-110.792729, 50.057459], [-110.792867, 50.057521], [-110.793016, 50.057555], [-110.793112, 50.057624], [-110.793394, 50.057721], [-110.79346, 50.057975], [-110.793352, 50.058098], [-110.793406, 50.058221], [-110.793343, 50.058416], [-110.793272, 50.058506], [-110.793182, 50.058588], [-110.793157, 50.058667], [-110.793348, 50.058578], [-110.793558, 50.058475], [-110.793701, 50.058314], [-110.793857, 50.058217], [-110.794038, 50.058178], [-110.79429, 50.058172], [-110.794393, 50.058188], [-110.794493, 50.05823], [-110.794709, 50.058414], [-110.794795, 50.058525], [-110.794867, 50.058658], [-110.794882, 50.058728], [-110.794874, 50.058879], [-110.794833, 50.058964], [-110.794551, 50.059233], [-110.794877, 50.05912], [-110.79497, 50.059079], [-110.79514, 50.058963], [-110.795203, 50.058897], [-110.795285, 50.058753], [-110.795364, 50.058711], [-110.795514, 50.058665], [-110.795804, 50.058523], [-110.795909, 50.058505], [-110.795988, 50.058507], [-110.796081, 50.058533], [-110.796117, 50.058565], [-110.796129, 50.058619], [-110.796056, 50.058727], [-110.795707, 50.058986], [-110.795756, 50.059048], [-110.795934, 50.059068], [-110.796069, 50.059047], [-110.796398, 50.058932], [-110.796513, 50.058911], [-110.796614, 50.05892], [-110.796711, 50.058962], [-110.796757, 50.059003], [-110.796793, 50.05907], [-110.796808, 50.059187], [-110.79679, 50.059293], [-110.796724, 50.059456], [-110.797092, 50.059504], [-110.797174, 50.059515], [-110.797323, 50.059504], [-110.797389, 50.059457], [-110.797431, 50.059392], [-110.797565, 50.059125], [-110.797739, 50.059029], [-110.797889, 50.05904], [-110.798039, 50.059083], [-110.798154, 50.059212], [-110.798187, 50.059333], [-110.798056, 50.059604], [-110.798165, 50.059597], [-110.798674, 50.059631], [-110.799286, 50.059764], [-110.799907, 50.060105], [-110.800521, 50.060338]]}, "bbox": [-110.800521, 50.056043, -110.787647, 50.060338]}, {"type": "Feature", "properties": {"area": "Medicine Hat", "difficulty": "easy", "highway": "path", "name": "Smithers Trail", "osm_id": 510274853, "stroke": "#22c55e"}, "geometry": {"type": "LineString", "coordinates": [[-110.760456, 50.046617], [-110.760206, 50.046393], [-110.760015, 50.046254], [-110.759906, 50.046199], [-110.75961, 50.046124], [-110.758929, 50.045818], [-110.758846, 50.045742], [-110.758767, 50.045575], [-110.758648, 50.04549], [-110.758445, 50.04538], [-110.758277, 50.04532], [-110.757978, 50.045259], [-110.757848, 50.045194], [-110.757332, 50.044894], [-110.756858, 50.044579], [-110.75645, 50.044254], [-110.755899, 50.043858], [-110.755523, 50.043611], [-110.755354, 50.04337], [-110.755092, 50.042908], [-110.754854, 50.042662], [-110.754578, 50.042463], [-110.754267, 50.042277], [-110.754118, 50.042212], [-110.753406, 50.042002], [-110.752539, 50.041712], [-110.752339, 50.041632], [-110.752024, 50.041473], [-110.751629, 50.041224], [-110.751425, 50.041014], [-110.750673, 50.040394], [-110.75034, 50.040141], [-110.749395, 50.039582], [-110.748551, 50.039142], [-110.748217, 50.038996], [-110.746917, 50.038513], [-110.745942, 50.038248], [-110.745245, 50.038079], [-110.74497, 50.038045], [-110.744672, 50.037981], [-110.744449, 50.037956], [-110.74395, 50.037935], [-110.74356, 50.037945], [-110.742541, 50.03804], [-110.74175, 50.038166], [-110.741337, 50.038269], [-110.740878, 50.038457], [-110.740689, 50.038551], [-110.74029, 50.038621], [-110.739841, 50.038765], [-110.739176, 50.0391], [-110.738621, 50.039406], [-110.738261, 50.039583], [-110.738009, 50.039632], [-110.736867, 50.039633], [-110.736274, 50.03965], [-110.735814, 50.039737], [-110.735514, 50.039841], [-110.734735, 50.040159], [-110.734187, 50.04047], [-110.733471, 50.040922], [-110.731793, 50.042], [-110.729701, 50.043397], [-110.728794, 50.04392], [-110.728612, 50.044003], [-110.728442, 50.044071]]}, "bbox": [-110.760456, 50.037935, -110.728442, 50.046617]}, {"type": "Feature", "properties": {"@circle": {"type": "Mercator", "center": [-110.2789619, 49.6620593]}, "name": "Soggy Bottom Clubhouse", "fill-opacity": 0.3, "difficulty": "intermediate"}, "geometry": {"type": "Polygon", "coordinates": [[[-110.278861, 49.662059], [-110.278861, 49.662063], [-110.278862, 49.662068], [-110.278863, 49.662072], [-110.278864, 49.662076], [-110.278866, 49.66208], [-110.278868, 49.662083], [-110.27887, 49.662087], [-110.278873, 49.662091], [-110.278877, 49.662094], [-110.27888, 49.662098], [-110.278884, 49.662101], [-110.278888, 49.662104], [-110.278893, 49.662107], [-110.278897, 49.66211], [-110.278902, 49.662112], [-110.278908, 49.662115], [-110.278913, 49.662117], [-110.278919, 49.662119], [-110.278925, 49.66212], [-110.278931, 49.662122], [-110.278937, 49.662123], [-110.278943, 49.662124], [-110.278949, 49.662124], [-110.278956, 49.662125], [-110.278962, 49.662125], [-110.278968, 49.662125], [-110.278975, 49.662124], [-110.278981, 49.662124], [-110.278987, 49.662123], [-110.278993, 49.662122], [-110.278999, 49.66212], [-110.279005, 49.662119], [-110.279011, 49.662117], [-110.279016, 49.662115], [-110.279021, 49.662112], [-110.279026, 49.66211], [-110.279031, 49.662107], [-110.279036, 49.662104], [-110.27904, 49.662101], [-110.279044, 49.662098], [-110.279047, 49.662094], [-110.27905, 49.662091], [-110.279053, 49.662087], [-110.279056, 49.662083], [-110.279058, 49.66208], [-110.27906, 49.662076], [-110.279061, 49.662072], [-110.279062, 49.662068], [-110.279063, 49.662063], [-110.279063, 49.662059], [-110.279063, 49.662055], [-110.279062, 49.662051], [-110.279061, 49.662047], [-110.27906, 49.662043], [-110.279058, 49.662039], [-110.279056, 49.662035], [-110.279053, 49.662031], [-110.27905, 49.662028], [-110.279047, 49.662024], [-110.279044, 49.662021], [-110.27904, 49.662018], [-110.279036, 49.662015], [-110.279031, 49.662012], [-110.279026, 49.662009], [-110.279021, 49.662006], [-110.279016, 49.662004], [-110.279011, 49.662002], [-110.279005, 49.662], [-110.278999, 49.661998], [-110.278993, 49.661997], [-110.278987, 49.661996], [-110.278981, 49.661995], [-110.278975, 49.661994], [-110.278968, 49.661994], [-110.278962, 49.661994], [-110.278956, 49.661994], [-110.278949, 49.661994], [-110.278943, 49.661995], [-110.278937, 49.661996], [-110.278931, 49.661997], [-110.278925, 49.661998], [-110.278919, 49.662], [-110.278913, 49.662002], [-110.278908, 49.662004], [-110.278902, 49.662006], [-110.278897, 49.662009], [-110.278893, 49.662012], [-110.278888, 49.662015], [-110.278884, 49.662018], [-110.27888, 49.662021], [-110.278877, 49.662024], [-110.278873, 49.662028], [-110.27887, 49.662031], [-110.278868, 49.662035], [-110.278866, 49.662039], [-110.278864, 49.662043], [-110.278863, 49.662047], [-110.278862, 49.662051], [-110.278861, 49.662059]]]}, "bbox": [-110.279063, 49.661994, -110.278861, 49.662125]}, {"type": "Feature", "properties": {"area": "Cypress Hills / Elkwater", "difficulty": "easy", "highway": "path", "name": "Sorry", "osm_id": 957909306, "stroke": "#22c55e"}, "geometry": {"type": "LineString", "coordinates": [[-110.26234, 49.659529], [-110.262441, 49.659561], [-110.262548, 49.659666], [-110.262565, 49.659747], [-110.262544, 49.659869], [-110.262565, 49.659908], [-110.262565, 49.659966], [-110.26263, 49.660025], [-110.26263, 49.659955], [-110.262617, 49.659903], [-110.262638, 49.659811], [-110.262638, 49.659758], [-110.262707, 49.659664], [-110.262716, 49.659611], [-110.262746, 49.659541], [-110.262789, 49.659486], [-110.262789, 49.659397], [-110.262874, 49.659369], [-110.262939, 49.659397], [-110.263029, 49.659511], [-110.263016, 49.659603], [-110.26302, 49.659716], [-110.26302, 49.659778], [-110.26302, 49.659869], [-110.263012, 49.659955], [-110.263037, 49.660108], [-110.263012, 49.660247], [-110.263068, 49.660394], [-110.263106, 49.660453], [-110.263179, 49.6605], [-110.263269, 49.660461], [-110.263377, 49.660367], [-110.263428, 49.660289], [-110.263501, 49.660139], [-110.263505, 49.660064], [-110.26357, 49.659958], [-110.263638, 49.659922], [-110.263651, 49.6598], [-110.263716, 49.659711], [-110.263788, 49.65963], [-110.263891, 49.659566], [-110.263999, 49.659505], [-110.264102, 49.659425], [-110.264218, 49.659361], [-110.264364, 49.659311], [-110.264415, 49.659264], [-110.264527, 49.659208], [-110.264625, 49.659158], [-110.264741, 49.659091], [-110.264848, 49.659033], [-110.264956, 49.658972], [-110.265033, 49.658875], [-110.265188, 49.658772], [-110.265256, 49.658719], [-110.265394, 49.65863], [-110.265454, 49.658539], [-110.265553, 49.658429], [-110.265608, 49.658367], [-110.265677, 49.658206], [-110.265767, 49.658065], [-110.265821, 49.657981], [-110.265862, 49.657917], [-110.265909, 49.657776], [-110.265909, 49.657698], [-110.265913, 49.657551], [-110.266059, 49.657378], [-110.266179, 49.657301], [-110.266351, 49.65717], [-110.266462, 49.657112], [-110.266535, 49.657053], [-110.26672, 49.656987], [-110.266909, 49.656945], [-110.267192, 49.656826], [-110.267497, 49.656781], [-110.267711, 49.656701], [-110.267874, 49.65662], [-110.268089, 49.656495], [-110.268252, 49.656334], [-110.268462, 49.656242], [-110.268599, 49.65617], [-110.268788, 49.656098], [-110.268938, 49.656048], [-110.269114, 49.656014], [-110.269286, 49.655964], [-110.269444, 49.655837], [-110.269474, 49.6558], [-110.269389, 49.655806], [-110.269414, 49.655725], [-110.269479, 49.655681], [-110.269564, 49.655681], [-110.269796, 49.65565], [-110.269976, 49.655623], [-110.270118, 49.65562], [-110.27023, 49.655606], [-110.270204, 49.655573], [-110.270062, 49.655564], [-110.269972, 49.655525], [-110.269891, 49.655523], [-110.269749, 49.655592], [-110.269449, 49.655584], [-110.269346, 49.655611], [-110.269281, 49.655595], [-110.269204, 49.655634], [-110.269002, 49.655653], [-110.268831, 49.655675], [-110.26847, 49.65572], [-110.268316, 49.655742], [-110.268195, 49.655767], [-110.268088, 49.655803], [-110.267856, 49.655831], [-110.267693, 49.655884], [-110.267457, 49.655892], [-110.267414, 49.655831], [-110.267363, 49.655714], [-110.26729, 49.655623], [-110.267402, 49.655556], [-110.267509, 49.655559], [-110.267629, 49.655575], [-110.267711, 49.655534], [-110.267998, 49.65555], [-110.26814, 49.655556], [-110.268337, 49.655545], [-110.268513, 49.655478], [-110.268728, 49.655384], [-110.268899, 49.655311], [-110.269041, 49.655223], [-110.269213, 49.655117], [-110.269255, 49.655014], [-110.269294, 49.654905], [-110.269294, 49.654869], [-110.269453, 49.6548], [-110.269552, 49.654725], [-110.269603, 49.654672], [-110.269783, 49.654589], [-110.270054, 49.654519], [-110.270251, 49.654469], [-110.270496, 49.654483], [-110.270723, 49.654544], [-110.270955, 49.654614], [-110.271165, 49.654636], [-110.271324, 49.654589], [-110.271204, 49.654564], [-110.271019, 49.65458], [-110.270929, 49.654536], [-110.270813, 49.654419], [-110.270702, 49.654372], [-110.270624, 49.654316], [-110.270573, 49.6542], [-110.270629, 49.654116], [-110.270903, 49.654019], [-110.271056, 49.653952], [-110.271275, 49.653924], [-110.271361, 49.653877], [-110.271447, 49.65386], [-110.271541, 49.653821], [-110.271571, 49.653752], [-110.271507, 49.653716], [-110.271386, 49.653716], [-110.271339, 49.653666], [-110.271425, 49.653602], [-110.271408, 49.653541], [-110.271326, 49.653529], [-110.271163, 49.653654], [-110.271022, 49.653732], [-110.270962, 49.653718], [-110.27097, 49.653652], [-110.270992, 49.653549], [-110.27091, 49.653485], [-110.270747, 49.653432], [-110.270644, 49.653352], [-110.270584, 49.653291], [-110.270571, 49.653207], [-110.270666, 49.653129], [-110.270696, 49.65306], [-110.27067, 49.652949], [-110.270515, 49.652818], [-110.270395, 49.652749], [-110.270326, 49.652563]]}, "bbox": [-110.271571, 49.652563, -110.26234, 49.6605]}, {"type": "Feature", "properties": {"area": "Cypress Hills / Elkwater", "difficulty": "easy", "highway": "path", "name": "Spring Creek Trails", "osm_id": [370927660, 370928100, 370928271, 370929680, 913025212, 913025213, 913025217], "stroke": "#22c55e"}, "geometry": {"type": "MultiLineString", "coordinates": [[[-110.28167, 49.627135], [-110.282052, 49.627555], [-110.282589, 49.627917], [-110.283222, 49.628216], [-110.283769, 49.628382], [-110.285357, 49.628681], [-110.286215, 49.629015], [-110.286226, 49.629015], [-110.287663, 49.62955], [-110.287921, 49.629682], [-110.289294, 49.630592], [-110.289509, 49.630711], [-110.291118, 49.630912], [-110.291697, 49.630919], [-110.292395, 49.630822], [-110.292781, 49.630794], [-110.293189, 49.63053], [-110.293264, 49.630398], [-110.293307, 49.629918], [-110.293328, 49.629717], [-110.293478, 49.629369], [-110.293693, 49.629091], [-110.2938, 49.628952], [-110.293854, 49.62857], [-110.293811, 49.628264], [-110.293704, 49.627729], [-110.293714, 49.627111], [-110.293736, 49.626854], [-110.293639, 49.626027], [-110.293693, 49.625783], [-110.293811, 49.625679], [-110.293757, 49.625373], [-110.293993, 49.625026], [-110.294025, 49.624817], [-110.294144, 49.624477], [-110.293993, 49.624261], [-110.294047, 49.624039], [-110.294025, 49.623879], [-110.294111, 49.623643], [-110.294111, 49.623386], [-110.294111, 49.623316], [-110.294487, 49.623121], [-110.294616, 49.622982], [-110.294819, 49.622232], [-110.294959, 49.621766], [-110.295313, 49.621245], [-110.295646, 49.620897], [-110.295699, 49.62071], [-110.295646, 49.620564], [-110.295538, 49.62039], [-110.295238, 49.620042], [-110.294862, 49.619813], [-110.294916, 49.61941], [-110.295206, 49.618868], [-110.295356, 49.618604], [-110.295463, 49.618339], [-110.295442, 49.618166], [-110.29571, 49.617714], [-110.295764, 49.617429], [-110.295957, 49.617047], [-110.295839, 49.616796], [-110.295955, 49.61662]], [[-110.28167, 49.627135], [-110.281037, 49.626663], [-110.279911, 49.626218], [-110.278612, 49.625884], [-110.27828, 49.625578], [-110.278258, 49.625168], [-110.27813, 49.625015], [-110.277031, 49.624352]], [[-110.275776, 49.618873], [-110.275651, 49.618941], [-110.275488, 49.61896], [-110.274872, 49.619017], [-110.274271, 49.619066], [-110.273694, 49.619151], [-110.27353, 49.619241], [-110.27323, 49.619801], [-110.273053, 49.619961], [-110.272719, 49.6201], [-110.272454, 49.62022], [-110.272133, 49.620365], [-110.271711, 49.620485], [-110.271359, 49.620697], [-110.271143, 49.620836], [-110.271065, 49.620888]], [[-110.270642, 49.623082], [-110.27046, 49.623181], [-110.27032, 49.623299], [-110.269882, 49.623272], [-110.269644, 49.623306], [-110.268968, 49.62332], [-110.268121, 49.623313], [-110.267359, 49.623362], [-110.266479, 49.623619], [-110.266039, 49.623841], [-110.265814, 49.624063], [-110.265739, 49.624376], [-110.265728, 49.624696], [-110.265428, 49.624946], [-110.265278, 49.625106], [-110.265235, 49.625391], [-110.264827, 49.625926], [-110.264537, 49.626322], [-110.26428, 49.626718], [-110.264205, 49.627142], [-110.264248, 49.627518], [-110.263892, 49.627802]], [[-110.263892, 49.627802], [-110.263786, 49.627886], [-110.263422, 49.628115], [-110.262917, 49.628379], [-110.262681, 49.628581], [-110.26237, 49.628706], [-110.262237, 49.628784]], [[-110.275838, 49.623916], [-110.275651, 49.623848], [-110.275341, 49.623674], [-110.274848, 49.623535], [-110.274311, 49.623389], [-110.273185, 49.622924], [-110.272434, 49.62266], [-110.272144, 49.62259], [-110.27118, 49.622462], [-110.270914, 49.622425]], [[-110.277031, 49.624352], [-110.276188, 49.624042], [-110.275838, 49.623916]]]}, "bbox": [-110.295957, 49.61662, -110.262237, 49.630919]}, {"type": "Feature", "properties": {"area": "Cypress Hills / Elkwater", "difficulty": "intermediate", "highway": "path", "name": "Spruce Coulee Trail", "osm_id": [370925258, 370926780, 913025207, 913975095, 1025718962], "stroke": "#3b82f6"}, "geometry": {"type": "MultiLineString", "coordinates": [[[-110.225984, 49.668736], [-110.225533, 49.668764], [-110.225115, 49.668889], [-110.22476, 49.66891], [-110.224353, 49.669028], [-110.223902, 49.669014], [-110.222904, 49.669257], [-110.222583, 49.669382], [-110.222346, 49.669611], [-110.222325, 49.669833], [-110.222443, 49.670236], [-110.222529, 49.67034], [-110.222647, 49.670604], [-110.222711, 49.670923], [-110.222786, 49.671403], [-110.222679, 49.671666], [-110.222754, 49.671819], [-110.222958, 49.672007], [-110.223226, 49.672604], [-110.223258, 49.673347], [-110.223183, 49.673479], [-110.223108, 49.673798], [-110.223001, 49.673937], [-110.222947, 49.674464], [-110.22314, 49.674694], [-110.223237, 49.674923], [-110.223634, 49.675193], [-110.223688, 49.675367], [-110.223795, 49.675471], [-110.223891, 49.675971], [-110.22402, 49.676249], [-110.224031, 49.676457], [-110.22373, 49.67679], [-110.223559, 49.677096], [-110.223612, 49.677408], [-110.223516, 49.677533], [-110.223216, 49.677658], [-110.222754, 49.677797], [-110.222615, 49.677887], [-110.222336, 49.678554], [-110.222035, 49.678651], [-110.221864, 49.678651], [-110.221381, 49.678741], [-110.220962, 49.678609], [-110.22049, 49.678401], [-110.220233, 49.678366], [-110.219782, 49.678436], [-110.219503, 49.678568], [-110.219246, 49.678699], [-110.218978, 49.678769], [-110.218785, 49.678845], [-110.218355, 49.678908], [-110.218044, 49.67904], [-110.217637, 49.67904], [-110.217175, 49.679144], [-110.216692, 49.679172], [-110.216371, 49.679172], [-110.216049, 49.679206], [-110.215566, 49.679123], [-110.215019, 49.678908], [-110.214944, 49.678817], [-110.214278, 49.678568], [-110.213828, 49.678415], [-110.213431, 49.678366], [-110.21313, 49.678456], [-110.212851, 49.678408], [-110.212701, 49.67845], [-110.212497, 49.678352], [-110.212133, 49.67822], [-110.211875, 49.67822], [-110.211425, 49.678325], [-110.210963, 49.678338], [-110.210631, 49.678269], [-110.210395, 49.678158], [-110.210148, 49.678123], [-110.209837, 49.678165], [-110.209579, 49.67822], [-110.209332, 49.67813], [-110.209053, 49.677936], [-110.208925, 49.677686], [-110.208742, 49.677526], [-110.208442, 49.677394], [-110.208249, 49.677311], [-110.208045, 49.677144], [-110.207959, 49.677019], [-110.207616, 49.676769], [-110.207401, 49.676492], [-110.207047, 49.67627], [-110.206639, 49.676193], [-110.206242, 49.676207], [-110.205631, 49.67629], [-110.20532, 49.676554], [-110.205009, 49.676603], [-110.204858, 49.676672], [-110.204258, 49.676825], [-110.203839, 49.677082], [-110.203646, 49.677235], [-110.203625, 49.677415], [-110.20312, 49.678214], [-110.202369, 49.678519], [-110.202058, 49.678887], [-110.201597, 49.679248], [-110.201586, 49.679463], [-110.201726, 49.679977], [-110.201382, 49.680303], [-110.200696, 49.680706], [-110.20046, 49.68074], [-110.200127, 49.680949], [-110.199333, 49.681233], [-110.198797, 49.681331], [-110.19818, 49.681466]], [[-110.248005, 49.666224], [-110.247415, 49.666571], [-110.246824, 49.666648], [-110.246299, 49.666828], [-110.245934, 49.666953], [-110.24543, 49.667224], [-110.244872, 49.667502], [-110.244432, 49.66755], [-110.244046, 49.667689], [-110.243692, 49.667717], [-110.243102, 49.668217], [-110.242747, 49.668946], [-110.242715, 49.669161], [-110.242265, 49.669745], [-110.241718, 49.670133], [-110.24131, 49.670362], [-110.240806, 49.670592], [-110.240585, 49.670764]], [[-110.254744, 49.666389], [-110.253887, 49.666391], [-110.253578, 49.666352], [-110.253197, 49.666259], [-110.252672, 49.666122], [-110.2522, 49.666009], [-110.251717, 49.665814], [-110.251412, 49.665567], [-110.251212, 49.665465], [-110.250987, 49.665423], [-110.250747, 49.665409], [-110.250454, 49.66544], [-110.250174, 49.66549], [-110.24991, 49.665578], [-110.249581, 49.66566], [-110.249259, 49.665747], [-110.248973, 49.66583], [-110.248605, 49.665895], [-110.248272, 49.666039], [-110.248005, 49.666224]], [[-110.261712, 49.665488], [-110.261292, 49.665493], [-110.25994, 49.665695], [-110.259415, 49.66575], [-110.259232, 49.66591], [-110.259007, 49.665993], [-110.258739, 49.665952], [-110.258524, 49.665813], [-110.257687, 49.665611], [-110.257272, 49.665635], [-110.256913, 49.665714], [-110.256453, 49.665868], [-110.255917, 49.666118], [-110.255402, 49.66632], [-110.254744, 49.666389]], [[-110.240585, 49.670764], [-110.240392, 49.67091], [-110.239856, 49.671076], [-110.239416, 49.671298], [-110.238987, 49.6715], [-110.238139, 49.671423], [-110.23726, 49.671548], [-110.236712, 49.671486], [-110.235994, 49.671208], [-110.235575, 49.670993], [-110.234985, 49.670812], [-110.234674, 49.670771], [-110.234062, 49.67084], [-110.23358, 49.671014], [-110.233419, 49.671014], [-110.232796, 49.671076], [-110.232517, 49.671035], [-110.231659, 49.67109], [-110.230983, 49.671222], [-110.229942, 49.670923], [-110.229116, 49.671021], [-110.228473, 49.671014], [-110.228162, 49.671083], [-110.2277, 49.671097], [-110.2274, 49.670896], [-110.226981, 49.670514], [-110.226917, 49.670271], [-110.226949, 49.669924], [-110.226885, 49.669604], [-110.226595, 49.669194], [-110.226423, 49.668917], [-110.226273, 49.668806], [-110.225984, 49.668736]]]}, "bbox": [-110.261712, 49.665409, -110.19818, 49.681466]}, {"type": "Feature", "properties": {"area": "Redcliff", "difficulty": "easy", "highway": "path", "name": "Stink Damp", "osm_id": 1332500176, "stroke": "#22c55e"}, "geometry": {"type": "LineString", "coordinates": [[-110.778405, 50.048725], [-110.778404, 50.048696], [-110.778409, 50.048677], [-110.778423, 50.048661], [-110.778437, 50.048637], [-110.778456, 50.048599], [-110.778459, 50.04858], [-110.778463, 50.048549], [-110.778465, 50.048501], [-110.778464, 50.048484], [-110.778455, 50.048472], [-110.778433, 50.048457], [-110.778422, 50.048444], [-110.778392, 50.048404], [-110.778373, 50.048388], [-110.778313, 50.04835], [-110.778258, 50.048334], [-110.778207, 50.048323], [-110.778135, 50.048316], [-110.778059, 50.048303], [-110.778035, 50.048295], [-110.777997, 50.048283], [-110.77796, 50.048273], [-110.77788, 50.048261], [-110.777824, 50.048241], [-110.777797, 50.048228], [-110.777756, 50.048188], [-110.777735, 50.048177], [-110.777697, 50.048163], [-110.777672, 50.048154], [-110.777649, 50.04814], [-110.777583, 50.048092], [-110.77756, 50.048079], [-110.777507, 50.048064], [-110.777473, 50.048047], [-110.777451, 50.048041], [-110.777338, 50.048015], [-110.777292, 50.047998], [-110.777271, 50.047982], [-110.777207, 50.047932], [-110.777169, 50.047898], [-110.77714, 50.047885], [-110.777106, 50.047876], [-110.777067, 50.047871], [-110.777027, 50.04787], [-110.776857, 50.047876], [-110.776815, 50.047876], [-110.776779, 50.047872], [-110.776689, 50.047858], [-110.776633, 50.047844], [-110.776587, 50.047824], [-110.776562, 50.047808], [-110.77654, 50.047801], [-110.776494, 50.047797], [-110.776436, 50.047793], [-110.776385, 50.047788], [-110.776355, 50.047781], [-110.776291, 50.047755], [-110.776253, 50.047736], [-110.776219, 50.047726], [-110.776175, 50.047719], [-110.776154, 50.047714], [-110.776126, 50.047699], [-110.776008, 50.04761], [-110.775975, 50.047592], [-110.775946, 50.047583], [-110.775921, 50.047581], [-110.775769, 50.047563], [-110.775743, 50.04756], [-110.775667, 50.047543], [-110.775608, 50.047528], [-110.775586, 50.04752], [-110.775542, 50.047494], [-110.775513, 50.047475], [-110.775427, 50.047418], [-110.775378, 50.047388], [-110.775339, 50.047374], [-110.775308, 50.047371], [-110.775279, 50.047367], [-110.775248, 50.047361], [-110.775223, 50.047352], [-110.775202, 50.047344], [-110.775175, 50.04734], [-110.775131, 50.047339], [-110.775103, 50.047332], [-110.775076, 50.047321], [-110.775053, 50.047315], [-110.775009, 50.047311], [-110.774952, 50.047308], [-110.7749, 50.0473], [-110.774874, 50.04729], [-110.774857, 50.04727], [-110.77486, 50.047257], [-110.774871, 50.047244], [-110.774896, 50.04724], [-110.774949, 50.047235], [-110.774982, 50.047235], [-110.775007, 50.047239], [-110.775052, 50.047239], [-110.77509, 50.047236], [-110.775129, 50.047239], [-110.77517, 50.047239], [-110.775204, 50.047232], [-110.775234, 50.047215], [-110.77525, 50.047191], [-110.775281, 50.047067], [-110.775291, 50.047042], [-110.775311, 50.047019], [-110.775343, 50.046991], [-110.775365, 50.046967], [-110.775376, 50.046943], [-110.775384, 50.046918], [-110.775392, 50.046888], [-110.7754, 50.046868], [-110.775417, 50.046843], [-110.775459, 50.046801], [-110.775486, 50.046761], [-110.775503, 50.046721], [-110.775525, 50.046685], [-110.775549, 50.046657], [-110.775592, 50.046612], [-110.775638, 50.046567], [-110.775649, 50.04655], [-110.775657, 50.046533], [-110.77566, 50.046514], [-110.775661, 50.046499], [-110.775672, 50.046474], [-110.775672, 50.046447], [-110.775684, 50.046409], [-110.775704, 50.046382], [-110.775741, 50.046344], [-110.775764, 50.046321], [-110.775796, 50.046307], [-110.775859, 50.046294], [-110.775924, 50.046284], [-110.775972, 50.046284], [-110.77601, 50.046297], [-110.776043, 50.046317], [-110.776083, 50.04634], [-110.776116, 50.046375], [-110.776216, 50.046449], [-110.776241, 50.046469], [-110.776279, 50.046478], [-110.776319, 50.046481], [-110.776368, 50.046471], [-110.776442, 50.046446], [-110.776482, 50.046422], [-110.776506, 50.046406], [-110.776525, 50.046398], [-110.776553, 50.046399], [-110.776583, 50.046406], [-110.776626, 50.046435], [-110.77665, 50.04646], [-110.776661, 50.046504], [-110.776659, 50.046543], [-110.776648, 50.046563], [-110.77662, 50.046594], [-110.776608, 50.04662], [-110.776612, 50.046646], [-110.776629, 50.046664], [-110.776661, 50.046679], [-110.776696, 50.046683], [-110.776742, 50.046677], [-110.77677, 50.046666], [-110.776781, 50.046643], [-110.776787, 50.046603], [-110.776797, 50.046511], [-110.776812, 50.046488], [-110.776841, 50.04647], [-110.776867, 50.046465], [-110.776894, 50.046469], [-110.776991, 50.046496], [-110.777038, 50.046503], [-110.777121, 50.046501], [-110.777182, 50.046501], [-110.777242, 50.046508], [-110.777296, 50.046522], [-110.777362, 50.046549], [-110.777487, 50.046582], [-110.777556, 50.046602], [-110.777582, 50.046604], [-110.777605, 50.046598], [-110.777613, 50.046582], [-110.777613, 50.046565], [-110.77759, 50.046543], [-110.777545, 50.046515], [-110.777495, 50.046481], [-110.777451, 50.046433], [-110.777393, 50.046363], [-110.777351, 50.046335], [-110.777247, 50.04628], [-110.777226, 50.046268], [-110.777212, 50.046253], [-110.777216, 50.046234], [-110.777234, 50.046223], [-110.77726, 50.046218], [-110.777292, 50.046222], [-110.777339, 50.04624], [-110.777409, 50.046251], [-110.777456, 50.046252], [-110.777492, 50.046258], [-110.777568, 50.04628], [-110.777615, 50.046288], [-110.777673, 50.046288], [-110.777718, 50.046286], [-110.777777, 50.046268], [-110.777806, 50.046264], [-110.777882, 50.046309]]}, "bbox": [-110.778465, 50.046218, -110.774857, 50.048725]}, {"type": "Feature", "properties": {"area": "Cypress Hills / Elkwater", "difficulty": "easy", "highway": "path", "name": "Sunset Trail", "osm_id": 1014963053, "stroke": "#22c55e"}, "geometry": {"type": "LineString", "coordinates": [[-110.272634, 49.663227], [-110.272412, 49.663125], [-110.27233, 49.66311], [-110.272252, 49.663126], [-110.272145, 49.663232], [-110.271987, 49.663289], [-110.271799, 49.663294], [-110.27146, 49.663339], [-110.271247, 49.663348], [-110.271037, 49.663299], [-110.270901, 49.663217], [-110.270746, 49.663116], [-110.27056, 49.663066], [-110.270213, 49.663071], [-110.269457, 49.66316], [-110.268995, 49.663174], [-110.268668, 49.663232], [-110.268507, 49.66323], [-110.268308, 49.663153], [-110.268112, 49.663054], [-110.267874, 49.662907], [-110.267635, 49.662787], [-110.267341, 49.662721], [-110.26718, 49.66265], [-110.266947, 49.662611], [-110.266747, 49.662628], [-110.266645, 49.662601], [-110.266553, 49.662529], [-110.266463, 49.662424], [-110.266356, 49.662386], [-110.266259, 49.662386], [-110.266028, 49.662431], [-110.265916, 49.662467], [-110.265823, 49.662539], [-110.265786, 49.662614], [-110.265748, 49.662692], [-110.265264, 49.662876], [-110.265031, 49.662947], [-110.264757, 49.663], [-110.264596, 49.663032], [-110.264517, 49.663146], [-110.264461, 49.663329], [-110.264443, 49.663418], [-110.264518, 49.663614], [-110.264564, 49.663868], [-110.26464, 49.664077], [-110.264404, 49.664348], [-110.264167, 49.664473], [-110.263685, 49.665014], [-110.263395, 49.665104], [-110.262612, 49.665438], [-110.261712, 49.665488]]}, "bbox": [-110.272634, 49.662386, -110.261712, 49.665488]}, {"type": "Feature", "properties": {"area": "Redcliff", "difficulty": "intermediate", "highway": "path", "name": "Tequila Sunrise", "osm_id": [510320494, 510320497], "stroke": "#3b82f6"}, "geometry": {"type": "MultiLineString", "coordinates": [[[-110.770295, 50.051289], [-110.770018, 50.051452], [-110.769858, 50.051522], [-110.769635, 50.05172], [-110.769683, 50.051589], [-110.769725, 50.051467], [-110.769749, 50.051393], [-110.769809, 50.051235], [-110.769667, 50.05135], [-110.769614, 50.051378], [-110.769518, 50.051459], [-110.769402, 50.051485], [-110.769247, 50.05148], [-110.769187, 50.051495], [-110.76904, 50.051574], [-110.768902, 50.051589], [-110.768588, 50.051484], [-110.76841, 50.051474], [-110.768301, 50.051485], [-110.768117, 50.051544], [-110.767889, 50.051685], [-110.767738, 50.051821], [-110.767379, 50.052217], [-110.767247, 50.052305], [-110.767035, 50.052388], [-110.766645, 50.052439], [-110.76634, 50.052563], [-110.766213, 50.052671], [-110.766117, 50.052763], [-110.766051, 50.052825], [-110.765985, 50.052909], [-110.765938, 50.05302]], [[-110.787333, 50.05588], [-110.786931, 50.055938], [-110.786614, 50.056037], [-110.786163, 50.056122], [-110.785612, 50.056319], [-110.785211, 50.05643], [-110.784925, 50.056446], [-110.784772, 50.056411], [-110.784623, 50.056389], [-110.784532, 50.056364], [-110.784426, 50.056378], [-110.784213, 50.056438], [-110.78403, 50.056452], [-110.783898, 50.056457], [-110.783805, 50.056416], [-110.783677, 50.056375], [-110.783575, 50.056283], [-110.783473, 50.056168], [-110.783137, 50.05611], [-110.782975, 50.056042], [-110.782843, 50.055949], [-110.782507, 50.05587], [-110.782215, 50.05588], [-110.782043, 50.055884], [-110.781899, 50.05588], [-110.781776, 50.055849], [-110.781626, 50.055876], [-110.781359, 50.055788], [-110.781231, 50.055764], [-110.781037, 50.055759], [-110.78085, 50.055726], [-110.780645, 50.055668], [-110.779821, 50.055372], [-110.779158, 50.055226], [-110.778995, 50.055221], [-110.778541, 50.055295], [-110.77839, 50.055301], [-110.778211, 50.055267], [-110.777949, 50.055177], [-110.777569, 50.05525], [-110.777974, 50.055004], [-110.777911, 50.054928], [-110.777791, 50.054885], [-110.777699, 50.054869], [-110.777566, 50.054874], [-110.77737, 50.054916], [-110.777277, 50.054921], [-110.777157, 50.054888], [-110.776743, 50.054562], [-110.776477, 50.05431], [-110.776407, 50.05421], [-110.776301, 50.054195], [-110.776311, 50.054029], [-110.776233, 50.053943], [-110.775975, 50.053843], [-110.775822, 50.053732], [-110.775756, 50.05366], [-110.775718, 50.053558], [-110.77567, 50.053496], [-110.775577, 50.053446], [-110.775368, 50.053397], [-110.775183, 50.053322], [-110.775107, 50.053272], [-110.775066, 50.053213], [-110.77497, 50.053133], [-110.774889, 50.053099], [-110.774784, 50.053045], [-110.774502, 50.052971], [-110.774201, 50.052887], [-110.773979, 50.052842], [-110.773505, 50.052654], [-110.773167, 50.052574], [-110.772977, 50.05258], [-110.772899, 50.052552], [-110.77278, 50.052454], [-110.772678, 50.052367], [-110.772577, 50.052304], [-110.77254, 50.052355], [-110.772562, 50.052433], [-110.772572, 50.052559], [-110.772407, 50.05254], [-110.772375, 50.052508], [-110.772252, 50.052427], [-110.772178, 50.052343], [-110.772141, 50.05215], [-110.772055, 50.052034], [-110.771865, 50.051892], [-110.771656, 50.051793], [-110.771394, 50.051624], [-110.771028, 50.0515], [-110.770819, 50.051398], [-110.770673, 50.05135], [-110.770295, 50.051289]]]}, "bbox": [-110.787333, 50.051235, -110.765938, 50.056457]}, {"type": "Feature", "properties": {"area": "Redcliff", "difficulty": "easy", "highway": "path", "name": "The Choker", "osm_id": [510274854, 1332500180, 1332500190, 1332500191], "stroke": "#22c55e"}, "geometry": {"type": "MultiLineString", "coordinates": [[[-110.764421, 50.043521], [-110.764308, 50.043483], [-110.764211, 50.043444], [-110.763895, 50.043308], [-110.763719, 50.043212], [-110.763603, 50.043152], [-110.763491, 50.043091], [-110.763402, 50.043023], [-110.763327, 50.04297], [-110.763269, 50.042925], [-110.763259, 50.042861], [-110.763249, 50.042817], [-110.763181, 50.042725], [-110.763142, 50.042667], [-110.763133, 50.042628], [-110.763138, 50.042581], [-110.763148, 50.042555], [-110.763162, 50.042531], [-110.76318, 50.042515], [-110.763195, 50.042493], [-110.763206, 50.042456]], [[-110.775853, 50.043212], [-110.775947, 50.0432], [-110.7762, 50.043197], [-110.776248, 50.043188], [-110.776325, 50.043162], [-110.776527, 50.043073], [-110.776594, 50.043056], [-110.776692, 50.043047], [-110.776803, 50.04303], [-110.776877, 50.04301], [-110.776963, 50.042977], [-110.777002, 50.04297], [-110.777059, 50.04297], [-110.777194, 50.042982], [-110.777237, 50.042981], [-110.777319, 50.042976], [-110.777384, 50.042982], [-110.777422, 50.042977], [-110.777508, 50.04297], [-110.777602, 50.042965], [-110.777825, 50.042923], [-110.777876, 50.04292], [-110.777972, 50.042929], [-110.778033, 50.042936], [-110.778079, 50.042936], [-110.778153, 50.042931], [-110.778184, 50.042931], [-110.778248, 50.042936], [-110.778277, 50.042933], [-110.778357, 50.042924], [-110.778397, 50.042925], [-110.77843, 50.042936], [-110.778565, 50.043004], [-110.778651, 50.043059], [-110.778714, 50.043108], [-110.778733, 50.043118], [-110.778779, 50.043122], [-110.778842, 50.043135], [-110.778899, 50.043133], [-110.779012, 50.04314], [-110.779132, 50.043152], [-110.77929, 50.043152], [-110.779458, 50.043121], [-110.779527, 50.043095], [-110.779569, 50.043068], [-110.779656, 50.043002], [-110.779725, 50.042966], [-110.779796, 50.042943], [-110.779874, 50.042932], [-110.779926, 50.042922], [-110.780008, 50.042887], [-110.780074, 50.042855], [-110.78028, 50.042828], [-110.780362, 50.04283], [-110.780499, 50.042855], [-110.780593, 50.042888], [-110.780679, 50.042935], [-110.780711, 50.042964], [-110.78076, 50.043], [-110.780799, 50.043016], [-110.780835, 50.04302], [-110.780891, 50.043015], [-110.780951, 50.043022], [-110.781072, 50.043035], [-110.781106, 50.04303], [-110.781151, 50.043029], [-110.781203, 50.043037], [-110.781259, 50.043062], [-110.781293, 50.04307], [-110.781345, 50.043078], [-110.781385, 50.043089], [-110.781465, 50.043132], [-110.781519, 50.043146], [-110.781553, 50.04316], [-110.781587, 50.043197], [-110.78163, 50.043233], [-110.781699, 50.043265], [-110.781736, 50.043307], [-110.781759, 50.043325], [-110.781832, 50.04336], [-110.781871, 50.043396], [-110.78189, 50.043436], [-110.781901, 50.04346], [-110.781931, 50.043499], [-110.781989, 50.043579], [-110.781998, 50.043612], [-110.782021, 50.043638], [-110.782103, 50.043701], [-110.782137, 50.04372], [-110.782152, 50.04375], [-110.782189, 50.043786], [-110.782251, 50.043855], [-110.782288, 50.043913], [-110.782305, 50.043972], [-110.782279, 50.044025], [-110.782168, 50.04412], [-110.782148, 50.044142], [-110.782105, 50.044166], [-110.782071, 50.04419], [-110.782075, 50.044219], [-110.782107, 50.044273], [-110.782152, 50.044335], [-110.782146, 50.044353], [-110.78212, 50.044392], [-110.782107, 50.044469], [-110.782118, 50.044498], [-110.782157, 50.044562], [-110.782157, 50.044584], [-110.78214, 50.044604], [-110.782109, 50.044615], [-110.782054, 50.044621], [-110.781899, 50.044629], [-110.781843, 50.044632], [-110.781791, 50.044658], [-110.78174, 50.044686], [-110.781688, 50.0447], [-110.781663, 50.044727], [-110.781605, 50.044798], [-110.781581, 50.044806], [-110.781536, 50.044815], [-110.781368, 50.044825], [-110.781334, 50.044836], [-110.781317, 50.04486], [-110.781214, 50.044963], [-110.781168, 50.044988], [-110.781123, 50.045005], [-110.781063, 50.045011], [-110.780979, 50.045005], [-110.780943, 50.045005], [-110.780876, 50.045013], [-110.780827, 50.045031], [-110.78079, 50.045043], [-110.780776, 50.04507]], [[-110.763229, 50.042417], [-110.763243, 50.042392], [-110.763262, 50.042374], [-110.763267, 50.04235], [-110.763243, 50.042322], [-110.763223, 50.042291], [-110.763223, 50.042254], [-110.763248, 50.042224], [-110.763263, 50.042215], [-110.763285, 50.042201], [-110.763371, 50.042182], [-110.763423, 50.042166], [-110.76359, 50.042112], [-110.763717, 50.042071], [-110.763823, 50.042023], [-110.76393, 50.041963], [-110.763975, 50.041945], [-110.764019, 50.041932], [-110.764309, 50.041896], [-110.764426, 50.041896], [-110.764464, 50.041891], [-110.764551, 50.041877], [-110.76459, 50.041876], [-110.764678, 50.041881], [-110.764774, 50.041869], [-110.764897, 50.041863], [-110.764942, 50.041854], [-110.765029, 50.041824], [-110.765101, 50.041809], [-110.765284, 50.041752], [-110.765342, 50.041735], [-110.765407, 50.041723], [-110.765445, 50.041707], [-110.76549, 50.041694], [-110.765548, 50.041669], [-110.765636, 50.041639], [-110.765742, 50.041594], [-110.765817, 50.041559], [-110.765983, 50.041485], [-110.76603, 50.041475], [-110.766274, 50.041441], [-110.76639, 50.04143], [-110.766491, 50.041425], [-110.766575, 50.041418], [-110.76662, 50.041401], [-110.766667, 50.041388], [-110.766694, 50.041388], [-110.766738, 50.041392], [-110.766831, 50.041407], [-110.766897, 50.041411], [-110.766978, 50.041406], [-110.767142, 50.041381], [-110.767307, 50.041344], [-110.767407, 50.041308], [-110.767504, 50.041281], [-110.76766, 50.041246], [-110.767722, 50.041224], [-110.767773, 50.041207], [-110.767818, 50.041196], [-110.767861, 50.041194], [-110.767931, 50.041198], [-110.767991, 50.041195], [-110.768064, 50.04118], [-110.768122, 50.041169], [-110.76818, 50.041166], [-110.768625, 50.041162], [-110.768683, 50.041168], [-110.768807, 50.041185], [-110.768968, 50.041211], [-110.76936, 50.041231], [-110.769407, 50.041233], [-110.769465, 50.041244], [-110.769628, 50.04126], [-110.769657, 50.041256], [-110.769722, 50.041248], [-110.769766, 50.041247]], [[-110.763206, 50.042456], [-110.763229, 50.042417]]]}, "bbox": [-110.782305, 50.041162, -110.763133, 50.04507]}, {"type": "Feature", "properties": {"area": "Medicine Hat", "difficulty": "easy", "highway": "path", "name": "Thin Lizzy", "osm_id": 1332502638, "stroke": "#22c55e"}, "geometry": {"type": "LineString", "coordinates": [[-110.751029, 50.035052], [-110.750963, 50.034912], [-110.750956, 50.034859], [-110.750922, 50.034801], [-110.750866, 50.034723], [-110.75084, 50.034665], [-110.750806, 50.034463], [-110.750772, 50.034393], [-110.750743, 50.034327], [-110.75071, 50.0343], [-110.750681, 50.034277], [-110.750661, 50.034239], [-110.750611, 50.034173], [-110.750582, 50.034085], [-110.750544, 50.034021], [-110.750489, 50.033979], [-110.750374, 50.033935], [-110.750308, 50.033927], [-110.750242, 50.033933], [-110.750178, 50.033943], [-110.75014, 50.033942], [-110.75009, 50.033934], [-110.750044, 50.03392], [-110.750005, 50.033912], [-110.749961, 50.033915], [-110.749923, 50.03393], [-110.749891, 50.033956], [-110.749871, 50.033986], [-110.749871, 50.034026], [-110.749878, 50.034069], [-110.749872, 50.034091], [-110.749818, 50.034137], [-110.749809, 50.034157], [-110.749798, 50.034192], [-110.749789, 50.03421], [-110.749762, 50.034239], [-110.749729, 50.034272], [-110.749672, 50.03434], [-110.749623, 50.034382], [-110.749554, 50.03441], [-110.74944, 50.034443], [-110.74934, 50.034447], [-110.749257, 50.034449], [-110.748968, 50.034426], [-110.74887, 50.034417], [-110.748789, 50.034415], [-110.748557, 50.034425], [-110.748362, 50.034451], [-110.748311, 50.03445], [-110.748257, 50.034438], [-110.748206, 50.034415], [-110.748174, 50.034395], [-110.748146, 50.034354], [-110.748105, 50.034302], [-110.747951, 50.034167], [-110.747745, 50.033983], [-110.747676, 50.033931], [-110.747609, 50.033901], [-110.74737, 50.033807], [-110.747345, 50.033785], [-110.747274, 50.033669], [-110.747173, 50.033572], [-110.747144, 50.03356], [-110.74705, 50.033535], [-110.746943, 50.033513], [-110.746893, 50.033513], [-110.7468, 50.033515], [-110.746757, 50.033522], [-110.746706, 50.033536], [-110.746661, 50.03356], [-110.746619, 50.03357], [-110.74657, 50.033571], [-110.746514, 50.03356], [-110.746484, 50.033539], [-110.746456, 50.033504], [-110.746417, 50.033411], [-110.746375, 50.03335], [-110.746319, 50.033311], [-110.746181, 50.033276], [-110.746131, 50.03327], [-110.746029, 50.033282], [-110.745963, 50.033299], [-110.7458, 50.03337], [-110.74576, 50.033394], [-110.745722, 50.033442], [-110.745666, 50.03352], [-110.745603, 50.033571], [-110.745519, 50.033608], [-110.745447, 50.033651], [-110.745416, 50.033686], [-110.745414, 50.033712], [-110.74544, 50.033756], [-110.745481, 50.033822], [-110.745489, 50.033861], [-110.745463, 50.0339], [-110.745427, 50.033915], [-110.74538, 50.033921], [-110.745356, 50.033916], [-110.745324, 50.033906], [-110.74521, 50.033793], [-110.745177, 50.03377], [-110.7451, 50.033741], [-110.744969, 50.03372], [-110.744895, 50.033734], [-110.744832, 50.033732], [-110.744741, 50.033734], [-110.744653, 50.03372], [-110.744544, 50.033692]]}, "bbox": [-110.751029, 50.03327, -110.744544, 50.035052]}, {"type": "Feature", "properties": {"difficulty": "easy", "name": "Tombstone", "stroke": "#22c55e"}, "geometry": {"type": "LineString", "coordinates": [[-110.798098, 50.062863], [-110.798126, 50.062949], [-110.798186, 50.06301], [-110.798259, 50.063059], [-110.798273, 50.063106], [-110.798225, 50.063164], [-110.798155, 50.063246], [-110.798114, 50.063295], [-110.797998, 50.063377], [-110.797933, 50.063479], [-110.797869, 50.063493], [-110.797784, 50.063488], [-110.797697, 50.06351], [-110.797635, 50.063514], [-110.797519, 50.063432], [-110.797422, 50.063395], [-110.797316, 50.063371], [-110.797176, 50.063348], [-110.797047, 50.063302], [-110.796855, 50.06328], [-110.796734, 50.063278], [-110.796516, 50.063307], [-110.79634, 50.063348], [-110.796187, 50.063442], [-110.796112, 50.063469], [-110.796032, 50.063557], [-110.79598, 50.063587], [-110.795947, 50.063657], [-110.795913, 50.063762], [-110.79577, 50.063842], [-110.795705, 50.063886], [-110.795689, 50.063928], [-110.795719, 50.063953], [-110.795811, 50.063993], [-110.795902, 50.064014], [-110.795975, 50.064044], [-110.796092, 50.06404], [-110.796177, 50.064083], [-110.796243, 50.064074], [-110.796318, 50.064043], [-110.796324, 50.064034], [-110.796426, 50.064024], [-110.796508, 50.06401], [-110.796537, 50.063981], [-110.796517, 50.063958], [-110.796444, 50.063953], [-110.796333, 50.063957], [-110.796197, 50.063965], [-110.796146, 50.063963], [-110.796116, 50.06395], [-110.796116, 50.063938], [-110.796111, 50.063914], [-110.796184, 50.063904], [-110.796203, 50.063875], [-110.796267, 50.063857], [-110.796297, 50.06381], [-110.796326, 50.063768], [-110.796378, 50.063726], [-110.796454, 50.06371], [-110.796513, 50.06368], [-110.796608, 50.063659], [-110.796682, 50.063653], [-110.796731, 50.063646], [-110.796769, 50.06362], [-110.796829, 50.063598], [-110.79688, 50.063593], [-110.79699, 50.063646], [-110.7971, 50.063652], [-110.797159, 50.06368], [-110.797232, 50.063727], [-110.797285, 50.063753], [-110.797342, 50.063791], [-110.797385, 50.063814], [-110.797539, 50.063838], [-110.797663, 50.06385], [-110.797772, 50.063868], [-110.797876, 50.063876], [-110.797912, 50.063877], [-110.797981, 50.063921], [-110.798055, 50.063952], [-110.798139, 50.063977], [-110.798209, 50.063988], [-110.798299, 50.06399], [-110.798391, 50.063975], [-110.798462, 50.063959], [-110.798521, 50.063945], [-110.798559, 50.063919], [-110.798622, 50.063892], [-110.798662, 50.06387], [-110.798672, 50.06385], [-110.798735, 50.063845], [-110.798757, 50.063822], [-110.798822, 50.063775], [-110.798834, 50.063735], [-110.798843, 50.063706], [-110.798853, 50.063685], [-110.798888, 50.063674], [-110.798961, 50.063682], [-110.798999, 50.063701], [-110.799062, 50.06373], [-110.799094, 50.063758], [-110.799139, 50.063801], [-110.799194, 50.063839], [-110.799237, 50.063866], [-110.799305, 50.063896], [-110.799375, 50.063916], [-110.79946, 50.063936], [-110.799559, 50.063934], [-110.79966, 50.063921], [-110.799747, 50.063902], [-110.799868, 50.063879], [-110.799943, 50.063866], [-110.800029, 50.063833], [-110.800113, 50.063807], [-110.800179, 50.063784], [-110.800236, 50.063749], [-110.800284, 50.063722], [-110.800318, 50.063714], [-110.800335, 50.063734], [-110.800327, 50.063755], [-110.800278, 50.063787], [-110.800234, 50.06381], [-110.800191, 50.063828], [-110.800185, 50.063853], [-110.800238, 50.063874], [-110.800321, 50.06387], [-110.800396, 50.063871], [-110.800462, 50.063879], [-110.800533, 50.0639], [-110.80059, 50.063899], [-110.800607, 50.063887], [-110.800637, 50.063856], [-110.800642, 50.063833], [-110.800645, 50.063816], [-110.800722, 50.063803], [-110.800766, 50.063814], [-110.800825, 50.063838], [-110.800873, 50.063867], [-110.800918, 50.063874], [-110.800974, 50.063861], [-110.801006, 50.063857], [-110.801034, 50.063901], [-110.801027, 50.063948], [-110.801041, 50.063972], [-110.801076, 50.063998], [-110.801106, 50.064013], [-110.801157, 50.064029], [-110.80119, 50.064044], [-110.801209, 50.06406], [-110.801188, 50.064078], [-110.801127, 50.064079], [-110.801106, 50.064077], [-110.801048, 50.064081], [-110.800978, 50.064074], [-110.800943, 50.064068], [-110.800922, 50.064066]]}, "bbox": [-110.801209, 50.062863, -110.795689, 50.064083]}, {"type": "Feature", "properties": {"area": "Cypress Hills / Elkwater", "difficulty": "intermediate", "highway": "path", "name": "Tower Trail", "osm_id": 909732637, "stroke": "#3b82f6"}, "geometry": {"type": "LineString", "coordinates": [[-110.288865, 49.656764], [-110.288982, 49.656706], [-110.289055, 49.656646], [-110.289022, 49.656502], [-110.288811, 49.65621], [-110.288177, 49.655104], [-110.287825, 49.654757], [-110.287589, 49.654541], [-110.287288, 49.654188], [-110.287223, 49.654051], [-110.287183, 49.653815], [-110.287109, 49.65363], [-110.286987, 49.653478], [-110.286768, 49.653378], [-110.286028, 49.653288], [-110.28576, 49.653325], [-110.285613, 49.65343], [-110.285613, 49.65352], [-110.28567, 49.653572], [-110.286077, 49.653588], [-110.286182, 49.653599], [-110.286211, 49.653659], [-110.286182, 49.653715], [-110.285979, 49.653817], [-110.285841, 49.653838], [-110.284704, 49.653791], [-110.283473, 49.653901], [-110.283091, 49.65388], [-110.282908, 49.653854], [-110.282259, 49.653899], [-110.281824, 49.653809], [-110.281361, 49.653667], [-110.280828, 49.653564], [-110.280518, 49.653612], [-110.280473, 49.653612], [-110.280315, 49.653612], [-110.279771, 49.653464], [-110.279564, 49.653378], [-110.279206, 49.653033], [-110.279182, 49.652999], [-110.278816, 49.652709], [-110.278747, 49.652633], [-110.278585, 49.652562], [-110.278532, 49.65247], [-110.278158, 49.652422], [-110.277621, 49.652425], [-110.277168, 49.652314], [-110.277091, 49.652285], [-110.276579, 49.65172], [-110.276526, 49.651593], [-110.276396, 49.651435], [-110.276155, 49.651341], [-110.275793, 49.651198], [-110.275635, 49.65114], [-110.275002, 49.651017], [-110.274857, 49.651048], [-110.27478, 49.651128], [-110.274728, 49.651182], [-110.274723, 49.651255], [-110.274801, 49.651449], [-110.274878, 49.651539], [-110.274962, 49.651778], [-110.274878, 49.65186], [-110.274736, 49.652141], [-110.274361, 49.652462], [-110.274194, 49.652558], [-110.274039, 49.65257], [-110.273654, 49.652523], [-110.272814, 49.652343], [-110.272547, 49.652213]]}, "bbox": [-110.289055, 49.651017, -110.272547, 49.656764]}, {"type": "Feature", "properties": {"area": "Cypress Hills / Elkwater", "difficulty": "advanced", "highway": "path", "name": "Tragically Steep", "osm_id": 958255315, "stroke": "#0a0a0a"}, "geometry": {"type": "LineString", "coordinates": [[-110.270326, 49.652563], [-110.269967, 49.652602], [-110.269789, 49.652566], [-110.26969, 49.652527], [-110.269524, 49.652515], [-110.269407, 49.652554], [-110.269351, 49.652646], [-110.269209, 49.65273], [-110.269092, 49.652754], [-110.268901, 49.652754], [-110.268852, 49.652846], [-110.268809, 49.652953], [-110.268692, 49.653029], [-110.268531, 49.653049], [-110.268273, 49.653121], [-110.268186, 49.653161], [-110.268193, 49.653225], [-110.268217, 49.653277], [-110.268162, 49.653404], [-110.268149, 49.65348], [-110.268143, 49.65354], [-110.268137, 49.65362], [-110.268112, 49.653751], [-110.268082, 49.653827], [-110.268069, 49.653947], [-110.268026, 49.654055], [-110.267952, 49.65419], [-110.267878, 49.654362], [-110.267786, 49.65437], [-110.26773, 49.654314], [-110.267693, 49.654206], [-110.267589, 49.654206], [-110.267539, 49.654238], [-110.267515, 49.654286], [-110.267447, 49.65435], [-110.267361, 49.65429], [-110.267299, 49.65413], [-110.267231, 49.654003], [-110.267151, 49.653903], [-110.266874, 49.653791], [-110.266806, 49.653823], [-110.266578, 49.653751], [-110.266424, 49.653691], [-110.266313, 49.653676], [-110.266091, 49.653452], [-110.265919, 49.653408], [-110.265776, 49.653336], [-110.265635, 49.653301], [-110.265481, 49.653297], [-110.265302, 49.653257], [-110.265197, 49.653257], [-110.265012, 49.653265], [-110.264871, 49.653289], [-110.264778, 49.653265], [-110.26463, 49.653225], [-110.264131, 49.653209], [-110.264014, 49.653213], [-110.263909, 49.653273], [-110.263595, 49.653332], [-110.263478, 49.653368], [-110.263324, 49.653424], [-110.263213, 49.653512], [-110.263133, 49.653476], [-110.263102, 49.653261], [-110.262973, 49.653309], [-110.262899, 49.653344], [-110.262862, 49.653428], [-110.262677, 49.653496], [-110.262523, 49.65354], [-110.26243, 49.65356], [-110.262356, 49.653564], [-110.262282, 49.65364], [-110.262141, 49.653632], [-110.261987, 49.65364], [-110.261826, 49.653739], [-110.261642, 49.653839], [-110.261377, 49.653919], [-110.261149, 49.654015], [-110.260914, 49.654074], [-110.260884, 49.65415], [-110.260902, 49.65429], [-110.260976, 49.654318], [-110.261081, 49.654342], [-110.261105, 49.654437], [-110.261038, 49.654573], [-110.261013, 49.654677], [-110.260816, 49.654745], [-110.260777, 49.654813]]}, "bbox": [-110.270326, 49.652515, -110.260777, 49.654813]}, {"type": "Feature", "properties": {"area": "Cypress Hills / Elkwater", "difficulty": "easy", "highway": "path", "name": "Trans Canada Trail", "osm_id": [631175941, 631175943, 631414139, 631414140, 631444012], "stroke": "#22c55e"}, "geometry": {"type": "MultiLineString", "coordinates": [[[-110.290442, 49.661583], [-110.290693, 49.661657], [-110.290857, 49.661738], [-110.290905, 49.661768], [-110.29101, 49.661783], [-110.291168, 49.661796], [-110.291272, 49.661808], [-110.291353, 49.661818], [-110.291587, 49.661875], [-110.291804, 49.661933], [-110.291941, 49.662], [-110.292155, 49.662101], [-110.292214, 49.662129], [-110.292305, 49.66215], [-110.292415, 49.662158], [-110.292517, 49.662158], [-110.292584, 49.662169], [-110.292659, 49.662195], [-110.292759, 49.662256], [-110.292812, 49.662287], [-110.292914, 49.662313], [-110.293003, 49.662324], [-110.293148, 49.662359], [-110.29333, 49.662439], [-110.293453, 49.662517], [-110.293547, 49.662602], [-110.293684, 49.662689], [-110.293802, 49.662764], [-110.29396, 49.662833], [-110.294102, 49.662885], [-110.294312, 49.66293], [-110.294483, 49.66296], [-110.294695, 49.662965], [-110.294929, 49.662939], [-110.295073, 49.662894], [-110.29525, 49.662803], [-110.295478, 49.662658], [-110.295696, 49.662514], [-110.295937, 49.662366], [-110.296152, 49.66227], [-110.296216, 49.662236], [-110.29628, 49.662231], [-110.296356, 49.662253], [-110.296645, 49.662335], [-110.296874, 49.662392], [-110.297161, 49.662445]], [[-110.289102, 49.661579], [-110.288827, 49.661611], [-110.288631, 49.661649], [-110.288186, 49.661716], [-110.287443, 49.66178], [-110.286536, 49.66187], [-110.28607, 49.661903], [-110.285764, 49.6619], [-110.285442, 49.661882], [-110.285117, 49.661849], [-110.284916, 49.661836], [-110.284796, 49.661836], [-110.284672, 49.66186], [-110.284374, 49.661971], [-110.284163, 49.662065], [-110.283978, 49.662158], [-110.283817, 49.662212], [-110.283591, 49.662264], [-110.283269, 49.662327], [-110.28288, 49.662417], [-110.282754, 49.662462], [-110.282561, 49.662568], [-110.282398, 49.662705], [-110.282258, 49.66283], [-110.28216, 49.662914]], [[-110.311764, 49.66415], [-110.311605, 49.664208], [-110.311491, 49.664089], [-110.311339, 49.663915], [-110.311143, 49.663745], [-110.310998, 49.663633], [-110.310757, 49.663503], [-110.310534, 49.663432], [-110.310215, 49.663371], [-110.310046, 49.663364], [-110.309931, 49.663403], [-110.309778, 49.663442], [-110.309643, 49.66347], [-110.309482, 49.663442], [-110.309074, 49.663347], [-110.308715, 49.663295], [-110.308353, 49.663307], [-110.308159, 49.663325], [-110.307559, 49.663298], [-110.3072, 49.663289], [-110.306736, 49.663249], [-110.306465, 49.66326], [-110.306363, 49.663322], [-110.306064, 49.663322], [-110.305922, 49.663313], [-110.305551, 49.663164], [-110.305278, 49.663058], [-110.305144, 49.663032], [-110.304981, 49.663052], [-110.30474, 49.663119], [-110.304564, 49.663183], [-110.304458, 49.663274], [-110.304299, 49.66339], [-110.304189, 49.663444], [-110.304051, 49.663467], [-110.303441, 49.663536]], [[-110.30078, 49.66258], [-110.300914, 49.662663], [-110.301075, 49.662787], [-110.301255, 49.662893], [-110.30141, 49.662976], [-110.301598, 49.662995], [-110.301853, 49.66307], [-110.302086, 49.663184], [-110.302328, 49.66324], [-110.302582, 49.663261], [-110.302767, 49.66328], [-110.302966, 49.66337], [-110.303097, 49.663439], [-110.303288, 49.663502], [-110.303441, 49.663536]], [[-110.276319, 49.663677], [-110.276124, 49.663656], [-110.275737, 49.663634], [-110.275581, 49.663611], [-110.275353, 49.663569], [-110.275239, 49.663557], [-110.27512, 49.663557], [-110.274965, 49.663581], [-110.274543, 49.663704], [-110.274423, 49.663732], [-110.274326, 49.663745], [-110.27423, 49.663738], [-110.274136, 49.663711], [-110.274043, 49.663666], [-110.27384, 49.663617], [-110.27371, 49.663596], [-110.273628, 49.663578], [-110.27358, 49.663544], [-110.273556, 49.66347]]]}, "bbox": [-110.311764, 49.661579, -110.273556, 49.664208]}, {"type": "Feature", "properties": {"area": "Cypress Hills / Elkwater", "difficulty": "easy", "highway": "path", "name": "Turkey Trott", "osm_id": [908209342, 1248892218, 1248892219, 1248892365, 1248892366], "stroke": "#22c55e"}, "geometry": {"type": "MultiLineString", "coordinates": [[[-110.294048, 49.660939], [-110.293949, 49.660912], [-110.293749, 49.660918], [-110.293617, 49.660855], [-110.293586, 49.660808], [-110.293608, 49.660729], [-110.293561, 49.660632], [-110.293471, 49.660555], [-110.293291, 49.66044], [-110.293345, 49.66033], [-110.293356, 49.66024], [-110.293436, 49.660132], [-110.293479, 49.660042], [-110.293549, 49.659972], [-110.293501, 49.659775], [-110.293299, 49.659504], [-110.293275, 49.659472], [-110.293313, 49.659372], [-110.293356, 49.65933], [-110.29342, 49.659306], [-110.293643, 49.659312], [-110.293774, 49.659316], [-110.293844, 49.659274], [-110.293908, 49.659257], [-110.293983, 49.659174], [-110.294106, 49.659062], [-110.294291, 49.659058], [-110.294385, 49.659056], [-110.294461, 49.659018], [-110.294461, 49.658984], [-110.29452, 49.658931], [-110.294587, 49.658817], [-110.295013, 49.658583], [-110.295083, 49.658552], [-110.295126, 49.658492], [-110.295179, 49.658474], [-110.295233, 49.658398], [-110.295362, 49.658301], [-110.295453, 49.658273], [-110.295566, 49.65827], [-110.295775, 49.658294], [-110.295871, 49.658294], [-110.295973, 49.658214], [-110.29602, 49.658172], [-110.296101, 49.658078], [-110.296166, 49.658015], [-110.296314, 49.658022], [-110.296399, 49.658152], [-110.296402, 49.658186], [-110.296387, 49.658271], [-110.296329, 49.65836], [-110.296286, 49.658451], [-110.296318, 49.658458]], [[-110.296643, 49.658501], [-110.296869, 49.658576], [-110.297013, 49.658599], [-110.297067, 49.658609], [-110.297193, 49.658638], [-110.29731, 49.65866]], [[-110.296318, 49.658458], [-110.296643, 49.658501]], [[-110.294111, 49.660953], [-110.294048, 49.660939]], [[-110.297948, 49.658533], [-110.297935, 49.658573], [-110.297902, 49.658613], [-110.297866, 49.658697], [-110.297768, 49.658783], [-110.297729, 49.658807], [-110.297434, 49.658938], [-110.297328, 49.659031], [-110.297276, 49.659112], [-110.297209, 49.65915], [-110.297076, 49.659185], [-110.297023, 49.659202], [-110.296929, 49.659296], [-110.296736, 49.659436], [-110.296652, 49.659472], [-110.296622, 49.659513], [-110.296508, 49.659592], [-110.296432, 49.659626], [-110.296339, 49.659686], [-110.296323, 49.659715], [-110.296291, 49.659735], [-110.296228, 49.659758], [-110.296179, 49.659786], [-110.296138, 49.65981], [-110.296109, 49.659854], [-110.29608, 49.659878], [-110.295959, 49.659921], [-110.295931, 49.659932], [-110.295902, 49.659983], [-110.295787, 49.660058], [-110.295727, 49.660081], [-110.295458, 49.660149], [-110.295388, 49.660163], [-110.295068, 49.660254], [-110.295016, 49.660282], [-110.294985, 49.660335], [-110.294948, 49.660371], [-110.294835, 49.66043], [-110.294724, 49.660475], [-110.294592, 49.660557], [-110.294474, 49.660575], [-110.294332, 49.660659], [-110.294256, 49.660742], [-110.294212, 49.660854], [-110.294194, 49.660962], [-110.294111, 49.660953]]]}, "bbox": [-110.297948, 49.658015, -110.293275, 49.660962]}, {"type": "Feature", "properties": {"area": "Cypress Hills / Elkwater", "difficulty": "intermediate", "highway": "path", "name": "Upper Mystery Trail", "osm_id": 910075403, "stroke": "#3b82f6"}, "geometry": {"type": "LineString", "coordinates": [[-110.273275, 49.646222], [-110.273144, 49.646284], [-110.273014, 49.646433], [-110.272756, 49.646421], [-110.27266, 49.646467], [-110.272522, 49.646719], [-110.272506, 49.646763], [-110.272527, 49.646861], [-110.272522, 49.646999], [-110.272335, 49.647313], [-110.27232, 49.64747], [-110.272256, 49.647647], [-110.272142, 49.647782], [-110.27193, 49.6479], [-110.271787, 49.648063], [-110.271667, 49.648156], [-110.271641, 49.648255], [-110.271567, 49.648323], [-110.271557, 49.648405], [-110.271498, 49.648504], [-110.271414, 49.648789], [-110.27143, 49.648924], [-110.271516, 49.649122], [-110.271611, 49.649283], [-110.271646, 49.649406], [-110.271675, 49.64976], [-110.271626, 49.650076], [-110.271649, 49.650148], [-110.271743, 49.650264], [-110.272108, 49.65056], [-110.272489, 49.6509], [-110.272611, 49.651042], [-110.272802, 49.651338], [-110.272815, 49.651463], [-110.272749, 49.651767], [-110.272601, 49.651946], [-110.272545, 49.652113], [-110.272547, 49.652213], [-110.272652, 49.652351], [-110.272629, 49.652547], [-110.272596, 49.652602], [-110.272509, 49.652636], [-110.272065, 49.652688], [-110.271897, 49.652759], [-110.271453, 49.653053], [-110.27109, 49.653406], [-110.271034, 49.65349], [-110.271062, 49.653505], [-110.271157, 49.653461], [-110.271343, 49.653441], [-110.271417, 49.653459], [-110.27157, 49.653421], [-110.271703, 49.653302], [-110.271806, 49.653207], [-110.272193, 49.653038], [-110.272279, 49.652977], [-110.272483, 49.65293], [-110.272639, 49.652952], [-110.272718, 49.65302], [-110.272728, 49.653145], [-110.272642, 49.653423], [-110.272639, 49.653469], [-110.27269, 49.653548], [-110.272787, 49.653606], [-110.273027, 49.653576], [-110.273206, 49.653499], [-110.273341, 49.653375], [-110.273512, 49.65315], [-110.273688, 49.653059], [-110.273752, 49.653066], [-110.273716, 49.653094], [-110.273673, 49.653147], [-110.273673, 49.653228], [-110.273685, 49.653256], [-110.273777, 49.653352], [-110.273969, 49.65341], [-110.274076, 49.65341], [-110.274267, 49.653363], [-110.274438, 49.653294], [-110.274742, 49.653112], [-110.275023, 49.653008], [-110.275495, 49.65297], [-110.275875, 49.653142]]}, "bbox": [-110.275875, 49.646222, -110.271034, 49.653606]}, {"type": "Feature", "properties": {"area": "Medicine Hat", "difficulty": "intermediate", "highway": "path", "name": "Viper", "osm_id": 1332502642, "stroke": "#3b82f6"}, "geometry": {"type": "LineString", "coordinates": [[-110.734801, 50.030408], [-110.734767, 50.030476], [-110.734738, 50.030507], [-110.734698, 50.030551], [-110.73466, 50.030578], [-110.734622, 50.030621], [-110.734583, 50.03067], [-110.734517, 50.030737], [-110.734463, 50.03083], [-110.734402, 50.030981], [-110.734381, 50.03101], [-110.734364, 50.031027], [-110.734326, 50.031044], [-110.73424, 50.031079], [-110.734203, 50.0311], [-110.734178, 50.031124], [-110.734141, 50.031175], [-110.733855, 50.031561], [-110.733761, 50.031674], [-110.733742, 50.031706], [-110.733731, 50.031735], [-110.733708, 50.031929], [-110.733719, 50.031976], [-110.733748, 50.032083], [-110.733759, 50.032175], [-110.733776, 50.032218], [-110.733813, 50.032277], [-110.733831, 50.032329], [-110.73382, 50.032399], [-110.733789, 50.032463], [-110.733757, 50.032493], [-110.733712, 50.032509], [-110.733644, 50.032524], [-110.733452, 50.032536], [-110.733288, 50.032563], [-110.733193, 50.032592], [-110.733149, 50.032612], [-110.733133, 50.032634], [-110.733125, 50.032651], [-110.733112, 50.032788], [-110.733088, 50.032861], [-110.733048, 50.03291], [-110.733009, 50.032954], [-110.732975, 50.033008], [-110.732906, 50.033096], [-110.73284, 50.033184], [-110.732777, 50.033284], [-110.732648, 50.03348], [-110.732458, 50.033712], [-110.732324, 50.033832], [-110.732245, 50.033864], [-110.732097, 50.033905], [-110.731995, 50.033939], [-110.731895, 50.033959], [-110.731734, 50.033988], [-110.731613, 50.03402], [-110.731531, 50.034052], [-110.731476, 50.034101], [-110.73141, 50.034174], [-110.731376, 50.034238], [-110.731286, 50.034324], [-110.731239, 50.034358], [-110.731183, 50.034385], [-110.731146, 50.034416], [-110.73108, 50.034498], [-110.731029, 50.034544], [-110.730955, 50.034586], [-110.730765, 50.034679], [-110.730674, 50.034713], [-110.730604, 50.034736], [-110.730563, 50.034756], [-110.730518, 50.034798], [-110.730411, 50.034868], [-110.730115, 50.034991], [-110.72997, 50.035059], [-110.729894, 50.035084], [-110.729782, 50.035103], [-110.729417, 50.035116], [-110.729217, 50.035099], [-110.729003, 50.035056], [-110.728921, 50.03505], [-110.728835, 50.035048], [-110.72877, 50.035063], [-110.728725, 50.035076], [-110.728661, 50.035094]]}, "bbox": [-110.734801, 50.030408, -110.728661, 50.035116]}, {"type": "Feature", "properties": {"area": "Redcliff", "difficulty": "intermediate", "highway": "path", "name": "Windy Shot", "osm_id": 1332500177, "stroke": "#3b82f6"}, "geometry": {"type": "LineString", "coordinates": [[-110.774857, 50.04727], [-110.774806, 50.047216], [-110.774781, 50.047193], [-110.774759, 50.047178], [-110.774686, 50.047144], [-110.774635, 50.047105], [-110.77461, 50.047069], [-110.774502, 50.046928], [-110.774477, 50.046912], [-110.774426, 50.04689], [-110.774401, 50.046868], [-110.774369, 50.046841], [-110.774328, 50.046815], [-110.774302, 50.046789], [-110.774295, 50.046764], [-110.774307, 50.046743], [-110.774329, 50.04673], [-110.774353, 50.046725], [-110.774383, 50.046726], [-110.774428, 50.046726], [-110.774472, 50.046719], [-110.774504, 50.046709], [-110.77455, 50.046693], [-110.774592, 50.046687], [-110.774635, 50.046688], [-110.774679, 50.046686], [-110.774725, 50.046675], [-110.774761, 50.046654], [-110.774804, 50.046636], [-110.774857, 50.046626], [-110.77489, 50.046623], [-110.774926, 50.046627], [-110.77498, 50.046628], [-110.775036, 50.046627], [-110.775086, 50.046617], [-110.775122, 50.046606], [-110.775162, 50.046602], [-110.775217, 50.046595], [-110.775253, 50.04658], [-110.775263, 50.046561], [-110.775262, 50.04654], [-110.775246, 50.046523], [-110.77521, 50.046514], [-110.775167, 50.046512], [-110.775106, 50.046504], [-110.775075, 50.046494], [-110.775027, 50.046474], [-110.774948, 50.046424], [-110.774908, 50.046408], [-110.774833, 50.046388], [-110.774793, 50.046369], [-110.774765, 50.046342], [-110.774706, 50.046313], [-110.774672, 50.0463], [-110.774618, 50.046287], [-110.774363, 50.046239], [-110.774313, 50.046221], [-110.774291, 50.0462], [-110.774283, 50.046174], [-110.774293, 50.046154], [-110.774318, 50.046142], [-110.774345, 50.046141], [-110.774376, 50.046149], [-110.774404, 50.046165], [-110.77444, 50.046175], [-110.774475, 50.046181], [-110.774507, 50.04618], [-110.7746, 50.046161], [-110.774651, 50.046159], [-110.7747, 50.046165], [-110.774773, 50.046181], [-110.774837, 50.046183], [-110.774894, 50.046179], [-110.774981, 50.046158], [-110.775015, 50.046155], [-110.775072, 50.046161], [-110.775214, 50.046183], [-110.775248, 50.046181], [-110.775269, 50.046161], [-110.775263, 50.046144], [-110.775243, 50.046127], [-110.775197, 50.046116], [-110.775076, 50.046092], [-110.775021, 50.046078], [-110.774971, 50.046051], [-110.774827, 50.045952], [-110.774769, 50.045932], [-110.774651, 50.045903], [-110.774536, 50.045877], [-110.77447, 50.045854], [-110.774439, 50.045828], [-110.774437, 50.045805], [-110.774456, 50.045792], [-110.774485, 50.045786], [-110.774514, 50.045784], [-110.774573, 50.045793], [-110.774662, 50.0458], [-110.774698, 50.045803], [-110.774727, 50.04581], [-110.774806, 50.045831], [-110.774861, 50.045832], [-110.774945, 50.045834], [-110.774996, 50.045841], [-110.775052, 50.045854], [-110.775092, 50.045854], [-110.775136, 50.045852], [-110.775189, 50.045866], [-110.775221, 50.045883], [-110.775267, 50.045906], [-110.775306, 50.045915], [-110.775345, 50.045911], [-110.775367, 50.045892], [-110.775372, 50.045865], [-110.775355, 50.045844], [-110.775328, 50.045831], [-110.775258, 50.045817], [-110.775186, 50.045802], [-110.775152, 50.045784], [-110.775135, 50.045759], [-110.775113, 50.045707], [-110.775091, 50.045683], [-110.775065, 50.045671], [-110.775033, 50.045664], [-110.774957, 50.045659], [-110.774905, 50.045648], [-110.774872, 50.045632], [-110.774864, 50.045605], [-110.774874, 50.045578], [-110.774935, 50.045522], [-110.774945, 50.045496], [-110.774932, 50.045473], [-110.774893, 50.045462], [-110.774805, 50.045455], [-110.774774, 50.045448], [-110.774751, 50.045436], [-110.774723, 50.045413], [-110.77472, 50.045388], [-110.77473, 50.045362], [-110.774774, 50.04529], [-110.774796, 50.045233], [-110.774805, 50.045186], [-110.774793, 50.045143], [-110.774767, 50.045113], [-110.77474, 50.045095], [-110.774729, 50.04508], [-110.774734, 50.045066], [-110.774752, 50.045056], [-110.774779, 50.045053], [-110.77481, 50.045059], [-110.774877, 50.045086], [-110.774943, 50.045125], [-110.774989, 50.045136], [-110.77502, 50.045134], [-110.775038, 50.045122], [-110.775037, 50.045107], [-110.775026, 50.045095], [-110.774994, 50.045076], [-110.774979, 50.045067], [-110.774938, 50.045034], [-110.774886, 50.045004], [-110.77485, 50.044984], [-110.774832, 50.044966], [-110.774832, 50.04495], [-110.774852, 50.044932], [-110.774884, 50.044926], [-110.774925, 50.044933], [-110.77504, 50.044966], [-110.77512, 50.044987], [-110.775192, 50.045004], [-110.77524, 50.045008], [-110.775279, 50.044998], [-110.775297, 50.044987], [-110.775297, 50.044968], [-110.775279, 50.044953], [-110.77524, 50.044935], [-110.775197, 50.044912], [-110.77515, 50.044871], [-110.775089, 50.044811], [-110.775008, 50.044773], [-110.774938, 50.044756], [-110.774861, 50.044749], [-110.774784, 50.044748], [-110.774744, 50.044742], [-110.774708, 50.04473], [-110.774701, 50.044709], [-110.774718, 50.044692], [-110.774749, 50.044679], [-110.774791, 50.044671], [-110.77491, 50.044669], [-110.774952, 50.044664], [-110.774996, 50.044648], [-110.775035, 50.044638], [-110.775082, 50.044638], [-110.775179, 50.044635], [-110.775221, 50.044626], [-110.775258, 50.044608], [-110.77528, 50.04458], [-110.775299, 50.044536], [-110.775313, 50.044482], [-110.775323, 50.04446], [-110.775363, 50.044429], [-110.775441, 50.044358], [-110.77546, 50.044329], [-110.775512, 50.044265], [-110.775556, 50.044237], [-110.775622, 50.04421], [-110.7757, 50.044181], [-110.775743, 50.044151], [-110.775758, 50.044121], [-110.775759, 50.044096], [-110.775753, 50.044072], [-110.775734, 50.044046], [-110.775687, 50.044009], [-110.775607, 50.043959], [-110.775511, 50.043919], [-110.775409, 50.04389], [-110.775118, 50.043785], [-110.775051, 50.043766], [-110.774934, 50.043736], [-110.77481, 50.043694], [-110.77473, 50.043675], [-110.774591, 50.043655], [-110.774364, 50.043633], [-110.774122, 50.043619], [-110.774019, 50.0436], [-110.773871, 50.043575], [-110.773813, 50.043541], [-110.773784, 50.043493], [-110.773768, 50.043439], [-110.773783, 50.043415], [-110.773815, 50.043401], [-110.773851, 50.043397], [-110.774003, 50.043385], [-110.774063, 50.043365], [-110.774098, 50.043342], [-110.774161, 50.04328], [-110.774242, 50.043232], [-110.774317, 50.0432], [-110.774366, 50.043185], [-110.774405, 50.043184], [-110.774431, 50.043191], [-110.774459, 50.043207], [-110.774491, 50.043218], [-110.774537, 50.043228], [-110.774858, 50.043286], [-110.774915, 50.043291], [-110.774964, 50.04329], [-110.775028, 50.043282], [-110.775064, 50.043279], [-110.775117, 50.043281], [-110.775175, 50.043286], [-110.775215, 50.043285], [-110.77525, 50.043277], [-110.775278, 50.043262], [-110.775297, 50.043241], [-110.775311, 50.043195], [-110.775322, 50.043172], [-110.775353, 50.043151], [-110.775405, 50.043141], [-110.775432, 50.043145], [-110.775463, 50.043163], [-110.7755, 50.043199], [-110.775522, 50.043242], [-110.775525, 50.043266], [-110.775524, 50.043325], [-110.775533, 50.043356], [-110.775549, 50.043375], [-110.775574, 50.043384], [-110.775703, 50.043394], [-110.775769, 50.043387], [-110.775805, 50.043378], [-110.775817, 50.043367], [-110.775821, 50.043336], [-110.775832, 50.043299], [-110.775832, 50.043281], [-110.775824, 50.043267], [-110.775824, 50.043253], [-110.77584, 50.043234], [-110.775853, 50.043212]]}, "bbox": [-110.775853, 50.043141, -110.773768, 50.04727]}, {"type": "Feature", "properties": {"name": "48 Hours", "difficulty": "advanced", "area": "Fernie", "osm_id": 453567268, "highway": "path", "stroke": "#0a0a0a"}, "geometry": {"type": "LineString", "coordinates": [[-115.0469629, 49.4539389], [-115.0466195, 49.453887], [-115.0462882, 49.4537894], [-115.0462869, 49.4536288], [-115.0462168, 49.4534797], [-115.0459869, 49.4533225], [-115.045741, 49.453185], [-115.045581, 49.453122], [-115.045325, 49.453056], [-115.045199, 49.453044], [-115.0451679, 49.4530522], [-115.045093, 49.453072], [-115.044962, 49.453151], [-115.0448593, 49.4532151], [-115.0446884, 49.4533144], [-115.0444568, 49.4533942], [-115.0442221, 49.4535377], [-115.0440863, 49.4536576], [-115.0439766, 49.4536785], [-115.0437464, 49.4537204], [-115.0435657, 49.4537823], [-115.0433538, 49.4539601], [-115.0431894, 49.4540602], [-115.0430407, 49.4541841], [-115.042894, 49.454227], [-115.04277, 49.454261], [-115.042546, 49.454303], [-115.042257, 49.454381], [-115.042111, 49.454401], [-115.041905, 49.454409], [-115.041656, 49.454382], [-115.041516, 49.454395], [-115.041311, 49.45445], [-115.041014, 49.454469], [-115.040904, 49.454508], [-115.040801, 49.454579], [-115.040647, 49.454652], [-115.040157, 49.454788], [-115.039855, 49.454844], [-115.039533, 49.454942], [-115.03933, 49.455032], [-115.039161, 49.455088], [-115.0387216, 49.4551456], [-115.0384341, 49.4551616], [-115.0381375, 49.4551627], [-115.037928, 49.455107], [-115.037763, 49.45507], [-115.037385, 49.455036], [-115.037228, 49.455054], [-115.037127, 49.455096], [-115.036993, 49.455198], [-115.036919, 49.455283], [-115.036774, 49.45556], [-115.036391, 49.45596], [-115.036229, 49.456303], [-115.03618, 49.456345], [-115.036091, 49.456383], [-115.035987, 49.456404], [-115.035795, 49.456417], [-115.035441, 49.456416], [-115.034759, 49.456363], [-115.034233, 49.45637], [-115.034019, 49.456344], [-115.033439, 49.456358], [-115.033357, 49.4564], [-115.033303, 49.456452], [-115.033115, 49.456701], [-115.033052, 49.456755], [-115.032894, 49.456798], [-115.032625, 49.456832], [-115.032306, 49.456906], [-115.03154, 49.456992], [-115.031356, 49.456992], [-115.031055, 49.456934], [-115.030728, 49.456835], [-115.0306252, 49.4568423], [-115.030256, 49.456972], [-115.03013, 49.457], [-115.029957, 49.456991], [-115.029839, 49.456953], [-115.029744, 49.456871], [-115.029411, 49.456405], [-115.029321, 49.456355], [-115.029062, 49.456256], [-115.02871, 49.455978], [-115.028593, 49.455805], [-115.02853, 49.45577], [-115.028409, 49.455746], [-115.028132, 49.455732], [-115.027444, 49.455745], [-115.026932, 49.455702], [-115.026818, 49.455677], [-115.026487, 49.455559], [-115.026072, 49.455491], [-115.025782, 49.45542], [-115.025467, 49.455373], [-115.0252111, 49.4553036], [-115.0250912, 49.4552739], [-115.0249713, 49.4551894], [-115.0248924, 49.4551748], [-115.02473, 49.455191], [-115.024629, 49.4551663], [-115.0244162, 49.4550411], [-115.0242325, 49.4549442], [-115.0240675, 49.4549117], [-115.0238284, 49.4548847], [-115.0236586, 49.4548834], [-115.0234399, 49.4549036], [-115.0232979, 49.4549687], [-115.02318, 49.4550058], [-115.0230999, 49.4550005], [-115.022941, 49.4549542], [-115.02267, 49.454948], [-115.0225272, 49.4550621], [-115.0224062, 49.4550661], [-115.022174, 49.455028], [-115.0219262, 49.4549652], [-115.0218045, 49.4549041], [-115.0217085, 49.4547775], [-115.0215615, 49.4547805], [-115.021391, 49.4548354], [-115.0212121, 49.4549819], [-115.0210071, 49.4550321], [-115.0209134, 49.4550161], [-115.0207954, 49.4549497], [-115.0206913, 49.4549708], [-115.0205325, 49.4549693], [-115.0202654, 49.4550696], [-115.019914, 49.4551528], [-115.0197197, 49.4551703], [-115.0194976, 49.4552421], [-115.0192476, 49.4552049], [-115.0188142, 49.4552578], [-115.0185049, 49.455317], [-115.0182484, 49.4552833], [-115.0181245, 49.4552922], [-115.0179768, 49.4553449], [-115.0177181, 49.4554176]]}}, {"type": "Feature", "properties": {"name": "6 More Days", "difficulty": "advanced", "area": "Fernie", "osm_id": 1388108518, "highway": "path", "stroke": "#0a0a0a"}, "geometry": {"type": "LineString", "coordinates": [[-115.0330363, 49.4817878], [-115.0324201, 49.4820499], [-115.0317953, 49.4822607], [-115.0312306, 49.4823544], [-115.0307259, 49.4823934], [-115.0302453, 49.4825495], [-115.0298007, 49.4827057], [-115.0295724, 49.4827135], [-115.0293922, 49.4826354], [-115.029248, 49.4825573], [-115.0290317, 49.4825886], [-115.0286953, 49.4827291], [-115.0284775, 49.4828856], [-115.0282478, 49.4829699], [-115.028128, 49.4831646], [-115.0279082, 49.4834631], [-115.0278583, 49.4836642], [-115.0277185, 49.4839432], [-115.0274987, 49.484073], [-115.0273189, 49.484365], [-115.0274388, 49.4845921], [-115.0273889, 49.4847673], [-115.027289, 49.4850009], [-115.027309, 49.485228], [-115.0269694, 49.4854291], [-115.0269794, 49.4856043], [-115.0269194, 49.485786], [-115.0270193, 49.4860585], [-115.0270992, 49.4861623], [-115.0269993, 49.4863051], [-115.0270792, 49.4864738], [-115.0269794, 49.486597], [-115.0269694, 49.4870253], [-115.0269594, 49.4873626], [-115.0267297, 49.4878947], [-115.0266897, 49.4880374], [-115.0265099, 49.4881218], [-115.02642, 49.4882385], [-115.02644, 49.4883359], [-115.02648, 49.4884137], [-115.02647, 49.488524], [-115.0263401, 49.4886343], [-115.0263501, 49.4887252], [-115.0265, 49.4888419], [-115.0266598, 49.4889522], [-115.0267796, 49.4891015], [-115.0268695, 49.4892507], [-115.0268295, 49.4894453], [-115.0268895, 49.48964], [-115.0267197, 49.4897892], [-115.0266697, 49.4900357], [-115.0265699, 49.4902174], [-115.0265199, 49.4904315], [-115.0265998, 49.4905223], [-115.0268495, 49.4905742], [-115.0269794, 49.4906196], [-115.0269294, 49.4907818], [-115.0269993, 49.4909635], [-115.0273389, 49.4910219], [-115.0277185, 49.4909894], [-115.0279881, 49.4909051], [-115.028273, 49.4907869], [-115.0283398, 49.4906909], [-115.0284113, 49.4906475], [-115.0285257, 49.4906599], [-115.0286635, 49.4907187]]}}, {"type": "Feature", "properties": {"name": "Aggravated Assault", "difficulty": "advanced", "area": "Fernie", "osm_id": 648385858, "highway": "path", "stroke": "#0a0a0a"}, "geometry": {"type": "LineString", "coordinates": [[-115.1021564, 49.460559], [-115.10265, 49.4608649], [-115.1026929, 49.4609172], [-115.1026929, 49.4609904], [-115.1026392, 49.4610462], [-115.1025534, 49.461088], [-115.1019258, 49.4610636], [-115.1017648, 49.4610741], [-115.101502, 49.4611264], [-115.1006933, 49.4613417], [-115.1001528, 49.4614402], [-115.0992664, 49.4614994], [-115.0987044, 49.4615535], [-115.0974706, 49.4616616], [-115.0968859, 49.4616721], [-115.0965104, 49.4616965], [-115.0961456, 49.4616302], [-115.0956896, 49.4615361], [-115.0953946, 49.4615082], [-115.0951639, 49.4615187], [-115.0949923, 49.4615605], [-115.0947348, 49.4615884], [-115.094429, 49.4615849], [-115.0941769, 49.461557], [-115.0940159, 49.461557], [-115.093855, 49.4615884], [-115.0937197, 49.4616243], [-115.0936914, 49.4616494], [-115.0936672, 49.461686], [-115.0936243, 49.4617488], [-115.0935814, 49.4618011], [-115.0934688, 49.4618359], [-115.0932595, 49.4618603], [-115.0929913, 49.4618778], [-115.0928036, 49.4619161], [-115.0927016, 49.4619824], [-115.0926319, 49.4620312], [-115.0925032, 49.4620451], [-115.0923744, 49.4620521], [-115.0922725, 49.4620835], [-115.0921813, 49.4621428], [-115.0919569, 49.4622511], [-115.0918299, 49.4623291], [-115.0916977, 49.4624026], [-115.0915751, 49.462406], [-115.0914499, 49.462382], [-115.0912924, 49.4624419]]}}, {"type": "Feature", "properties": {"name": "Aggravated Assault Extension", "difficulty": "advanced", "area": "Fernie", "osm_id": 648385866, "highway": "path", "stroke": "#0a0a0a"}, "geometry": {"type": "LineString", "coordinates": [[-115.1067386, 49.4631761], [-115.1068637, 49.4631321], [-115.1070863, 49.4629944], [-115.1071695, 49.462881], [-115.107199, 49.4628357], [-115.1072258, 49.4627712], [-115.1072151, 49.4627119], [-115.107148, 49.4626021], [-115.1071427, 49.462576], [-115.107148, 49.4625498], [-115.1072044, 49.4625062], [-115.1072768, 49.462433], [-115.107317, 49.4623598], [-115.1073331, 49.4622726], [-115.1073561, 49.4622035], [-115.1073749, 49.4621104], [-115.1073494, 49.4619686], [-115.1072576, 49.461902], [-115.1071694, 49.4619017], [-115.1069928, 49.4620603], [-115.1069122, 49.4621037], [-115.1068111, 49.462094], [-115.1066655, 49.4620008], [-115.106421, 49.461808]]}}, {"type": "Feature", "properties": {"name": "Al Matador", "difficulty": "advanced", "area": "Fernie", "osm_id": 647721760, "highway": "path", "stroke": "#0a0a0a"}, "geometry": {"type": "LineString", "coordinates": [[-114.9957923, 49.4503122], [-114.9957386, 49.4504561], [-114.9956152, 49.4505712], [-114.995567, 49.4506653], [-114.9954811, 49.4510489], [-114.9956421, 49.4514221], [-114.9956421, 49.4514604], [-114.9956206, 49.4515302], [-114.9956152, 49.4515808], [-114.9956394, 49.4516191], [-114.9956742, 49.4516644], [-114.9958084, 49.4518719], [-114.9958271, 49.4519243], [-114.9958191, 49.4520359], [-114.9957949, 49.4521056], [-114.995744, 49.4521544], [-114.9954087, 49.4523183], [-114.9953309, 49.4523828], [-114.9951673, 49.4526444], [-114.994883, 49.4532111], [-114.9948723, 49.4532756], [-114.9948723, 49.4536574], [-114.994883, 49.4538684], [-114.9948991, 49.4539172], [-114.9951727, 49.4547071], [-114.9954007, 49.4551203], [-114.9955187, 49.4553905], [-114.9957306, 49.4561978], [-114.9958003, 49.4563041], [-114.9958057, 49.4565692], [-114.9958995, 49.4566877], [-114.9965272, 49.4571898], [-114.9966023, 49.4572352], [-114.9967123, 49.4573067], [-114.9968356, 49.4573938], [-114.9968625, 49.4574636], [-114.9968732, 49.4575595], [-114.9969242, 49.4578227], [-114.996959, 49.4579064], [-114.9970314, 49.4580842], [-114.9975008, 49.4589089], [-114.9975491, 49.4589594], [-114.9976323, 49.4589995], [-114.9977503, 49.4590449], [-114.9979112, 49.459085], [-114.9983672, 49.4591861], [-114.9986434, 49.4593046], [-114.99874, 49.4593709], [-114.9988285, 49.4594581], [-114.9989063, 49.4595243], [-114.9989814, 49.4595661], [-114.9991289, 49.4596062], [-114.9995044, 49.4596463], [-115.0000248, 49.4596603], [-115.0001026, 49.4596516], [-115.0007356, 49.4594737], [-115.0009448, 49.4594267], [-115.0010869, 49.4594214], [-115.0012425, 49.4594424], [-115.00139, 49.459472], [-115.0014759, 49.4594685], [-115.0015268, 49.4594528], [-115.0015376, 49.4594197], [-115.001508, 49.4593709], [-115.0014437, 49.459336], [-115.0011138, 49.4591652], [-115.0004405, 49.4589542], [-115.0004057, 49.458935], [-115.0003922, 49.4589054], [-115.0003815, 49.458867], [-115.0004164, 49.4587956], [-115.0005693, 49.4587032], [-115.0006953, 49.4586509], [-115.0007812, 49.4586421], [-115.0020794, 49.4586317], [-115.0021303, 49.4586317], [-115.0022027, 49.4586456], [-115.0026721, 49.458745], [-115.0027901, 49.4587572], [-115.0030154, 49.4587467], [-115.003458, 49.458684], [-115.0047374, 49.4584539], [-115.0055206, 49.4583144], [-115.0056816, 49.4582882], [-115.0057808, 49.4582464], [-115.0060168, 49.4581854], [-115.0069503, 49.4580703], [-115.0083316, 49.4577129], [-115.0083745, 49.4576885], [-115.0083879, 49.4576588], [-115.0084281, 49.4575961], [-115.0086079, 49.4574217], [-115.0086454, 49.4573816], [-115.0086561, 49.4573363], [-115.0087232, 49.4569283], [-115.00875, 49.456869], [-115.0087902, 49.456822], [-115.0088627, 49.4567941], [-115.0089941, 49.4567732], [-115.0093508, 49.4567331], [-115.0096834, 49.4567383], [-115.0098712, 49.4567383], [-115.0099811, 49.4567156], [-115.0101877, 49.4566616], [-115.0104398, 49.4565796], [-115.01059, 49.4565622], [-115.0106892, 49.4565465], [-115.0108126, 49.4565064], [-115.0109146, 49.4564942], [-115.0110165, 49.4564837], [-115.0117273, 49.4565587], [-115.0118372, 49.456557], [-115.0118855, 49.4565482], [-115.011974, 49.4565064], [-115.012379, 49.4562048], [-115.0124166, 49.4561437], [-115.0124246, 49.4560792], [-115.0124166, 49.4560078], [-115.0122208, 49.4557009], [-115.0122047, 49.4556346], [-115.0122396, 49.4553417], [-115.0122691, 49.4552894], [-115.0123361, 49.4552528], [-115.012489, 49.4552144], [-115.0126258, 49.455197], [-115.0127599, 49.4552022], [-115.0132776, 49.4552702], [-115.0136424, 49.4552737], [-115.0138194, 49.4552912], [-115.0139535, 49.4553208], [-115.0140796, 49.4553818], [-115.014152, 49.4554446], [-115.0143371, 49.4556085], [-115.0145355, 49.4557776], [-115.0146804, 49.4558386], [-115.0148145, 49.4558578], [-115.0150264, 49.455863], [-115.0151846, 49.4558421], [-115.0153724, 49.455795], [-115.0155789, 49.4557654], [-115.0157425, 49.4557654], [-115.016161, 49.4557863], [-115.0163541, 49.4557654], [-115.0168074, 49.4556521]]}}, {"type": "Feature", "properties": {"name": "Alternate Flight Pattern", "difficulty": "advanced", "area": "Fernie", "osm_id": 648385873, "highway": "path", "stroke": "#0a0a0a"}, "geometry": {"type": "LineString", "coordinates": [[-115.0985938, 49.4605227], [-115.0984942, 49.4605001], [-115.098403, 49.4604182], [-115.0983226, 49.4603118], [-115.0982555, 49.4602665], [-115.098175, 49.4602491], [-115.0980999, 49.4602456], [-115.0980409, 49.460256], [-115.0979792, 49.4602857], [-115.0978934, 49.460324], [-115.0977995, 49.4603432], [-115.0977094, 49.4603354], [-115.0975179, 49.4603188], [-115.0972202, 49.4602682], [-115.0969949, 49.4602438], [-115.096909, 49.4602647], [-115.0968554, 49.4602857], [-115.0967883, 49.4602892], [-115.0967213, 49.4602857], [-115.0966381, 49.4602595], [-115.0965684, 49.4602212], [-115.0965094, 49.4601933], [-115.0964423, 49.4601776], [-115.0963538, 49.4601811], [-115.0962975, 49.4601828], [-115.0962304, 49.4602072], [-115.0961741, 49.4602351], [-115.0961017, 49.4602595], [-115.0956717, 49.4604286], [-115.0954338, 49.4604687], [-115.0950047, 49.4604984], [-115.0946828, 49.4604862], [-115.0944012, 49.460474], [-115.0941356, 49.4604478], [-115.0937199, 49.4603885], [-115.093618, 49.4603833], [-115.0935482, 49.460392], [-115.0934892, 49.4604199], [-115.0934409, 49.460467], [-115.0933819, 49.4605175], [-115.0932854, 49.4605594], [-115.0932076, 49.4605733], [-115.093103, 49.4605855], [-115.0930037, 49.4606152], [-115.0929206, 49.4606605], [-115.0928482, 49.4607163], [-115.0927945, 49.4607756], [-115.0927194, 49.4608279], [-115.0926282, 49.4608557], [-115.0925075, 49.4608714], [-115.092411, 49.4608819], [-115.0923359, 49.4609046], [-115.0920355, 49.4609813], [-115.0919838, 49.4610683], [-115.0919968, 49.4612323], [-115.0920255, 49.4614881], [-115.0921069, 49.4616898], [-115.0921858, 49.4618365], [-115.0921806, 49.4619622], [-115.0921813, 49.4621428]]}}, {"type": "Feature", "properties": {"name": "Ammonite Trail", "difficulty": "intermediate", "area": "Fernie", "osm_id": 1388112421, "highway": "path", "stroke": "#3b82f6"}, "geometry": {"type": "LineString", "coordinates": [[-115.007691, 49.4867303], [-115.0074562, 49.4867073], [-115.0072386, 49.486656], [-115.0072177, 49.486604], [-115.0073195, 49.4865446], [-115.0073311, 49.4864956], [-115.0072423, 49.486421], [-115.0072266, 49.4863412], [-115.007149, 49.4863016], [-115.0071494, 49.486259], [-115.0072375, 49.4862183], [-115.0073012, 49.4861364], [-115.0073158, 49.4860462], [-115.0073574, 49.4860113], [-115.0075435, 49.4860073], [-115.0077026, 49.486028], [-115.00787, 49.4860597], [-115.0080011, 49.4860984], [-115.0082984, 49.4861669], [-115.0083969, 49.4861867], [-115.0085625, 49.4862475], [-115.0089092, 49.4863365], [-115.0092652, 49.4863742], [-115.0095215, 49.4864178], [-115.0098777, 49.4864762], [-115.010149, 49.4864887], [-115.0104675, 49.4865242], [-115.0106657, 49.486551], [-115.0108995, 49.4865529], [-115.0110354, 49.4865495], [-115.011324, 49.4865558], [-115.0114784, 49.486593], [-115.0119212, 49.4866014], [-115.0120167, 49.486584], [-115.0121325, 49.4865719], [-115.0121992, 49.4865546], [-115.0123605, 49.4864311], [-115.0124629, 49.4863219], [-115.0125112, 49.4862312], [-115.0125487, 49.4860677], [-115.012605, 49.4859947], [-115.0126509, 49.4859028], [-115.0127369, 49.4857867], [-115.0128715, 49.4855862], [-115.0129463, 49.4854737], [-115.0132994, 49.4852615], [-115.0136249, 49.4850522], [-115.0137918, 49.4849683], [-115.0137346, 49.4847964], [-115.0136237, 49.4846686], [-115.0134163, 49.4846198], [-115.0133617, 49.484604], [-115.0133133, 49.4845813], [-115.0132732, 49.4845525], [-115.0132476, 49.4845252], [-115.0132296, 49.4844955], [-115.0132196, 49.4844642]]}}, {"type": "Feature", "properties": {"name": "Bacon Bits", "difficulty": "intermediate", "area": "Fernie", "osm_id": 1501240983, "highway": "path"}, "geometry": {"type": "LineString", "coordinates": [[-115.0622992, 49.527426], [-115.0622663, 49.5273753], [-115.0622367, 49.5272878], [-115.0622258, 49.5272195], [-115.0621675, 49.5271687], [-115.0620961, 49.5271234], [-115.0620821, 49.5270863], [-115.0621335, 49.5270299], [-115.0621643, 49.5270065], [-115.0621513, 49.5269704], [-115.0620936, 49.5269555], [-115.0620248, 49.5269727], [-115.0619811, 49.5269989], [-115.0619274, 49.5270039], [-115.0618011, 49.5269886], [-115.0615995, 49.526947], [-115.0614514, 49.5269143], [-115.0613398, 49.5268618], [-115.0612359, 49.5268016], [-115.0612112, 49.5267667], [-115.061224, 49.5267419], [-115.0612989, 49.5267104], [-115.0613526, 49.5266523], [-115.0613952, 49.5265832], [-115.0613832, 49.5265069], [-115.0613182, 49.5264362], [-115.061279, 49.5263538], [-115.0613452, 49.5262625], [-115.061379, 49.5261774], [-115.0613249, 49.5260949], [-115.0611978, 49.5260431], [-115.0611005, 49.5259852], [-115.0610235, 49.5258799], [-115.0610262, 49.5257395], [-115.06106, 49.5256219], [-115.0611641, 49.5255], [-115.0611837, 49.525354], [-115.0610996, 49.5250669], [-115.0611638, 49.5249728], [-115.0611799, 49.5248378], [-115.0610095, 49.524568], [-115.0608262, 49.5244691]]}}, {"type": "Feature", "properties": {"name": "Ben Emmett", "difficulty": "intermediate", "area": "Fernie", "osm_id": 450848432, "highway": "path", "stroke": "#3b82f6"}, "geometry": {"type": "LineString", "coordinates": [[-115.0959651, 49.482111], [-115.0958414, 49.4821711], [-115.0956919, 49.4821671], [-115.0955286, 49.482148], [-115.0953085, 49.4821818], [-115.0951534, 49.4822518], [-115.0949521, 49.4824399], [-115.094736, 49.482657], [-115.0945782, 49.4827429], [-115.094385, 49.48285], [-115.094279, 49.482924], [-115.0941956, 49.4829869], [-115.0941037, 49.48306], [-115.093979, 49.4831201], [-115.0938293, 49.4831761], [-115.0937453, 49.4832399], [-115.0936542, 49.4833191], [-115.0935435, 49.4834213], [-115.093291, 49.4835063], [-115.0931105, 49.4835293], [-115.092891, 49.483451], [-115.0927831, 49.4834269], [-115.092491, 49.483345], [-115.0922591, 49.4832931], [-115.0920748, 49.4831851], [-115.0919949, 49.4830337], [-115.0919081, 49.4830257], [-115.0917014, 49.4831299], [-115.0914807, 49.4831219], [-115.0912586, 49.4831641], [-115.090809, 49.483065], [-115.0906298, 49.483019], [-115.0904677, 49.4829269], [-115.0904156, 49.4828209], [-115.0903601, 49.4826878], [-115.0903724, 49.4825548], [-115.090425, 49.4824488], [-115.0905474, 49.4823369], [-115.0907102, 49.482225], [-115.0907268, 49.482145], [-115.0907304, 49.482053], [-115.0906903, 49.4819721], [-115.0904758, 49.4817623], [-115.0902033, 49.481574], [-115.0902072, 49.4814984], [-115.0902963, 49.481271], [-115.090269, 49.4811299], [-115.090121, 49.481016], [-115.09, 49.480814], [-115.0898819, 49.4806947], [-115.089835, 49.480595], [-115.0898053, 49.4804879], [-115.0897187, 49.4802943], [-115.0895621, 49.4799751], [-115.089487, 49.4797308], [-115.0895092, 49.4795612], [-115.0896206, 49.4792789], [-115.0897152, 49.4791356], [-115.089793, 49.4790536], [-115.0898722, 49.4789596], [-115.0899422, 49.4788432], [-115.0899822, 49.4787562], [-115.0900544, 49.4785013], [-115.0900711, 49.478401], [-115.0901763, 49.4783111], [-115.0902508, 49.4782075], [-115.0902955, 49.4781191], [-115.0903167, 49.4780039], [-115.0903213, 49.4779055], [-115.0903102, 49.477799], [-115.0902649, 49.4775517], [-115.0902702, 49.4773324], [-115.0902163, 49.4771142], [-115.0902175, 49.476974], [-115.0902182, 49.4768319], [-115.0902298, 49.4766967], [-115.0903097, 49.4766198], [-115.0904546, 49.4764862], [-115.0905821, 49.476459], [-115.090716, 49.476501], [-115.0908067, 49.4765746], [-115.090946, 49.4766535], [-115.0911196, 49.4767363], [-115.0915245, 49.4768701], [-115.0917497, 49.4768716], [-115.0919465, 49.4768186], [-115.0920785, 49.4768711], [-115.0923613, 49.4769869], [-115.0925259, 49.4769879], [-115.0926701, 49.4769654], [-115.0928668, 49.4769203], [-115.0930363, 49.476934], [-115.0932258, 49.4769809], [-115.0934208, 49.4770123], [-115.0935525, 49.4770104], [-115.0936559, 49.4769505], [-115.0938396, 49.4767789], [-115.0939303, 49.4766673], [-115.0939805, 49.4765697], [-115.0939536, 49.4764573], [-115.0938236, 49.4763904], [-115.0935932, 49.4763608], [-115.0935211, 49.4763021], [-115.0933957, 49.4759072], [-115.0933555, 49.4758532], [-115.0932643, 49.4757904], [-115.0928378, 49.4753878], [-115.0928217, 49.4753547], [-115.0928324, 49.4753199], [-115.09287, 49.4752136], [-115.0928834, 49.4751404], [-115.0928673, 49.4750828], [-115.092811, 49.4750358], [-115.0926795, 49.4749783], [-115.0926179, 49.4749713], [-115.0925588, 49.4749765], [-115.0924998, 49.4749922], [-115.0924516, 49.4750114], [-115.0924113, 49.4750149], [-115.0923738, 49.4750044], [-115.0923496, 49.4749887], [-115.0923255, 49.4749504], [-115.0923255, 49.4749155], [-115.0923282, 49.4748685], [-115.0923201, 49.4748388], [-115.0922933, 49.4748266], [-115.0922477, 49.4748266], [-115.0921324, 49.4748406], [-115.0920707, 49.4748284], [-115.0920559, 49.4748188], [-115.0920546, 49.4748057], [-115.0920653, 49.4747883], [-115.0921404, 49.4747526], [-115.0924194, 49.4746768], [-115.0926702, 49.474533], [-115.0926903, 49.4745147], [-115.0927023, 49.4744999], [-115.0927091, 49.4744807], [-115.0926956, 49.4744624], [-115.0926728, 49.4744572], [-115.0926004, 49.4744563], [-115.0922839, 49.4744606], [-115.0919969, 49.474438], [-115.091773, 49.4743639], [-115.091722, 49.4743535], [-115.0916684, 49.4743535], [-115.091608, 49.474363], [-115.0915356, 49.474384], [-115.0913358, 49.4744955], [-115.0913022, 49.4745033], [-115.0912747, 49.4745068], [-115.0912459, 49.4745033], [-115.0912017, 49.4744903], [-115.0909844, 49.4744423], [-115.090853, 49.4744206], [-115.0906518, 49.4744118], [-115.0905901, 49.4743979], [-115.0905257, 49.4743665], [-115.0904667, 49.4743317], [-115.090338, 49.4741888], [-115.0901677, 49.4740432], [-115.0901382, 49.474031], [-115.0900791, 49.4740066], [-115.0898163, 49.4739212], [-115.0897707, 49.4739038], [-115.0897117, 49.4738689], [-115.0889526, 49.4733008], [-115.0888453, 49.4732572], [-115.0887193, 49.4732241], [-115.0886147, 49.4732223], [-115.0881936, 49.4732851], [-115.0880997, 49.4732886], [-115.0880085, 49.4732746], [-115.08792, 49.473231], [-115.087531, 49.4727779], [-115.0875123, 49.4727378], [-115.0875123, 49.4726803], [-115.0875364, 49.4726402], [-115.0876088, 49.4725931], [-115.0876517, 49.4725862], [-115.0877027, 49.4725879], [-115.0877832, 49.4726123], [-115.0878797, 49.4726402], [-115.0879495, 49.4726506], [-115.0880058, 49.4726454], [-115.0883116, 49.4726036], [-115.0883572, 49.4726036], [-115.0884028, 49.4726106], [-115.0891994, 49.4729191], [-115.0896607, 49.4732467], [-115.090106, 49.4734559], [-115.0901677, 49.4734698], [-115.0902374, 49.4734716], [-115.0903527, 49.4734611], [-115.0905673, 49.4734123], [-115.0908543, 49.4733269], [-115.0915758, 49.4732101], [-115.0920559, 49.4731421], [-115.0928338, 49.4730289], [-115.0929142, 49.4730201], [-115.0929893, 49.4730201], [-115.0930591, 49.4730358], [-115.0933139, 49.4730899], [-115.0935285, 49.4731003], [-115.0936974, 49.4730777], [-115.0940891, 49.4729574], [-115.0942822, 49.4728615], [-115.0944029, 49.4728075]]}}, {"type": "Feature", "properties": {"name": "Ben's Big Rig", "difficulty": "easy", "area": "Fernie", "osm_id": 648385877, "highway": "path", "stroke": "#22c55e"}, "geometry": {"type": "LineString", "coordinates": [[-115.1066343, 49.46326], [-115.1067386, 49.4631761], [-115.1069217, 49.4630288], [-115.1069378, 49.4629974], [-115.1069459, 49.462959], [-115.1069217, 49.4629364], [-115.106793, 49.4629224], [-115.1065382, 49.4629712], [-115.1060634, 49.4630601], [-115.105932, 49.4631107], [-115.1058596, 49.4631334], [-115.1058005, 49.4631351], [-115.1057657, 49.4631177], [-115.105756, 49.4630318], [-115.1057442, 49.4630148], [-115.1057013, 49.4630044], [-115.1056396, 49.4630131], [-115.1055779, 49.463034], [-115.1055457, 49.4630305], [-115.1055189, 49.4630113], [-115.1054787, 49.4629747], [-115.1054385, 49.4629712], [-115.1053902, 49.4629834], [-115.1053419, 49.4630148], [-115.1052802, 49.4630357], [-115.1052427, 49.4630323], [-115.1052292, 49.4629974], [-115.1052507, 49.4629556], [-115.1057871, 49.4626139], [-115.1063987, 49.4622164], [-115.1064631, 49.4621484], [-115.1064738, 49.4620857], [-115.1064389, 49.4620438], [-115.1063692, 49.4620334], [-115.1062565, 49.4620421], [-115.1060393, 49.4621746], [-115.105932, 49.462199], [-115.1058193, 49.4622112], [-115.1057067, 49.4622338], [-115.1055377, 49.4622966], [-115.1054036, 49.4623506], [-115.105358, 49.4623641], [-115.1053097, 49.4623707], [-115.1051622, 49.4623733], [-115.1050442, 49.4623698], [-115.105012, 49.4623637], [-115.1049952, 49.4623554], [-115.1049852, 49.4623437], [-115.1049852, 49.4623158], [-115.1049878, 49.4622761], [-115.1049811, 49.462216], [-115.1049557, 49.4621833], [-115.1049342, 49.4621689], [-115.1048913, 49.4621606], [-115.1047491, 49.4621554], [-115.1047035, 49.4621606], [-115.1046392, 49.4621833], [-115.1045372, 49.4622269], [-115.1044648, 49.4622879], [-115.1044138, 49.4623332], [-115.1043387, 49.4623559], [-115.1042422, 49.4623698], [-115.1037406, 49.4624936], [-115.1036789, 49.4625006], [-115.1036119, 49.4624988], [-115.1035663, 49.4624866], [-115.1035502, 49.4624587], [-115.1035448, 49.4624374], [-115.1035287, 49.4624243], [-115.1035059, 49.4624182], [-115.1034791, 49.4624156], [-115.1034375, 49.4624225], [-115.1033933, 49.4624365], [-115.1032551, 49.4625176], [-115.1031881, 49.4625507], [-115.1031559, 49.4625585], [-115.103125, 49.4625611], [-115.1030982, 49.462555], [-115.1030821, 49.4625428], [-115.1029909, 49.4624522], [-115.1029681, 49.4624452], [-115.102936, 49.4624452], [-115.1029132, 49.4624522], [-115.1027388, 49.462555], [-115.1027093, 49.4625603], [-115.1026838, 49.462555], [-115.1026087, 49.4624225], [-115.1025846, 49.462392], [-115.1025484, 49.4623798], [-115.1025041, 49.4623798], [-115.1024532, 49.4623851], [-115.1021206, 49.4625106], [-115.1020696, 49.4625184], [-115.1020401, 49.4625193], [-115.1020012, 49.4625106], [-115.1019435, 49.462487], [-115.1016995, 49.4623598], [-115.1016404, 49.4623349], [-115.1016083, 49.462328], [-115.1015667, 49.4623227], [-115.1015278, 49.4623262], [-115.1014956, 49.4623384], [-115.1013977, 49.4624012], [-115.1011402, 49.4626304], [-115.1010289, 49.4626984], [-115.100927, 49.4627394], [-115.1008304, 49.462762], [-115.1007741, 49.4627664], [-115.1007379, 49.462762], [-115.1005568, 49.4627368], [-115.1004965, 49.462735], [-115.1004294, 49.462742], [-115.1003409, 49.4627516], [-115.1002739, 49.4627533], [-115.1002283, 49.4627507], [-115.1001894, 49.462742], [-115.1001491, 49.4627246], [-115.1000646, 49.4626592], [-115.1000405, 49.4626174], [-115.100011, 49.4625145], [-115.0999614, 49.4623855], [-115.099901, 49.4623053], [-115.0998662, 49.4622765], [-115.0997736, 49.4622129], [-115.0997374, 49.4621981], [-115.0996985, 49.4621868]]}}, {"type": "Feature", "properties": {"name": "Bicycle Thief", "difficulty": "advanced", "area": "Fernie", "osm_id": 648385867, "highway": "path", "stroke": "#0a0a0a"}, "geometry": {"type": "LineString", "coordinates": [[-115.0972886, 49.4512298], [-115.0972802, 49.4513374], [-115.0972507, 49.4513915], [-115.0972239, 49.4514089], [-115.0971675, 49.4514299], [-115.0971032, 49.4514438], [-115.097071, 49.4514717], [-115.0970415, 49.4515066], [-115.0970227, 49.4515746], [-115.0970334, 49.4516286], [-115.0971032, 49.4517071], [-115.0971434, 49.4517559], [-115.097138, 49.4518013], [-115.0971032, 49.4518449], [-115.0968859, 49.4521116], [-115.0968644, 49.4521639], [-115.0968752, 49.4521971], [-115.0969074, 49.4522424], [-115.0969637, 49.452286], [-115.0972158, 49.452415], [-115.0972882, 49.4524621], [-115.097299, 49.452497], [-115.0972802, 49.4525336], [-115.097248, 49.4525702], [-115.0972212, 49.4525877], [-115.0971488, 49.4525946], [-115.096784, 49.4525999], [-115.0964997, 49.4526121], [-115.096277, 49.4525859], [-115.0961456, 49.452565], [-115.0957808, 49.4524865], [-115.0955528, 49.4524185], [-115.0952632, 49.4523122], [-115.0952041, 49.4523034], [-115.0951612, 49.4523122], [-115.0951183, 49.452347], [-115.0950969, 49.4524203], [-115.0951854, 49.452769], [-115.0953088, 49.4529102], [-115.0954697, 49.4530619], [-115.0959337, 49.4534508], [-115.0959874, 49.4534891], [-115.0960705, 49.4535327], [-115.096159, 49.4535536], [-115.0964353, 49.4535798], [-115.0965453, 49.453585], [-115.0966257, 49.4536059], [-115.0966847, 49.4536495], [-115.0967196, 49.4537105], [-115.0967437, 49.4537611], [-115.0967759, 49.4537803], [-115.0968323, 49.4537995], [-115.096902, 49.4538221], [-115.0969288, 49.4538518], [-115.0969664, 49.4538971], [-115.0969825, 49.4539669], [-115.0969744, 49.4540157], [-115.0969315, 49.4540645], [-115.0968403, 49.4541029], [-115.0967357, 49.4541133], [-115.0966686, 49.4541238], [-115.0966123, 49.454143], [-115.0965855, 49.4541709], [-115.0965479, 49.4542371], [-115.0965131, 49.454279], [-115.0964406, 49.4543156], [-115.0960115, 49.4544115], [-115.0959337, 49.4544376], [-115.0958854, 49.4544847], [-115.0958774, 49.4545422], [-115.0958854, 49.4546556], [-115.0958801, 49.4547829], [-115.0958452, 49.4548299], [-115.0957701, 49.4548997], [-115.0953678, 49.4551263], [-115.0953088, 49.4551647], [-115.0952953, 49.4551943], [-115.0952793, 49.4552676], [-115.0952256, 49.4554297], [-115.0951488, 49.4555547], [-115.0948474, 49.4557558], [-115.0946623, 49.4558586], [-115.0942386, 49.4560138], [-115.0937853, 49.456155], [-115.0931523, 49.4562509], [-115.0925944, 49.4562718], [-115.0922135, 49.4562875], [-115.0920901, 49.456298], [-115.0919506, 49.4563503], [-115.0917817, 49.4564288], [-115.091618, 49.4564723], [-115.0914947, 49.4564933], [-115.0912935, 49.4565159], [-115.0909743, 49.4566258], [-115.0907597, 49.4566972], [-115.0906632, 49.4567112], [-115.09058, 49.4567077], [-115.0901133, 49.4566275], [-115.089844, 49.4565814]]}}, {"type": "Feature", "properties": {"name": "Big Money", "difficulty": "advanced", "area": "Fernie", "osm_id": 453567254, "highway": "path", "stroke": "#0a0a0a"}, "geometry": {"type": "LineString", "coordinates": [[-115.001044, 49.538317], [-115.0007067, 49.5383081], [-115.0006239, 49.5382567], [-115.0006198, 49.5381151], [-115.0005359, 49.537963], [-115.0003646, 49.53792], [-114.9999899, 49.5379176], [-114.9998953, 49.5378007], [-114.9995932, 49.5377067], [-114.9992773, 49.5375858], [-114.998927, 49.5374146], [-114.9985713, 49.5372484], [-114.9983306, 49.5372316], [-114.9979846, 49.5370578], [-114.9977641, 49.5370571], [-114.9975121, 49.5369898], [-114.9973442, 49.5370919], [-114.9972185, 49.5371226], [-114.9970458, 49.5372126], [-114.9968496, 49.5371999], [-114.9968142, 49.5371087], [-114.9967998, 49.5369632], [-114.9966875, 49.5367848], [-114.9966641, 49.5366436], [-114.9964394, 49.5364618], [-114.9962566, 49.5362597], [-114.9959077, 49.5360481], [-114.9956895, 49.53585], [-114.9956255, 49.5354989], [-114.9957392, 49.5352225], [-114.995725, 49.5350535], [-114.9956025, 49.5348324], [-114.9956526, 49.5347165], [-114.9956102, 49.5345661], [-114.9953327, 49.5340632], [-114.9955991, 49.5339913], [-114.99554, 49.533894], [-114.995298, 49.53377], [-114.995259, 49.533727], [-114.99526, 49.533615], [-114.995309, 49.533551], [-114.995418, 49.533488], [-114.995689, 49.533383], [-114.995798, 49.533321], [-114.995847, 49.533261], [-114.995863, 49.533192], [-114.995842, 49.533136], [-114.995733, 49.533027], [-114.995669, 49.532859], [-114.995594, 49.532738], [-114.995626, 49.53255], [-114.99558, 49.532324], [-114.99567, 49.532085], [-114.995646, 49.531973], [-114.995559, 49.531806], [-114.995542, 49.531702], [-114.995583, 49.531611], [-114.995793, 49.531361], [-114.995854, 49.531252], [-114.99585, 49.531152], [-114.995774, 49.531097], [-114.995488, 49.530991], [-114.995392, 49.530927], [-114.995331, 49.530852], [-114.99529, 49.530616], [-114.995368, 49.530393], [-114.995364, 49.530333], [-114.995297, 49.530238], [-114.995131, 49.530116], [-114.995086, 49.529946], [-114.994979, 49.529854], [-114.994939, 49.529782], [-114.994943, 49.529657], [-114.995039, 49.529375], [-114.995081, 49.529093], [-114.99525, 49.528813], [-114.995311, 49.528426], [-114.995386, 49.528266], [-114.995414, 49.528136], [-114.995411, 49.527758], [-114.9955, 49.527378], [-114.99539, 49.527142], [-114.995364, 49.52702], [-114.995388, 49.526836], [-114.995461, 49.526788], [-114.995676, 49.526748], [-114.995744, 49.526697], [-114.995825, 49.526556], [-114.995881, 49.52634], [-114.99589, 49.526188], [-114.995975, 49.525921], [-114.996464, 49.525293], [-114.996579, 49.525236], [-114.996793, 49.525177], [-114.997167, 49.525047], [-114.997623, 49.524996], [-114.997851, 49.525019], [-114.998362, 49.525108], [-114.998471, 49.525112], [-114.99863, 49.525088], [-114.998813, 49.525026], [-114.998976, 49.524938], [-114.998987, 49.524873], [-114.998926, 49.524713], [-114.998959, 49.524592], [-114.998935, 49.524526], [-114.998646, 49.524339], [-114.998497, 49.524115], [-114.998399, 49.524017], [-114.998292, 49.523982], [-114.998014, 49.52394], [-114.997929, 49.523896], [-114.997935, 49.523842], [-114.998096, 49.523768], [-114.998123, 49.52371], [-114.998083, 49.523619], [-114.998073, 49.523503], [-114.998117, 49.523312], [-114.998117, 49.523114], [-114.998147, 49.522993], [-114.998209, 49.522887], [-114.998442, 49.522685], [-114.998463, 49.52262], [-114.998426, 49.52249], [-114.998439, 49.522398], [-114.998698, 49.522023], [-114.998915, 49.5218], [-114.999131, 49.521499], [-114.999184, 49.521318], [-114.999162, 49.521197], [-114.999075, 49.521033], [-114.99906, 49.520938], [-114.99911, 49.520852], [-114.999191, 49.520809], [-114.999373, 49.520767], [-114.999591, 49.520759], [-114.999762, 49.520782], [-115.000129, 49.520886], [-115.000227, 49.520943], [-115.000421, 49.521203], [-115.00042, 49.521278], [-115.000366, 49.521413], [-115.000362, 49.52149], [-115.000402, 49.521742], [-115.000435, 49.521775], [-115.000513, 49.521779], [-115.000647, 49.521712], [-115.001055, 49.521437], [-115.00149, 49.521067], [-115.001919, 49.520651], [-115.0021015, 49.5205382], [-115.0021077, 49.5204931], [-115.0019643, 49.5204902], [-115.001691, 49.520565], [-115.001177, 49.520716], [-115.0006854, 49.5209131], [-115.0005623, 49.5209558], [-115.0005166, 49.52093], [-115.000517, 49.520793], [-115.000576, 49.52043], [-115.00063, 49.520342], [-115.0007, 49.520286], [-115.000861, 49.52019], [-115.000997, 49.52013], [-115.001455, 49.519981], [-115.001588, 49.519909], [-115.001731, 49.519782], [-115.002143, 49.519533], [-115.002513, 49.519339], [-115.002608, 49.51932]]}}, {"type": "Feature", "properties": {"name": "Big Trouble Little Chainring", "difficulty": "advanced", "area": "Fernie", "osm_id": [647647993, 647647997], "highway": "path", "stroke": "#0a0a0a"}, "geometry": {"type": "MultiLineString", "coordinates": [[[-115.0230164, 49.5193956], [-115.0231605, 49.5192798], [-115.0232356, 49.5192137], [-115.0232785, 49.5191875], [-115.0233402, 49.5191719], [-115.0233992, 49.5191649], [-115.0235521, 49.5191405], [-115.0236084, 49.5191214], [-115.0236486, 49.5190987], [-115.0236755, 49.5190639], [-115.0236889, 49.5190082], [-115.0237801, 49.5185816], [-115.0239412, 49.5179309], [-115.0241583, 49.5177162], [-115.0242812, 49.5175025], [-115.0243738, 49.5172838], [-115.0246726, 49.5168907], [-115.0248579, 49.5167818], [-115.0250413, 49.5165934], [-115.0251264, 49.5164197], [-115.0252586, 49.5163057], [-115.0254399, 49.5160656], [-115.0255981, 49.5159489], [-115.0256735, 49.5158145], [-115.0258132, 49.515653]], [[-115.0251952, 49.5244127], [-115.0252204, 49.5240211], [-115.025215, 49.523988], [-115.0251963, 49.5239619], [-115.0249039, 49.523685], [-115.0248932, 49.5236676], [-115.0248798, 49.5236415], [-115.0248637, 49.5235527], [-115.0248342, 49.5234918], [-115.0247832, 49.5234413], [-115.0247296, 49.5234256], [-115.0246303, 49.5234134], [-115.0245686, 49.523403], [-115.0245284, 49.5233873], [-115.0244318, 49.5233159], [-115.0243862, 49.523302], [-115.0243299, 49.523302], [-115.0239169, 49.523295], [-115.0238525, 49.5232863], [-115.0237801, 49.5232585], [-115.0237452, 49.5232184], [-115.0237184, 49.523161], [-115.0237264, 49.5231087], [-115.0237425, 49.5230757], [-115.0237908, 49.5230408], [-115.024059, 49.5228859], [-115.0240858, 49.5228406], [-115.0240885, 49.5227884], [-115.0240483, 49.5225376], [-115.0240349, 49.5224941], [-115.0240107, 49.5224593], [-115.0239356, 49.522421], [-115.0236996, 49.5222887], [-115.0236272, 49.5222747], [-115.0235843, 49.5222887], [-115.0235494, 49.522313], [-115.0235387, 49.5224071], [-115.0235306, 49.5224488], [-115.0235092, 49.5224645], [-115.0234662, 49.5224628], [-115.023426, 49.5224262], [-115.0232061, 49.5223113], [-115.0230371, 49.5222451], [-115.0228762, 49.5222086], [-115.0228037, 49.5221859], [-115.0227233, 49.5221511], [-115.0226562, 49.5221058], [-115.0226187, 49.5220536], [-115.0226187, 49.5219857], [-115.0226026, 49.521876], [-115.0225758, 49.5218307], [-115.0225275, 49.5217646], [-115.0223049, 49.5215765], [-115.022278, 49.5215574], [-115.0222324, 49.52154], [-115.022048, 49.5215008]]]}}, {"type": "Feature", "properties": {"name": "Big White Route", "difficulty": "advanced", "area": "Fernie / Island Lake", "osm_id": 648385829, "highway": "path", "stroke": "#0a0a0a"}, "geometry": {"type": "LineString", "coordinates": [[-115.1915314, 49.4948693], [-115.1930278, 49.494738], [-115.1937359, 49.4948356], [-115.195238, 49.4952746], [-115.1965254, 49.4957554], [-115.1987356, 49.496609], [-115.1999962, 49.4971073], [-115.2005595, 49.4973511], [-115.2006989, 49.497393], [-115.2008652, 49.4973999], [-115.2011174, 49.4974034], [-115.2012783, 49.4974557], [-115.2014071, 49.4975532], [-115.2015519, 49.4976194], [-115.2017182, 49.4976543], [-115.2024853, 49.4976473], [-115.2030378, 49.4977205], [-115.2032149, 49.4977867], [-115.2036494, 49.497919], [-115.2040571, 49.4980236], [-115.2044809, 49.498048], [-115.2047866, 49.4980027], [-115.2049958, 49.4979225], [-115.2054786, 49.4976821], [-115.2058327, 49.4975706], [-115.2059829, 49.4974626], [-115.2062619, 49.4972153], [-115.2063691, 49.4971595], [-115.2067125, 49.4971142], [-115.2071202, 49.4970689], [-115.2074903, 49.4969644], [-115.2077317, 49.4968634], [-115.2078926, 49.4968494], [-115.2082789, 49.4968843], [-115.2089333, 49.4969365], [-115.2092713, 49.4970167], [-115.2095449, 49.4971282], [-115.2100008, 49.4973546], [-115.210709, 49.4978947], [-115.2118999, 49.4986969]]}}, {"type": "Feature", "properties": {"name": "Black Betty", "difficulty": "advanced", "area": "Fernie", "osm_id": 1419302298, "highway": "path", "stroke": "#0a0a0a"}, "geometry": {"type": "LineString", "coordinates": [[-115.0858864, 49.5071611], [-115.0856253, 49.5072243], [-115.0854247, 49.5073792], [-115.0852242, 49.5075129], [-115.0850832, 49.5076467], [-115.0849748, 49.5076643], [-115.0846496, 49.5076185], [-115.0844382, 49.5076115], [-115.0842701, 49.5075904], [-115.0840316, 49.5076467], [-115.0838636, 49.5076608], [-115.0837335, 49.5076115], [-115.0836197, 49.5075904], [-115.0834733, 49.5076291], [-115.0834083, 49.507703], [-115.0833757, 49.5078086], [-115.0832836, 49.5079212], [-115.0830017, 49.507974], [-115.0827578, 49.5079995], [-115.0825301, 49.5079952], [-115.082335, 49.5080479], [-115.0822645, 49.50815], [-115.0822049, 49.5082873], [-115.0821033, 49.5084077], [-115.0819555, 49.5084386], [-115.0816032, 49.5085126], [-115.0814135, 49.5085055], [-115.0812555, 49.5084985]]}}, {"type": "Feature", "properties": {"name": "Black Forest", "difficulty": "intermediate", "area": "Fernie", "osm_id": 450848430, "highway": "path", "stroke": "#3b82f6"}, "geometry": {"type": "LineString", "coordinates": [[-115.110451, 49.476396], [-115.110203, 49.47644], [-115.109972, 49.47646], [-115.109846, 49.476501], [-115.109613, 49.476624], [-115.109329, 49.476703], [-115.10914, 49.476712], [-115.108857, 49.476674], [-115.108752, 49.476675], [-115.108458, 49.476743], [-115.108359, 49.476786], [-115.108118, 49.476955], [-115.107873, 49.477209], [-115.107782, 49.477263], [-115.107048, 49.477553], [-115.106791, 49.477613], [-115.106465, 49.477656], [-115.106188, 49.477755], [-115.105733, 49.477953], [-115.105557, 49.477997], [-115.105366, 49.478015], [-115.10501, 49.478017], [-115.104642, 49.478039], [-115.104154, 49.478102], [-115.1037113, 49.4781305], [-115.10327, 49.478159], [-115.102875, 49.478136], [-115.102758, 49.478115], [-115.102515, 49.478036], [-115.102347, 49.47801], [-115.102212, 49.478007], [-115.102105, 49.478019], [-115.101981, 49.478054], [-115.101828, 49.478127], [-115.101735, 49.4782157], [-115.1016316, 49.4782769], [-115.1014973, 49.4783184], [-115.1013673, 49.4783094], [-115.1012139, 49.4782691], [-115.1010526, 49.4782028], [-115.100905, 49.478167], [-115.100533, 49.478114], [-115.100312, 49.478116], [-115.099822, 49.478081], [-115.09961, 49.478051], [-115.099175, 49.4779664], [-115.0990841, 49.4779688], [-115.0990112, 49.4779907], [-115.0985895, 49.4781878], [-115.0984873, 49.4782223], [-115.098435, 49.4782293], [-115.09838, 49.4782241], [-115.0983247, 49.4781964], [-115.098291, 49.4781545], [-115.0981842, 49.4778895], [-115.0981145, 49.4778006], [-115.0980474, 49.4777727], [-115.0979651, 49.4777705], [-115.0978704, 49.4777866], [-115.0976393, 49.4778744], [-115.0975605, 49.4779009], [-115.0974842, 49.4779173], [-115.0973849, 49.4778912], [-115.0973161, 49.4778528], [-115.09723, 49.477622], [-115.097211, 49.477553], [-115.097222, 49.477214], [-115.097114, 49.476874], [-115.097062, 49.476816], [-115.096859, 49.476671], [-115.096632, 49.476355], [-115.096397, 49.47616], [-115.095736, 49.475729], [-115.095616, 49.475674], [-115.09531, 49.475605], [-115.094986, 49.475419], [-115.094698, 49.475298], [-115.094614, 49.475282], [-115.093865, 49.475254], [-115.093761, 49.475265], [-115.093682, 49.475303], [-115.09364, 49.475358], [-115.093583, 49.475571], [-115.09358, 49.476094], [-115.0935211, 49.4763021], [-115.0933879, 49.476499]]}}, {"type": "Feature", "properties": {"name": "Blue Betty", "difficulty": "intermediate", "area": "Fernie", "osm_id": 432985826, "highway": "path", "stroke": "#3b82f6"}, "geometry": {"type": "LineString", "coordinates": [[-115.086055, 49.50735], [-115.085868, 49.5075083], [-115.0855269, 49.5075372], [-115.08528, 49.507569], [-115.0851359, 49.5076947], [-115.0849106, 49.5077922], [-115.084793, 49.5078171], [-115.0845158, 49.5077888], [-115.0844196, 49.507841], [-115.0845469, 49.508065], [-115.0844703, 49.5081065], [-115.0842691, 49.5080318], [-115.0841, 49.50793], [-115.083734, 49.507678], [-115.083647, 49.507643], [-115.083526, 49.50766], [-115.083496, 49.507686], [-115.083474, 49.507754], [-115.0835313, 49.5078972], [-115.0836863, 49.5080685], [-115.0836818, 49.5081365], [-115.0835481, 49.5081528], [-115.0833949, 49.5081526], [-115.0830285, 49.5080836], [-115.0827578, 49.5079995], [-115.082597, 49.5079], [-115.0824709, 49.5077966], [-115.082341, 49.50773], [-115.0822296, 49.507771], [-115.0821507, 49.5080895], [-115.0821109, 49.5083256], [-115.0821033, 49.5084077], [-115.0820885, 49.5085673], [-115.0819553, 49.5087161], [-115.0817571, 49.5087065], [-115.0814753, 49.5086262], [-115.0813291, 49.5085531], [-115.0812555, 49.5084985], [-115.0810138, 49.5083191], [-115.080731, 49.508233], [-115.080652, 49.508186], [-115.080305, 49.50787], [-115.080153, 49.507767], [-115.079746, 49.507527], [-115.0795408, 49.5074049], [-115.0794201, 49.5072988], [-115.0792973, 49.5072879], [-115.0791978, 49.5073511], [-115.0791, 49.5075]]}}, {"type": "Feature", "properties": {"name": "Blue Matador", "difficulty": "intermediate", "area": "Fernie", "osm_id": [647721766, 647721769], "highway": "path", "stroke": "#3b82f6"}, "geometry": {"type": "MultiLineString", "coordinates": [[[-115.026049, 49.4539234], [-115.0257651, 49.4540039], [-115.0255947, 49.4540927], [-115.025422, 49.4541283], [-115.0248934, 49.4545277], [-115.0247936, 49.4545885], [-115.0247025, 49.454609], [-115.024672, 49.4545921], [-115.0247211, 49.4544613], [-115.0246515, 49.4543583], [-115.0246254, 49.4542605], [-115.024578, 49.4542486], [-115.024507, 49.4542786], [-115.0243493, 49.4543597], [-115.0241719, 49.4544832], [-115.023966, 49.4545166], [-115.0238105, 49.4545387], [-115.0236697, 49.4546034], [-115.0235327, 49.4547467], [-115.0234399, 49.4549036]], [[-115.0282644, 49.4538497], [-115.0283368, 49.453817], [-115.0284227, 49.4538083], [-115.0284951, 49.453803], [-115.0285487, 49.4537873], [-115.0285702, 49.4537612], [-115.0285648, 49.4537141], [-115.0285595, 49.4536444], [-115.0285648, 49.453613], [-115.0285782, 49.4535851], [-115.0286051, 49.4535537], [-115.028648, 49.4535415], [-115.0287177, 49.453531], [-115.0288223, 49.4535101], [-115.0288787, 49.4534874], [-115.0288974, 49.453456], [-115.0289082, 49.4533985], [-115.0289189, 49.4532276], [-115.0289457, 49.4531561], [-115.0290101, 49.4530341], [-115.0290932, 49.4529347], [-115.0291978, 49.4528475], [-115.0292327, 49.4528126], [-115.0292461, 49.4527795], [-115.0292863, 49.4525546], [-115.0293883, 49.4523837], [-115.0294258, 49.4523087], [-115.0294446, 49.4522268], [-115.0294741, 49.4520855], [-115.0294875, 49.4520559], [-115.0295063, 49.4520385], [-115.0295599, 49.452021], [-115.0297048, 49.4520018], [-115.0298362, 49.451967], [-115.029981, 49.4519216], [-115.0300803, 49.4518693], [-115.030142, 49.4518135], [-115.0301742, 49.4517699], [-115.0301956, 49.4517089], [-115.0302144, 49.4516392], [-115.0302493, 49.4515921], [-115.0302949, 49.4515537], [-115.0303217, 49.4515223], [-115.0303351, 49.4514578], [-115.0303324, 49.4513881], [-115.030311, 49.4512852], [-115.0302761, 49.451062], [-115.0302385, 49.4509957], [-115.0302063, 49.4509452], [-115.0301929, 49.4509033], [-115.0301876, 49.450865], [-115.0302259, 49.4507811], [-115.0304048, 49.4506191], [-115.0305765, 49.4505145], [-115.0310915, 49.4502878], [-115.0312014, 49.4502477], [-115.0312605, 49.4502337], [-115.0313516, 49.450225], [-115.031416, 49.4502146], [-115.0314777, 49.4501901], [-115.0315448, 49.45015], [-115.031585, 49.4500925], [-115.0316226, 49.450028], [-115.0318103, 49.4498867], [-115.0320598, 49.4497176], [-115.0321483, 49.4496653], [-115.0321965, 49.4496322], [-115.0322207, 49.4495903], [-115.0322395, 49.449524], [-115.032277, 49.4493479], [-115.0323789, 49.4491439], [-115.032513, 49.448966], [-115.0326874, 49.4488161], [-115.0328403, 49.4486835], [-115.0328859, 49.44864], [-115.0329342, 49.4486208], [-115.0329932, 49.4486068], [-115.0331004, 49.4485911], [-115.0331729, 49.4485702], [-115.0332131, 49.4485458], [-115.0334009, 49.4483575], [-115.0336583, 49.4481098], [-115.0340768, 49.4477611], [-115.0341787, 49.4476425], [-115.0342994, 49.4474995], [-115.0343262, 49.4474559], [-115.0343316, 49.447428], [-115.0343262, 49.4473914], [-115.0342994, 49.4473565], [-115.0339722, 49.4471455], [-115.0339588, 49.4471071], [-115.0339561, 49.4470391], [-115.0339936, 49.4466049], [-115.0340204, 49.4465352], [-115.0340821, 49.446434], [-115.0343101, 49.4461794], [-115.0346078, 49.4459405], [-115.0351711, 49.4456475], [-115.0356807, 49.445454], [-115.0361206, 49.4453249], [-115.0370433, 49.4450494], [-115.0371828, 49.4450372], [-115.0373249, 49.4450424], [-115.0375154, 49.4450616], [-115.0376897, 49.4450965], [-115.0380168, 49.4451837], [-115.0382043, 49.4452691], [-115.0383572, 49.4453409], [-115.038572, 49.4453915], [-115.038776, 49.4453668], [-115.0391077, 49.445396]]]}}, {"type": "Feature", "properties": {"name": "Boom Creek Trail", "difficulty": "easy", "area": "Fernie", "osm_id": [648385895, 1528339960], "highway": "path", "stroke": "#22c55e"}, "geometry": {"type": "MultiLineString", "coordinates": [[[-115.0944029, 49.4728075], [-115.0945343, 49.4727814], [-115.0945772, 49.4727709], [-115.0946174, 49.4727465], [-115.0950359, 49.4723718], [-115.0950681, 49.4723247], [-115.0950922, 49.4722567], [-115.0950815, 49.4722097], [-115.0950466, 49.4721609], [-115.0949179, 49.4720737], [-115.0944002, 49.4718262], [-115.0940703, 49.4716938], [-115.0938047, 49.4716258], [-115.0936143, 49.4716014], [-115.0933461, 49.4715996], [-115.0930108, 49.4715874], [-115.0924824, 49.4715108], [-115.0923483, 49.471462], [-115.0922115, 49.4713678], [-115.0919835, 49.4711569], [-115.0913854, 49.4703517], [-115.0911949, 49.4701582], [-115.0909509, 49.469963], [-115.090688, 49.4697538], [-115.0906043, 49.4696509], [-115.0906236, 49.4694865]], [[-115.0925267, 49.4724599], [-115.0925872, 49.4724379], [-115.0928395, 49.4723251], [-115.0931214, 49.4724559], [-115.0933801, 49.4725659], [-115.0934445, 49.4727153], [-115.0936718, 49.4727687], [-115.0940365, 49.4728073], [-115.0944029, 49.4728075]]]}}, {"type": "Feature", "properties": {"name": "Boom Trail", "difficulty": "easy", "area": "Fernie", "osm_id": 450848429, "highway": "path", "stroke": "#22c55e"}, "geometry": {"type": "LineString", "coordinates": [[-115.1114004, 49.4736641], [-115.1113524, 49.473427], [-115.1114292, 49.4732991], [-115.1114676, 49.4731805], [-115.111511, 49.47308], [-115.111524, 49.472916], [-115.111448, 49.472728], [-115.111441, 49.472631], [-115.111629, 49.472122], [-115.11172, 49.471931], [-115.111875, 49.471755], [-115.11194, 49.471638], [-115.112183, 49.470899], [-115.112277, 49.470705], [-115.112307, 49.470556], [-115.112274, 49.470264], [-115.112288, 49.470185], [-115.112412, 49.469996], [-115.112912, 49.469531], [-115.113007, 49.469387], [-115.11304, 49.469167], [-115.112947, 49.468801], [-115.11289, 49.468673], [-115.112539, 49.468232], [-115.112283, 49.468034], [-115.111999, 49.467781], [-115.111347, 49.467153], [-115.111153, 49.467033], [-115.11049, 49.466714], [-115.110443, 49.466643], [-115.110432, 49.466573], [-115.110446, 49.466217], [-115.110426, 49.465806], [-115.110465, 49.465568], [-115.110541, 49.465307], [-115.11055, 49.465166], [-115.110512, 49.465094], [-115.110457, 49.46506], [-115.110371, 49.465036], [-115.109339, 49.464911], [-115.109182, 49.464881], [-115.108501, 49.464621], [-115.108057, 49.464384], [-115.107679, 49.464259], [-115.107447, 49.464214], [-115.106937, 49.464162], [-115.106605, 49.464083], [-115.1064554, 49.4640261], [-115.106405, 49.464007], [-115.106248, 49.463912], [-115.106198, 49.463796]]}}, {"type": "Feature", "properties": {"name": "Boondaburra", "difficulty": "easy", "area": "Fernie", "osm_id": [868094912, 868094913, 868094914], "highway": "path", "stroke": "#22c55e"}, "geometry": {"type": "MultiLineString", "coordinates": [[[-115.0499402, 49.4910594], [-115.0498475, 49.4910797], [-115.049716, 49.491154], [-115.0495842, 49.4912141], [-115.0493775, 49.4912575], [-115.0492906, 49.4912512], [-115.0494459, 49.4911597], [-115.0495748, 49.4910538], [-115.0496461, 49.4909864], [-115.0497149, 49.4908939], [-115.0497332, 49.4908281], [-115.0495858, 49.4909014], [-115.0494815, 49.4909734], [-115.049368, 49.491027], [-115.0491099, 49.4911306], [-115.0488752, 49.4911837], [-115.0486974, 49.4912409], [-115.0486063, 49.4912802], [-115.0484416, 49.4913512], [-115.0482569, 49.4913494], [-115.0481265, 49.4913209], [-115.0480593, 49.4912982], [-115.0479374, 49.4912829]], [[-115.0502757, 49.491164], [-115.0502309, 49.4910471], [-115.0502188, 49.4909913], [-115.0501955, 49.4909091], [-115.0501372, 49.4908915], [-115.0500823, 49.4909192], [-115.0500262, 49.4910135]], [[-115.0500262, 49.4910135], [-115.0499402, 49.4910594]]]}}, {"type": "Feature", "properties": {"name": "Bored To Tears", "difficulty": "intermediate", "area": "Fernie", "osm_id": 647647982, "highway": "path"}, "geometry": {"type": "LineString", "coordinates": [[-115.032912, 49.507318], [-115.0325965, 49.5072688], [-115.032457, 49.5072427], [-115.0323765, 49.5072183], [-115.0323122, 49.5071643], [-115.0322317, 49.5071069], [-115.0321647, 49.5070755], [-115.032111, 49.5070616], [-115.0320386, 49.5070616], [-115.0319501, 49.5070825], [-115.0318616, 49.5071312], [-115.031816, 49.5071817], [-115.0317462, 49.5072584], [-115.0316631, 49.5073159], [-115.0315772, 49.5073455], [-115.0314861, 49.5073542], [-115.0313975, 49.5073472], [-115.031309, 49.5073315], [-115.031242, 49.5073141], [-115.0311937, 49.507288], [-115.0311642, 49.5072288], [-115.0311105, 49.5070894], [-115.0310864, 49.5070529], [-115.0310569, 49.5070285], [-115.0310207, 49.5070193], [-115.0309818, 49.5070285], [-115.0309523, 49.5070546], [-115.0309067, 49.507086], [-115.0308725, 49.5070999], [-115.0308423, 49.5071034], [-115.0308021, 49.5070999], [-115.0307699, 49.5070807], [-115.0307297, 49.507072], [-115.0306653, 49.507072], [-115.0305687, 49.5070894], [-115.0304668, 49.5070999], [-115.0303058, 49.5070924]]}}, {"type": "Feature", "properties": {"name": "Brad's Trail", "difficulty": "intermediate", "area": "Fernie", "osm_id": 647647984, "highway": "path", "stroke": "#3b82f6"}, "geometry": {"type": "LineString", "coordinates": [[-115.0467519, 49.5077454], [-115.0465467, 49.5073486], [-115.0466093, 49.5071158], [-115.0464539, 49.5067899], [-115.0464736, 49.5066709], [-115.0465889, 49.5065216], [-115.0468088, 49.5062992], [-115.0469127, 49.5060978], [-115.0470497, 49.5059941], [-115.0470557, 49.5057874], [-115.0468586, 49.5056802], [-115.0465675, 49.5056267], [-115.0464008, 49.5056379], [-115.0462333, 49.5057328], [-115.0461031, 49.5057266], [-115.0457181, 49.5055849], [-115.0455959, 49.5055682], [-115.0451809, 49.5056266], [-115.0449465, 49.5056324], [-115.0447053, 49.505782], [-115.0444268, 49.5057981], [-115.0441439, 49.5059499], [-115.0440166, 49.5059359], [-115.0438669, 49.5058471]]}}, {"type": "Feature", "properties": {"name": "Brokeback Ridge", "difficulty": "advanced", "area": "Fernie", "osm_id": 432986607, "highway": "path", "stroke": "#0a0a0a"}, "geometry": {"type": "LineString", "coordinates": [[-115.109742, 49.508828], [-115.109847, 49.508705], [-115.109989, 49.508295], [-115.110082, 49.508113], [-115.110138, 49.507794], [-115.110254, 49.507462], [-115.110314, 49.507346], [-115.110536, 49.507053], [-115.110579, 49.506962], [-115.110605, 49.506849], [-115.110563, 49.50657], [-115.110682, 49.506248], [-115.110779, 49.506124], [-115.110913, 49.506013], [-115.111013, 49.505881], [-115.11103, 49.505813], [-115.110992, 49.50564], [-115.110992, 49.505498], [-115.111031, 49.505416], [-115.111269, 49.505245], [-115.111561, 49.50507], [-115.111642, 49.504999], [-115.111861, 49.504616], [-115.111977, 49.504488], [-115.112133, 49.504353], [-115.112286, 49.504177], [-115.112431, 49.504071], [-115.112606, 49.503971], [-115.112676, 49.503897], [-115.112707, 49.503768], [-115.112688, 49.503698], [-115.112525, 49.503374], [-115.112284, 49.503077], [-115.1122191, 49.5029937], [-115.1120122, 49.503028], [-115.112031, 49.502902], [-115.112068, 49.502833], [-115.1120898, 49.5028095], [-115.1123406, 49.5025753], [-115.1122352, 49.5024477], [-115.1126063, 49.5023814], [-115.112235, 49.502214], [-115.112027, 49.501959], [-115.111928, 49.501808], [-115.111782, 49.501528], [-115.111616, 49.501317], [-115.111566, 49.501182], [-115.111306, 49.500778], [-115.111246, 49.500713], [-115.110994, 49.500566], [-115.110818, 49.500396], [-115.110471, 49.500156], [-115.110358, 49.500049], [-115.110336, 49.499973], [-115.110351, 49.499884], [-115.11043, 49.499753], [-115.110652, 49.499565], [-115.110765, 49.499295], [-115.110855, 49.498967], [-115.110919, 49.498852], [-115.111217, 49.498513], [-115.111251, 49.498403], [-115.111163, 49.498083], [-115.111169, 49.497966], [-115.111226, 49.497841], [-115.111395, 49.497679], [-115.11171, 49.497457], [-115.111817, 49.497402], [-115.11217, 49.497272], [-115.112229, 49.497219], [-115.112248, 49.497142], [-115.112221, 49.497055], [-115.112173, 49.496993], [-115.111964, 49.496852], [-115.111782, 49.496759], [-115.111719, 49.496706], [-115.111661, 49.4966], [-115.111659, 49.49649], [-115.111899, 49.496196], [-115.112014, 49.49594], [-115.112187, 49.495822], [-115.112233, 49.495765], [-115.112233, 49.495716], [-115.112082, 49.495444], [-115.111893, 49.495303], [-115.111796, 49.49519], [-115.11169, 49.494928], [-115.1117336, 49.4947688], [-115.1117259, 49.4947177], [-115.1114433, 49.4946635], [-115.1113964, 49.4945809], [-115.1114705, 49.4944121], [-115.1114438, 49.494366], [-115.1110665, 49.4942602], [-115.1109828, 49.4942391], [-115.1109694, 49.4941966], [-115.1110735, 49.4940848], [-115.111006, 49.494052], [-115.110689, 49.493712], [-115.110623, 49.493587], [-115.110572, 49.493387], [-115.110513, 49.493271], [-115.11032, 49.493042], [-115.110306, 49.492956], [-115.110378, 49.492795], [-115.1104341, 49.4927406], [-115.1104087, 49.4926904], [-115.1102583, 49.4926142], [-115.1102117, 49.4925785], [-115.1102259, 49.4924614], [-115.1102042, 49.4924023], [-115.1100144, 49.4923176], [-115.1100272, 49.4922737], [-115.1101052, 49.4922169], [-115.1100762, 49.4921792], [-115.1099077, 49.492116], [-115.1099391, 49.4920683], [-115.1102393, 49.4919886], [-115.1102607, 49.4919506], [-115.110135, 49.491859], [-115.109798, 49.491658], [-115.10965, 49.491617], [-115.109326, 49.491594], [-115.1092263, 49.4915733], [-115.1091617, 49.4915299]]}}, {"type": "Feature", "properties": {"name": "Broken Hip", "difficulty": "intermediate", "area": "Fernie", "osm_id": 453791853, "highway": "path", "stroke": "#3b82f6"}, "geometry": {"type": "LineString", "coordinates": [[-115.0484443, 49.4986075], [-115.048568, 49.498843], [-115.0487104, 49.4989848], [-115.0487453, 49.4991649], [-115.048634, 49.499304], [-115.048243, 49.499562], [-115.0481791, 49.499634], [-115.0481847, 49.4997434], [-115.048228, 49.4999034], [-115.0481802, 49.499935], [-115.0480346, 49.499975], [-115.0479146, 49.49996], [-115.0478408, 49.499885], [-115.047726, 49.499842], [-115.047523, 49.499818], [-115.047421, 49.499853], [-115.047145, 49.500053], [-115.0470379, 49.5000529], [-115.047004, 49.5001479], [-115.0468313, 49.5000574], [-115.0466917, 49.5000496], [-115.0465835, 49.5000496], [-115.0465953, 49.5001564], [-115.0464332, 49.5001648], [-115.0463045, 49.5002348], [-115.0461153, 49.5002516], [-115.0459308, 49.5003159], [-115.0456353, 49.5003265], [-115.0454449, 49.500355], [-115.0454166, 49.500404], [-115.045412, 49.5005502], [-115.0452858, 49.500585], [-115.0452916, 49.5006898], [-115.0451866, 49.500761], [-115.0450835, 49.5008489], [-115.044884, 49.501008], [-115.0447892, 49.5011016]]}}, {"type": "Feature", "properties": {"name": "Burma Road Connector", "difficulty": "intermediate", "area": "Fernie", "osm_id": 977463327, "highway": "path"}, "geometry": {"type": "LineString", "coordinates": [[-115.0805567, 49.5358011], [-115.08025, 49.5354502], [-115.0801275, 49.535401], [-115.0800535, 49.535267], [-115.0798154, 49.5350655], [-115.0796618, 49.5348862], [-115.0796296, 49.5347665], [-115.0797251, 49.5346949], [-115.0797927, 49.5345241], [-115.0798656, 49.5344915], [-115.0802491, 49.5345359], [-115.0804075, 49.5345409], [-115.0806163, 49.5345501], [-115.0807666, 49.5344316]]}}, {"type": "Feature", "properties": {"name": "Cabin Ridge Trail", "difficulty": "easy", "area": "Fernie / Island Lake", "osm_id": 648385843, "highway": "path", "stroke": "#22c55e"}, "geometry": {"type": "LineString", "coordinates": [[-115.1640124, 49.4993401], [-115.1644817, 49.4993349], [-115.1646802, 49.4993976], [-115.1649109, 49.4994429], [-115.1650826, 49.4994394], [-115.1652649, 49.4993941], [-115.1654259, 49.499314], [-115.1655332, 49.4992025], [-115.16556, 49.4990945], [-115.1656405, 49.49899], [-115.1657102, 49.4988959], [-115.1658175, 49.4988297], [-115.1659194, 49.4988123], [-115.1669333, 49.4988471], [-115.1670728, 49.4988401], [-115.1671961, 49.4988053], [-115.1675448, 49.498551], [-115.1676199, 49.4984848], [-115.1676307, 49.4983942], [-115.1676038, 49.4982339], [-115.1675877, 49.4981677], [-115.1676092, 49.4980632], [-115.1676575, 49.49799], [-115.1677165, 49.4979064], [-115.1677111, 49.4978089], [-115.1676307, 49.4976904], [-115.1675716, 49.4975963], [-115.1675502, 49.4974744], [-115.1676092, 49.4974012], [-115.1677272, 49.4973385], [-115.1678881, 49.4973211], [-115.1680705, 49.4972932], [-115.1681939, 49.4972479], [-115.1682958, 49.4971504], [-115.1683012, 49.4970459], [-115.1682583, 49.4969204], [-115.1676628, 49.4963421], [-115.1675877, 49.4961818], [-115.167577, 49.4960285], [-115.1676307, 49.4958752], [-115.1676897, 49.4957358], [-115.1678452, 49.4955755], [-115.1680008, 49.4954919], [-115.1681188, 49.4954118], [-115.1681778, 49.4953072], [-115.1683548, 49.4950564], [-115.1684568, 49.4949588], [-115.1685372, 49.4948926], [-115.1685909, 49.4948229], [-115.1687089, 49.4947985], [-115.1688216, 49.4947916], [-115.1689127, 49.4947463], [-115.1689878, 49.4946731], [-115.1690898, 49.4946313], [-115.1692614, 49.4946522], [-115.1693902, 49.4946696], [-115.1695243, 49.4946731], [-115.1696209, 49.4946034], [-115.1697496, 49.4944571], [-115.1698301, 49.4944048], [-115.1699534, 49.4943316], [-115.1700768, 49.4942968], [-115.1702807, 49.4942132], [-115.1704416, 49.4941296], [-115.170565, 49.494025], [-115.1706562, 49.4938996], [-115.170742, 49.4937428], [-115.1707849, 49.493593], [-115.1708439, 49.4934884], [-115.1709351, 49.4934118], [-115.1710585, 49.4933107], [-115.1711819, 49.4931923], [-115.1712141, 49.4931156], [-115.1711926, 49.4930494], [-115.1711028, 49.4929771], [-115.1710666, 49.4929344], [-115.1710545, 49.4928952], [-115.1710759, 49.4928543], [-115.171139, 49.4928133], [-115.1711779, 49.4927802], [-115.1712034, 49.4927149], [-115.1712074, 49.4926304], [-115.1712449, 49.4925729], [-115.1713053, 49.4925389], [-115.1713844, 49.4925137], [-115.1714501, 49.4924893], [-115.1714917, 49.4924553], [-115.1715266, 49.49241], [-115.17154, 49.4923595], [-115.1716714, 49.4920041], [-115.171827, 49.4918298], [-115.1718672, 49.4917689], [-115.1718645, 49.4917149], [-115.1718752, 49.4915354], [-115.1718967, 49.4914884], [-115.1720335, 49.4913438], [-115.1720764, 49.4912706], [-115.172122, 49.4911521], [-115.1722749, 49.490788], [-115.1723124, 49.4906765], [-115.1723098, 49.4905441], [-115.1723151, 49.4904831], [-115.1723527, 49.4904273], [-115.1723983, 49.4903629], [-115.1724251, 49.490267], [-115.1724278, 49.4901381], [-115.1723795, 49.4900719], [-115.1722561, 49.4899726], [-115.1716312, 49.489598], [-115.1711564, 49.4893697], [-115.1705958, 49.4891032], [-115.1705073, 49.4890579], [-115.1704751, 49.4890178], [-115.1704778, 49.4889551], [-115.1705073, 49.4888958], [-115.1705905, 49.4886048], [-115.1706092, 49.488563], [-115.1706468, 49.4885351], [-115.1708748, 49.4884672], [-115.1709553, 49.4884236], [-115.171033, 49.4883505], [-115.1711001, 49.4882668], [-115.1711376, 49.4882006], [-115.1711376, 49.4881222], [-115.1710894, 49.4878835], [-115.171084, 49.4878225], [-115.1712288, 49.4874479], [-115.1712583, 49.4873887], [-115.1713147, 49.4873434], [-115.1715078, 49.4872284], [-115.171599, 49.4871012], [-115.1716258, 49.4870262], [-115.1716258, 49.4869548], [-115.1716473, 49.4868886], [-115.1716982, 49.4868137], [-115.1717787, 49.4867701], [-115.1718323, 49.4867196], [-115.171886, 49.4866446], [-115.1719048, 49.4865384], [-115.1719718, 49.4863781], [-115.1720362, 49.4862735], [-115.1721086, 49.4862003], [-115.1722078, 49.4861533], [-115.1723634, 49.4861393], [-115.1724653, 49.4861359], [-115.1725538, 49.4861446], [-115.1726048, 49.4861289], [-115.1726504, 49.4860888], [-115.1727604, 49.4860069], [-115.172873, 49.4859651], [-115.1730232, 49.4859686], [-115.1731117, 49.4859895], [-115.1737045, 49.4861202], [-115.1738574, 49.4861132], [-115.173954, 49.4860975], [-115.1740291, 49.4860226], [-115.1743214, 49.485736], [-115.1743563, 49.4857194], [-115.1744046, 49.4857063], [-115.1745145, 49.4856933], [-115.1745695, 49.4856828], [-115.1746299, 49.4856549], [-115.175059, 49.4853709], [-115.1752629, 49.4852542], [-115.1753514, 49.4852176], [-115.1755499, 49.4851374], [-115.1755901, 49.4851095], [-115.175625, 49.4850712], [-115.175692, 49.4849649], [-115.1759039, 49.4846704], [-115.176199, 49.4842296], [-115.1763197, 49.4840675], [-115.1767327, 49.4836929], [-115.177355, 49.483198], [-115.1777573, 49.4826665], [-115.1778941, 49.4824905], [-115.1778914, 49.4823825], [-115.1778217, 49.4823302], [-115.1774221, 49.4822012], [-115.177009, 49.4820357], [-115.1767703, 49.4816837], [-115.1764538, 49.4813177], [-115.1758315, 49.4810041], [-115.1752039, 49.4807531], [-115.1747694, 49.4806416], [-115.1746647, 49.4806242], [-115.1745333, 49.4806172], [-115.1741739, 49.4805963]]}}, {"type": "Feature", "properties": {"name": "Carpal Tunel", "difficulty": "intermediate", "area": "Fernie", "osm_id": [951300306, 951300307], "highway": "path", "stroke": "#3b82f6"}, "geometry": {"type": "MultiLineString", "coordinates": [[[-115.0624176, 49.4774958], [-115.062456, 49.4774775], [-115.0624819, 49.4774704], [-115.0625401, 49.4774504], [-115.0625946, 49.4774328], [-115.0626373, 49.4774195], [-115.0626836, 49.4774119], [-115.0627331, 49.4773979], [-115.0628366, 49.4773825], [-115.062913, 49.4773725], [-115.0629615, 49.4773583], [-115.0630575, 49.4773198], [-115.0631367, 49.4772953], [-115.0632197, 49.477258], [-115.0633423, 49.4772154], [-115.0634731, 49.4771848], [-115.0636298, 49.4771835], [-115.0637837, 49.4772172], [-115.0639323, 49.4772723], [-115.0639987, 49.477297], [-115.0640791, 49.4773293], [-115.0641566, 49.4773448], [-115.0643706, 49.4774166]], [[-115.0623515, 49.4775109], [-115.0624176, 49.4774958]]]}}, {"type": "Feature", "properties": {"name": "Carpal Tunnel", "difficulty": "intermediate", "area": "Fernie", "osm_id": [951300305, 1388108522], "highway": "path", "stroke": "#3b82f6"}, "geometry": {"type": "MultiLineString", "coordinates": [[[-115.0597151, 49.4750545], [-115.0597702, 49.4750489], [-115.0598095, 49.4750681], [-115.0598498, 49.4751245], [-115.0598779, 49.4751755], [-115.0598956, 49.475227], [-115.0599171, 49.4752705], [-115.0599541, 49.4752785], [-115.0599893, 49.4752627], [-115.05999, 49.4752183], [-115.0599485, 49.4751608], [-115.059946, 49.4751388], [-115.0599607, 49.4751238], [-115.0599935, 49.4751275], [-115.0600237, 49.4751573], [-115.060028, 49.4752062], [-115.0600617, 49.4752682], [-115.0600778, 49.4752892], [-115.0601055, 49.4752927], [-115.0601286, 49.4752676], [-115.0601334, 49.475192], [-115.0601489, 49.4751693], [-115.0601795, 49.4751684], [-115.0602169, 49.4751853], [-115.0604267, 49.4754578], [-115.0604879, 49.4755585], [-115.0605077, 49.4756604], [-115.0606149, 49.4757734], [-115.0607073, 49.475845], [-115.0607494, 49.475946], [-115.0608553, 49.4760278], [-115.0609217, 49.4760748], [-115.0609961, 49.4760999], [-115.0610687, 49.4761214], [-115.0611743, 49.476125], [-115.0613655, 49.4760939], [-115.0614327, 49.4761143], [-115.0614517, 49.4761533], [-115.0614206, 49.4763386], [-115.0613696, 49.4764685], [-115.0612918, 49.4765277], [-115.0612217, 49.4765429], [-115.0611345, 49.4765511], [-115.0610654, 49.4765636], [-115.0609886, 49.4766016], [-115.0609038, 49.4766605], [-115.0608461, 49.4767125], [-115.0608172, 49.4767486], [-115.0608311, 49.4767736], [-115.0608708, 49.4767894], [-115.0609793, 49.4767671], [-115.0610737, 49.4767542], [-115.0611191, 49.4768259], [-115.0612168, 49.4768298], [-115.0612225, 49.4768993], [-115.0613106, 49.476923], [-115.0613757, 49.4769389], [-115.0614425, 49.4769425], [-115.0615338, 49.4769465], [-115.0616246, 49.4769408], [-115.0617083, 49.4769446], [-115.0617923, 49.4769769], [-115.0618667, 49.4770241], [-115.0619169, 49.477058], [-115.0619381, 49.4770956], [-115.0619116, 49.4771532], [-115.0618896, 49.4772133], [-115.0618828, 49.4772687], [-115.0619423, 49.4773269], [-115.0620343, 49.4773609], [-115.0621432, 49.4774164], [-115.0622736, 49.4773771], [-115.0623171, 49.4774496], [-115.0623515, 49.4775109]], [[-115.0563649, 49.4771793], [-115.0564905, 49.4771155], [-115.0566123, 49.4770844], [-115.0567384, 49.4769489], [-115.0567992, 49.4769121], [-115.0568862, 49.4769234], [-115.0570035, 49.4770336], [-115.0570557, 49.4770562], [-115.0570818, 49.4770195], [-115.0571122, 49.4768387], [-115.0571601, 49.4768217], [-115.05726, 49.47685], [-115.0574513, 49.4769319], [-115.0575165, 49.4769573], [-115.0575513, 49.4769178], [-115.0575252, 49.4767822], [-115.0574731, 49.4766749], [-115.0575296, 49.4766523], [-115.0576704, 49.4767042], [-115.0577515, 49.476714], [-115.0578746, 49.4767628], [-115.0579287, 49.476755], [-115.0579858, 49.4767159], [-115.0580459, 49.4766164], [-115.0580909, 49.4765871], [-115.05819, 49.4765813], [-115.0582621, 49.4765578], [-115.0583132, 49.4765071], [-115.0584394, 49.4763236], [-115.0585565, 49.4761304], [-115.0585986, 49.4760055], [-115.0585926, 49.4758903], [-115.0585355, 49.4757753], [-115.0585144, 49.4756668], [-115.0585427, 49.4756428], [-115.0587058, 49.4756614], [-115.0588066, 49.4756749], [-115.0588665, 49.4756571], [-115.0588754, 49.4755132], [-115.0588867, 49.4754141], [-115.0589018, 49.4753249], [-115.0589411, 49.4753112], [-115.0591628, 49.4753859], [-115.0592017, 49.4753624], [-115.0592515, 49.4752937], [-115.0592375, 49.4751692], [-115.0592219, 49.4751177], [-115.0592468, 49.4750772], [-115.0593122, 49.475064], [-115.0595706, 49.475058], [-115.0597151, 49.4750545]]]}}, {"type": "Feature", "properties": {"name": "Case Closed", "difficulty": "intermediate", "area": "Fernie", "osm_id": 1449279030, "highway": "path"}, "geometry": {"type": "LineString", "coordinates": [[-115.1019439, 49.4655281], [-115.1017192, 49.4656893], [-115.1016441, 49.4659594], [-115.1017893, 49.4661514], [-115.1017693, 49.4662132], [-115.1016642, 49.4662425], [-115.1013638, 49.466236], [-115.1012586, 49.4662685], [-115.1012987, 49.4663694], [-115.1012386, 49.4664539], [-115.1011999, 49.4668334]]}}, {"type": "Feature", "properties": {"name": "Castle Connector", "difficulty": "intermediate", "area": "Fernie", "osm_id": 868043204, "highway": "path", "stroke": "#3b82f6"}, "geometry": {"type": "LineString", "coordinates": [[-115.0664899, 49.4886034], [-115.0665335, 49.4884536], [-115.066491, 49.4882478], [-115.0663929, 49.4881622], [-115.0663337, 49.4881141], [-115.0660974, 49.4879851], [-115.0658708, 49.4878884], [-115.0657083, 49.4878226], [-115.0655697, 49.487754]]}}, {"type": "Feature", "properties": {"name": "Castle Rocks", "difficulty": "intermediate", "area": "Fernie", "osm_id": 450851595, "highway": "path", "stroke": "#3b82f6"}, "geometry": {"type": "LineString", "coordinates": [[-115.036014, 49.48245], [-115.035671, 49.482511], [-115.035496, 49.482522], [-115.0354099, 49.4825176], [-115.0346815, 49.4825026], [-115.0345692, 49.4824653], [-115.0345496, 49.4824081], [-115.0345515, 49.4822579], [-115.0344852, 49.4821832], [-115.0343949, 49.4821691], [-115.0342616, 49.4821829], [-115.034191, 49.4821392], [-115.034149, 49.482049], [-115.0340736, 49.4818812], [-115.0339553, 49.4817135], [-115.033945, 49.481616], [-115.0339646, 49.4815069], [-115.0338626, 49.4812537], [-115.033763, 49.4810938], [-115.033506, 49.480771], [-115.033423, 49.480523], [-115.0334269, 49.4804211], [-115.033428, 49.480168], [-115.0334842, 49.4800779], [-115.033594, 49.4799327], [-115.0336238, 49.4798481], [-115.0335692, 49.4797451], [-115.0333709, 49.4795764], [-115.0331315, 49.4794448], [-115.0328346, 49.4792986], [-115.0327325, 49.479231], [-115.0320946, 49.4791418], [-115.0318141, 49.4792067], [-115.0316657, 49.47922], [-115.031354, 49.4791287], [-115.031157, 49.4790531], [-115.031039, 49.478991], [-115.030965, 49.478887], [-115.030926, 49.478736], [-115.0308327, 49.478503], [-115.0307982, 49.4784269], [-115.030739, 49.4783879], [-115.0301216, 49.4788022], [-115.029955, 49.47892], [-115.0297488, 49.4789993], [-115.0295813, 49.4790299], [-115.029345, 49.478993], [-115.0291291, 49.4789336], [-115.0289418, 49.4789523], [-115.0287233, 49.4789435], [-115.0284643, 49.4790386], [-115.0283323, 49.479042], [-115.0280058, 49.4790241], [-115.027871, 49.4789661], [-115.0277917, 49.4789601], [-115.027808, 49.4790102], [-115.0278474, 49.4790955], [-115.0278063, 49.4791295], [-115.0277279, 49.4791281], [-115.027635, 49.479131], [-115.0275081, 49.4791363], [-115.0274357, 49.4791069], [-115.027407, 49.479037]]}}, {"type": "Feature", "properties": {"name": "Cats Pyjamas", "difficulty": "intermediate", "area": "Fernie", "osm_id": 1449279033, "highway": "path"}, "geometry": {"type": "LineString", "coordinates": [[-115.108501, 49.464621], [-115.10822, 49.4647633], [-115.108077, 49.4649537], [-115.1079067, 49.4651176], [-115.107893, 49.4653301], [-115.1080293, 49.4654673], [-115.1077908, 49.4656843], [-115.1075456, 49.4657197], [-115.1074638, 49.4660031], [-115.1071573, 49.4660828], [-115.1070959, 49.4661713], [-115.1071777, 49.466375], [-115.1068847, 49.4665388], [-115.1065986, 49.4666628], [-115.1063356, 49.4667924]]}}, {"type": "Feature", "properties": {"name": "Cedar Bowl Loop", "difficulty": "easy", "area": "Fernie", "osm_id": 1449279028, "highway": "path", "stroke": "#22c55e"}, "geometry": {"type": "LineString", "coordinates": [[-115.112477, 49.472408], [-115.112646, 49.4721118], [-115.1128129, 49.4720085], [-115.1130831, 49.4718484], [-115.1134248, 49.4715954], [-115.1135917, 49.4713268], [-115.1137984, 49.4709653], [-115.1139096, 49.4707433], [-115.1139695, 49.4706004], [-115.1140596, 49.4705], [-115.1142699, 49.4703438], [-115.1143643, 49.4702462], [-115.1143858, 49.4700956], [-115.1144716, 49.4699673], [-115.1146476, 49.4698334], [-115.1147678, 49.4696772], [-115.1148879, 49.4694541], [-115.1150167, 49.4692087], [-115.115197, 49.4690051], [-115.1153686, 49.4687987], [-115.115566, 49.4685783], [-115.1157506, 49.4684222], [-115.1160081, 49.4682883], [-115.1163779, 49.4681742], [-115.1167458, 49.4680148], [-115.1169978, 49.4679661], [-115.1171954, 49.4679749], [-115.1176314, 49.4680856], [-115.1181492, 49.4680989], [-115.1186125, 49.4680989], [-115.1190825, 49.4680414], [-115.1193687, 49.4680148], [-115.1195867, 49.4679351], [-115.1196429, 49.4678686], [-115.1196679, 49.4677872], [-115.1197179, 49.4677222], [-115.1198581, 49.4676408], [-115.1199382, 49.4675953], [-115.1200083, 49.46754], [-115.1200834, 49.4674489], [-115.1201735, 49.4674196], [-115.1202937, 49.4673936], [-115.1207493, 49.4673903], [-115.1209245, 49.4674033], [-115.1210647, 49.4674326], [-115.1212099, 49.4675107], [-115.1213851, 49.4675823], [-115.1214802, 49.4675758], [-115.1215553, 49.4675237], [-115.1216304, 49.4674293], [-115.1216705, 49.4672439], [-115.1217005, 49.4671333], [-115.1216705, 49.4670454], [-115.1216655, 49.46686], [-115.1216805, 49.4667493], [-115.1215553, 49.466437], [-115.1215153, 49.4662906], [-115.1215403, 49.4660953], [-115.1215754, 49.4660531], [-115.1218172, 49.4660233], [-115.1221112, 49.4660336], [-115.1225245, 49.4661834], [-115.1229616, 49.4664313], [-115.1233907, 49.4666999], [-115.1236291, 49.4668651], [-115.1240106, 49.4669994], [-115.1241457, 49.4672422], [-115.1242172, 49.4673093], [-115.1243285, 49.467299], [-115.1244239, 49.4672267], [-115.1245431, 49.467206], [-115.1246225, 49.4670821], [-115.1248053, 49.4668806], [-115.124861, 49.4666017], [-115.1247259, 49.4661317], [-115.1246861, 49.4656772], [-115.1247572, 49.465571], [-115.1249032, 49.465571], [-115.1250492, 49.465609], [-115.1252594, 49.4657646], [-115.1253645, 49.4658025], [-115.1254638, 49.4657836], [-115.1257383, 49.465628], [-115.1258668, 49.4655558], [-115.1259018, 49.4654571], [-115.1261121, 49.4653319], [-115.1262581, 49.4651193], [-115.1263223, 49.4650928], [-115.1265151, 49.4651953], [-115.1266844, 49.4652901], [-115.126883, 49.4653243], [-115.1270523, 49.4653547], [-115.12714, 49.4653205], [-115.1271458, 49.4652256], [-115.1271458, 49.4650207], [-115.1271692, 49.4648726], [-115.1270991, 49.4647056], [-115.1269647, 49.4645728], [-115.1269005, 49.4644551], [-115.1269589, 49.4642312], [-115.1269355, 49.4641059], [-115.1268421, 49.4640186], [-115.1265735, 49.4638782], [-115.126369, 49.4637112], [-115.1259135, 49.463472], [-115.1258317, 49.4633999], [-115.1257967, 49.4633126], [-115.1257675, 49.4631722], [-115.1256332, 49.4630545], [-115.1254021, 49.4629049], [-115.1251318, 49.4627236], [-115.1247884, 49.4625618], [-115.1247326, 49.4624837], [-115.1244837, 49.4621936], [-115.1243249, 49.4620987], [-115.1240717, 49.4620123], [-115.1237198, 49.461764], [-115.1235996, 49.4616161], [-115.1235481, 49.4615101], [-115.1232648, 49.4613707], [-115.1231404, 49.4613651], [-115.1230288, 49.461326], [-115.1228528, 49.4611587], [-115.1226726, 49.4610331], [-115.1224751, 49.4609746], [-115.1221618, 49.4609662], [-115.1220116, 49.4609299], [-115.1217799, 49.4608379], [-115.1215739, 49.4608267], [-115.1213078, 49.4608658], [-115.1210846, 49.4608323], [-115.1208958, 49.460704], [-115.1206168, 49.4606315], [-115.1205009, 49.4605478], [-115.1202778, 49.4604501], [-115.1201533, 49.4604306], [-115.1199988, 49.4604948], [-115.1198443, 49.4606091], [-115.1197756, 49.4607068], [-115.1196512, 49.4608072], [-115.1195997, 49.4608825], [-115.119501, 49.4609076], [-115.1193379, 49.4608769], [-115.1191962, 49.4608714], [-115.1189516, 49.4609299], [-115.1187542, 49.4609132], [-115.1185846, 49.4609392]]}}, {"type": "Feature", "properties": {"name": "Cemetery Bypass", "difficulty": "easy", "area": "Fernie", "osm_id": [287130643, 287130647], "highway": "path", "stroke": "#22c55e"}, "geometry": {"type": "MultiLineString", "coordinates": [[[-115.0551246, 49.4981598], [-115.0550945, 49.4980712], [-115.0550153, 49.4980301], [-115.0548684, 49.4980434], [-115.0547744, 49.4980353], [-115.054645, 49.49808], [-115.0542747, 49.4981339], [-115.0540668, 49.498123], [-115.0538694, 49.4981959], [-115.0536258, 49.4982671], [-115.0534316, 49.4982923], [-115.0532288, 49.4983673], [-115.0530855, 49.498423], [-115.0529773, 49.4985112], [-115.0528515, 49.4985428], [-115.0526775, 49.498636], [-115.0524306, 49.4987187], [-115.0521783, 49.498761], [-115.0519695, 49.4987683], [-115.0518314, 49.4988028], [-115.051614, 49.4988938], [-115.0515113, 49.498913], [-115.0513788, 49.4989638], [-115.0512027, 49.498992], [-115.0509611, 49.4991095], [-115.0510094, 49.4992148], [-115.0510082, 49.4992751], [-115.0509236, 49.4993669], [-115.0508867, 49.4994919], [-115.0509008, 49.4995756], [-115.0508193, 49.4996634], [-115.0508528, 49.4997648], [-115.0508186, 49.4998538], [-115.0507648, 49.4999206], [-115.0506647, 49.4999666], [-115.050544, 49.499976]], [[-115.0505156, 49.5004493], [-115.0505062, 49.5006592], [-115.050488, 49.501063], [-115.050292, 49.501366], [-115.050249, 49.501468], [-115.050279, 49.501597], [-115.05038, 49.501754], [-115.05042, 49.501863], [-115.050421, 49.501932], [-115.050369, 49.50203], [-115.0503268, 49.5020972]]]}}, {"type": "Feature", "properties": {"name": "Cemetery Bypass (Easy Way)", "difficulty": "easy", "area": "Fernie", "osm_id": 1395342492, "highway": "path", "stroke": "#22c55e"}, "geometry": {"type": "LineString", "coordinates": [[-115.0519695, 49.4987683], [-115.0518465, 49.4987463], [-115.0516757, 49.4987357], [-115.0515754, 49.4987181], [-115.0515023, 49.4987216], [-115.0514806, 49.4987498], [-115.0515348, 49.4987991], [-115.0515754, 49.4988308], [-115.0515538, 49.4988607], [-115.0514968, 49.4988642], [-115.0513315, 49.4988677], [-115.0511255, 49.4988853], [-115.0510198, 49.4989293], [-115.0509304, 49.4990279], [-115.0508572, 49.49913], [-115.0508247, 49.499167], [-115.0507596, 49.4991881], [-115.050719, 49.4992145], [-115.0507596, 49.4992391], [-115.050822, 49.4992585], [-115.0508409, 49.4992831], [-115.0507759, 49.4993078], [-115.0507542, 49.499336], [-115.0508193, 49.49935], [-115.0508735, 49.4993518], [-115.0508464, 49.499387], [-115.0507569, 49.4993852], [-115.0506892, 49.4994046], [-115.0506594, 49.4994398], [-115.050719, 49.4994697], [-115.0507922, 49.4994803], [-115.0508301, 49.4995067], [-115.0507976, 49.4995313], [-115.0507244, 49.4995613], [-115.0506973, 49.4995965], [-115.0507325, 49.4996405], [-115.0508193, 49.4996634]]}}, {"type": "Feature", "properties": {"name": "Cemetery Bypass Extension", "difficulty": "easy", "area": "Fernie", "osm_id": 453842894, "highway": "path", "stroke": "#22c55e"}, "geometry": {"type": "LineString", "coordinates": [[-115.0491691, 49.5022456], [-115.049165, 49.501954], [-115.049136, 49.501734], [-115.049295, 49.501425], [-115.049303, 49.50133], [-115.049269, 49.501255], [-115.0491477, 49.5011028], [-115.049001, 49.501032], [-115.0488, 49.501012], [-115.0486202, 49.5010585], [-115.0485538, 49.5009619], [-115.0486314, 49.5008673], [-115.048777, 49.50045], [-115.0489072, 49.500267], [-115.0488548, 49.5001527], [-115.0488953, 49.5001063], [-115.049018, 49.500053], [-115.0492925, 49.4999178], [-115.049393, 49.499807], [-115.0494269, 49.4997534], [-115.0494858, 49.4997183], [-115.049726, 49.499701], [-115.049937, 49.4996769], [-115.050499, 49.499766], [-115.050603, 49.499759], [-115.050749, 49.499718], [-115.0508193, 49.4996634]]}}, {"type": "Feature", "properties": {"name": "Coal Creek Heritage Trail", "difficulty": "easy", "area": "Fernie", "osm_id": [454044301, 647647964, 647907759, 1364139029, 1364139030, 1364139031, 1364139033], "highway": "path", "stroke": "#22c55e"}, "geometry": {"type": "MultiLineString", "coordinates": [[[-115.0539689, 49.4977537], [-115.0535634, 49.4977905], [-115.053287, 49.4978394], [-115.0528376, 49.497921], [-115.051493, 49.498116], [-115.051168, 49.498151], [-115.049175, 49.498206], [-115.048755, 49.498206], [-115.048371, 49.498176], [-115.0481955, 49.4981807], [-115.0481553, 49.4981859], [-115.0481258, 49.4981981], [-115.0477101, 49.4984037], [-115.0475988, 49.4984437], [-115.047584, 49.4984542], [-115.0475773, 49.4984672], [-115.0475838, 49.4985251], [-115.0475974, 49.4986467], [-115.0476014, 49.4987277], [-115.047588, 49.4987538], [-115.0475478, 49.4987782], [-115.0473842, 49.4988409], [-115.0473466, 49.4988583], [-115.0473386, 49.4988792], [-115.0473493, 49.4989019], [-115.0474378, 49.4990047], [-115.0475639, 49.4992346], [-115.0475719, 49.4992712], [-115.0475719, 49.49932], [-115.04758, 49.499407], [-115.047588, 49.4994314], [-115.0476229, 49.4994628], [-115.0476578, 49.4994907], [-115.0478361, 49.4995569], [-115.0478683, 49.4995778], [-115.0478857, 49.4996039], [-115.0478884, 49.4996239], [-115.047875, 49.4996405], [-115.0478348, 49.4996527], [-115.0477449, 49.4996527], [-115.0470516, 49.499617], [-115.0465178, 49.4995978], [-115.0464669, 49.4996013], [-115.0464239, 49.49961], [-115.0463462, 49.4996204], [-115.0458392, 49.4997424], [-115.0453894, 49.4997882], [-115.0452318, 49.4998525], [-115.0450077, 49.4999131], [-115.0447342, 49.4999253], [-115.0444552, 49.5000089], [-115.0434842, 49.499988], [-115.0429693, 49.4998939], [-115.0423363, 49.4998765], [-115.042119, 49.4998469], [-115.042068, 49.4998452], [-115.0420063, 49.4998521], [-115.0419366, 49.499873], [-115.0418561, 49.4998887], [-115.0417784, 49.4998904], [-115.0413573, 49.4998835], [-115.0411212, 49.4998417], [-115.0409281, 49.4997859], [-115.0404238, 49.4996483], [-115.0403139, 49.4996065], [-115.0402683, 49.4995717], [-115.0402227, 49.4995299], [-115.0401932, 49.4995072], [-115.0401368, 49.499495], [-115.0400644, 49.4994881], [-115.0400108, 49.4994898], [-115.0399115, 49.4994776], [-115.0398177, 49.4994567], [-115.0396916, 49.4994323], [-115.0396353, 49.4994288], [-115.0394717, 49.4994288], [-115.0385382, 49.4994288], [-115.0384658, 49.4994201], [-115.0383961, 49.4994027], [-115.0383156, 49.4993679], [-115.0382539, 49.4993191], [-115.0374654, 49.4987913], [-115.0374305, 49.4987477], [-115.0373876, 49.4986641], [-115.0371918, 49.4984516], [-115.0371247, 49.4983418], [-115.036937, 49.4981101], [-115.036835, 49.4980039], [-115.0368109, 49.4979725], [-115.0368002, 49.4978976], [-115.0367975, 49.4978331]], [[-115.0117596, 49.4920764], [-115.0116223, 49.4920898], [-115.0114077, 49.4920758], [-115.0113138, 49.4920828], [-115.0112173, 49.4921211], [-115.0110939, 49.4921664], [-115.0110134, 49.4921629], [-115.0109383, 49.4921473], [-115.0108579, 49.4921002], [-115.0106835, 49.4919574], [-115.0104099, 49.4917012], [-115.0103482, 49.4916612], [-115.0102785, 49.4916246], [-115.0098574, 49.4914782], [-115.009329, 49.4913058], [-115.009152, 49.4912169], [-115.0090366, 49.4911368], [-115.0086611, 49.4907883], [-115.0083661, 49.4905914], [-115.0079691, 49.4903684], [-115.0077197, 49.4902517], [-115.0072449, 49.4900182], [-115.0071698, 49.4899903], [-115.0070893, 49.4899712], [-115.0067514, 49.4899485], [-115.0063732, 49.4899398], [-115.0055766, 49.4899032], [-115.0049624, 49.4899032], [-115.0046727, 49.4899154], [-115.0045895, 49.4899276], [-115.0044769, 49.4899642], [-115.0041926, 49.4900478], [-115.0040558, 49.4900687], [-115.0039431, 49.4900687], [-115.0038251, 49.4900827], [-115.0034308, 49.4901715], [-115.0033396, 49.4901785], [-115.0031599, 49.490182], [-115.00294, 49.4902099], [-115.0024196, 49.4902499], [-115.0019771, 49.4902377], [-115.0003007, 49.4901175], [-114.9998045, 49.4901105], [-114.9990695, 49.4901123], [-114.998855, 49.4901158], [-114.998737, 49.4901105], [-114.9986377, 49.4900931], [-114.9985358, 49.4900635], [-114.9983909, 49.4900165], [-114.9982461, 49.489959], [-114.9981254, 49.4899067], [-114.9977472, 49.4897342], [-114.9974709, 49.4896314], [-114.997302, 49.4895791], [-114.9971303, 49.4895373], [-114.9969426, 49.4895094], [-114.9967763, 49.4895025], [-114.9966609, 49.4895164], [-114.9965724, 49.4895513], [-114.9962961, 49.4897028], [-114.9961915, 49.4897481], [-114.9961137, 49.4897708], [-114.9960279, 49.4897708], [-114.9957195, 49.4897586], [-114.9951911, 49.4897307], [-114.9950328, 49.4897028], [-114.9944588, 49.4895478], [-114.9943194, 49.4895356], [-114.9940002, 49.4895199], [-114.9936193, 49.4895164], [-114.9934262, 49.4895007], [-114.9931472, 49.4894589], [-114.9922809, 49.489316], [-114.9920717, 49.4892986], [-114.9918544, 49.4892951], [-114.9916318, 49.4892899], [-114.9914628, 49.4892934], [-114.991326, 49.4892707], [-114.9912321, 49.4892533], [-114.9910712, 49.4891941], [-114.9907976, 49.4890808], [-114.9906689, 49.4890582], [-114.990524, 49.4890408], [-114.990355, 49.4890338], [-114.9902236, 49.4890355], [-114.9900385, 49.4890512], [-114.9898883, 49.4890773], [-114.9897945, 49.4890895], [-114.9896496, 49.4890983], [-114.9895316, 49.4890878], [-114.9893948, 49.4890547], [-114.9892714, 49.4890146], [-114.9891239, 49.4889972], [-114.9889065, 49.489023], [-114.9886854, 49.4890376], [-114.9883139, 49.4889833], [-114.9880349, 49.4889327], [-114.9878847, 49.4888961], [-114.9877533, 49.4888282], [-114.9876326, 49.4887689], [-114.9873242, 49.4885529], [-114.9870774, 49.4883525], [-114.9870425, 49.4883281], [-114.9869862, 49.4883055], [-114.9867502, 49.488234], [-114.9863881, 49.48814], [-114.9862998, 49.4880867], [-114.9861613, 49.4879835], [-114.9860128, 49.4879193], [-114.9858058, 49.4879012], [-114.985678, 49.4879], [-114.9855597, 49.4878911], [-114.9854638, 49.4878531], [-114.9854312, 49.487859], [-114.9854379, 49.4878797], [-114.9855119, 49.4879412], [-114.9856083, 49.4880146], [-114.9856085, 49.4880413], [-114.9855789, 49.4880505], [-114.9853319, 49.4880533], [-114.985089, 49.4880565], [-114.9850583, 49.4880775], [-114.98508, 49.4881053], [-114.9852652, 49.4881431], [-114.9854402, 49.4881838], [-114.9855845, 49.4882751], [-114.9857535, 49.4883517], [-114.9858887, 49.4883746], [-114.9860193, 49.4883814], [-114.9863003, 49.4884349], [-114.9864846, 49.4885059], [-114.9865195, 49.4885285], [-114.9865731, 49.4885721], [-114.9866432, 49.4886352], [-114.9866318, 49.4887306], [-114.986659, 49.4887951], [-114.9866831, 49.4888439], [-114.9867502, 49.4888857], [-114.9869905, 49.4890616], [-114.9870361, 49.4890917], [-114.9870567, 49.4891172], [-114.9870284, 49.4891307], [-114.9869743, 49.4891248], [-114.9868404, 49.4891029], [-114.9863065, 49.488988], [-114.9860788, 49.4889467], [-114.9859129, 49.4889122], [-114.9857784, 49.488889], [-114.9856346, 49.488903], [-114.9854998, 49.488924], [-114.9853544, 49.4889594], [-114.9852381, 49.4889876], [-114.9851245, 49.4889913], [-114.9849387, 49.4889576], [-114.9848194, 49.4889184], [-114.9847534, 49.4889071], [-114.9846647, 49.4888683], [-114.9845628, 49.4888508], [-114.9844609, 49.4888317], [-114.984359, 49.4887899], [-114.9839674, 49.4886418], [-114.983852, 49.4886226], [-114.983734, 49.4886156], [-114.9833639, 49.488579], [-114.9832673, 49.4885599], [-114.9831198, 49.4885302], [-114.9830018, 49.4884884], [-114.9827926, 49.4884205], [-114.9826424, 49.4884048], [-114.9824653, 49.4883996], [-114.9822937, 49.4883769], [-114.9814032, 49.4882166], [-114.9802766, 49.4881748], [-114.9785359, 49.4881522], [-114.9772645, 49.4881591], [-114.9767254, 49.4881957], [-114.9764169, 49.4882375], [-114.9762748, 49.4882741], [-114.9761943, 49.4883037], [-114.9760602, 49.4883456], [-114.9759288, 49.4883682], [-114.9758376, 49.4883682], [-114.9757249, 49.4883665], [-114.9756203, 49.4883456], [-114.9755077, 49.4883107], [-114.9753843, 49.4882532], [-114.9751456, 49.4881103], [-114.9749551, 49.488011], [-114.9748559, 49.4879831], [-114.974703, 49.4879709], [-114.9745609, 49.4879744], [-114.9743812, 49.4879971], [-114.9741907, 49.4880406], [-114.9740003, 49.4880842], [-114.9734987, 49.4882306], [-114.9733619, 49.4882898], [-114.973201, 49.488363], [-114.9730669, 49.4883891], [-114.9729033, 49.4884013], [-114.972576, 49.4883839], [-114.9721995, 49.4883319], [-114.9714825, 49.4883693], [-114.9711225, 49.4884189], [-114.9710123, 49.4884379], [-114.9707387, 49.4884675], [-114.9705939, 49.4884693], [-114.9705402, 49.4884815], [-114.9705188, 49.4885076], [-114.9704759, 49.4885738], [-114.9704008, 49.4886034], [-114.9703042, 49.4886278], [-114.9701889, 49.4886278], [-114.9700547, 49.4886052], [-114.9699984, 49.4885564], [-114.9699582, 49.4885093], [-114.9699153, 49.4884693], [-114.9698429, 49.4884431], [-114.9697356, 49.488424], [-114.9694352, 49.4883978], [-114.9692352, 49.4883978], [-114.9690489, 49.4883978], [-114.9677864, 49.4885662], [-114.9674049, 49.4885687], [-114.9665615, 49.4887708], [-114.96632, 49.4888004], [-114.9660009, 49.4889697], [-114.9657986, 49.4889993], [-114.9656506, 49.4889693], [-114.9655728, 49.4889258], [-114.9655084, 49.4888944], [-114.9654167, 49.4888681], [-114.9653244, 49.4888933], [-114.9652348, 49.4889223], [-114.9650283, 49.488917], [-114.9648647, 49.4889049], [-114.9647896, 49.4888909], [-114.9647413, 49.4888648], [-114.9647091, 49.488823], [-114.964518, 49.488684]], [[-115.0367975, 49.4978331], [-115.0365105, 49.4978297], [-115.0361506, 49.4978226], [-115.0356093, 49.4976681], [-115.035333, 49.4976211], [-115.0350353, 49.4975427], [-115.0343272, 49.497351], [-115.0342387, 49.4973371], [-115.0340885, 49.4973354], [-115.0340392, 49.4973281], [-115.0340053, 49.4973232], [-115.0339222, 49.4972848], [-115.0335628, 49.497027], [-115.0333294, 49.4969382], [-115.0331121, 49.4968772], [-115.0325757, 49.4967169], [-115.0315189, 49.4962413], [-115.0312641, 49.496142], [-115.0310641, 49.4960759], [-115.0308215, 49.4959957], [-115.0301537, 49.495811], [-115.0300303, 49.4957536], [-115.0297969, 49.495609], [-115.0297299, 49.4955724], [-115.0296145, 49.4955271], [-115.0284022, 49.4952361], [-115.0282439, 49.4951908], [-115.0281018, 49.4951212], [-115.0275385, 49.4948337], [-115.0274688, 49.4948058], [-115.0271467, 49.4946273], [-115.0268945, 49.4944679], [-115.0267043, 49.4943787], [-115.026591, 49.4943229], [-115.0261476, 49.4942146], [-115.0259215, 49.4941784], [-115.0255806, 49.4941581], [-115.0254372, 49.4941603], [-115.0253721, 49.4941423], [-115.0252571, 49.4940632], [-115.025031, 49.4939977], [-115.0248049, 49.4939028], [-115.0246831, 49.4938395], [-115.0245614, 49.4937604], [-115.0245475, 49.4936859], [-115.0245696, 49.4935749], [-115.0240449, 49.4933786]], [[-115.0134379, 49.4906436], [-115.0132086, 49.4906804], [-115.0130835, 49.4907249], [-115.013006, 49.4907442], [-115.0129331, 49.4907404], [-115.012878, 49.4907133], [-115.012802, 49.4906523], [-115.012665, 49.4905334], [-115.0125131, 49.4904299], [-115.0123836, 49.4903293], [-115.0123076, 49.4902741], [-115.0122228, 49.4902432], [-115.0120709, 49.4902045], [-115.011989, 49.4901571], [-115.0118981, 49.4901174], [-115.0117716, 49.4901068], [-115.0116718, 49.4901542], [-115.0116614, 49.4902093], [-115.0117209, 49.4902886], [-115.0117909, 49.4903399], [-115.0118356, 49.4903844], [-115.0118118, 49.4904444], [-115.0117775, 49.4905237], [-115.0117552, 49.4905653], [-115.0116435, 49.4905749], [-115.0115527, 49.4905875], [-115.0114901, 49.4906388], [-115.0114886, 49.4906978], [-115.0115199, 49.4907529], [-115.0115407, 49.4908168], [-115.0114901, 49.49087], [-115.0113412, 49.4909232], [-115.0112653, 49.4909638], [-115.0112295, 49.4910296], [-115.0112251, 49.4910944], [-115.0111893, 49.4911515], [-115.01117, 49.4912066], [-115.0112116, 49.4912579], [-115.0112906, 49.4912549], [-115.0113948, 49.4912047], [-115.0114752, 49.4911476], [-115.0115661, 49.4911099], [-115.0116733, 49.4911099], [-115.0117745, 49.4911505], [-115.0118609, 49.4912443], [-115.01191, 49.4913507], [-115.0119368, 49.4913942], [-115.0119845, 49.4914165], [-115.012059, 49.4914184], [-115.0121498, 49.4914155], [-115.0122481, 49.4914407], [-115.0123207, 49.4914738]], [[-115.018246, 49.4928791], [-115.0181227, 49.4928871], [-115.0179249, 49.4928803], [-115.01774, 49.4928619], [-115.0175939, 49.492819], [-115.0174091, 49.4927577], [-115.0172268, 49.4926662], [-115.0170548, 49.4925722], [-115.0169902, 49.4925411], [-115.0169424, 49.4924949], [-115.0168661, 49.4924378], [-115.016751, 49.4924042], [-115.0165442, 49.4923748], [-115.0162546, 49.4923631], [-115.0160853, 49.492348], [-115.0159857, 49.492337], [-115.0158952, 49.492348], [-115.0158125, 49.4923429], [-115.0157168, 49.4923152], [-115.0156535, 49.4922942], [-115.0155578, 49.4922346], [-115.0154441, 49.4921968], [-115.0153161, 49.4921246], [-115.0152579, 49.4921011], [-115.015086, 49.4920725], [-115.0150226, 49.4920524], [-115.0148959, 49.491986], [-115.0148597, 49.4919541], [-115.0148184, 49.4918886], [-115.0147408, 49.491777], [-115.0147149, 49.4917106], [-115.0146787, 49.4916132], [-115.0145973, 49.491546], [-115.0144706, 49.4915133], [-115.0143387, 49.491499], [-115.0142586, 49.4914822], [-115.0141448, 49.4914772], [-115.0140983, 49.4915007], [-115.0140789, 49.4915368], [-115.0140996, 49.4915687], [-115.0141332, 49.4915788], [-115.0141862, 49.4915763], [-115.0142418, 49.4915553], [-115.0143181, 49.4915427], [-115.0143943, 49.4915494], [-115.0144616, 49.4915813], [-115.0145016, 49.4916308], [-115.01449, 49.4916678], [-115.0144435, 49.4917022], [-115.0143801, 49.4917123], [-115.0142418, 49.4916787], [-115.0140957, 49.4916544], [-115.0138604, 49.491614], [-115.013682, 49.4915947], [-115.0134157, 49.4915334], [-115.013174, 49.4915183], [-115.0130033, 49.4914998], [-115.0128663, 49.4914587], [-115.0127331, 49.4914058], [-115.012578, 49.4914058], [-115.0124358, 49.4914125], [-115.0123634, 49.4914243], [-115.0123324, 49.4914427], [-115.0123207, 49.4914738], [-115.0123944, 49.4914998], [-115.0124901, 49.4915124], [-115.0125806, 49.4915427], [-115.0126013, 49.4915956], [-115.0125715, 49.4916451], [-115.0124436, 49.4916989], [-115.012265, 49.491698], [-115.0120721, 49.4917031], [-115.0119581, 49.4916993], [-115.0118812, 49.4917151], [-115.0118451, 49.4917461], [-115.0118402, 49.491786], [-115.0118714, 49.4918125], [-115.0119318, 49.4918176], [-115.011999, 49.4918031], [-115.0120497, 49.491798], [-115.0120877, 49.4918132], [-115.0120955, 49.4918334], [-115.0120622, 49.4918676], [-115.0119213, 49.4919172], [-115.0118799, 49.4919466], [-115.0118373, 49.4920112], [-115.0118192, 49.4920406], [-115.0117596, 49.4920764]], [[-115.0240449, 49.4933786], [-115.0232324, 49.4931174], [-115.0223747, 49.4928408], [-115.0218237, 49.4926986], [-115.0213933, 49.4925496], [-115.0209153, 49.4924616], [-115.0206309, 49.492361], [-115.0203763, 49.4923136], [-115.0200621, 49.492302], [-115.0198581, 49.4922488], [-115.0194441, 49.4921622], [-115.019205, 49.4922059], [-115.0190716, 49.4922667], [-115.0189774, 49.4923489], [-115.0187957, 49.4924019], [-115.0186398, 49.492489], [-115.0185023, 49.4925926], [-115.0183603, 49.4926877], [-115.0183324, 49.4927098], [-115.0183209, 49.4927391], [-115.01832, 49.4927839], [-115.0183193, 49.4928258], [-115.018293, 49.4928557], [-115.018246, 49.4928791]], [[-115.019676, 49.4920953], [-115.0194441, 49.4921622], [-115.0185247, 49.4919688], [-115.016571, 49.4915867], [-115.0153812, 49.4913526], [-115.0145592, 49.4911669], [-115.014318, 49.4910983], [-115.0141348, 49.4910276], [-115.0139323, 49.4909396], [-115.0137566, 49.490841], [-115.0136464, 49.4907771], [-115.0135302, 49.4907007], [-115.0134379, 49.4906436]]]}}, {"type": "Feature", "properties": {"name": "Coal Discovery Trail", "difficulty": "intermediate", "area": "Fernie", "osm_id": 453791860, "highway": "path", "stroke": "#3b82f6"}, "geometry": {"type": "LineString", "coordinates": [[-114.9924716, 49.5520811], [-114.9925843, 49.5519802], [-114.9927104, 49.5518899], [-114.992839, 49.551838], [-114.9931898, 49.5516932], [-114.9932653, 49.5516747], [-114.9933755, 49.5516652], [-114.9935447, 49.5516601], [-114.9936894, 49.551693], [-114.9937618, 49.5517331], [-114.9938127, 49.5517444], [-114.9938657, 49.5517348], [-114.9940072, 49.5517017], [-114.9943228, 49.5516996], [-114.9944809, 49.5516864], [-114.9945989, 49.5516529], [-114.9957004, 49.5511234], [-114.9960298, 49.5509402], [-114.9960649, 49.5509113], [-114.9960752, 49.5508826], [-114.996102, 49.5507921], [-114.9961195, 49.5507617], [-114.996157, 49.5507373], [-114.9965495, 49.5505467], [-114.9971285, 49.5504223], [-114.9972008, 49.5504032], [-114.9972661, 49.5503771], [-114.9973251, 49.5503457], [-114.9973922, 49.5503014], [-114.9976637, 49.5500857], [-114.9979692, 49.5499053], [-114.9981003, 49.5497985], [-114.9982719, 49.5497019], [-114.9985241, 49.5495844], [-114.9988735, 49.549478], [-114.9994371, 49.5493679], [-114.9997539, 49.5492395], [-114.9998222, 49.5492094], [-114.9998973, 49.5491659], [-115.0002951, 49.5488991], [-115.0007781, 49.5485134], [-115.0012814, 49.5482742], [-115.0014664, 49.548187], [-115.001508, 49.5481618], [-115.001531, 49.5481277], [-115.0016824, 49.5479477], [-115.001791, 49.5478529], [-115.0018299, 49.547832], [-115.0018795, 49.5478242], [-115.002078, 49.5477876], [-115.0021356, 49.5477728], [-115.0021854, 49.5477413], [-115.0027002, 49.5473752], [-115.0027944, 49.5472885], [-115.0028546, 49.5471944], [-115.0029419, 49.5470296], [-115.0029497, 49.5470045], [-115.0029457, 49.546968], [-115.0028453, 49.5468373], [-115.0028397, 49.5468087], [-115.0028417, 49.546787], [-115.0028572, 49.546767], [-115.0029067, 49.5467401], [-115.0032186, 49.5466391], [-115.0033629, 49.5465531], [-115.0034291, 49.5464859], [-115.0034841, 49.5464307], [-115.0035074, 49.5463685], [-115.0035158, 49.5462962], [-115.0035069, 49.5462423], [-115.0034533, 49.5461709], [-115.0033621, 49.5460987], [-115.0033527, 49.54608], [-115.003354, 49.5460569], [-115.0033487, 49.5459042], [-115.0033379, 49.545879], [-115.0033167, 49.5458526], [-115.0031675, 49.5457054], [-115.0030556, 49.5456053], [-115.0030496, 49.5455844], [-115.0030496, 49.5455566], [-115.0030644, 49.5455322], [-115.0030898, 49.545515], [-115.0035864, 49.5452292], [-115.0037146, 49.545169], [-115.0038138, 49.5451427], [-115.003922, 49.5451241], [-115.0040749, 49.5451006], [-115.004176, 49.5450819], [-115.0042385, 49.545071], [-115.0042902, 49.5450508], [-115.004437, 49.5449823], [-115.0044745, 49.544964], [-115.0045134, 49.5449535], [-115.0046328, 49.5449309], [-115.0046676, 49.5449196], [-115.0046985, 49.5449031], [-115.0051865, 49.5446091], [-115.0053371, 49.5445302], [-115.0054004, 49.5445092], [-115.0054274, 49.5445037], [-115.0054602, 49.5445028], [-115.0054938, 49.5445045], [-115.0055225, 49.5445099], [-115.0059553, 49.5445767], [-115.0061375, 49.5446016], [-115.0062662, 49.544602], [-115.00634, 49.5446003], [-115.0064198, 49.5445873], [-115.0065009, 49.5445663], [-115.0065854, 49.5445298], [-115.0066722, 49.544472], [-115.0067665, 49.5444071], [-115.0068241, 49.5443383], [-115.0069301, 49.544186], [-115.00703, 49.5439955], [-115.0072345, 49.5437849], [-115.0073955, 49.5436587], [-115.0074303, 49.5436457], [-115.007484, 49.5436396], [-115.0075886, 49.5436413], [-115.0077717, 49.5436378], [-115.0078648, 49.5436195], [-115.0079748, 49.5435865], [-115.0085066, 49.5434145], [-115.0085609, 49.5433907], [-115.0085971, 49.5433637], [-115.0086266, 49.5433263], [-115.0086856, 49.5432436], [-115.0087111, 49.5432097], [-115.008758, 49.5431723], [-115.0090209, 49.5429608], [-115.0091301, 49.5428343], [-115.0092017, 49.5427129], [-115.0092121, 49.5426829], [-115.0092127, 49.5426519], [-115.0092429, 49.5424455], [-115.0092556, 49.5423908], [-115.0092904, 49.5423308], [-115.0093816, 49.5422037], [-115.0094977, 49.5420434], [-115.0096541, 49.5418192], [-115.009752, 49.5416928], [-115.0098651, 49.5415988], [-115.0099798, 49.5414971], [-115.0100714, 49.5413842], [-115.0101333, 49.5412855], [-115.0102143, 49.5412125], [-115.0102681, 49.541169], [-115.0103378, 49.541122], [-115.0105108, 49.5410306], [-115.010543, 49.5410163], [-115.0105699, 49.5409958], [-115.0105853, 49.5409684], [-115.0106074, 49.5409105], [-115.0106672, 49.5408104], [-115.0106912, 49.5407774], [-115.0107207, 49.5407469], [-115.0107811, 49.5407043], [-115.0109672, 49.5405731], [-115.0111459, 49.540485], [-115.0111995, 49.5404597], [-115.0112397, 49.5404293], [-115.0113845, 49.5402828], [-115.0114596, 49.5401685], [-115.0115141, 49.5400313], [-115.0116014, 49.5398175], [-115.0116399, 49.5397217], [-115.0116441, 49.5396978], [-115.011638, 49.5396756], [-115.0116206, 49.5396539], [-115.0115938, 49.5396365], [-115.0114885, 49.5395773], [-115.0114771, 49.5395551], [-115.0114724, 49.5395325], [-115.0114758, 49.5395103], [-115.0115006, 49.5394781], [-115.011583, 49.5393883], [-115.0115985, 49.5393767], [-115.0116105, 49.5393615], [-115.0116099, 49.5393471], [-115.0115978, 49.5393271], [-115.0115401, 49.5392422], [-115.0115395, 49.5392283], [-115.0115408, 49.5392144], [-115.0115468, 49.5392009], [-115.0115629, 49.5391922], [-115.0117561, 49.5391922], [-115.0117789, 49.5391752], [-115.0117949, 49.5391617], [-115.0118054, 49.5391404], [-115.011807, 49.5391156], [-115.0117996, 49.5390982], [-115.011784, 49.5390839], [-115.0116881, 49.5390488], [-115.01157, 49.5390256], [-115.0114208, 49.5389942], [-115.0107762, 49.5387823], [-115.010647, 49.5387444], [-115.0105571, 49.5387218], [-115.0104847, 49.5387088], [-115.0103828, 49.5387091], [-115.009949, 49.538784], [-115.0098332, 49.5387941], [-115.0097846, 49.5387923], [-115.0097365, 49.5387834], [-115.0096814, 49.5387636], [-115.0096505, 49.5387357], [-115.0096284, 49.5386537], [-115.0096089, 49.538627], [-115.0095717, 49.5386125], [-115.0095204, 49.5385991], [-115.0094252, 49.5385939], [-115.0093635, 49.538586], [-115.0093454, 49.5385756], [-115.009336, 49.538563], [-115.009338, 49.5385469], [-115.0093486, 49.5385334], [-115.0093877, 49.5385156], [-115.0094789, 49.538479], [-115.0096993, 49.5384383], [-115.0098202, 49.5383634], [-115.0099812, 49.53828], [-115.0101276, 49.538247], [-115.0102125, 49.538155], [-115.0104172, 49.5379787], [-115.010622, 49.5378987], [-115.0107343, 49.5378907], [-115.0109241, 49.5379913], [-115.0110168, 49.5380068], [-115.011165, 49.537977], [-115.0116155, 49.5378623], [-115.0118032, 49.5377393], [-115.011995, 49.537667], [-115.012197, 49.537546], [-115.012353, 49.537409], [-115.0125233, 49.537226], [-115.0126156, 49.537043], [-115.0128005, 49.5368607], [-115.0128915, 49.5367753], [-115.0129749, 49.5367522], [-115.0130766, 49.5367407], [-115.0131801, 49.5367469], [-115.0133061, 49.536841], [-115.0134016, 49.5369195], [-115.0135196, 49.536962], [-115.013616, 49.537103], [-115.0136712, 49.5371793], [-115.013755, 49.5372656], [-115.013826, 49.537303], [-115.0139135, 49.537291], [-115.0139405, 49.537219], [-115.0139508, 49.5370913], [-115.0140722, 49.5369207], [-115.0141758, 49.5367823], [-115.014228, 49.536564], [-115.0142261, 49.5364997], [-115.0141954, 49.5364142], [-115.0141991, 49.5363737], [-115.014236, 49.5363637], [-115.0142855, 49.5363812], [-115.0143226, 49.5364123], [-115.0144145, 49.5365027], [-115.0145487, 49.5365991], [-115.0146197, 49.5366172], [-115.0146822, 49.5366184], [-115.0147477, 49.5366146], [-115.0148074, 49.5365963], [-115.0148481, 49.5365861], [-115.0148691, 49.5365776], [-115.0148879, 49.5365632], [-115.0148946, 49.5365432], [-115.0148871, 49.5365224], [-115.0148113, 49.5364316], [-115.014796, 49.5364114], [-115.0147947, 49.5363957], [-115.0148095, 49.5363815], [-115.0148275, 49.5363739], [-115.014853, 49.5363709], [-115.014997, 49.536408], [-115.015436, 49.536447], [-115.0154927, 49.5364531], [-115.0155316, 49.5364523], [-115.0155732, 49.5364453], [-115.015619, 49.536427], [-115.015708, 49.536389], [-115.0161393, 49.5361064], [-115.0162707, 49.5360863], [-115.016309, 49.535969], [-115.016472, 49.535721], [-115.0165192, 49.5356184], [-115.0165304, 49.5355549], [-115.0165376, 49.5355255], [-115.0165024, 49.5355113], [-115.0164659, 49.5355239], [-115.0164355, 49.5355419], [-115.0163188, 49.5355854], [-115.0162962, 49.5355805], [-115.01629, 49.5355671], [-115.0162837, 49.535526], [-115.0162752, 49.5354966], [-115.0162659, 49.5354827], [-115.0162454, 49.5354782], [-115.016053, 49.535479], [-115.0160182, 49.535473], [-115.0160048, 49.5354437], [-115.0160185, 49.5353981], [-115.0160749, 49.5352071], [-115.0160387, 49.5348244], [-115.0160882, 49.5346145], [-115.0161937, 49.534447], [-115.0162652, 49.5343961], [-115.0163733, 49.534322], [-115.0164118, 49.5342292], [-115.0164768, 49.5339651], [-115.0164747, 49.5337796], [-115.0165304, 49.5334011], [-115.016607, 49.533195], [-115.016648, 49.533132], [-115.0167094, 49.5330538], [-115.0168234, 49.5329142], [-115.0170962, 49.5327928], [-115.0173304, 49.5326913], [-115.0175708, 49.5325995], [-115.0177478, 49.532475], [-115.0178068, 49.5323682], [-115.0177985, 49.532245], [-115.0177877, 49.5320613], [-115.0176565, 49.531899], [-115.017741, 49.531777], [-115.0177514, 49.5316628], [-115.0179536, 49.5315173], [-115.0180119, 49.5312255], [-115.0182117, 49.5310671], [-115.0182675, 49.5309501], [-115.0184311, 49.5307865], [-115.0185338, 49.5307166], [-115.018595, 49.5306413], [-115.0186211, 49.5306135], [-115.0186584, 49.5306126], [-115.0186832, 49.5306726], [-115.0186819, 49.5307099], [-115.0186939, 49.5307883], [-115.0187087, 49.530817], [-115.0187288, 49.5308266], [-115.0187663, 49.5308222], [-115.0188106, 49.5307961], [-115.0188964, 49.5306716], [-115.0189058, 49.5306194], [-115.0188938, 49.5305672], [-115.0188861, 49.530531], [-115.0188448, 49.5304927], [-115.0185343, 49.5303966], [-115.0184968, 49.5303757], [-115.0184659, 49.5303278], [-115.0184633, 49.5302982], [-115.0184753, 49.530266], [-115.0185021, 49.5302364], [-115.0186456, 49.5301668], [-115.0188186, 49.5301093], [-115.0188964, 49.5300928], [-115.0189595, 49.5300763], [-115.0190255, 49.5300669], [-115.0190681, 49.5300222], [-115.019094, 49.5299456], [-115.0191647, 49.5298952], [-115.0191889, 49.5298595], [-115.0191644, 49.5298242], [-115.0191083, 49.5297786], [-115.0190614, 49.5297307], [-115.0190627, 49.5296976], [-115.0190791, 49.5296462], [-115.019114, 49.5295985], [-115.0192068, 49.5295628], [-115.019295, 49.529557], [-115.0193618, 49.5295601], [-115.0194199, 49.5295586], [-115.0194764, 49.5295243], [-115.0195623, 49.5294277], [-115.019621, 49.5294059], [-115.0196788, 49.529403], [-115.0197032, 49.5294401], [-115.0197488, 49.5294988], [-115.0198264, 49.5295118], [-115.0199016, 49.5295059], [-115.0200873, 49.5295062], [-115.0209591, 49.5296088], [-115.0210422, 49.5296071], [-115.0211173, 49.5295949], [-115.0212621, 49.5295723], [-115.0213694, 49.5295636], [-115.0219702, 49.5295357], [-115.0220507, 49.5295096], [-115.0221339, 49.5294696], [-115.0221875, 49.5294313], [-115.0222492, 49.5293529], [-115.0224101, 49.5291161], [-115.0226167, 49.5289368], [-115.023247, 49.5285208], [-115.0233382, 49.5284198], [-115.0234186, 49.5282979], [-115.0234481, 49.5281621], [-115.0234508, 49.5279114], [-115.0233784, 49.5277164], [-115.0232872, 49.5275667], [-115.0232121, 49.5274605], [-115.0232106, 49.5274514], [-115.0232041, 49.5274135], [-115.0232443, 49.5272307], [-115.0233328, 49.5269939], [-115.0234414, 49.5268703], [-115.0234683, 49.5268111], [-115.0234683, 49.526778], [-115.0234414, 49.5267258], [-115.0233878, 49.5266823], [-115.0233226, 49.5266398], [-115.0233058, 49.5265994], [-115.0233166, 49.5265454], [-115.0233457, 49.5264454], [-115.0235074, 49.5261482], [-115.023728, 49.5257529], [-115.0239406, 49.525214], [-115.024052, 49.5250078], [-115.0242954, 49.5245994], [-115.0243984, 49.5244631], [-115.024517, 49.5243928], [-115.0246534, 49.5243571], [-115.0247697, 49.5243371], [-115.024936, 49.5243494], [-115.0251621, 49.5243972], [-115.0251952, 49.5244127], [-115.0252623, 49.5244441], [-115.0253002, 49.524472], [-115.0253458, 49.524479], [-115.025386, 49.5244746], [-115.0254333, 49.5244335], [-115.0254987, 49.5242753], [-115.0255282, 49.5242483], [-115.0255734, 49.5242376], [-115.025618, 49.5242535], [-115.0256382, 49.5242875], [-115.0257077, 49.52443], [-115.0257849, 49.5246271], [-115.0258464, 49.5247157], [-115.0258973, 49.5248007], [-115.0260385, 49.5249481], [-115.0262063, 49.5250822], [-115.0263533, 49.5251744], [-115.026671, 49.5252429], [-115.0267368, 49.5253901], [-115.0271605, 49.5253852], [-115.0275343, 49.5252713], [-115.0278152, 49.5251666], [-115.0279337, 49.5249284], [-115.0281119, 49.5248114], [-115.0283976, 49.5246649], [-115.0285459, 49.5245888], [-115.0287642, 49.5244058], [-115.028811, 49.5243296], [-115.0289271, 49.5241404], [-115.0289656, 49.5238782], [-115.0291145, 49.5238302], [-115.0295747, 49.5238031], [-115.0298428, 49.5236323], [-115.0301731, 49.5234858], [-115.0305846, 49.5233469], [-115.0307985, 49.5232872], [-115.0310522, 49.5232016], [-115.0313908, 49.5231757], [-115.0316133, 49.5231812], [-115.0318107, 49.5231609], [-115.0319628, 49.5231033], [-115.0320632, 49.52297], [-115.032296, 49.522734], [-115.032424, 49.522642], [-115.0326463, 49.5225071], [-115.0329683, 49.5224368], [-115.0333507, 49.522272], [-115.0336445, 49.5220823], [-115.0337744, 49.5218192], [-115.033812, 49.52166], [-115.03391, 49.521387], [-115.034099, 49.521124], [-115.0342, 49.521012], [-115.0345525, 49.5207048], [-115.0350114, 49.5203136], [-115.0351025, 49.5201406], [-115.0352556, 49.5199455], [-115.0353028, 49.5197624], [-115.0354221, 49.5195984], [-115.0354615, 49.5194403], [-115.0357225, 49.5193511], [-115.036121, 49.518952], [-115.0363599, 49.518613], [-115.0365572, 49.5184707], [-115.036962, 49.5182448], [-115.0373651, 49.5180605], [-115.0375469, 49.5180173], [-115.0379205, 49.5179017], [-115.0380757, 49.5177987], [-115.0381992, 49.517447], [-115.038365, 49.517334], [-115.038728, 49.517078], [-115.038921, 49.516894], [-115.038987, 49.516798], [-115.039296, 49.516066], [-115.0393636, 49.5158939], [-115.0397207, 49.5157882], [-115.0401489, 49.5156475], [-115.04033, 49.515632], [-115.0404611, 49.5156152], [-115.0405434, 49.5155598], [-115.0405888, 49.5153738], [-115.040802, 49.515077], [-115.0408748, 49.5149238], [-115.0410845, 49.5146898], [-115.0416588, 49.5142845], [-115.042047, 49.514079], [-115.0422275, 49.5138733], [-115.0423226, 49.5137282], [-115.0429161, 49.5133699], [-115.0431913, 49.5132239]]}}, {"type": "Feature", "properties": {"name": "Contra", "difficulty": "advanced", "area": "Fernie", "osm_id": 647647963, "highway": "path", "stroke": "#0a0a0a"}, "geometry": {"type": "LineString", "coordinates": [[-115.020776, 49.5078538], [-115.0212742, 49.5077099], [-115.0220735, 49.5073407], [-115.0221835, 49.5073076], [-115.0222398, 49.5072971], [-115.022331, 49.5072936], [-115.0224463, 49.5072797], [-115.0224946, 49.5072675], [-115.0225238, 49.5072584], [-115.0225456, 49.5072396], [-115.022559, 49.5072065], [-115.0225509, 49.5071804], [-115.0224088, 49.5071003], [-115.0223846, 49.5070759], [-115.0223749, 49.5070546], [-115.0223739, 49.5070289], [-115.0223927, 49.5069993], [-115.022441, 49.5069766], [-115.0225348, 49.5069662], [-115.0226502, 49.5069627], [-115.0227601, 49.5069766], [-115.0228487, 49.5070045], [-115.0230552, 49.5071125], [-115.0230937, 49.5071243], [-115.0231558, 49.5071299], [-115.0232121, 49.5071334], [-115.0232788, 49.5071321], [-115.0233355, 49.5071212], [-115.0233824, 49.5071003], [-115.0234089, 49.5070833], [-115.0234226, 49.5070585], [-115.0234146, 49.5070115], [-115.0233717, 49.5069436], [-115.0232349, 49.5068216], [-115.022972, 49.5066771], [-115.0229559, 49.5066509], [-115.0229533, 49.5066266], [-115.022963, 49.5065996], [-115.0229794, 49.5065791], [-115.0230123, 49.5065586], [-115.0230901, 49.5065517], [-115.0231625, 49.5065621], [-115.0232268, 49.5065691], [-115.0232433, 49.5065654], [-115.0232644, 49.5065541], [-115.0232771, 49.5065382], [-115.0232838, 49.5065168], [-115.0232791, 49.5064951], [-115.0232671, 49.506475], [-115.0229506, 49.5062939], [-115.0228004, 49.5062294], [-115.0227199, 49.5061842], [-115.0226931, 49.5061406], [-115.0226824, 49.5060779], [-115.0226716, 49.5060257], [-115.0226502, 49.5059926], [-115.0224061, 49.5058376], [-115.0223568, 49.5057927], [-115.0223313, 49.5057622], [-115.0223193, 49.50573], [-115.0223166, 49.5056873], [-115.022334, 49.5055419], [-115.0223434, 49.5055166], [-115.0223608, 49.5054931], [-115.022389, 49.5054705], [-115.022503, 49.505413], [-115.0225405, 49.5053851], [-115.0225888, 49.505332], [-115.0226401, 49.5052626], [-115.0226827, 49.5052049], [-115.0227162, 49.5051395], [-115.0227363, 49.5051021], [-115.0227497, 49.5050655], [-115.0227497, 49.5050368], [-115.0227551, 49.5050011], [-115.0227591, 49.5049732], [-115.0227739, 49.5049558], [-115.0228088, 49.5049297], [-115.022849, 49.5048852], [-115.0228691, 49.5048539], [-115.0228691, 49.5048182], [-115.0228611, 49.5047119], [-115.0228624, 49.5046754], [-115.0228718, 49.5046545], [-115.0228865, 49.5046309], [-115.0229026, 49.5046205], [-115.0230958, 49.5045021], [-115.0231078, 49.5044829], [-115.0231105, 49.5044498], [-115.0231226, 49.5042138], [-115.0231226, 49.5041894], [-115.0231025, 49.5041546], [-115.0230958, 49.5041302], [-115.0230984, 49.504104], [-115.0231118, 49.5040823], [-115.0231293, 49.5040675], [-115.0231534, 49.5040622], [-115.0231789, 49.504064], [-115.0232138, 49.5040779], [-115.0233197, 49.5041598], [-115.0233398, 49.5041676], [-115.0233667, 49.5041676], [-115.0233948, 49.5041563], [-115.0236255, 49.5038881], [-115.0236456, 49.5038602], [-115.0236537, 49.5038288], [-115.023651, 49.5037984], [-115.0236456, 49.5037653], [-115.0236255, 49.5037296], [-115.0235061, 49.5035554], [-115.0234927, 49.5035188], [-115.0234927, 49.5034822], [-115.0234954, 49.5034326], [-115.0235128, 49.5033899], [-115.0235276, 49.5033629], [-115.0235504, 49.5033429], [-115.0237033, 49.5032497], [-115.0237174, 49.5032331], [-115.0237207, 49.5032079], [-115.0237234, 49.5031129], [-115.0236966, 49.5029806], [-115.0236939, 49.5029579], [-115.0237019, 49.5029422], [-115.023718, 49.5029257], [-115.0237435, 49.5029192], [-115.023773, 49.5029179], [-115.0237985, 49.5029248], [-115.0238186, 49.5029318], [-115.0238427, 49.5029483], [-115.0238682, 49.5029762], [-115.0239353, 49.5030607], [-115.0239527, 49.5030755], [-115.0239782, 49.5030851], [-115.0240037, 49.5030894], [-115.0240412, 49.5030886], [-115.024064, 49.5030833], [-115.0240841, 49.5030755], [-115.0240989, 49.503065], [-115.0241137, 49.5030494], [-115.0241204, 49.5030302], [-115.0241244, 49.5028046], [-115.0241365, 49.5027768], [-115.0241579, 49.5027437], [-115.0241901, 49.5027115], [-115.0243349, 49.5025852], [-115.0243497, 49.5025721], [-115.0243577, 49.502559], [-115.0243604, 49.5025399], [-115.0243564, 49.50235], [-115.0243618, 49.5023326], [-115.0243711, 49.5023169], [-115.0243913, 49.5022995], [-115.0245348, 49.5022072], [-115.0245441, 49.502195], [-115.0245509, 49.502175], [-115.0245549, 49.5020382], [-115.0245602, 49.5020208], [-115.0245737, 49.5020086], [-115.0246045, 49.5019886], [-115.0249653, 49.5017874], [-115.0249894, 49.5017665], [-115.0250015, 49.5017482], [-115.0250082, 49.5017299], [-115.0250202, 49.5015757], [-115.025035, 49.5015296], [-115.0250551, 49.5014965], [-115.0250913, 49.5014468], [-115.0251423, 49.5013868], [-115.0251543, 49.5013632], [-115.0251557, 49.5013319], [-115.025145, 49.5012918], [-115.0251222, 49.5012474], [-115.0250779, 49.5011681], [-115.0250632, 49.5011229], [-115.0250591, 49.5008346], [-115.0250632, 49.5008128], [-115.0250739, 49.5007962], [-115.0251651, 49.5006795], [-115.0251745, 49.500663], [-115.0251892, 49.5006186], [-115.0251839, 49.5004783], [-115.0251959, 49.5004444], [-115.0252201, 49.5004043], [-115.0252509, 49.5003564], [-115.0252576, 49.5003172], [-115.0252681, 49.5002054], [-115.0252315, 49.5000595], [-115.0252069, 49.499902], [-115.0252409, 49.4996643]]}}, {"type": "Feature", "properties": {"name": "Dairy Run", "difficulty": "intermediate", "area": "Fernie", "osm_id": 648291125, "highway": "path"}, "geometry": {"type": "LineString", "coordinates": [[-115.0562933, 49.5251124], [-115.0563182, 49.5252506], [-115.0562889, 49.5253524], [-115.0562526, 49.5254352], [-115.0561653, 49.5255648], [-115.0560549, 49.5256392], [-115.0559182, 49.5257183], [-115.0558285, 49.5258009], [-115.0557694, 49.5258788], [-115.0555815, 49.5260837], [-115.05541, 49.5262014], [-115.055292, 49.5262501], [-115.0551472, 49.5262884], [-115.0549648, 49.5263163], [-115.0548169, 49.5263087], [-115.0545591, 49.5262385], [-115.0543659, 49.5262377], [-115.0542511, 49.5261884], [-115.0541555, 49.5261759], [-115.0540403, 49.5261939], [-115.0539081, 49.5262919], [-115.0538111, 49.5265019], [-115.0537073, 49.5266268], [-115.0536151, 49.5266946], [-115.0535237, 49.5267391], [-115.0534177, 49.5267903], [-115.0532603, 49.5269099], [-115.052961, 49.527431], [-115.0526762, 49.5279114], [-115.0525226, 49.5280919], [-115.0523772, 49.5281799], [-115.0521328, 49.5282315]]}}, {"type": "Feature", "properties": {"name": "Darkside Connector", "difficulty": "intermediate", "area": "Fernie", "osm_id": 1388108517, "highway": "path"}, "geometry": {"type": "LineString", "coordinates": [[-115.0334842, 49.4800779], [-115.0333394, 49.4801995], [-115.0332076, 49.4804093], [-115.033178, 49.4805335], [-115.0332307, 49.480801], [-115.0332307, 49.4809851], [-115.0333163, 49.4811756], [-115.0332636, 49.4814068], [-115.0332142, 49.4815973], [-115.0330363, 49.4817878]]}}, {"type": "Feature", "properties": {"name": "Deadfall", "difficulty": "intermediate", "area": "Fernie", "osm_id": 453416091, "highway": "path", "stroke": "#3b82f6"}, "geometry": {"type": "LineString", "coordinates": [[-115.0350708, 49.5103062], [-115.034834, 49.510425], [-115.034536, 49.510586], [-115.034298, 49.51077], [-115.034234, 49.510839], [-115.034114, 49.511074], [-115.034057, 49.511145], [-115.033836, 49.511338], [-115.033757, 49.511432], [-115.033643, 49.511624], [-115.03343, 49.512082], [-115.033093, 49.512501], [-115.033, 49.512589], [-115.0328957, 49.5126699], [-115.0326778, 49.5127053], [-115.032569, 49.512825], [-115.0324412, 49.5129457], [-115.0324071, 49.5130652], [-115.0324466, 49.513351], [-115.0324024, 49.5134969], [-115.0325, 49.5136542], [-115.032682, 49.513687], [-115.032738, 49.513752], [-115.032746, 49.513802], [-115.03266, 49.514109], [-115.032552, 49.51427], [-115.03238, 49.514431], [-115.032259, 49.514598], [-115.032196, 49.514653], [-115.032037, 49.514736], [-115.031959, 49.514797], [-115.031823, 49.51494], [-115.031659, 49.515061], [-115.031584, 49.515163], [-115.031588, 49.515266], [-115.031712, 49.515441], [-115.031731, 49.5156], [-115.031679, 49.5157], [-115.031544, 49.515856], [-115.031407, 49.515977], [-115.031279, 49.516181], [-115.031186, 49.516268], [-115.031004, 49.516384], [-115.030945, 49.516443], [-115.0308371, 49.5166012], [-115.0307837, 49.5167283], [-115.0308683, 49.5168352], [-115.031121, 49.516902], [-115.0311778, 49.516984], [-115.031108, 49.5170915], [-115.030881, 49.517394], [-115.030596, 49.517588], [-115.030485, 49.517678], [-115.030442, 49.517742], [-115.030415, 49.51782], [-115.0304135, 49.5180976], [-115.0303508, 49.5182154], [-115.030006, 49.51865], [-115.02989, 49.51897], [-115.029739, 49.519297]]}}, {"type": "Feature", "properties": {"name": "Deadfall Downhill", "difficulty": "advanced", "area": "Fernie", "osm_id": [453791859, 647647991], "highway": "path", "stroke": "#0a0a0a"}, "geometry": {"type": "MultiLineString", "coordinates": [[[-115.0279649, 49.5213882], [-115.027756, 49.521286], [-115.0276245, 49.5212112], [-115.0276035, 49.5210681], [-115.0276422, 49.520961], [-115.0278161, 49.52081], [-115.0281905, 49.5206411], [-115.0282285, 49.5204368], [-115.028377, 49.520319], [-115.0284455, 49.5202148], [-115.0284757, 49.5201688], [-115.028654, 49.52008], [-115.0288733, 49.5199025], [-115.0290179, 49.5198463], [-115.0291898, 49.5197962], [-115.0293745, 49.5197834], [-115.0294879, 49.5197405], [-115.0295641, 49.5196162], [-115.029576, 49.519449], [-115.029637, 49.519372], [-115.029739, 49.519297]], [[-115.0279649, 49.5213882], [-115.0277696, 49.5216816], [-115.027476, 49.5218251], [-115.0272467, 49.5220787], [-115.0272002, 49.5221613], [-115.0270559, 49.5222444], [-115.0270024, 49.5223569], [-115.0269086, 49.5224033], [-115.0266838, 49.522456], [-115.026545, 49.5225487], [-115.026531, 49.5226463], [-115.0265303, 49.5227537], [-115.0264769, 49.5227827], [-115.0263781, 49.5228069], [-115.0261724, 49.5228823], [-115.0261383, 49.5229346], [-115.0262077, 49.5230343], [-115.0262562, 49.5232022], [-115.0263485, 49.5233286], [-115.0263727, 49.5235093], [-115.0264659, 49.5237071], [-115.0264785, 49.523806], [-115.026477, 49.5239216], [-115.0266358, 49.5240983], [-115.0267936, 49.5241544], [-115.0268333, 49.5242129], [-115.026805, 49.5242681], [-115.0267133, 49.5243524], [-115.0266566, 49.524435], [-115.0266223, 49.5244851], [-115.0266286, 49.5246301], [-115.0266726, 49.5247403], [-115.026638, 49.5247526], [-115.0265279, 49.5246832], [-115.0263391, 49.5246627], [-115.0261158, 49.5246872], [-115.0258464, 49.5247157]]]}}, {"type": "Feature", "properties": {"name": "Deer Trail", "difficulty": "easy", "area": "Fernie", "osm_id": 648385872, "highway": "path", "stroke": "#22c55e"}, "geometry": {"type": "LineString", "coordinates": [[-115.1064631, 49.4621484], [-115.1065244, 49.4620817], [-115.1065164, 49.4619878], [-115.106421, 49.461808], [-115.1063428, 49.4617134], [-115.1063531, 49.4616233], [-115.1064268, 49.4614502], [-115.1064081, 49.4613195], [-115.1063491, 49.4612462], [-115.1062445, 49.46118], [-115.1060674, 49.4611312], [-115.1055256, 49.461058], [-115.1053942, 49.4610266], [-115.1046888, 49.4608348], [-115.1043477, 49.4607664], [-115.1042543, 49.4607476], [-115.1030419, 49.4605681], [-115.1021564, 49.460559], [-115.1020227, 49.4605576], [-115.1012716, 49.4605716], [-115.09996, 49.460643], [-115.0989623, 49.4607041], [-115.0988335, 49.4606884], [-115.0987396, 49.460657], [-115.0986243, 49.4605751], [-115.0985938, 49.4605227], [-115.098458, 49.4602891], [-115.0982917, 49.4598585], [-115.0981388, 49.4594628], [-115.0981281, 49.4593041], [-115.0981025, 49.4592412], [-115.0979792, 49.4590078], [-115.0976225, 49.4587236], [-115.0972363, 49.4584969], [-115.0965442, 49.4582197], [-115.0964128, 49.4581936], [-115.0961848, 49.4581831], [-115.0954097, 49.458204], [-115.0951602, 49.4581657], [-115.0948062, 49.4580593], [-115.0946747, 49.4579896], [-115.0946426, 49.4579303], [-115.0946506, 49.4578745], [-115.0946882, 49.4575625], [-115.0946791, 49.4574813], [-115.0945601, 49.4573571], [-115.0943399, 49.4573174], [-115.0942542, 49.4572625], [-115.0941174, 49.4571225], [-115.0938812, 49.4570309], [-115.0938307, 49.4570113], [-115.0937356, 49.4569363], [-115.0936564, 49.4568855], [-115.0935222, 49.4568822], [-115.0934352, 49.4569321], [-115.0934373, 49.457051], [-115.0933388, 49.4570983], [-115.0931322, 49.4571297], [-115.0928501, 49.4571627], [-115.0927056, 49.4572744], [-115.0926947, 49.4573768], [-115.0926177, 49.4574014], [-115.0923339, 49.4574314], [-115.0920945, 49.4575633], [-115.0919088, 49.4575773], [-115.0918433, 49.4576242], [-115.0918888, 49.4577473], [-115.0918026, 49.4578664], [-115.0916278, 49.4579722], [-115.0915822, 49.4580384], [-115.0915661, 49.4581047], [-115.0915661, 49.4581814], [-115.0915714, 49.4585824], [-115.0915714, 49.4586486], [-115.0915392, 49.4587166], [-115.0915145, 49.4587377], [-115.0913914, 49.458762], [-115.0912584, 49.4588532], [-115.0911662, 49.4588741], [-115.0910287, 49.4588324], [-115.0909521, 49.4588516], [-115.0909041, 49.4588823], [-115.0908197, 49.4589892], [-115.0906627, 49.4590133], [-115.0905641, 49.4589609], [-115.090445, 49.4589826], [-115.0903221, 49.4590152], [-115.090246, 49.459113], [-115.090182, 49.4592675], [-115.0901391, 49.4594384], [-115.0901391, 49.4595883], [-115.0901257, 49.4596859], [-115.0900753, 49.4598007], [-115.0899753, 49.4598226], [-115.0898216, 49.4598083], [-115.0897482, 49.4598424], [-115.0897172, 49.4599189], [-115.0896724, 49.4599604], [-115.0895686, 49.459979], [-115.0894005, 49.4599684], [-115.0893141, 49.45999], [-115.089283, 49.4600458], [-115.0893211, 49.4601166], [-115.0893291, 49.4601702], [-115.0892845, 49.4601926], [-115.0892315, 49.4601863], [-115.0890496, 49.4601434], [-115.0889627, 49.4601601], [-115.0889161, 49.4602083], [-115.0889456, 49.4603275], [-115.0889831, 49.4604373], [-115.0889482, 49.4604754], [-115.088857, 49.4605036], [-115.0887927, 49.4605402], [-115.0887605, 49.4605925], [-115.0887497, 49.4606692], [-115.0888007, 49.4607355], [-115.088959, 49.4610388], [-115.0889643, 49.4611364], [-115.0888624, 49.4613108], [-115.0887176, 49.4617937], [-115.0887256, 49.4618494], [-115.0887337, 49.4618965], [-115.0887605, 49.4619296], [-115.0888758, 49.462022], [-115.0889241, 49.4620848], [-115.0889402, 49.4621249], [-115.0889053, 49.4623899], [-115.0888374, 49.4624978]]}}, {"type": "Feature", "properties": {"name": "Dem Bones", "difficulty": "advanced", "area": "Fernie", "osm_id": 432985824, "highway": "path", "stroke": "#0a0a0a"}, "geometry": {"type": "LineString", "coordinates": [[-115.1000795, 49.5037174], [-115.100036, 49.503697], [-115.099885, 49.503622], [-115.099729, 49.50352], [-115.099671, 49.503463], [-115.099657, 49.503398], [-115.099688, 49.50333], [-115.0997716, 49.5032174], [-115.099915, 49.503024], [-115.100273, 49.502753], [-115.100332, 49.502637], [-115.100349, 49.502486], [-115.100383, 49.502422], [-115.100593, 49.502298], [-115.100649, 49.502205], [-115.10062, 49.502113], [-115.100567, 49.502064], [-115.10017, 49.501859], [-115.100104, 49.501803], [-115.099969, 49.501593], [-115.099881, 49.50154], [-115.099586, 49.501445], [-115.099076, 49.501237], [-115.098613, 49.501106], [-115.098509, 49.501054], [-115.098456, 49.500993], [-115.098406, 49.500891], [-115.098377, 49.500732], [-115.098329, 49.500623], [-115.098115, 49.500395], [-115.097935, 49.500251], [-115.097894, 49.500178], [-115.097807, 49.49979], [-115.09774, 49.499684], [-115.097589, 49.499528], [-115.097582, 49.499453], [-115.097666, 49.499157], [-115.09776, 49.499086], [-115.097973, 49.499003], [-115.097977, 49.498943], [-115.097913, 49.498904], [-115.097805, 49.498881], [-115.097507, 49.498845], [-115.097127, 49.498828], [-115.096851, 49.498856], [-115.096501, 49.498826], [-115.096405, 49.498784], [-115.096252, 49.498605], [-115.096174, 49.498427], [-115.096017, 49.498172], [-115.095746, 49.49801], [-115.095338, 49.497688], [-115.095275, 49.497593], [-115.095191, 49.497522], [-115.09457, 49.497236], [-115.09441, 49.49704], [-115.094228, 49.496874], [-115.094038, 49.496607], [-115.093912, 49.496493], [-115.093657, 49.496344], [-115.093546, 49.496234], [-115.093426, 49.496073], [-115.093106, 49.495786], [-115.093033, 49.495662], [-115.092992, 49.495486], [-115.092799, 49.494987], [-115.092714, 49.494866], [-115.092366, 49.494534], [-115.092264, 49.494399], [-115.092252, 49.494278], [-115.09233, 49.494079], [-115.092356, 49.49391], [-115.09235, 49.493777], [-115.092277, 49.493452], [-115.092223, 49.493351], [-115.092121, 49.493235], [-115.091668, 49.492934], [-115.091556, 49.492792], [-115.091396, 49.492452], [-115.091299, 49.492335], [-115.091058, 49.492181], [-115.090807, 49.491863], [-115.090767, 49.491789], [-115.090762, 49.491502], [-115.090809, 49.491264], [-115.090764, 49.491002], [-115.090814, 49.490782], [-115.090914, 49.490598], [-115.090924, 49.490466], [-115.090894, 49.490398], [-115.09069, 49.490156], [-115.090674, 49.490069], [-115.090694, 49.489899], [-115.090633, 49.489589], [-115.090613, 49.489358], [-115.090654, 49.48925], [-115.091541, 49.4887], [-115.091637, 49.488618], [-115.091662, 49.488463], [-115.091707, 49.488413], [-115.09186, 49.488384], [-115.092331, 49.488399], [-115.09244, 49.488391], [-115.0925549, 49.4883504]]}}, {"type": "Feature", "properties": {"name": "Dopamine", "difficulty": "intermediate", "area": "Fernie", "osm_id": 647721767, "highway": "path"}, "geometry": {"type": "LineString", "coordinates": [[-115.0301163, 49.4507027], [-115.02934, 49.4506618], [-115.0292032, 49.4506793], [-115.0290718, 49.4507403], [-115.0288116, 49.45096], [-115.0286909, 49.4511605], [-115.028656, 49.4512477], [-115.028597, 49.4515773], [-115.0285782, 49.4516522], [-115.0285246, 49.4517255], [-115.0280633, 49.4523671], [-115.0277709, 49.4526862], [-115.0276717, 49.4527473], [-115.0275724, 49.4527821], [-115.0271936, 49.4527861], [-115.0261716, 49.452744], [-115.0259363, 49.4527246], [-115.0257217, 49.4526583], [-115.0236081, 49.4522922], [-115.0231092, 49.452198], [-115.0229215, 49.4521806], [-115.0227552, 49.4522015], [-115.022646, 49.452255], [-115.0226318, 49.4523898], [-115.0227498, 49.4525119], [-115.0229429, 49.4527072], [-115.0231414, 49.4528955], [-115.0232165, 49.4530489], [-115.0231897, 49.4531431], [-115.023024, 49.45328]]}}, {"type": "Feature", "properties": {"name": "Double Creek", "difficulty": "intermediate", "area": "Fernie", "osm_id": 648385855, "highway": "path"}, "geometry": {"type": "LineString", "coordinates": [[-115.0852875, 49.4495196], [-115.0855929, 49.4498623], [-115.0855683, 49.4500324], [-115.0856693, 49.4502431], [-115.0856837, 49.4504092], [-115.0855823, 49.4506063], [-115.0855157, 49.4507083], [-115.0856142, 49.4508147], [-115.0856203, 49.4510364], [-115.0855286, 49.4511546], [-115.0855839, 49.4512634], [-115.0857375, 49.4513908], [-115.0858072, 49.4514501], [-115.0859225, 49.4515024], [-115.0861087, 49.451551], [-115.0861747, 49.4516454], [-115.0864067, 49.4520342], [-115.0865705, 49.4521484], [-115.0869047, 49.4521745], [-115.08698, 49.4522316], [-115.0869262, 49.4523989], [-115.0871456, 49.4526184], [-115.0871885, 49.4526951], [-115.0872046, 49.4527753], [-115.0871403, 49.4532112], [-115.0871456, 49.4532914], [-115.0871671, 49.4533647], [-115.087365, 49.4539676], [-115.0875499, 49.4544641], [-115.0878103, 49.4546559], [-115.0879418, 49.4548017], [-115.0879344, 49.4550933], [-115.0877846, 49.4552943], [-115.0878298, 49.4555128], [-115.0877796, 49.4556803], [-115.0878292, 49.4558471], [-115.0878056, 49.4560212], [-115.0878198, 49.4561125], [-115.0879436, 49.4561734], [-115.0880209, 49.4562287], [-115.0880868, 49.4564257], [-115.0881847, 49.4565096], [-115.0882168, 49.4566555], [-115.0881109, 49.4568984], [-115.088071, 49.4570375], [-115.0881232, 49.4571833], [-115.0883501, 49.4573153], [-115.0884223, 49.4573625], [-115.0884169, 49.457448], [-115.0884814, 49.4575495], [-115.0884538, 49.4576156], [-115.0882507, 49.4577653], [-115.0880404, 49.4580762], [-115.0878969, 49.458379], [-115.087665, 49.4585909], [-115.0875545, 49.4592348], [-115.0879327, 49.4596291]]}}, {"type": "Feature", "properties": {"name": "Double Creek Extension", "difficulty": "intermediate", "area": "Fernie", "osm_id": [648385857, 1377122819, 1377122820], "highway": "path"}, "geometry": {"type": "MultiLineString", "coordinates": [[[-115.0856315, 49.4541746], [-115.0856256, 49.4539764], [-115.0854052, 49.4537835], [-115.085399, 49.4535947], [-115.0854835, 49.453356], [-115.0854272, 49.4532483], [-115.0850849, 49.453083], [-115.0849863, 49.4529767], [-115.084994, 49.4527883], [-115.0848025, 49.4524915], [-115.0845954, 49.4523499], [-115.0844994, 49.4522544], [-115.0844355, 49.4521137], [-115.0844724, 49.4519461], [-115.0845389, 49.4518481], [-115.0846458, 49.4517169], [-115.0847863, 49.4515256], [-115.0848302, 49.4513952], [-115.0848407, 49.4512284], [-115.0849156, 49.4508993], [-115.0847896, 49.4506882], [-115.0848015, 49.4505428], [-115.0849233, 49.4503727], [-115.0848952, 49.4502557], [-115.0848273, 49.4500834], [-115.0848277, 49.4499589], [-115.0846858, 49.4498123], [-115.0847425, 49.4496836], [-115.084619, 49.4495094], [-115.0845841, 49.4494117], [-115.084526, 49.4493221], [-115.0845695, 49.4492826], [-115.0847094, 49.4492816], [-115.0849462, 49.4493333], [-115.085024, 49.4493603], [-115.0852875, 49.4495196]], [[-115.0851276, 49.4582089], [-115.0850897, 49.45808], [-115.0850414, 49.4577558], [-115.0850522, 49.4573129], [-115.085079, 49.457049], [-115.085011, 49.4569317], [-115.0849591, 49.4568654], [-115.084986, 49.4567353], [-115.0850199, 49.4565226], [-115.085147, 49.4562354], [-115.0852494, 49.4560587]], [[-115.0852494, 49.4560587], [-115.0853887, 49.4559213], [-115.0855081, 49.4545791], [-115.0856047, 49.4542722], [-115.0856315, 49.4541746]]]}}, {"type": "Feature", "properties": {"name": "Duff Dynasty", "difficulty": "intermediate", "area": "Fernie", "osm_id": 648385889, "highway": "path", "stroke": "#3b82f6"}, "geometry": {"type": "LineString", "coordinates": [[-115.0887702, 49.4625366], [-115.0889378, 49.4626365], [-115.0895598, 49.4629528], [-115.0901341, 49.4634489], [-115.0903164, 49.4636343], [-115.0905042, 49.4638254], [-115.090633, 49.4639161], [-115.0908529, 49.4639998], [-115.0909817, 49.4640625], [-115.0910836, 49.4641462], [-115.0914216, 49.4644792], [-115.0914698, 49.4645001], [-115.0915315, 49.464528], [-115.0916925, 49.4645593], [-115.0917783, 49.4645593], [-115.0918507, 49.4645367], [-115.0919151, 49.4644826], [-115.0919473, 49.4644251], [-115.0919687, 49.4644007], [-115.0919982, 49.4643937], [-115.0920438, 49.4643972], [-115.0920787, 49.4644321], [-115.0921404, 49.4645628], [-115.0921578, 49.4645794], [-115.0921873, 49.4645864], [-115.0922115, 49.4645855], [-115.092245, 49.4645698], [-115.0923563, 49.4643868], [-115.0923952, 49.4643545], [-115.0924515, 49.4643345], [-115.0924824, 49.464324], [-115.0924985, 49.4643205], [-115.0925146, 49.4643231], [-115.0925669, 49.4643545], [-115.0925843, 49.4643615], [-115.0926138, 49.4643615], [-115.0926446, 49.4643449], [-115.0927761, 49.4642665], [-115.0928163, 49.4642595], [-115.0928579, 49.4642647], [-115.092886, 49.4642883], [-115.0929303, 49.4644269], [-115.0929437, 49.4644547], [-115.0929705, 49.4644635], [-115.0930027, 49.4644635], [-115.0930604, 49.4644469], [-115.0935137, 49.4642586], [-115.093566, 49.4642525], [-115.0936042, 49.4642547], [-115.0936397, 49.4642621], [-115.093684, 49.4642891], [-115.0937296, 49.4643301], [-115.0938744, 49.4645036], [-115.0939053, 49.4645258], [-115.0939415, 49.4645328], [-115.093971, 49.4645249], [-115.0940206, 49.4645031], [-115.0940609, 49.4644473], [-115.0941132, 49.4643968], [-115.0941448, 49.4643937], [-115.0941735, 49.4643907], [-115.0942888, 49.4644447], [-115.0943465, 49.4644874], [-115.0943827, 49.4644979], [-115.094423, 49.4644839], [-115.0944618, 49.464443], [-115.0945128, 49.4644107], [-115.0945423, 49.4643977], [-115.0945624, 49.4643959], [-115.0945919, 49.4644003], [-115.0946107, 49.4644081], [-115.0946375, 49.4644142], [-115.0946657, 49.4644072], [-115.0946778, 49.4643828], [-115.0946992, 49.4643515], [-115.0947381, 49.4643227], [-115.0947636, 49.4643096], [-115.0947864, 49.4643088], [-115.0948052, 49.464314], [-115.0948293, 49.4643393], [-115.0948548, 49.4643994], [-115.0948816, 49.464463], [-115.0949058, 49.4644909], [-115.0949446, 49.464504], [-115.0949701, 49.4645005], [-115.0950063, 49.4644813], [-115.0950385, 49.4644334], [-115.0951244, 49.4643053], [-115.0951686, 49.4642704], [-115.0951941, 49.4642556], [-115.0952263, 49.4642504], [-115.0952544, 49.4642504], [-115.0952893, 49.4642538], [-115.0953255, 49.4642617], [-115.0954583, 49.4643567], [-115.0961047, 49.4647158], [-115.0962469, 49.4647472], [-115.0963649, 49.4647559], [-115.0965419, 49.4647576], [-115.0967672, 49.4647681], [-115.0968423, 49.4647803], [-115.0973787, 49.4649337], [-115.0975987, 49.464986], [-115.0979474, 49.4651115], [-115.098111, 49.4651917], [-115.0983202, 49.4653503], [-115.0988861, 49.4658907], [-115.0991115, 49.4660441], [-115.0992858, 49.4661225], [-115.0993552, 49.4661408], [-115.0993928, 49.4661304], [-115.0994062, 49.4661008], [-115.0993874, 49.4660589], [-115.0990172, 49.4657783], [-115.0989448, 49.4656806], [-115.0989073, 49.465468], [-115.0989019, 49.4650548], [-115.09891, 49.4649625], [-115.0989395, 49.4648579], [-115.0989609, 49.46483], [-115.0989824, 49.4648213], [-115.0990213, 49.464816], [-115.0990709, 49.4648265], [-115.0991742, 49.4648753], [-115.0992063, 49.4648858], [-115.0992533, 49.4648875], [-115.0993042, 49.4648701], [-115.0993989, 49.4647752], [-115.0994424, 49.4647315], [-115.0995018, 49.4645287]]}}, {"type": "Feature", "properties": {"name": "Easy Beaver", "difficulty": "easy", "area": "Fernie", "osm_id": [868096827, 868339556, 899048383, 959014554], "highway": "path", "stroke": "#22c55e"}, "geometry": {"type": "MultiLineString", "coordinates": [[[-115.0576329, 49.484508], [-115.0575071, 49.4844161], [-115.057454, 49.4843445], [-115.0574872, 49.4842789], [-115.0576586, 49.484251], [-115.0577107, 49.4841857], [-115.057679, 49.4838856], [-115.0576984, 49.483766], [-115.057768, 49.4836541], [-115.0578366, 49.4835202], [-115.0579285, 49.4833993], [-115.0579594, 49.4832758], [-115.0579556, 49.4831377], [-115.0579588, 49.4829438], [-115.0579545, 49.4827982], [-115.0579729, 49.4827245], [-115.0580062, 49.4826478], [-115.0580604, 49.4825836], [-115.058175, 49.4825595], [-115.0583164, 49.4825596], [-115.0584629, 49.4825479], [-115.0586158, 49.4825049], [-115.0587449, 49.4824469], [-115.0589378, 49.4823263], [-115.059079, 49.4822217], [-115.0592591, 49.4820649], [-115.059316, 49.4819648], [-115.0592931, 49.4819434], [-115.0590441, 49.4821118], [-115.0586936, 49.4822898], [-115.058563, 49.4823156], [-115.0584528, 49.4823184], [-115.0583004, 49.4822862], [-115.0582184, 49.4822361], [-115.0582684, 49.4821928], [-115.0584241, 49.4822195], [-115.0586181, 49.4821896], [-115.0587926, 49.4820837], [-115.0589407, 49.4819462], [-115.0591813, 49.4816713], [-115.05934, 49.4814349], [-115.0594092, 49.4812513], [-115.0594673, 49.4810866], [-115.0595211, 49.4808601], [-115.0594703, 49.4805626], [-115.059361, 49.4803454], [-115.0592025, 49.4801839], [-115.0590442, 49.4800792], [-115.0588942, 49.4799453], [-115.0585133, 49.4797964], [-115.0584034, 49.4796738], [-115.0583408, 49.479467], [-115.0583081, 49.4790014], [-115.0582798, 49.4788697], [-115.0582087, 49.4787844], [-115.0581898, 49.4786852], [-115.0582102, 49.4785977], [-115.0582342, 49.4784691]], [[-115.0553602, 49.4894947], [-115.0552996, 49.4896571], [-115.0552143, 49.4897572], [-115.055013, 49.4898645], [-115.0546151, 49.4900393], [-115.054075, 49.4902764], [-115.0538389, 49.4903879], [-115.0535495, 49.4905033], [-115.0533469, 49.4905755], [-115.053071, 49.4906622], [-115.0529, 49.4906712], [-115.0527456, 49.4906604], [-115.0526198, 49.4906498], [-115.0525013, 49.4906256], [-115.0524041, 49.4905791], [-115.0523591, 49.4905448], [-115.0522879, 49.4905484], [-115.0522496, 49.490597], [-115.0522181, 49.4906936], [-115.0520628, 49.4907894], [-115.0517042, 49.4909647], [-115.0516133, 49.4910179], [-115.0514963, 49.4910865], [-115.0513376, 49.4911714], [-115.0511878, 49.4912356], [-115.0510661, 49.4913049]], [[-115.0510661, 49.4913049], [-115.0508661, 49.4913674], [-115.050706, 49.4913864], [-115.0506473, 49.4913984], [-115.050555, 49.4914129], [-115.0504659, 49.4914251], [-115.0503711, 49.4914374]], [[-115.0572047, 49.4858692], [-115.0574342, 49.4858431], [-115.0576268, 49.4857818], [-115.0577085, 49.4856604], [-115.0577036, 49.4855609], [-115.0576493, 49.4854521], [-115.0576236, 49.4853293], [-115.057587, 49.485216], [-115.0575722, 49.4851331], [-115.0575707, 49.4850245], [-115.0576534, 49.4849479], [-115.0578492, 49.4848847], [-115.0581303, 49.4847865], [-115.0583901, 49.48473], [-115.0585351, 49.4846808], [-115.058786, 49.4845022], [-115.0589624, 49.4843627], [-115.0591047, 49.4842612], [-115.0590983, 49.4842115], [-115.0589809, 49.4842369], [-115.0588677, 49.4843137], [-115.0586638, 49.484433], [-115.0583919, 49.4845596], [-115.0581376, 49.4846056], [-115.0579325, 49.4845984]]]}}, {"type": "Feature", "properties": {"name": "Easy Beaver / Marlu", "difficulty": "easy", "area": "Fernie", "osm_id": 1357835838, "highway": "path", "stroke": "#22c55e"}, "geometry": {"type": "LineString", "coordinates": [[-115.0576329, 49.484508], [-115.0577545, 49.4845525], [-115.0579325, 49.4845984]]}}, {"type": "Feature", "properties": {"name": "Eco-Terrorist", "difficulty": "intermediate", "area": "Fernie", "osm_id": 287131796, "highway": "path", "stroke": "#3b82f6"}, "geometry": {"type": "LineString", "coordinates": [[-115.0355173, 49.5097731], [-115.0355939, 49.5098058], [-115.035894, 49.509934], [-115.037186, 49.510295], [-115.03764, 49.510381], [-115.037954, 49.510515], [-115.038281, 49.510572], [-115.038339, 49.510567], [-115.038434, 49.510561], [-115.038559, 49.510512], [-115.038663, 49.510433], [-115.038842, 49.510235], [-115.039015, 49.510111], [-115.039136, 49.509963], [-115.039156, 49.509913], [-115.039151, 49.509827], [-115.039107, 49.509696], [-115.0391, 49.509599], [-115.039123, 49.509475], [-115.039197, 49.509343], [-115.039323, 49.509237], [-115.039518, 49.509013], [-115.03956, 49.508941], [-115.039589, 49.508823], [-115.039695, 49.508632], [-115.039743, 49.50823], [-115.039799, 49.50817], [-115.040083, 49.5081], [-115.040165, 49.508033], [-115.040253, 49.507913], [-115.040403, 49.507764], [-115.040529, 49.507588], [-115.040767, 49.50749], [-115.040848, 49.507409], [-115.041161, 49.506891], [-115.04119, 49.506824], [-115.041174, 49.506711], [-115.041108, 49.506614], [-115.040952, 49.506505], [-115.0405921, 49.5063621]]}}, {"type": "Feature", "properties": {"name": "Eric's Trail", "difficulty": "intermediate", "area": "Fernie", "osm_id": 453567262, "highway": "path", "stroke": "#3b82f6"}, "geometry": {"type": "LineString", "coordinates": [[-115.034337, 49.510321], [-115.0340672, 49.510289], [-115.033609, 49.51031], [-115.033413, 49.510288], [-115.03317, 49.510223], [-115.0330469, 49.5101626], [-115.0330421, 49.510081], [-115.033079, 49.509968], [-115.0331187, 49.5097967], [-115.0332514, 49.5097132], [-115.0333883, 49.5095443], [-115.0335347, 49.5094772], [-115.0336729, 49.5093566], [-115.0337929, 49.5092695], [-115.0338512, 49.509129], [-115.0339679, 49.5090507], [-115.0341052, 49.508883], [-115.0342342, 49.5088652], [-115.0343879, 49.5087808], [-115.034539, 49.5087667], [-115.0347674, 49.5086051], [-115.0348956, 49.5085699], [-115.0350287, 49.5084516], [-115.0351881, 49.5083696], [-115.0353408, 49.5082697], [-115.035573, 49.508097], [-115.0357751, 49.5079527], [-115.0359903, 49.5078814], [-115.0360932, 49.50763], [-115.0362397, 49.5075408], [-115.0362629, 49.5074143], [-115.0365175, 49.5073922], [-115.036772, 49.507226], [-115.0369711, 49.5071347], [-115.0371127, 49.507134], [-115.037322, 49.5069993], [-115.0375316, 49.5068247], [-115.0377125, 49.5067433], [-115.0377549, 49.5066241], [-115.0378753, 49.5065875], [-115.038001, 49.5064077], [-115.0381046, 49.5063469], [-115.0381228, 49.5062411], [-115.0382661, 49.5061684], [-115.038298, 49.5060603], [-115.038556, 49.505972], [-115.0385676, 49.5057983], [-115.0386772, 49.5057163], [-115.0386306, 49.5055963], [-115.0387744, 49.5055197], [-115.0391764, 49.505321], [-115.0392054, 49.5052383], [-115.039254, 49.5051167], [-115.039265, 49.504719], [-115.039414, 49.50432], [-115.039584, 49.5041514], [-115.0398087, 49.5040041], [-115.0398971, 49.5039723], [-115.0400498, 49.5040101], [-115.0401456, 49.503986], [-115.040245, 49.5039316], [-115.0402865, 49.5038683], [-115.040449, 49.5037419], [-115.040478, 49.503647], [-115.040467, 49.503568], [-115.0403746, 49.5033791], [-115.040247, 49.503229], [-115.039965, 49.503053], [-115.0397516, 49.5029788], [-115.0397072, 49.5028967], [-115.039983, 49.502775], [-115.040098, 49.502701], [-115.0401636, 49.5025732], [-115.0402366, 49.5024668], [-115.0402338, 49.5022988], [-115.0402571, 49.5022606], [-115.0403505, 49.5021078], [-115.0404762, 49.5019508], [-115.040489, 49.501626], [-115.040497, 49.501503], [-115.040577, 49.501328], [-115.040671, 49.501248], [-115.040995, 49.501047], [-115.041461, 49.50079], [-115.0417037, 49.5006896]]}}, {"type": "Feature", "properties": {"name": "Eric's Trip", "difficulty": "advanced", "area": "Fernie", "osm_id": 432985825, "highway": "path", "stroke": "#0a0a0a"}, "geometry": {"type": "LineString", "coordinates": [[-115.0997716, 49.5032174], [-115.099821, 49.503132], [-115.099818, 49.503081], [-115.099779, 49.503021], [-115.099656, 49.502934], [-115.099563, 49.502838], [-115.099442, 49.502628], [-115.099325, 49.502511], [-115.099106, 49.50242], [-115.098818, 49.502346], [-115.0987517, 49.5023167], [-115.0985402, 49.5020589], [-115.0984464, 49.5019793], [-115.098323, 49.5019358], [-115.0982587, 49.5019184], [-115.0981943, 49.5019149], [-115.0981326, 49.5019358], [-115.0980951, 49.5019619], [-115.0980438, 49.5020566], [-115.098068, 49.502337], [-115.098005, 49.502392], [-115.097892, 49.502537], [-115.097494, 49.502897], [-115.097388, 49.503169], [-115.097376, 49.503329], [-115.0974283, 49.5034554], [-115.0971039, 49.5034656], [-115.0970187, 49.5036717], [-115.0967895, 49.5036277], [-115.096646, 49.503719], [-115.096566, 49.503752], [-115.0964047, 49.5039948], [-115.0962894, 49.5040429], [-115.096114, 49.503929], [-115.096005, 49.503719], [-115.095913, 49.503589], [-115.095783, 49.503453], [-115.0956447, 49.503313], [-115.0954827, 49.5031446], [-115.0953571, 49.5031719], [-115.0953233, 49.503432], [-115.0951705, 49.5034693], [-115.094963, 49.503415], [-115.094845, 49.503265], [-115.094718, 49.503162], [-115.0944419, 49.5029934], [-115.0942105, 49.5029293], [-115.0939915, 49.5027318], [-115.0936862, 49.5025959], [-115.0933362, 49.5025462], [-115.093247, 49.502594], [-115.093053, 49.502583], [-115.092625, 49.502469], [-115.092547, 49.502456], [-115.092412, 49.502458], [-115.092312, 49.502483], [-115.092243, 49.502524], [-115.092113, 49.502711], [-115.09199, 49.502839], [-115.091896, 49.502884], [-115.091832, 49.502894], [-115.091726, 49.502886], [-115.09156, 49.502854], [-115.091451, 49.50287], [-115.091282, 49.502922], [-115.090859, 49.502924], [-115.090731, 49.502863], [-115.090559, 49.502679], [-115.090285, 49.502469], [-115.090138, 49.502229], [-115.090013, 49.501975], [-115.089947, 49.501909], [-115.089826, 49.501858], [-115.089628, 49.501823], [-115.089439, 49.501769], [-115.089264, 49.501699], [-115.088844, 49.501473], [-115.088463, 49.501297], [-115.087891, 49.500819], [-115.087756, 49.500789], [-115.087339, 49.500797], [-115.087114, 49.500831], [-115.0867549, 49.5008794], [-115.0864348, 49.5009493], [-115.0863319, 49.5009513], [-115.0862361, 49.500902], [-115.08587, 49.5007136], [-115.0856975, 49.5007007], [-115.085562, 49.50073], [-115.085171, 49.500778], [-115.08489, 49.500775], [-115.084787, 49.500814], [-115.084648, 49.500903], [-115.08448, 49.500956], [-115.084261, 49.500961], [-115.084141, 49.500941], [-115.0839416, 49.5009233], [-115.08356, 49.5011292], [-115.0833864, 49.5013002], [-115.0830443, 49.5014973], [-115.082997, 49.50152], [-115.0829064, 49.5015455], [-115.0827882, 49.5015501], [-115.0825602, 49.5015458], [-115.0825173, 49.5015484], [-115.0824767, 49.5015584], [-115.0818347, 49.501787], [-115.0817623, 49.5018184], [-115.0817234, 49.5018602], [-115.0816979, 49.501922], [-115.081693, 49.5020017]]}}, {"type": "Feature", "properties": {"name": "Eric's Upper Entrance", "difficulty": "advanced", "area": "Fernie", "osm_id": 1387412942, "highway": "path", "stroke": "#0a0a0a"}, "geometry": {"type": "LineString", "coordinates": [[-115.0361686, 49.5091065], [-115.03601, 49.5090274], [-115.0359405, 49.5089427], [-115.0357796, 49.5088778], [-115.0357361, 49.5087846], [-115.0358274, 49.5085842], [-115.0358492, 49.5084458], [-115.0358057, 49.508316], [-115.0357753, 49.5081861], [-115.0357751, 49.5079527]]}}, {"type": "Feature", "properties": {"name": "Evergreen Loop", "difficulty": "intermediate", "area": "Fernie", "osm_id": 1449279021, "highway": "path", "stroke": "#3b82f6"}, "geometry": {"type": "LineString", "coordinates": [[-115.0958173, 49.4800884], [-115.095786, 49.480252], [-115.0956408, 49.4804634], [-115.0955107, 49.4806195], [-115.0950601, 49.4807692], [-115.0948248, 49.4809025], [-115.0946295, 49.4809253], [-115.0944943, 49.4808993], [-115.0943506, 49.4808287]]}}, {"type": "Feature", "properties": {"name": "Eville", "difficulty": "intermediate", "area": "Fernie", "osm_id": 648385886, "highway": "path"}, "geometry": {"type": "LineString", "coordinates": [[-115.0985498, 49.4677006], [-115.0985739, 49.4679526], [-115.0985821, 49.4680785], [-115.0985873, 49.4682111], [-115.0985662, 49.4683], [-115.0984476, 49.468392], [-115.0982609, 49.4684726], [-115.0980096, 49.4685765], [-115.0979766, 49.4686462], [-115.0978696, 49.4688771], [-115.0977838, 49.4689712], [-115.0976604, 49.469013], [-115.0974834, 49.4690305], [-115.0973117, 49.4690583], [-115.0971401, 49.4691141], [-115.0968879, 49.4691629], [-115.0958419, 49.4692326], [-115.0956541, 49.469271], [-115.0954824, 49.4693442], [-115.0953376, 49.4693825], [-115.0951981, 49.4693895], [-115.0950533, 49.4693547], [-115.0945812, 49.4691804], [-115.0942701, 49.469135], [-115.0938785, 49.4690932], [-115.093798, 49.4690967], [-115.0937444, 49.4691246], [-115.0937015, 49.4691943], [-115.0935995, 49.4693024], [-115.0934976, 49.4693337], [-115.0933796, 49.4693372], [-115.093224, 49.4693059], [-115.0931114, 49.4692396], [-115.0929934, 49.4691071], [-115.0928083, 49.4689224], [-115.0927841, 49.4688666], [-115.0927761, 49.4688195], [-115.0927788, 49.4686958], [-115.0927707, 49.4686749], [-115.0927466, 49.468654], [-115.092709, 49.468654], [-115.0926447, 49.4686731], [-115.0925669, 49.4686871], [-115.092532, 49.4686836], [-115.0925079, 49.4686662], [-115.0924328, 49.4685773], [-115.0924006, 49.4685668], [-115.0923523, 49.4685651], [-115.0922531, 49.468579], [-115.0920948, 49.4686139], [-115.0919741, 49.4686191], [-115.0918829, 49.4686104], [-115.0916896, 49.4686117]]}}, {"type": "Feature", "properties": {"name": "Faceshots", "difficulty": "intermediate", "area": "Fernie", "osm_id": 647647987, "highway": "path"}, "geometry": {"type": "LineString", "coordinates": [[-115.0427126, 49.5129683], [-115.0424846, 49.5129405], [-115.0423214, 49.5128849], [-115.0422226, 49.512654], [-115.042231, 49.5121993], [-115.0422042, 49.5121227], [-115.0421398, 49.512053], [-115.0420486, 49.5120252], [-115.0418286, 49.5120461], [-115.040788, 49.5122829], [-115.0406485, 49.5122794], [-115.0405573, 49.5122481], [-115.0398438, 49.5117988], [-115.0397062, 49.5117568]]}}, {"type": "Feature", "properties": {"name": "Fairy Creek Access", "difficulty": "intermediate", "area": "Fernie", "osm_id": [648291126, 1355202673], "highway": "path", "stroke": "#3b82f6"}, "geometry": {"type": "MultiLineString", "coordinates": [[[-115.0589477, 49.5230388], [-115.0588519, 49.5230798], [-115.0588085, 49.5231252], [-115.0588136, 49.5231786], [-115.0588332, 49.5232318], [-115.0588809, 49.5232669], [-115.0589881, 49.523382], [-115.0589624, 49.5234083], [-115.0588975, 49.5234276], [-115.0588228, 49.5234416], [-115.0587491, 49.5234338], [-115.0586586, 49.5234163], [-115.0585432, 49.5233917], [-115.0584866, 49.5233925], [-115.0584239, 49.5234282], [-115.05838, 49.5234737], [-115.0583895, 49.5235573], [-115.0583798, 49.5236053], [-115.0583273, 49.5236417], [-115.0582162, 49.5236408], [-115.058131, 49.5236734], [-115.058073, 49.5238636], [-115.057916, 49.5241012], [-115.057814, 49.5241476], [-115.0575588, 49.5241862], [-115.0574972, 49.5242365], [-115.0573942, 49.5243019], [-115.0573407, 49.5244049], [-115.0573609, 49.5244863], [-115.0574726, 49.5246823], [-115.0575946, 49.5247803], [-115.0577586, 49.5248445]], [[-115.0588809, 49.5232669], [-115.0590243, 49.5233569], [-115.0590542, 49.5234068], [-115.0590984, 49.5234844], [-115.0592086, 49.5235628], [-115.0592392, 49.5236301], [-115.0592192, 49.5236667], [-115.0591832, 49.5236898]]]}}, {"type": "Feature", "properties": {"name": "Fairy Creek Falls Connector", "difficulty": "intermediate", "area": "Fernie", "osm_id": 1382698339, "highway": "path", "stroke": "#3b82f6"}, "geometry": {"type": "LineString", "coordinates": [[-115.075014, 49.5327178], [-115.0750085, 49.5327604], [-115.0748795, 49.5327249], [-115.0748686, 49.532811], [-115.0747428, 49.5328179], [-115.0747161, 49.5328675], [-115.0745153, 49.5328631], [-115.0745746, 49.5329595], [-115.0742994, 49.5329435], [-115.0744066, 49.5330854], [-115.0743532, 49.5331737], [-115.0740589, 49.5332863], [-115.0739615, 49.5333116], [-115.0739464, 49.5333998], [-115.0739157, 49.5334755], [-115.0739313, 49.5335948]]}}, {"type": "Feature", "properties": {"name": "Far Out", "difficulty": "intermediate", "area": "Fernie", "osm_id": [1454546835, 1454546838], "highway": "path", "stroke": "#3b82f6"}, "geometry": {"type": "MultiLineString", "coordinates": [[[-115.0997526, 49.4701349], [-115.0995943, 49.4701299], [-115.0994937, 49.4700745], [-115.0994318, 49.4700218], [-115.0994833, 49.4698842], [-115.0994447, 49.4698015], [-115.0995435, 49.4695347], [-115.0996253, 49.4690565], [-115.099637, 49.4687225], [-115.0995435, 49.4686086], [-115.099415, 49.4686238], [-115.0991931, 49.4687225], [-115.0988544, 49.4690033], [-115.0985624, 49.4692234], [-115.098066, 49.4694094], [-115.0976338, 49.4694777], [-115.0972483, 49.4696713], [-115.0967928, 49.4698876], [-115.0962789, 49.4700394], [-115.0957532, 49.470195], [-115.0954495, 49.4703962], [-115.0954087, 49.470529], [-115.0953211, 49.4706353], [-115.0950349, 49.4707188], [-115.0947662, 49.470825], [-115.0946144, 49.4708212], [-115.0944684, 49.4706922], [-115.0942757, 49.4706239], [-115.0941764, 49.4704531], [-115.0940713, 49.4704531], [-115.0940012, 49.4705252], [-115.0938201, 49.4706277], [-115.0935865, 49.4706694], [-115.0932361, 49.4706429], [-115.0930375, 49.4705556], [-115.0929967, 49.4704038], [-115.0928039, 49.4702216], [-115.0927747, 49.4700318], [-115.0925762, 49.4698876], [-115.0924611, 49.4697994], [-115.0923998, 49.4697464], [-115.0920957, 49.4696823], [-115.0915916, 49.4696488], [-115.0911759, 49.4696249], [-115.0909073, 49.4695269], [-115.0906236, 49.4694865]], [[-115.1021852, 49.4692566], [-115.1022327, 49.4691708], [-115.102233, 49.4691052], [-115.10212, 49.4690886], [-115.101728, 49.4691556], [-115.1014308, 49.4692163], [-115.101082, 49.4694108], [-115.1006607, 49.4695554], [-115.1004541, 49.4696122], [-115.100319, 49.4695967], [-115.1002078, 49.4694573], [-115.1000965, 49.469292], [-115.1000488, 49.4688685], [-115.1001521, 49.4686981], [-115.1002554, 49.4685276], [-115.1002952, 49.4682694], [-115.1002793, 49.4677219], [-115.1002713, 49.4675308], [-115.1001919, 49.4674792], [-115.100017, 49.4675205], [-115.0996514, 49.4677064], [-115.0992302, 49.4678872], [-115.0988885, 49.4679492], [-115.0985739, 49.4679526], [-115.0983768, 49.4677811], [-115.098278, 49.4676843], [-115.0982201, 49.4675444], [-115.0982333, 49.467271], [-115.098217, 49.4671504], [-115.0982448, 49.4670994], [-115.0984266, 49.4668787], [-115.0985116, 49.4666527], [-115.0985974, 49.4664025], [-115.0986546, 49.4662625]]]}}, {"type": "Feature", "properties": {"name": "Fir Trail", "difficulty": "easy", "area": "Fernie / Island Lake", "osm_id": 648385832, "highway": "path", "stroke": "#22c55e"}, "geometry": {"type": "LineString", "coordinates": [[-115.1753445, 49.5059191], [-115.175688, 49.50567], [-115.1757524, 49.5056004], [-115.1758114, 49.5055063], [-115.1758329, 49.5053948], [-115.1758221, 49.5052973], [-115.1756719, 49.5050604], [-115.1755915, 49.5049211], [-115.1755593, 49.5048479], [-115.1755646, 49.5047573], [-115.1756076, 49.5046459], [-115.1756049, 49.504355], [-115.1755861, 49.5043219], [-115.1755244, 49.5042766], [-115.175283, 49.5041303], [-115.1752481, 49.5040902], [-115.1752455, 49.5040293], [-115.1751945, 49.5036304], [-115.1751757, 49.5035868], [-115.1751408, 49.5035224], [-115.1750228, 49.5032751], [-115.1750148, 49.5032245], [-115.1750309, 49.5031653], [-115.1750631, 49.5031148], [-115.1751328, 49.5030608], [-115.1752615, 49.5029981], [-115.1753071, 49.5029911], [-115.1753662, 49.5029946], [-115.1754252, 49.5030086], [-115.1754949, 49.5030382], [-115.1760072, 49.5034161], [-115.176152, 49.5035642], [-115.1761869, 49.5035938], [-115.1762218, 49.5036043], [-115.176262, 49.5036112], [-115.1764578, 49.5036304], [-115.176498, 49.5036374], [-115.1765678, 49.50366], [-115.1768896, 49.5037645], [-115.1774207, 49.5039457], [-115.1775119, 49.5039526], [-115.1776326, 49.5039561], [-115.1785794, 49.5039596], [-115.1793358, 49.5040763], [-115.1797569, 49.5040728], [-115.1800842, 49.5040275], [-115.1802719, 49.5040397], [-115.180406, 49.5040728], [-115.180567, 49.5041407], [-115.1807172, 49.5042348], [-115.1808057, 49.5043254], [-115.1808566, 49.5044386], [-115.1808942, 49.5045361], [-115.1809183, 49.5045657], [-115.1809733, 49.5045901], [-115.1810578, 49.5045936], [-115.1812617, 49.5045657], [-115.181495, 49.5045222], [-115.181672, 49.5045065], [-115.1819, 49.5045239], [-115.1822219, 49.5045623], [-115.1824526, 49.5046372], [-115.1825813, 49.5047277], [-115.1826296, 49.5047922], [-115.1826323, 49.5048531], [-115.1826349, 49.5049037], [-115.1826618, 49.5049472], [-115.1827074, 49.5049768], [-115.1827369, 49.5050291], [-115.1827369, 49.5050796], [-115.1826966, 49.5051318], [-115.1826323, 49.5051562], [-115.182525, 49.5051771], [-115.1824713, 49.5051998], [-115.1824311, 49.5052363], [-115.1824204, 49.5052764], [-115.1824177, 49.5053687], [-115.1824405, 49.505475], [-115.1824807, 49.5055586], [-115.1825612, 49.5056474], [-115.1827275, 49.5057484], [-115.1828053, 49.5057989], [-115.1828455, 49.5058442], [-115.1828455, 49.505886], [-115.182816, 49.5059417], [-115.182765, 49.5060184], [-115.182757, 49.5060811], [-115.1827758, 49.5061246], [-115.1828294, 49.5061943], [-115.1830373, 49.5063284]]}}, {"type": "Feature", "properties": {"name": "FloReka", "difficulty": "intermediate", "area": "Fernie", "osm_id": 647647958, "highway": "path", "stroke": "#3b82f6"}, "geometry": {"type": "LineString", "coordinates": [[-115.0245386, 49.5059311], [-115.0244114, 49.5060993], [-115.0244141, 49.5061306], [-115.0244462, 49.5061463], [-115.0252831, 49.5065608], [-115.0254212, 49.5066749], [-115.0254916, 49.5067855], [-115.0254869, 49.5067994], [-115.0254648, 49.5067986], [-115.0252543, 49.5066557], [-115.0252375, 49.5066531], [-115.0252315, 49.5066671], [-115.0252811, 49.5069231], [-115.0252724, 49.5069335], [-115.0252583, 49.5069292], [-115.0250585, 49.5067071], [-115.0250417, 49.5067023], [-115.025035, 49.5067106], [-115.0250283, 49.5069074], [-115.0250209, 49.5069135], [-115.0250068, 49.5069105], [-115.0249324, 49.5068325], [-115.0249197, 49.5068266], [-115.0249036, 49.5068264], [-115.0247782, 49.5068282], [-115.0247151, 49.5068377], [-115.0246776, 49.5068491], [-115.024642, 49.5068682], [-115.024583, 49.5069231], [-115.0245535, 49.506944], [-115.0245294, 49.506951], [-115.0245039, 49.5069431], [-115.0243886, 49.5068456], [-115.0243571, 49.5068343], [-115.0243309, 49.5068343], [-115.0243115, 49.506843], [-115.0243001, 49.5068604], [-115.0243349, 49.5070145], [-115.0243309, 49.5070235], [-115.0243255, 49.5070293], [-115.0243101, 49.5070293], [-115.024296, 49.5070258], [-115.0241834, 49.506897], [-115.0241525, 49.5068852], [-115.024119, 49.5068848], [-115.0240882, 49.5068891], [-115.024052, 49.5069057], [-115.0240285, 49.5069287], [-115.0240064, 49.5069614], [-115.0239883, 49.507045], [-115.0239829, 49.5070594], [-115.0239742, 49.5070676], [-115.0239487, 49.5070707], [-115.0239158, 49.5070685], [-115.0237951, 49.507038], [-115.0237375, 49.5070354], [-115.0236925, 49.5070433], [-115.0236624, 49.507065], [-115.0236469, 49.5070868], [-115.0236423, 49.5071199], [-115.0236523, 49.5071565], [-115.0236718, 49.5071843], [-115.0237113, 49.5072105], [-115.0238508, 49.5072349], [-115.0239715, 49.5072418], [-115.0240191, 49.5072436], [-115.0240627, 49.5072575], [-115.0240841, 49.5072784], [-115.0241512, 49.5073968], [-115.0241512, 49.5074473], [-115.024111, 49.5074804], [-115.0240225, 49.5075048], [-115.0239474, 49.5075135], [-115.0238696, 49.5075013], [-115.0238213, 49.507463], [-115.0237837, 49.5074543], [-115.0237435, 49.5074613], [-115.023714, 49.5074839], [-115.0237006, 49.5075431], [-115.0237194, 49.507578], [-115.023773, 49.5076041], [-115.0237891, 49.5076285], [-115.0237918, 49.5076563], [-115.0237918, 49.507773], [-115.0237811, 49.5077974], [-115.0237462, 49.5078131], [-115.0236657, 49.5078253], [-115.0235718, 49.5078427], [-115.0234914, 49.5078671], [-115.0234511, 49.5078932], [-115.0233921, 49.5079019], [-115.0233519, 49.5078915], [-115.0233036, 49.5078653], [-115.0232714, 49.5078479], [-115.0231937, 49.5078357], [-115.0231186, 49.507841], [-115.0230703, 49.5078462], [-115.02303, 49.5078427], [-115.0230032, 49.5078288], [-115.0229952, 49.5077992], [-115.0230005, 49.5077574], [-115.0230247, 49.5077173], [-115.023089, 49.5076685], [-115.0231588, 49.5076302], [-115.0232393, 49.5076006], [-115.0232822, 49.5075814], [-115.023317, 49.5075536], [-115.0233358, 49.507524], [-115.0233439, 49.5074839], [-115.0233412, 49.5074491], [-115.0233465, 49.5073986], [-115.0233787, 49.5073724], [-115.0234351, 49.5073446], [-115.0234505, 49.5073254], [-115.0234565, 49.5073028], [-115.0234431, 49.5072801], [-115.0234082, 49.5072645], [-115.0233117, 49.5072645], [-115.0232124, 49.5072732], [-115.0231501, 49.5072862], [-115.0231105, 49.5073097], [-115.0230837, 49.5073341], [-115.0230488, 49.5073968], [-115.0230408, 49.5074334], [-115.023026, 49.5074521], [-115.0230032, 49.5074613], [-115.0229777, 49.5074639], [-115.0229375, 49.5074578], [-115.0228959, 49.5074447], [-115.0228758, 49.5074447], [-115.022853, 49.5074473], [-115.0228383, 49.507456], [-115.0228249, 49.5074682], [-115.0228208, 49.5075788], [-115.0228128, 49.5076023], [-115.022794, 49.5076167], [-115.0227725, 49.5076246], [-115.0227484, 49.5076241], [-115.0227236, 49.507618], [-115.0226358, 49.5075675], [-115.0225848, 49.5075388], [-115.0225379, 49.5075292], [-115.022511, 49.5075327], [-115.0224641, 49.5075518], [-115.0224359, 49.5075736], [-115.0224185, 49.5075963], [-115.0224064, 49.5076328], [-115.0223903, 49.5076868], [-115.0223836, 49.5077277], [-115.0223635, 49.5077521], [-115.0223233, 49.507773], [-115.022279, 49.5077904], [-115.0217701, 49.507868], [-115.0214884, 49.5079202], [-115.0212658, 49.5079759], [-115.0212309, 49.5079951], [-115.0212014, 49.5080264], [-115.0210888, 49.508117], [-115.0208662, 49.5082616], [-115.0208045, 49.508326], [-115.0207562, 49.5083939], [-115.0207267, 49.5084767], [-115.0207213, 49.5084993], [-115.0207267, 49.5085098], [-115.0207428, 49.5085176], [-115.0207575, 49.5085176], [-115.020779, 49.5085141], [-115.0208165, 49.5084932], [-115.0208742, 49.5084566], [-115.0209051, 49.5084497], [-115.0209332, 49.5084575], [-115.020952, 49.508481], [-115.0209828, 49.5085106], [-115.0210097, 49.5085193], [-115.0210271, 49.5085159], [-115.0210365, 49.5085089], [-115.0210405, 49.508495], [-115.0210539, 49.5084619], [-115.0210673, 49.5084375], [-115.0210888, 49.5084114], [-115.0211183, 49.5083931], [-115.0214241, 49.5082572], [-115.0214549, 49.5082442], [-115.0214804, 49.5082407], [-115.0215126, 49.5082442], [-115.0215354, 49.5082494], [-115.0215474, 49.5082581], [-115.0215488, 49.5082703], [-115.0215421, 49.5082868], [-115.0215072, 49.5083251], [-115.0214335, 49.5083948], [-115.0214227, 49.5084096], [-115.02142, 49.5084235], [-115.0214214, 49.5084375], [-115.0214361, 49.5084479], [-115.0214536, 49.5084514], [-115.0214777, 49.5084505], [-115.0214965, 49.5084401], [-115.0216829, 49.5083495], [-115.0218398, 49.5083103], [-115.0218626, 49.5083121], [-115.0218814, 49.5083173], [-115.0218894, 49.5083269], [-115.0218908, 49.5083399], [-115.0218854, 49.5083565], [-115.0218559, 49.5083748], [-115.0217392, 49.5084401], [-115.0217057, 49.5084749], [-115.021695, 49.5085071], [-115.021699, 49.5085298], [-115.021707, 49.5085394], [-115.0217218, 49.5085446], [-115.0217486, 49.5085437], [-115.0217701, 49.5085359], [-115.0219122, 49.5084767], [-115.0219404, 49.5084723], [-115.0219726, 49.5084758], [-115.0219954, 49.5084819], [-115.0220128, 49.5084923], [-115.0220182, 49.5085063], [-115.0220061, 49.5086108], [-115.0220115, 49.5086317], [-115.0220249, 49.508643], [-115.0220463, 49.5086473], [-115.0220705, 49.5086491], [-115.0221027, 49.5086386], [-115.0221389, 49.5086186], [-115.0223025, 49.5085307], [-115.0225412, 49.5084575], [-115.0228041, 49.5083844], [-115.0229757, 49.508353], [-115.0230656, 49.5083478], [-115.0231179, 49.5083487], [-115.0231487, 49.5083521], [-115.0231595, 49.50836], [-115.0231648, 49.5083687], [-115.0231635, 49.5083817], [-115.0231541, 49.5083922], [-115.0231313, 49.5083983], [-115.0228604, 49.5084723], [-115.0228376, 49.5084854], [-115.0228242, 49.5084984], [-115.0228228, 49.5085115], [-115.0228322, 49.5085193], [-115.0228577, 49.5085254], [-115.022914, 49.5085307], [-115.0231447, 49.5085098], [-115.0231769, 49.5085115], [-115.0231997, 49.5085185], [-115.0232131, 49.5085289], [-115.0232185, 49.5085472], [-115.0232185, 49.5085611], [-115.0232051, 49.5085733], [-115.0231742, 49.508582], [-115.0229154, 49.508616], [-115.0228537, 49.5086273], [-115.0228121, 49.5086386], [-115.0227813, 49.5086569], [-115.0227679, 49.5086822], [-115.0227611, 49.5087135], [-115.0227665, 49.5087405], [-115.0227759, 49.5087536], [-115.0227974, 49.5087667], [-115.0228242, 49.5087701], [-115.0228564, 49.5087667], [-115.0228845, 49.5087536], [-115.0229181, 49.508737], [-115.0229784, 49.5087013], [-115.0230441, 49.5086752], [-115.0231058, 49.5086595], [-115.0231729, 49.5086534], [-115.0232547, 49.5086552], [-115.0234921, 49.5086473], [-115.0235993, 49.5086299], [-115.0240634, 49.508495], [-115.0241881, 49.5084497], [-115.0242511, 49.5084148], [-115.0242793, 49.5083878], [-115.0242981, 49.5083669], [-115.0243034, 49.5083521], [-115.0242994, 49.5083399], [-115.0242833, 49.5083269], [-115.0242511, 49.5083199], [-115.0242149, 49.5083251], [-115.0241693, 49.5083434], [-115.0241304, 49.5083626], [-115.0240942, 49.508373], [-115.0240593, 49.5083756], [-115.0240272, 49.5083652], [-115.0240218, 49.5083539], [-115.0240298, 49.5083373], [-115.0240526, 49.5083217], [-115.0240862, 49.5082947], [-115.0240982, 49.5082755], [-115.0240982, 49.5082555], [-115.0240781, 49.5082407], [-115.0240486, 49.5082354], [-115.0240003, 49.5082459], [-115.0236624, 49.5082921], [-115.0235256, 49.5083365], [-115.02348, 49.5083434], [-115.0234612, 49.5083356], [-115.0234558, 49.5083147], [-115.0234652, 49.5082981], [-115.0234934, 49.5082729], [-115.023547, 49.5082476], [-115.0236288, 49.508225], [-115.0237241, 49.5081971], [-115.0237804, 49.508164], [-115.0239038, 49.5080447], [-115.024066, 49.5078505], [-115.0240955, 49.5078113], [-115.024121, 49.5077957], [-115.02418, 49.5077878], [-115.0242739, 49.5077783], [-115.0243329, 49.5077809], [-115.0243584, 49.507787], [-115.0243651, 49.5078026], [-115.0243517, 49.5078288], [-115.0241774, 49.5080343], [-115.024172, 49.5080578], [-115.0241881, 49.50807], [-115.0242216, 49.5080778], [-115.0242779, 49.5080743], [-115.0243316, 49.5080552], [-115.0243933, 49.5080143], [-115.0244147, 49.5080038], [-115.0244335, 49.5080064], [-115.0244456, 49.5080169], [-115.0244536, 49.5080325], [-115.0244496, 49.50805], [-115.0244308, 49.50807], [-115.0243101, 49.5081658], [-115.0242967, 49.5081823], [-115.02429, 49.5081954], [-115.024294, 49.5082041], [-115.0243115, 49.5082154], [-115.0243316, 49.5082154], [-115.0243624, 49.5082058], [-115.0244778, 49.508151], [-115.0245462, 49.5081353], [-115.0245837, 49.5081301], [-115.0246078, 49.5081318], [-115.0246226, 49.5081405], [-115.0246199, 49.5081545], [-115.0246052, 49.5081754], [-115.0245851, 49.5082076], [-115.0245864, 49.5082294], [-115.0245944, 49.5082433], [-115.0246092, 49.5082459], [-115.0246414, 49.5082372], [-115.0246602, 49.5082206], [-115.0248037, 49.5081492], [-115.0250129, 49.5080813], [-115.0250786, 49.508063], [-115.0251336, 49.5080308], [-115.0251617, 49.5079995], [-115.0251926, 49.5079446], [-115.0252234, 49.5078758], [-115.0252368, 49.507814], [-115.0252409, 49.5077504], [-115.0252274, 49.5076807], [-115.0252087, 49.5076424], [-115.0251577, 49.5076093], [-115.0251, 49.5075902], [-115.0250705, 49.507564], [-115.0250571, 49.507544], [-115.0250464, 49.5075379], [-115.0250249, 49.5075396], [-115.0250008, 49.5075571], [-115.024978, 49.5075971], [-115.0249659, 49.5076285], [-115.0249404, 49.5076476], [-115.0249096, 49.5076529], [-115.0248814, 49.5076459], [-115.0248653, 49.507632], [-115.024805, 49.5075231], [-115.0247902, 49.5074543], [-115.0248104, 49.5073254], [-115.0248573, 49.5071748], [-115.0248855, 49.5071251], [-115.0249431, 49.5070894], [-115.0249941, 49.5070711], [-115.025033, 49.5070668], [-115.0250638, 49.5070737], [-115.0250826, 49.5070894], [-115.0251041, 49.5071425], [-115.0251362, 49.50718], [-115.0251698, 49.5072018], [-115.0252073, 49.5072148], [-115.0252288, 49.5071983], [-115.0252422, 49.5071547], [-115.0252502, 49.5070807], [-115.025261, 49.5070729], [-115.0252771, 49.5070772], [-115.0252824, 49.5071025], [-115.0252985, 49.5071913], [-115.0253133, 49.5072131], [-115.0253441, 49.5072166], [-115.0253709, 49.5071887], [-115.0253978, 49.507146], [-115.0254112, 49.5070894], [-115.025446, 49.5070189], [-115.0254675, 49.5069945], [-115.0254983, 49.506998], [-115.0255144, 49.5070198], [-115.0255131, 49.5070877], [-115.0255386, 49.5072871], [-115.0255493, 49.5073071], [-115.0255748, 49.507315], [-115.0256043, 49.5073054], [-115.0256231, 49.5072706], [-115.0257008, 49.5071007], [-115.0257719, 49.5068935], [-115.025788, 49.5067054], [-115.0257451, 49.5066113], [-115.0255976, 49.5064633], [-115.0254822, 49.5063936], [-115.0254474, 49.5063309], [-115.0254368, 49.5062462], [-115.0254581, 49.5062247], [-115.0254903, 49.5062159], [-115.0255574, 49.5062177], [-115.0259087, 49.5062786], [-115.0259278, 49.5062861], [-115.0259533, 49.5063], [-115.0259674, 49.5063065], [-115.0259795, 49.5063052], [-115.0259889, 49.5062982], [-115.0259942, 49.5062843], [-115.0259868, 49.5062695], [-115.0259681, 49.5062382], [-115.0258628, 49.506168], [-115.0258172, 49.5061454], [-115.0257984, 49.5061289], [-115.0257957, 49.5061175], [-115.0257957, 49.506108], [-115.0257998, 49.5061027], [-115.0258118, 49.5061006], [-115.0259198, 49.5061154], [-115.0259627, 49.506118], [-115.0259795, 49.5061149], [-115.0259969, 49.5061062], [-115.026009, 49.5060949], [-115.0260117, 49.5060818], [-115.0260029, 49.5060683], [-115.0259681, 49.5059808], [-115.0259694, 49.505959], [-115.0259788, 49.505932], [-115.0259962, 49.5059181], [-115.0260593, 49.5058902], [-115.0260874, 49.5058676], [-115.0261142, 49.5058441], [-115.0261384, 49.5058188], [-115.0261759, 49.505764], [-115.026247, 49.5056098], [-115.0262564, 49.5055854], [-115.0262591, 49.5055567], [-115.0262564, 49.5055288], [-115.0262524, 49.5055062], [-115.026251, 49.5054714], [-115.0262551, 49.5054522], [-115.0262658, 49.5054409], [-115.0262832, 49.5054339], [-115.0262993, 49.505433], [-115.0263288, 49.5054391], [-115.0263637, 49.5054496], [-115.026483, 49.5055079], [-115.0265273, 49.5055375], [-115.0265595, 49.5055759], [-115.0265809, 49.5056142], [-115.0266011, 49.5056673], [-115.0266131, 49.5056812], [-115.0266252, 49.5056882], [-115.0266467, 49.5056899], [-115.0266735, 49.5056821], [-115.0266842, 49.5056664], [-115.0267003, 49.5056203], [-115.0267043, 49.5054086], [-115.0266721, 49.5053329], [-115.0266225, 49.5052545], [-115.0264844, 49.5050882], [-115.0264468, 49.5050594], [-115.0264375, 49.5050455], [-115.0264375, 49.5050263], [-115.0264227, 49.5049514], [-115.0264133, 49.5049384], [-115.0263986, 49.5049305], [-115.026302, 49.5048696], [-115.026296, 49.5048576], [-115.0262956, 49.5048439], [-115.0262997, 49.5048315], [-115.0263077, 49.5048201], [-115.0263235, 49.5048095], [-115.0264334, 49.5047494], [-115.0264509, 49.5047433], [-115.0264733, 49.5047409], [-115.0264978, 49.5047429], [-115.0265213, 49.5047494], [-115.0265582, 49.5047738], [-115.0265944, 49.5048112], [-115.0266279, 49.5048617], [-115.0266534, 49.5049166], [-115.0266668, 49.5049253], [-115.0266869, 49.5049349], [-115.0267164, 49.5049401], [-115.0268814, 49.5049828], [-115.0269256, 49.5049958], [-115.0269551, 49.5050028], [-115.0269712, 49.5050011], [-115.026984, 49.5049958], [-115.026994, 49.5049871], [-115.0270007, 49.5049636], [-115.0269994, 49.5049366], [-115.0269699, 49.5048887], [-115.0269028, 49.504833], [-115.0268384, 49.5047851], [-115.0268317, 49.5047703], [-115.0268264, 49.5047555], [-115.0268331, 49.5047381], [-115.0268519, 49.5047119], [-115.0270034, 49.5046222], [-115.0270114, 49.5046039], [-115.0270181, 49.5045796], [-115.0270155, 49.5045578], [-115.0270061, 49.5045343], [-115.0269833, 49.504509], [-115.0269498, 49.5044838], [-115.0268921, 49.504442], [-115.0268344, 49.5044245], [-115.0268063, 49.5044167], [-115.0267969, 49.504408], [-115.0267949, 49.5043997], [-115.0267989, 49.5043914], [-115.0268063, 49.5043862], [-115.0268304, 49.5043836], [-115.0268572, 49.5043845], [-115.0269417, 49.5043919], [-115.0270409, 49.5044063], [-115.0271067, 49.5044289], [-115.0271348, 49.5044507], [-115.0271549, 49.5044794], [-115.0271764, 49.504536], [-115.0271912, 49.5045639], [-115.0272153, 49.5045935], [-115.0272555, 49.5046144], [-115.0273279, 49.5046475], [-115.0273816, 49.5046632], [-115.0274366, 49.504671], [-115.0274768, 49.5046667], [-115.0275117, 49.5046571], [-115.0275465, 49.5046397], [-115.0275573, 49.5046161], [-115.0275559, 49.5045978], [-115.0275425, 49.5045822], [-115.0273065, 49.5044759], [-115.027285, 49.5044655], [-115.0272743, 49.5044507], [-115.0272703, 49.5044341], [-115.027273, 49.5044211], [-115.0272864, 49.5044063], [-115.0273065, 49.5043958], [-115.0273212, 49.5043845], [-115.0273293, 49.5043662], [-115.0273293, 49.5043496], [-115.0273145, 49.5043314], [-115.0272917, 49.5043131], [-115.0272797, 49.5042939], [-115.0272783, 49.5042721], [-115.027273, 49.5041903], [-115.0272703, 49.5041746], [-115.0272569, 49.5041659], [-115.0271228, 49.5041389], [-115.0270933, 49.5041241], [-115.0270852, 49.5041093], [-115.0270852, 49.5040936], [-115.0270879, 49.5040788], [-115.0271456, 49.5040466], [-115.0272113, 49.5040283], [-115.0272421, 49.5040239], [-115.0273051, 49.5040283], [-115.0273843, 49.5040422], [-115.0274245, 49.5040501], [-115.0274688, 49.5040527], [-115.0276069, 49.5040544], [-115.027631, 49.5040588], [-115.0276525, 49.5040675], [-115.0276941, 49.5040875], [-115.0277893, 49.5041789], [-115.0277987, 49.5041911], [-115.0277973, 49.5042033], [-115.0277826, 49.5042164], [-115.0277437, 49.5042321], [-115.0275237, 49.5043409], [-115.0274902, 49.5043705], [-115.0274822, 49.5043967], [-115.0274781, 49.5044263], [-115.0274862, 49.5044481], [-115.0275009, 49.5044594], [-115.0275197, 49.5044681], [-115.0275532, 49.5044724], [-115.0275774, 49.5044672], [-115.0276029, 49.5044559], [-115.0276364, 49.5044454], [-115.0276686, 49.5044437], [-115.0277383, 49.5044454], [-115.0277678, 49.5044507], [-115.0277946, 49.5044602], [-115.0278644, 49.5044994], [-115.0278885, 49.5045055], [-115.0279127, 49.5045055], [-115.0279314, 49.5044994], [-115.0279462, 49.5044872], [-115.0280173, 49.5044176], [-115.0281085, 49.5043305], [-115.0281407, 49.5042713], [-115.0281997, 49.5041816], [-115.0282023, 49.504158], [-115.0282158, 49.5040814], [-115.0282198, 49.5040657], [-115.0282305, 49.5040544], [-115.0282707, 49.5040265], [-115.0283472, 49.5039908], [-115.0283914, 49.5039717], [-115.0284142, 49.5039595], [-115.0284263, 49.5039447], [-115.0284317, 49.5039264], [-115.0284478, 49.5038602], [-115.0284598, 49.5038436], [-115.028484, 49.5038245], [-115.0288139, 49.5036712], [-115.0288273, 49.5036486], [-115.0288273, 49.5036311], [-115.0288206, 49.5036163], [-115.0288058, 49.5036111], [-115.0287482, 49.5036041], [-115.0286556, 49.5035998], [-115.0285618, 49.5035911], [-115.0285054, 49.5035771], [-115.0283391, 49.5035301], [-115.028311, 49.503524], [-115.0282828, 49.5035284], [-115.0282372, 49.5035414], [-115.0281018, 49.5036224], [-115.0280897, 49.5036407], [-115.0280776, 49.503679], [-115.0280723, 49.5036999], [-115.0280602, 49.5037121], [-115.0280307, 49.5037174], [-115.0279784, 49.5037113], [-115.0278925, 49.5037113], [-115.027855, 49.50372], [-115.0278335, 49.5037374], [-115.0277504, 49.5037957], [-115.0276672, 49.5038271], [-115.0276042, 49.5038332], [-115.0275626, 49.5038332], [-115.0275439, 49.5038271], [-115.0275385, 49.5038132], [-115.0275479, 49.5037992], [-115.0275626, 49.5037914], [-115.0278912, 49.5036224], [-115.0280079, 49.5035702], [-115.0280334, 49.5035493], [-115.0280387, 49.5035258], [-115.0280374, 49.5035057], [-115.028028, 49.5034927], [-115.0279891, 49.503477], [-115.0279583, 49.5034753], [-115.0278993, 49.503484], [-115.0278335, 49.5035197], [-115.0277558, 49.5035789], [-115.0276512, 49.503632], [-115.0275868, 49.5036381], [-115.0275023, 49.5036364], [-115.0274567, 49.5036242], [-115.0274084, 49.5036007], [-115.0273923, 49.5035832], [-115.027391, 49.5035658], [-115.0273963, 49.5035528], [-115.0274406, 49.5035171], [-115.0275707, 49.5034491], [-115.027682, 49.5033498], [-115.0276887, 49.5033228], [-115.0276807, 49.5032897], [-115.0276592, 49.5032662], [-115.0276351, 49.5032593], [-115.0275908, 49.5032497], [-115.0274862, 49.5032166], [-115.0274232, 49.5031835], [-115.0274017, 49.5031643], [-115.0273883, 49.5031234], [-115.0274004, 49.5030772], [-115.0274486, 49.5030067], [-115.0275184, 49.5029266], [-115.0275707, 49.5028813], [-115.0275921, 49.5028726], [-115.0276176, 49.5028639], [-115.0276579, 49.5028482], [-115.027686, 49.5028282], [-115.0277169, 49.502789], [-115.0277477, 49.502735], [-115.0277799, 49.5026818], [-115.0278201, 49.5026444], [-115.0278939, 49.5026], [-115.0282104, 49.5023518], [-115.0282238, 49.5023317], [-115.0282318, 49.5023065], [-115.0282453, 49.5022481], [-115.0282587, 49.5022211], [-115.0282788, 49.5021976], [-115.0283123, 49.5021689], [-115.0283941, 49.5021122], [-115.0285054, 49.5020635], [-115.0286087, 49.5020286], [-115.0286436, 49.5020147], [-115.0286758, 49.5020008], [-115.0286972, 49.5019842], [-115.0287214, 49.5019503], [-115.0287294, 49.5019285], [-115.028724, 49.5019154], [-115.0287079, 49.5018997], [-115.0286744, 49.5018928], [-115.02861, 49.5018693], [-115.0285725, 49.501851], [-115.0285416, 49.5018257], [-115.0284773, 49.5017578], [-115.0284598, 49.5017247], [-115.0284612, 49.5016977], [-115.0284692, 49.5016811], [-115.0284867, 49.5016602], [-115.0285349, 49.5016297], [-115.0287763, 49.5014677], [-115.0290875, 49.5012988], [-115.0291009, 49.5012796], [-115.0291036, 49.5012622], [-115.0291009, 49.5012457], [-115.0290902, 49.50123], [-115.0290714, 49.5012248], [-115.0290459, 49.501223], [-115.0290151, 49.50123], [-115.0289829, 49.5012352], [-115.0289587, 49.5012309], [-115.02894, 49.5012169], [-115.02894, 49.5011917], [-115.0289453, 49.5011647], [-115.0289628, 49.5011455], [-115.0289909, 49.501135], [-115.0290942, 49.5011002], [-115.029184, 49.5010697], [-115.0292202, 49.5010453], [-115.0292632, 49.5010044], [-115.0293262, 49.5009373], [-115.029357, 49.5009069], [-115.0293812, 49.5008912], [-115.0294013, 49.500886], [-115.0294147, 49.5008894], [-115.0294268, 49.5009025], [-115.0294308, 49.5009295], [-115.0294956, 49.5010498], [-115.0295193, 49.5011054], [-115.0295314, 49.5011551], [-115.0295421, 49.5011856], [-115.0295515, 49.5012012], [-115.0295716, 49.5012108], [-115.0295958, 49.5012117], [-115.029632, 49.5012108], [-115.0296776, 49.5011864], [-115.0297393, 49.501135], [-115.0297862, 49.5010619], [-115.0298009, 49.5010157], [-115.0298197, 49.5009487], [-115.0298304, 49.5007901], [-115.0298345, 49.5007666], [-115.0298425, 49.5007483], [-115.0298586, 49.5007213], [-115.0298868, 49.5007022], [-115.0299055, 49.5006795], [-115.0299203, 49.5006525], [-115.0299351, 49.5006072], [-115.0299351, 49.50046], [-115.0299243, 49.5004365], [-115.0298908, 49.5004034], [-115.029872, 49.5003764], [-115.0298599, 49.500339], [-115.0298559, 49.5002824], [-115.0298613, 49.5002623], [-115.029876, 49.5002545], [-115.0298988, 49.5002562], [-115.0299243, 49.5002667], [-115.0299967, 49.5003259], [-115.0300128, 49.5003599], [-115.0300209, 49.5004043], [-115.0300303, 49.5004261], [-115.0300423, 49.5004313], [-115.0300571, 49.5004335], [-115.0300698, 49.5004278], [-115.0300812, 49.5004113], [-115.0301067, 49.5003621], [-115.0301235, 49.5003089], [-115.0301329, 49.5002924], [-115.030153, 49.5002758], [-115.0302294, 49.5002079], [-115.0302375, 49.5001966], [-115.0302375, 49.50018], [-115.0302308, 49.5001391], [-115.0302066, 49.5000947], [-115.0301986, 49.5000703], [-115.0302019, 49.5000577], [-115.030208, 49.500052], [-115.0302234, 49.5000498], [-115.0302368, 49.500052], [-115.0302529, 49.5000564], [-115.0302643, 49.5000659], [-115.0303448, 49.5001539], [-115.0303642, 49.5001609], [-115.0303883, 49.5001596], [-115.0304071, 49.500153], [-115.0305251, 49.5001064], [-115.0307799, 49.4999706], [-115.0308805, 49.4999009], [-115.0309006, 49.4998852], [-115.0309181, 49.4998782], [-115.0310026, 49.499873], [-115.0310348, 49.4998608], [-115.0310643, 49.4998338], [-115.0312534, 49.4997162], [-115.0312775, 49.4997058], [-115.0313124, 49.4997006], [-115.0313526, 49.4996918], [-115.0313741, 49.4996779], [-115.0314009, 49.4996561], [-115.0315028, 49.4995777], [-115.0315283, 49.4995403], [-115.0315377, 49.4995055], [-115.0315162, 49.4994184], [-115.0314907, 49.4993853], [-115.0314666, 49.4993696], [-115.0314438, 49.4993652], [-115.0314277, 49.499367], [-115.0314049, 49.4993774], [-115.0313888, 49.4993983], [-115.0313513, 49.4994689], [-115.0313271, 49.4995081], [-115.0312936, 49.4995351], [-115.0312762, 49.4995447], [-115.0312547, 49.4995525], [-115.0312332, 49.4995542], [-115.0312158, 49.4995525], [-115.031189, 49.4995464], [-115.0311783, 49.4995351], [-115.0311662, 49.499515], [-115.0311541, 49.4994811], [-115.0311394, 49.4994584], [-115.0311206, 49.4994401], [-115.0310857, 49.4994253], [-115.0310079, 49.4994053], [-115.0309731, 49.4993992], [-115.0309436, 49.4994001], [-115.0309154, 49.4994079], [-115.0308913, 49.4994201], [-115.0308711, 49.4994445], [-115.0308148, 49.4995351], [-115.0307867, 49.4995629], [-115.0307558, 49.4995777], [-115.030729, 49.4995821], [-115.0307035, 49.4995751], [-115.0306914, 49.4995568], [-115.0306767, 49.4995142], [-115.0306847, 49.4994297], [-115.0306941, 49.4994184], [-115.0307142, 49.4994044], [-115.0308524, 49.4993504], [-115.0308899, 49.4993339], [-115.0309181, 49.4993208], [-115.0309489, 49.4992964], [-115.0311058, 49.4991649], [-115.031126, 49.4991527], [-115.0311501, 49.4991484], [-115.0311729, 49.4991484], [-115.0311876, 49.4991527], [-115.0312051, 49.4991605], [-115.0312239, 49.4991762], [-115.0312319, 49.4991919], [-115.0312507, 49.4992503], [-115.0312627, 49.4992625], [-115.0312762, 49.4992677], [-115.0312929, 49.4992707], [-115.0313157, 49.499269], [-115.0313385, 49.4992629], [-115.0313935, 49.4992285], [-115.0314029, 49.4992202], [-115.0314076, 49.4992067], [-115.0314062, 49.4991928], [-115.031415, 49.4991013], [-115.0314203, 49.4990843], [-115.0314284, 49.4990687], [-115.0314438, 49.4990547], [-115.0314585, 49.4990499], [-115.0314834, 49.4990504], [-115.0315162, 49.4990565], [-115.031535, 49.4990669], [-115.0315484, 49.4990878], [-115.0315611, 49.4991166], [-115.0315739, 49.4991383], [-115.031588, 49.4991479], [-115.0316007, 49.4991505], [-115.0316161, 49.4991497], [-115.0316403, 49.4991431], [-115.0316906, 49.4991157], [-115.0317067, 49.4990935], [-115.0317113, 49.4990752], [-115.0317127, 49.4990486], [-115.031706, 49.4989598], [-115.03171, 49.4989441], [-115.0317207, 49.4989354], [-115.0317348, 49.4989337], [-115.031759, 49.4989384], [-115.0317864, 49.4989493], [-115.0318683, 49.4990029], [-115.0318978, 49.4990116], [-115.0319628, 49.4990207], [-115.0320071, 49.4990229], [-115.0320339, 49.4990277], [-115.032062, 49.499043], [-115.0320755, 49.499046], [-115.0320902, 49.4990425], [-115.0321063, 49.4990221], [-115.032115, 49.4989994], [-115.0321284, 49.4989868], [-115.0321532, 49.4989859], [-115.0321801, 49.4989968], [-115.0322002, 49.4990094], [-115.0322438, 49.4990238], [-115.0322739, 49.4990203], [-115.0322907, 49.4990103], [-115.0322981, 49.4989755], [-115.032288, 49.4989319], [-115.0322686, 49.4987851], [-115.0322699, 49.498746], [-115.0322726, 49.4987311], [-115.0322823, 49.4987257], [-115.0322951, 49.498722], [-115.0323065, 49.49872], [-115.0323195, 49.4987216], [-115.0323397, 49.4987268], [-115.0323799, 49.4987512], [-115.0325489, 49.498813], [-115.0325757, 49.4988165], [-115.0325925, 49.4988158], [-115.0326092, 49.4988121], [-115.0326307, 49.4987982], [-115.0326468, 49.4987712], [-115.0326669, 49.4987172], [-115.0326696, 49.4986789], [-115.0327024, 49.4986157], [-115.0327199, 49.4985948], [-115.0328178, 49.4985077], [-115.0328312, 49.498486], [-115.0328298, 49.4984581], [-115.0328017, 49.4983257], [-115.0327976, 49.4983013], [-115.032799, 49.4982769], [-115.0328017, 49.4982499], [-115.0328164, 49.4982273], [-115.0329009, 49.498168], [-115.0329157, 49.4981646], [-115.0329291, 49.4981637], [-115.0329391, 49.4981646], [-115.0329519, 49.4981693], [-115.0329639, 49.4981802], [-115.0330189, 49.49831], [-115.0330524, 49.4983344], [-115.0330806, 49.4983457], [-115.0331074, 49.4983457], [-115.0331329, 49.4983344], [-115.0332308, 49.498229], [-115.0332429, 49.498195], [-115.0332576, 49.4981341], [-115.0332764, 49.4981106], [-115.033314, 49.4980879], [-115.0333354, 49.498074], [-115.0333475, 49.49806], [-115.0333689, 49.497993], [-115.0334065, 49.497871], [-115.0334253, 49.4977883], [-115.0334132, 49.4976132], [-115.0334186, 49.4975923], [-115.0334306, 49.4975862], [-115.0334494, 49.4975888], [-115.0335795, 49.4976742], [-115.033605, 49.497682], [-115.0336372, 49.4976803], [-115.0336506, 49.4976689], [-115.0336586, 49.4976419], [-115.0336586, 49.49754], [-115.0336559, 49.4974608], [-115.0336425, 49.4974216], [-115.0335782, 49.4973258], [-115.0335768, 49.4973153], [-115.0335782, 49.4972996], [-115.0335849, 49.4972796], [-115.0335943, 49.4972665], [-115.0336171, 49.4972622], [-115.0336452, 49.4972639], [-115.0336855, 49.4972805], [-115.0338504, 49.4973484], [-115.0339523, 49.4973562], [-115.0340392, 49.4973281]]}}, {"type": "Feature", "properties": {"name": "Forev'yr", "difficulty": "intermediate", "area": "Fernie", "osm_id": 868323574, "highway": "path"}, "geometry": {"type": "LineString", "coordinates": [[-115.0563649, 49.4771793], [-115.0563233, 49.4772292], [-115.056286, 49.477341], [-115.056284, 49.47756], [-115.056185, 49.477831], [-115.056267, 49.478202], [-115.0565606, 49.478749]]}}, {"type": "Feature", "properties": {"name": "GT Racer", "difficulty": "intermediate", "area": "Fernie", "osm_id": 1449279031, "highway": "path", "stroke": "#3b82f6"}, "geometry": {"type": "LineString", "coordinates": [[-115.1052296, 49.4642469], [-115.1051898, 49.4643897], [-115.1051984, 49.4645125], [-115.1052928, 49.464571], [-115.1054817, 49.464638], [-115.1054989, 49.4646854], [-115.1053572, 49.4647468], [-115.1050654, 49.4647384], [-115.1049409, 49.4647468], [-115.1048894, 49.4647914], [-115.1049667, 49.4648444], [-115.1049581, 49.4649281], [-115.1047778, 49.465009], [-115.1044044, 49.4649978], [-115.10428, 49.4650006], [-115.1042457, 49.4650396], [-115.10431, 49.4650926], [-115.1045847, 49.4651958], [-115.1046534, 49.4652293], [-115.104662, 49.4652656], [-115.1044989, 49.4652963], [-115.1043057, 49.4653158], [-115.104104, 49.4652767], [-115.1040439, 49.4652879], [-115.1040396, 49.4653381], [-115.1041899, 49.4654608], [-115.1043658, 49.4655584], [-115.104383, 49.4656142], [-115.1043143, 49.4656505], [-115.1038422, 49.4656784], [-115.1036577, 49.4656561], [-115.1035547, 49.4656672], [-115.1035461, 49.4657146], [-115.1037821, 49.4658653], [-115.1038465, 49.4659127], [-115.1037993, 49.4659461], [-115.1036233, 49.4659071], [-115.1035289, 49.4659155], [-115.1035718, 49.4659852], [-115.1035804, 49.4660298], [-115.1034946, 49.4660466], [-115.1033444, 49.4660326], [-115.1031942, 49.4660661], [-115.1032714, 49.4662], [-115.1033787, 49.4663004], [-115.103383, 49.4663562], [-115.1033015, 49.4663729], [-115.1031727, 49.466345], [-115.1032328, 49.4665458], [-115.1033315, 49.4665988], [-115.1034903, 49.4665905], [-115.1036276, 49.4665821], [-115.1042886, 49.4666407], [-115.1048079, 49.4666407], [-115.1052861, 49.46666]]}}, {"type": "Feature", "properties": {"name": "Galloway", "difficulty": "intermediate", "area": "Fernie", "osm_id": 450848433, "highway": "path", "stroke": "#3b82f6"}, "geometry": {"type": "LineString", "coordinates": [[-115.0936542, 49.4833191], [-115.093344, 49.483204], [-115.093034, 49.48311], [-115.092826, 49.482962], [-115.092542, 49.482813], [-115.092433, 49.48273], [-115.0924, 49.482662], [-115.09236, 49.482423], [-115.09237, 49.482301], [-115.092641, 49.481541], [-115.092664, 49.481354], [-115.092654, 49.481176], [-115.092601, 49.481023], [-115.092022, 49.480383], [-115.091979, 49.480261], [-115.092029, 49.48012], [-115.092168, 49.4799], [-115.092236, 49.479752], [-115.092294, 49.479492], [-115.0922809, 49.4794263]]}}, {"type": "Feature", "properties": {"name": "Galloway / Evergreen Loop", "difficulty": "intermediate", "area": "Fernie", "osm_id": 1449279024, "highway": "path", "stroke": "#3b82f6"}, "geometry": {"type": "LineString", "coordinates": [[-115.0922809, 49.4794263], [-115.092204, 49.479042], [-115.091775, 49.478281], [-115.091682, 49.478021], [-115.091609, 49.477733], [-115.091599, 49.477663], [-115.091642, 49.477461], [-115.091704, 49.477373], [-115.091844, 49.477274]]}}, {"type": "Feature", "properties": {"name": "Goat Pass Route", "difficulty": "advanced", "area": "Fernie / Island Lake", "osm_id": 1359422476, "highway": "path", "stroke": "#0a0a0a"}, "geometry": {"type": "LineString", "coordinates": [[-115.1896147, 49.4930834], [-115.1895255, 49.4929732], [-115.1892371, 49.4928457], [-115.1889566, 49.4927078], [-115.1887442, 49.4925776], [-115.1883235, 49.4924085], [-115.1881472, 49.4922497], [-115.1878066, 49.4921482], [-115.18745, 49.4919556], [-115.1872537, 49.4918958], [-115.1870413, 49.4917552], [-115.1868209, 49.4916537], [-115.1866647, 49.4916121], [-115.1864563, 49.4915028], [-115.1863081, 49.4914039], [-115.1862359, 49.4913023], [-115.1860556, 49.4912113], [-115.1859715, 49.4910655], [-115.1857231, 49.490977], [-115.1855067, 49.4908833], [-115.1853865, 49.4907037], [-115.1852623, 49.490558], [-115.1851701, 49.4904278], [-115.1851301, 49.490355], [-115.1848295, 49.49023], [-115.1841083, 49.4898526], [-115.1837517, 49.4896262], [-115.1834672, 49.4894778], [-115.1832108, 49.4893503], [-115.1829343, 49.4891707], [-115.1828261, 49.4890041], [-115.1826058, 49.4887751], [-115.1822852, 49.4885252], [-115.182145, 49.4882571], [-115.1820127, 49.487963], [-115.1817884, 49.4877495], [-115.181584, 49.4874815], [-115.1814752, 49.4873215], [-115.1813636, 49.4871592], [-115.1813317, 49.4870176], [-115.1815497, 49.4869658], [-115.1816135, 49.4868656], [-115.1816879, 49.4867344], [-115.1815709, 49.4866204], [-115.1813902, 49.4864857], [-115.1810552, 49.4863234], [-115.1809276, 49.4863096], [-115.1806565, 49.4862129], [-115.1806299, 49.4861265], [-115.1806725, 49.4860229], [-115.1809383, 49.4859504], [-115.1811669, 49.4858848], [-115.1813317, 49.4858502], [-115.1814221, 49.485681], [-115.1817889, 49.4855567], [-115.1818899, 49.4853529], [-115.1818049, 49.48508], [-115.1815125, 49.4849246], [-115.181236, 49.4846069], [-115.1812892, 49.4844445], [-115.1811882, 49.4843375], [-115.1808692, 49.4840128], [-115.180816, 49.4838228], [-115.1804279, 49.4836951], [-115.1799866, 49.4835189], [-115.1795507, 49.4832633], [-115.1791732, 49.4829974], [-115.1788117, 49.4828972], [-115.1784289, 49.4826312], [-115.1778217, 49.4823302]]}}, {"type": "Feature", "properties": {"name": "Goldilocks Trail", "difficulty": "easy", "area": "Fernie / Island Lake", "osm_id": 648385830, "highway": "path", "stroke": "#22c55e"}, "geometry": {"type": "LineString", "coordinates": [[-115.1904207, 49.4916521], [-115.1905066, 49.4915554], [-115.1905602, 49.4915249], [-115.1906138, 49.491504], [-115.1906366, 49.491491], [-115.190642, 49.491477], [-115.1906433, 49.4913716], [-115.1906554, 49.4913394], [-115.1906688, 49.4913176], [-115.1906983, 49.4912906], [-115.1908552, 49.4912], [-115.190874, 49.49118], [-115.1908941, 49.4911512], [-115.1908995, 49.4911216], [-115.1908928, 49.4910885], [-115.190878, 49.4910563], [-115.1908512, 49.491045], [-115.1908056, 49.4910362], [-115.19076, 49.4910206], [-115.1907439, 49.4910075], [-115.1907345, 49.4909875], [-115.1907426, 49.4909613], [-115.1907842, 49.4909308], [-115.1908472, 49.4908603], [-115.1911838, 49.4905981], [-115.1917685, 49.4900632], [-115.1920448, 49.4899778], [-115.192077, 49.4899534], [-115.1921038, 49.4899064], [-115.1921253, 49.4898454], [-115.1921682, 49.4898053], [-115.1922808, 49.4897618], [-115.1923935, 49.4897095], [-115.1926671, 49.4896215], [-115.1926939, 49.4896015], [-115.1927127, 49.4895701], [-115.1927154, 49.489537], [-115.1927328, 49.4894717], [-115.1927677, 49.4894098], [-115.192883, 49.4893114], [-115.1929514, 49.4892521], [-115.1930077, 49.4892068], [-115.1930681, 49.4891336], [-115.1930989, 49.4890622], [-115.1931324, 49.4889777], [-115.1931432, 49.488908], [-115.1931257, 49.4888488], [-115.1931029, 49.4888035], [-115.1930922, 49.4887799], [-115.1930962, 49.4887529], [-115.193111, 49.4887355], [-115.1931378, 49.4887233], [-115.1931847, 49.4887207], [-115.1932049, 49.4887129], [-115.1932216, 49.4886976], [-115.1932263, 49.4886771], [-115.1932062, 49.4886519], [-115.1931619, 49.4886345], [-115.1930654, 49.48859], [-115.1930198, 49.48857], [-115.1929641, 49.4885395], [-115.1929547, 49.4885168], [-115.1929641, 49.4884907], [-115.1929802, 49.4884646], [-115.1929829, 49.4884419], [-115.1929668, 49.4884219], [-115.1929226, 49.4884071], [-115.1927871, 49.4883426], [-115.1927563, 49.4883226], [-115.1927469, 49.4883034], [-115.1927428, 49.4882773], [-115.1927576, 49.4882546], [-115.1927804, 49.4882041], [-115.1927951, 49.4881649], [-115.1927925, 49.4881222], [-115.1927804, 49.4880778], [-115.1927442, 49.4880246], [-115.1927013, 49.4879898], [-115.1926423, 49.4879654], [-115.1925886, 49.487961], [-115.192547, 49.487968], [-115.192488, 49.4879732], [-115.1924518, 49.4879732], [-115.192421, 49.487968], [-115.1924022, 49.4879584], [-115.1923995, 49.4879427], [-115.1924062, 49.4879183], [-115.1924143, 49.4878722], [-115.192417, 49.4878251], [-115.1924056, 49.4877811], [-115.1923714, 49.4877319], [-115.1923325, 49.4877101], [-115.1922681, 49.4876918], [-115.1921943, 49.4876927], [-115.1921018, 49.4876944], [-115.1920321, 49.4876944], [-115.1919194, 49.4876849], [-115.1918604, 49.4876718], [-115.191792, 49.4876474], [-115.1917571, 49.4876274], [-115.1917122, 49.4875738], [-115.1916773, 49.487532], [-115.1916156, 49.4875006], [-115.1915566, 49.4874832], [-115.1914681, 49.4874727], [-115.1913984, 49.4874605], [-115.1913689, 49.4874274], [-115.1913528, 49.4873943], [-115.1913152, 49.4873751], [-115.1912643, 49.4873821], [-115.1912214, 49.4873856], [-115.1911758, 49.4873786], [-115.1911543, 49.4873612], [-115.1911597, 49.4873316], [-115.1911811, 49.4872863], [-115.1911784, 49.4872497], [-115.191157, 49.487234], [-115.1911087, 49.487234], [-115.1910577, 49.487248], [-115.1909451, 49.4872602], [-115.1908512, 49.4872584], [-115.1907788, 49.487241], [-115.190752, 49.4872183], [-115.1907252, 49.4871382], [-115.1907037, 49.4870824], [-115.1906313, 49.4870423], [-115.1905535, 49.4870371], [-115.1904435, 49.4870371], [-115.1903604, 49.4870354], [-115.1902719, 49.4870127], [-115.1902289, 49.4869901], [-115.1902289, 49.4869535], [-115.1902638, 49.4869221], [-115.1903014, 49.4868995], [-115.1902933, 49.4868733], [-115.1902343, 49.4868611], [-115.190127, 49.4868559], [-115.1898347, 49.486835], [-115.1895664, 49.486774], [-115.1890032, 49.4865702], [-115.1887457, 49.4864917], [-115.1885848, 49.4864813], [-115.1884211, 49.486483], [-115.1883353, 49.4864952], [-115.1882978, 49.4865109], [-115.1882884, 49.486537], [-115.1883246, 49.4865919], [-115.1883286, 49.4866033], [-115.1883179, 49.4866102], [-115.1882857, 49.486598], [-115.1882213, 49.4865658], [-115.1881864, 49.4865614], [-115.1881556, 49.4865736], [-115.1881489, 49.4865945], [-115.1881516, 49.4866259], [-115.1881838, 49.4866642], [-115.1882441, 49.48674], [-115.1882508, 49.4867592], [-115.1882361, 49.4867819], [-115.1881891, 49.4867967], [-115.1881355, 49.4868036], [-115.1880993, 49.4868141], [-115.1880604, 49.4868428], [-115.1880376, 49.4868681], [-115.1878498, 49.4869875], [-115.1877828, 49.4870101], [-115.1877224, 49.487018], [-115.1876701, 49.4870188], [-115.1875347, 49.4870162], [-115.1874099, 49.4870162], [-115.1873429, 49.4870241], [-115.1872946, 49.4870406], [-115.1872691, 49.487072], [-115.1872705, 49.4871086], [-115.1872852, 49.4871486], [-115.1873241, 49.4872114], [-115.1873831, 49.4872906], [-115.187422, 49.4873621], [-115.1874099, 49.4874004], [-115.1873845, 49.4874274], [-115.1873375, 49.4874466], [-115.1873228, 49.4874719], [-115.1873228, 49.4875346], [-115.1873415, 49.4875686], [-115.1873536, 49.4876086], [-115.1873536, 49.4876417], [-115.1873362, 49.4876827], [-115.1873027, 49.4877271], [-115.1872168, 49.488012], [-115.1871525, 49.4881697], [-115.1871525, 49.4883065], [-115.1872222, 49.488465], [-115.187249, 49.4885608], [-115.1872517, 49.4886584], [-115.1872329, 49.4887438], [-115.1871605, 49.488878], [-115.187013, 49.4891097], [-115.1869111, 49.4892578], [-115.1868333, 49.489371], [-115.1867179, 49.4894582], [-115.1865919, 49.4895122], [-115.1864685, 49.48954], [-115.1864041, 49.4895609], [-115.1863746, 49.489601], [-115.1863827, 49.4896603], [-115.1864283, 49.4896951], [-115.1864497, 49.4897456], [-115.1864578, 49.4898136], [-115.1864658, 49.4899129], [-115.1864846, 49.4899896], [-115.1865114, 49.4900924], [-115.1865919, 49.4901882], [-115.1866616, 49.4902683], [-115.1866965, 49.4903258], [-115.1867153, 49.4904164], [-115.1867582, 49.4905732], [-115.1868279, 49.4907335], [-115.1868815, 49.4908102], [-115.186903, 49.4908973], [-115.1869137, 49.4909827], [-115.1869352, 49.4910105], [-115.1869647, 49.4910332], [-115.1871471, 49.4911412], [-115.1875736, 49.4913607], [-115.18811, 49.491629], [-115.1881717, 49.4916831], [-115.1882468, 49.4917284], [-115.1883541, 49.4917667], [-115.1884453, 49.4917946], [-115.1885177, 49.4918242], [-115.1885821, 49.4918311], [-115.1886464, 49.4918381], [-115.1886894, 49.4918381], [-115.1887296, 49.4918451], [-115.1887806, 49.4918799], [-115.189427, 49.4922232], [-115.1895745, 49.4923277], [-115.1896254, 49.492366], [-115.1900761, 49.4925172]]}}, {"type": "Feature", "properties": {"name": "Gorby", "difficulty": "intermediate", "area": "Fernie", "osm_id": 357021380, "highway": "path", "stroke": "#3b82f6"}, "geometry": {"type": "LineString", "coordinates": [[-115.1034807, 49.4896498], [-115.1037131, 49.489565], [-115.103864, 49.489513], [-115.104309, 49.489369], [-115.104572, 49.489302], [-115.105049, 49.489268], [-115.105599, 49.489255], [-115.1057259, 49.4892406], [-115.1057599, 49.4891092], [-115.105752, 49.48895], [-115.105795, 49.488814], [-115.105845, 49.488723], [-115.105923, 49.488614], [-115.106295, 49.488225], [-115.106346, 49.488135], [-115.106345, 49.488066], [-115.1063345, 49.4879489], [-115.1062357, 49.4878481], [-115.1060857, 49.487646], [-115.105988, 49.487527], [-115.105941, 49.487409], [-115.105818, 49.487258], [-115.105737, 49.487081], [-115.1057195, 49.4869687], [-115.105773, 49.486825], [-115.105793, 49.486408], [-115.105901, 49.486208], [-115.106126, 49.485888], [-115.106341, 49.485624], [-115.106624, 49.485078], [-115.106673, 49.484805], [-115.106714, 49.484726], [-115.106773, 49.48467], [-115.106885, 49.484612], [-115.10711, 49.484534], [-115.107257, 49.484456], [-115.10747, 49.484296], [-115.1077014, 49.4841762], [-115.107858, 49.484044], [-115.108108, 49.4840199], [-115.1082584, 49.4840449], [-115.1084139, 49.4841104], [-115.10866, 49.484158], [-115.1088052, 49.484147], [-115.1090923, 49.4840365], [-115.109574, 49.48394], [-115.109693, 49.483885], [-115.109815, 49.483801], [-115.110257, 49.483596], [-115.110431, 49.483549], [-115.110711, 49.483511], [-115.111099, 49.483501], [-115.11124, 49.483447], [-115.11131, 49.48336], [-115.11137, 49.483232], [-115.111414, 49.483059], [-115.111469, 49.482961], [-115.111669, 49.482719], [-115.111929, 49.482294], [-115.112061, 49.482118], [-115.112308, 49.481886], [-115.1125285, 49.4816647], [-115.1126469, 49.4815921], [-115.112741, 49.481539], [-115.112991, 49.481391], [-115.113078, 49.481312], [-115.113131, 49.481231], [-115.113172, 49.48111], [-115.113191, 49.481014], [-115.113172, 49.480794], [-115.113209, 49.480585], [-115.113343, 49.480148], [-115.113312, 49.479836], [-115.11334, 49.479591], [-115.113447, 49.479309], [-115.113475, 49.478966], [-115.11354, 49.478623], [-115.1136, 49.478478], [-115.113738, 49.478286], [-115.113883, 49.477954], [-115.114088, 49.477671], [-115.114199, 49.477254], [-115.114518, 49.476512], [-115.114656, 49.476282], [-115.114833, 49.475666], [-115.114928, 49.47554], [-115.115144, 49.475333], [-115.115199, 49.475173], [-115.115386, 49.474906], [-115.115485, 49.474811], [-115.115938, 49.474466], [-115.116096, 49.474303], [-115.1164531, 49.4740558], [-115.116678, 49.473769], [-115.1169264, 49.4734537], [-115.117083, 49.473255], [-115.117274, 49.472951], [-115.117437, 49.47257], [-115.117669, 49.47223], [-115.117697, 49.472125], [-115.117713, 49.471912], [-115.117751, 49.471847], [-115.117897, 49.471758], [-115.118228, 49.47164], [-115.118713, 49.471377], [-115.118784, 49.471326], [-115.118818, 49.471262], [-115.118822, 49.471191], [-115.118794, 49.471049], [-115.11868, 49.470766], [-115.11845, 49.470452], [-115.11833, 49.470355], [-115.118208, 49.470301], [-115.118093, 49.470277], [-115.117933, 49.470274], [-115.117572, 49.470315], [-115.11721, 49.4703859], [-115.117026, 49.470422], [-115.116923, 49.470462], [-115.116628, 49.470637], [-115.116047, 49.47092], [-115.115776, 49.471024], [-115.115152, 49.47122], [-115.115014, 49.47128], [-115.114761, 49.471402], [-115.114409, 49.471609], [-115.11382, 49.471777], [-115.113376, 49.472005], [-115.112978, 49.472148], [-115.112568, 49.472344], [-115.112477, 49.472408], [-115.111959, 49.47296], [-115.11174, 49.473284], [-115.111634, 49.473408], [-115.1114004, 49.4736641], [-115.111197, 49.473897], [-115.111078, 49.474154], [-115.11102, 49.474333], [-115.110761, 49.474875], [-115.110651, 49.475344]]}}, {"type": "Feature", "properties": {"name": "Green Alligator", "difficulty": "intermediate", "area": "Fernie", "osm_id": 647721747, "highway": "path", "stroke": "#3b82f6"}, "geometry": {"type": "LineString", "coordinates": [[-115.0645027, 49.4763091], [-115.0642503, 49.4760925], [-115.0632418, 49.4755644], [-115.0628985, 49.4751008], [-115.0626088, 49.4748673], [-115.0623137, 49.4746651], [-115.0621045, 49.4745989], [-115.0619811, 49.4745292], [-115.0618953, 49.4744246], [-115.0615198, 49.4740865], [-115.0603664, 49.4732429], [-115.0599212, 49.4730268], [-115.0596262, 49.4729187], [-115.0593389, 49.4729086], [-115.0591809, 49.4728961], [-115.0589771, 49.4728717], [-115.0589207, 49.4728421], [-115.0588295, 49.4727654], [-115.0586927, 49.4727375], [-115.0581429, 49.4727061], [-115.0579069, 49.4727009], [-115.0578479, 49.4726904], [-115.0578586, 49.472673], [-115.0579927, 49.4725893]]}}, {"type": "Feature", "properties": {"name": "Grizzly Peak Route", "difficulty": "intermediate", "area": "Fernie", "osm_id": 1334651470, "highway": "path"}, "geometry": {"type": "LineString", "coordinates": [[-115.1192288, 49.4510562], [-115.1192616, 49.4513913], [-115.1194836, 49.4518354], [-115.1199456, 49.4524661], [-115.1201309, 49.4527914], [-115.1205419, 49.4532493], [-115.1205872, 49.4535724], [-115.1212965, 49.4542017], [-115.1218162, 49.4546184], [-115.1223623, 49.4549925], [-115.1227772, 49.4553484], [-115.12339, 49.4559171], [-115.1242723, 49.4565491], [-115.1247383, 49.4568629], [-115.1253729, 49.4572922], [-115.125668, 49.4575495], [-115.1262567, 49.4578867], [-115.1268772, 49.4584715], [-115.1271561, 49.4587231], [-115.1272684, 49.4590204], [-115.1274881, 49.4593087], [-115.1279258, 49.4597187], [-115.1280486, 49.4601719], [-115.1281759, 49.460507], [-115.1284271, 49.4606185], [-115.1289903, 49.4607619]]}}, {"type": "Feature", "properties": {"name": "Happy Gilmar", "difficulty": "intermediate", "area": "Fernie", "osm_id": [450848416, 450848431], "highway": "path", "stroke": "#3b82f6"}, "geometry": {"type": "MultiLineString", "coordinates": [[[-115.1022048, 49.4805957], [-115.1021548, 49.48074], [-115.1019826, 49.4808561], [-115.1018329, 49.4809609], [-115.101611, 49.4810793], [-115.1015129, 49.4811298], [-115.1012861, 49.4811135], [-115.1011071, 49.4811614], [-115.1009312, 49.4811459], [-115.1008396, 49.4811843], [-115.1007651, 49.4812979], [-115.1006664, 49.4814207], [-115.1006407, 49.4815983], [-115.1007309, 49.4818623], [-115.1006701, 49.4819278], [-115.1005547, 49.4819468], [-115.10041, 49.481862], [-115.1003031, 49.4817799], [-115.1000401, 49.4817321], [-115.0995497, 49.4814953], [-115.0993778, 49.4814426], [-115.0992251, 49.4813773], [-115.0992211, 49.4815425], [-115.0989402, 49.4814623], [-115.0986972, 49.4813852], [-115.0984783, 49.4813889], [-115.0984707, 49.4814377], [-115.0987763, 49.4816594], [-115.0990139, 49.4819164], [-115.0992775, 49.4823284], [-115.0992393, 49.4823827], [-115.0990217, 49.4822969], [-115.0986444, 49.4821509], [-115.0983698, 49.4821755], [-115.0981536, 49.4821243], [-115.0978913, 49.4820992], [-115.097966, 49.482226], [-115.0980865, 49.4824074], [-115.0977846, 49.482329], [-115.0975456, 49.4822267], [-115.0975114, 49.4824313], [-115.0974082, 49.4824393], [-115.0972355, 49.4823661], [-115.0968313, 49.482284], [-115.096508, 49.482264]], [[-115.103111, 49.4802979], [-115.102911, 49.4803434], [-115.1027435, 49.4804199], [-115.102555, 49.4804463], [-115.1023745, 49.4804501], [-115.1022624, 49.4805141], [-115.1022048, 49.4805957], [-115.1019994, 49.4805152], [-115.1016109, 49.4803539], [-115.1012568, 49.480252], [-115.100962, 49.48011], [-115.100878, 49.480031], [-115.100711, 49.479944], [-115.100503, 49.479877], [-115.10024, 49.479765], [-115.0999127, 49.4796564], [-115.0997291, 49.47961], [-115.0995182, 49.4795775], [-115.0993411, 49.47958], [-115.0991331, 49.4796399], [-115.0988626, 49.4795856], [-115.0986144, 49.4796773], [-115.0984856, 49.4797698], [-115.0985005, 49.4798549], [-115.098608, 49.4799687], [-115.098739, 49.4800989], [-115.0989121, 49.4802045], [-115.0990866, 49.4802772], [-115.0992524, 49.4803812], [-115.0992804, 49.4804671], [-115.0992067, 49.4806034], [-115.0990939, 49.4806865], [-115.0989549, 49.4806992], [-115.098832, 49.480676], [-115.098119, 49.48061], [-115.0976779, 49.4804913], [-115.0973661, 49.4805206], [-115.0971219, 49.4804698], [-115.096844, 49.4804855], [-115.0966329, 49.4805435], [-115.0965295, 49.4805634], [-115.096216, 49.48042], [-115.096066, 49.480295], [-115.095932, 49.480154], [-115.0958173, 49.4800884]]]}}, {"type": "Feature", "properties": {"name": "Happy Gilmar / Evergreen Loop", "difficulty": "intermediate", "area": "Fernie", "osm_id": 1449279022, "highway": "path", "stroke": "#3b82f6"}, "geometry": {"type": "LineString", "coordinates": [[-115.0958173, 49.4800884], [-115.095696, 49.480019], [-115.095494, 49.479861], [-115.095375, 49.479597], [-115.095303, 49.479488], [-115.095139, 49.479329], [-115.095006, 49.479274], [-115.094559, 49.479196], [-115.094319, 49.479111], [-115.093886, 49.478927], [-115.093446, 49.478671], [-115.092614, 49.478118], [-115.092367, 49.477877], [-115.091967, 49.477562], [-115.091871, 49.477388], [-115.091844, 49.477274], [-115.091858, 49.47717], [-115.091968, 49.476945], [-115.0920785, 49.4768711], [-115.092453, 49.476709], [-115.0927845, 49.4766243]]}}, {"type": "Feature", "properties": {"name": "Heaven's Gate Trail", "difficulty": "intermediate", "area": "Fernie", "osm_id": 648404410, "highway": "path"}, "geometry": {"type": "LineString", "coordinates": [[-115.0141078, 49.5147871], [-115.0140294, 49.5147717], [-115.0139645, 49.5147456], [-115.0136233, 49.5146594], [-115.0133601, 49.5146061], [-115.0126637, 49.5144885], [-115.0120636, 49.5143561], [-115.0119786, 49.5143488], [-115.0118994, 49.514347], [-115.0118286, 49.5143286], [-115.0117522, 49.5143139], [-115.0116503, 49.5143065], [-115.011571, 49.5143139], [-115.0114974, 49.5143378], [-115.0114153, 49.5143672], [-115.0113559, 49.5143819], [-115.0112596, 49.51438], [-115.0112058, 49.514369], [-115.011169, 49.5143396], [-115.0111464, 49.51429], [-115.0111153, 49.5141907], [-115.0111068, 49.5141393], [-115.0111153, 49.5140823], [-115.0110841, 49.5138397], [-115.0110615, 49.5138121], [-115.011002, 49.513757], [-115.0101075, 49.5130126], [-115.009731, 49.5127719], [-115.0096546, 49.5127443], [-115.009564, 49.5127314], [-115.0084742, 49.5126542], [-115.0083326, 49.5126524], [-115.008225, 49.5126689], [-115.0081571, 49.5126763], [-115.008092, 49.5126634], [-115.0080439, 49.5126267], [-115.007959, 49.5125256], [-115.0078995, 49.5124796], [-115.0078146, 49.5124612], [-115.007741, 49.5124226], [-115.00769, 49.5123675], [-115.0075315, 49.5122113], [-115.0075089, 49.5121653], [-115.007489, 49.5120808], [-115.007489, 49.5119723], [-115.0074905, 49.5119126], [-115.0074876, 49.5118942], [-115.0074735, 49.5118804], [-115.0074381, 49.5118657], [-115.0073928, 49.5118565], [-115.0073234, 49.511851], [-115.0072654, 49.5118529], [-115.0072102, 49.5118666], [-115.0071196, 49.5119089], [-115.0070956, 49.5119163], [-115.0070588, 49.5119236], [-115.006988, 49.5119236], [-115.0069399, 49.5119264], [-115.0069002, 49.5119356], [-115.0068507, 49.5119604], [-115.0064799, 49.5122517], [-115.0061062, 49.5125908], [-115.0058868, 49.512793], [-115.0057594, 49.5128867], [-115.0056151, 49.5129841], [-115.0055047, 49.5130374], [-115.0053858, 49.5130668], [-115.0052612, 49.5130815], [-115.0051254, 49.5130962], [-115.0050319, 49.5130898], [-115.0049895, 49.5130788], [-115.0049442, 49.5130549], [-115.0048847, 49.5130062], [-115.0048451, 49.5129685], [-115.004821, 49.5129529], [-115.0047956, 49.5129437], [-115.0047503, 49.5129354], [-115.0046979, 49.5129299], [-115.0046455, 49.5129318], [-115.0045748, 49.5129419], [-115.0045351, 49.5129575], [-115.0044969, 49.512974], [-115.0044545, 49.5129841], [-115.0044191, 49.5129878], [-115.0043893, 49.5129814], [-115.004361, 49.5129621], [-115.0042337, 49.5128104], [-115.0041247, 49.5127121], [-115.0040964, 49.5126965], [-115.0040681, 49.512691], [-115.0040256, 49.5126947], [-115.0039902, 49.5127048], [-115.0039237, 49.5127351], [-115.0038876, 49.5127503], [-115.0038664, 49.5127535], [-115.0038455, 49.5127539], [-115.0038253, 49.5127507], [-115.0038069, 49.5127447], [-115.0035061, 49.5125789], [-115.0034633, 49.5125559], [-115.0034364, 49.5125458], [-115.0034067, 49.512543], [-115.0033812, 49.5125458], [-115.0033487, 49.5125577], [-115.0032595, 49.5125881], [-115.0032142, 49.5126129], [-115.0031619, 49.512645], [-115.003101, 49.5126735], [-115.0030458, 49.5126864], [-115.0030104, 49.5126882], [-115.0029835, 49.5126809], [-115.0029637, 49.5126634], [-115.0028901, 49.512589], [-115.0028009, 49.5124226], [-115.0026806, 49.5122315], [-115.0026084, 49.5121754], [-115.0025193, 49.5121341], [-115.0024768, 49.5121276], [-115.0024315, 49.5121258], [-115.0023777, 49.5121378], [-115.002331, 49.512157], [-115.0020932, 49.5123197], [-115.0018597, 49.5124429], [-115.0018271, 49.5124493], [-115.0017988, 49.5124484], [-115.0017705, 49.5124383], [-115.0017493, 49.512419], [-115.0017252, 49.5123721], [-115.0016035, 49.5121488], [-115.0014804, 49.5120174], [-115.0012327, 49.5118611], [-115.0009836, 49.5117527], [-115.0009539, 49.511749], [-115.0009255, 49.5117518], [-115.0009015, 49.5117628], [-115.0008803, 49.5117839], [-115.0008307, 49.5118878], [-115.000784, 49.5119576], [-115.0006963, 49.5120367], [-115.0005731, 49.512157], [-115.0005391, 49.5121745], [-115.0005151, 49.5121773], [-115.0005009, 49.5121745], [-115.0004797, 49.5121672], [-115.0004698, 49.5121543], [-115.000467, 49.5121203], [-115.0004273, 49.5119585], [-115.0003679, 49.5118519], [-115.0002518, 49.5117095], [-115.0000707, 49.5115597], [-115.0000381, 49.5115496], [-115.0000041, 49.5115432], [-114.9999843, 49.511545], [-114.9999617, 49.5115569], [-114.9999489, 49.5115781], [-114.9999249, 49.5116102], [-114.9999093, 49.5116231], [-114.9998838, 49.5116332], [-114.9998598, 49.5116341], [-114.9998357, 49.5116295], [-114.9998159, 49.5116185], [-114.999622, 49.5114366], [-114.9994224, 49.5112463], [-114.9993969, 49.5112298], [-114.9993757, 49.511227], [-114.9993474, 49.5112289], [-114.9993191, 49.5112426], [-114.9992936, 49.5112555], [-114.9992568, 49.5112601], [-114.9992243, 49.5112564], [-114.9991945, 49.5112491], [-114.9991606, 49.5112482], [-114.9991393, 49.5112537], [-114.9991252, 49.5112638], [-114.9991181, 49.511284], [-114.9991181, 49.5113005], [-114.9991294, 49.5113355], [-114.999203, 49.511465], [-114.9992143, 49.5114917], [-114.999203, 49.511522], [-114.9991676, 49.5115744], [-114.9991606, 49.5116057], [-114.9991535, 49.5116985], [-114.9991365, 49.5117582], [-114.999094, 49.5118225], [-114.9990346, 49.5118814], [-114.9989667, 49.5119172], [-114.9988902, 49.5119227], [-114.9988308, 49.5119227], [-114.9987926, 49.5119108], [-114.9987515, 49.5118823], [-114.9987204, 49.5118584], [-114.9986892, 49.5118455], [-114.9986567, 49.5118372], [-114.998593, 49.5118308], [-114.998518, 49.5118262], [-114.9984854, 49.5118216], [-114.9984614, 49.5118124], [-114.9984246, 49.5117803], [-114.9983071, 49.511693], [-114.998191, 49.5115937], [-114.9979971, 49.5114016], [-114.997857, 49.5112914], [-114.9978004, 49.5112656], [-114.9977664, 49.5112601], [-114.997731, 49.5112619], [-114.9976928, 49.5112693], [-114.9976518, 49.5112803], [-114.9976192, 49.5112849], [-114.9975895, 49.5112822], [-114.9975555, 49.511273], [-114.9973715, 49.5111507], [-114.9973234, 49.5111324], [-114.9973022, 49.5111296], [-114.9972823, 49.5111314], [-114.9972597, 49.5111416], [-114.9972498, 49.5111673], [-114.9972611, 49.5112252], [-114.9972682, 49.5112564], [-114.9972597, 49.5112794], [-114.9972385, 49.511307], [-114.9972172, 49.5113263], [-114.9972017, 49.5113456], [-114.9971974, 49.511375], [-114.9971974, 49.5114641], [-114.9971932, 49.5114834], [-114.9971819, 49.5114926], [-114.9971649, 49.5114954], [-114.9971465, 49.5114935], [-114.9971224, 49.5114899], [-114.9969398, 49.5113557], [-114.9969073, 49.5113152], [-114.9968648, 49.5112463], [-114.9968252, 49.5112068], [-114.9967742, 49.5111783], [-114.9966652, 49.5111296], [-114.9966086, 49.5111158], [-114.9965676, 49.5111085], [-114.9965379, 49.5111112], [-114.9965237, 49.5111195], [-114.996518, 49.5111333], [-114.9965195, 49.5111535], [-114.9965393, 49.5113685], [-114.9965379, 49.5113906], [-114.9965322, 49.5114035], [-114.9965195, 49.5114154], [-114.9965011, 49.5114228], [-114.9964812, 49.5114255], [-114.9964572, 49.5114228], [-114.9964381, 49.5114173], [-114.9964204, 49.5114062], [-114.9963001, 49.5113042], [-114.9962703, 49.5112932], [-114.9962364, 49.5112904], [-114.9962123, 49.5112959], [-114.9961939, 49.5113097], [-114.9961769, 49.5113336], [-114.9961529, 49.511364], [-114.996133, 49.5113759], [-114.9961062, 49.5113851], [-114.9960793, 49.5113869], [-114.9960382, 49.5113796], [-114.9960163, 49.5113685], [-114.9959986, 49.5113529], [-114.9959604, 49.5113125], [-114.9956058, 49.5109513], [-114.9953723, 49.5107592], [-114.9953553, 49.510751], [-114.9953411, 49.5107491], [-114.9953291, 49.5107501], [-114.9953199, 49.5107551], [-114.9953079, 49.5107671], [-114.9951267, 49.5109325], [-114.9946752, 49.5112918], [-114.9946398, 49.5113304], [-114.99462, 49.5113644], [-114.9946044, 49.5113938], [-114.994579, 49.5114177], [-114.9945308, 49.5114434], [-114.994436, 49.5114811], [-114.9943582, 49.5115206], [-114.9942888, 49.5115804], [-114.9939675, 49.5118726], [-114.9936193, 49.5122182], [-114.9935174, 49.512402], [-114.9933476, 49.5127328], [-114.9933164, 49.5128339], [-114.9932938, 49.5129515], [-114.993223, 49.5132713], [-114.9931692, 49.5133908], [-114.9931013, 49.5134974], [-114.9930418, 49.513547], [-114.9929767, 49.5135838], [-114.992889, 49.5136315], [-114.9928352, 49.513661], [-114.9927927, 49.5136959], [-114.9927673, 49.5137381], [-114.9927446, 49.5137914], [-114.9927305, 49.5138539], [-114.9926908, 49.5139128], [-114.9926229, 49.5139752], [-114.9921756, 49.5143226], [-114.992136, 49.5143722], [-114.9921105, 49.5144347], [-114.992102, 49.5144917], [-114.9920992, 49.514545], [-114.9921218, 49.5145965], [-114.992153, 49.5146755], [-114.9921615, 49.5147214], [-114.9921643, 49.5147674], [-114.992153, 49.5147986], [-114.9921218, 49.514828], [-114.9919577, 49.5149199], [-114.991918, 49.5149659], [-114.9918727, 49.515021], [-114.991802, 49.5151588], [-114.9917708, 49.5152305], [-114.9917708, 49.5152783], [-114.9917765, 49.5153371], [-114.991751, 49.5153996], [-114.991717, 49.515475], [-114.9915373, 49.515916], [-114.9914991, 49.5160603], [-114.9914793, 49.5160713], [-114.9914566, 49.5160732], [-114.9911891, 49.5160897], [-114.9910971, 49.5161035], [-114.9910136, 49.5161246], [-114.9909542, 49.516154], [-114.9908735, 49.5162092], [-114.9907772, 49.5162643], [-114.9906881, 49.516302], [-114.9906258, 49.516313], [-114.9899733, 49.5162928], [-114.9897709, 49.5163139], [-114.9896322, 49.5163507], [-114.9892727, 49.5165326], [-114.9891623, 49.5165565], [-114.9890434, 49.5165639], [-114.9888934, 49.5165657], [-114.9887122, 49.5165657], [-114.9886018, 49.5165841], [-114.9884942, 49.5166098], [-114.9879875, 49.5167881], [-114.9877837, 49.5168175], [-114.987461, 49.5168487], [-114.9869288, 49.5168965], [-114.98649, 49.5169517], [-114.986306, 49.5169976], [-114.9861164, 49.5170729], [-114.9855757, 49.5172531], [-114.9849614, 49.517367], [-114.9840046, 49.5176978]]}}, {"type": "Feature", "properties": {"name": "Hedonism", "difficulty": "advanced", "area": "Fernie", "osm_id": 432986627, "highway": "path", "stroke": "#0a0a0a"}, "geometry": {"type": "LineString", "coordinates": [[-115.105765, 49.5032515], [-115.105976, 49.503016], [-115.106008, 49.502821], [-115.106001, 49.502579], [-115.105983, 49.502509], [-115.105823, 49.502351], [-115.105801, 49.502295], [-115.105791, 49.502128], [-115.105752, 49.502043], [-115.105614, 49.501883], [-115.105573, 49.5018], [-115.105577, 49.501543], [-115.105558, 49.501473], [-115.105508, 49.501391], [-115.105211, 49.501063], [-115.105197, 49.501011], [-115.105225, 49.500868], [-115.105213, 49.500821], [-115.105111, 49.500739], [-115.104891, 49.500636], [-115.10482, 49.500574], [-115.104746, 49.500444], [-115.104683, 49.50039], [-115.104478, 49.500328], [-115.104361, 49.500265], [-115.104344, 49.500199], [-115.104356, 49.500156], [-115.104476, 49.499945], [-115.104466, 49.499791], [-115.104294, 49.499435], [-115.103947, 49.499046], [-115.103913, 49.498896], [-115.103936, 49.498766], [-115.104267, 49.498194], [-115.104512, 49.497877], [-115.104654, 49.497772], [-115.104707, 49.497675], [-115.104729, 49.497515], [-115.104787, 49.497345], [-115.104741, 49.497229], [-115.104604, 49.497121], [-115.10447, 49.497038], [-115.104323, 49.496977], [-115.104252, 49.496917], [-115.104163, 49.496757], [-115.104129, 49.49653], [-115.104283, 49.496298], [-115.104293, 49.496227], [-115.104264, 49.495799], [-115.104238, 49.495723], [-115.104114, 49.495593], [-115.103486, 49.495099], [-115.103129, 49.494762], [-115.102989, 49.494651], [-115.102418, 49.494318], [-115.102045, 49.494148], [-115.1015019, 49.4936704], [-115.101, 49.493569], [-115.100432, 49.493523], [-115.100297, 49.493485], [-115.100083, 49.493349], [-115.099948, 49.493205], [-115.099748, 49.493085], [-115.099617, 49.493038], [-115.09941, 49.492989], [-115.098861, 49.492886], [-115.098731, 49.492814], [-115.098505, 49.492497], [-115.09843, 49.492425], [-115.098339, 49.492372], [-115.097969, 49.492223], [-115.097395, 49.492033], [-115.097341, 49.491986], [-115.097247, 49.491847], [-115.0971, 49.491731], [-115.096939, 49.49165], [-115.096844, 49.491559], [-115.096789, 49.491438], [-115.09665, 49.491226], [-115.096466, 49.491076], [-115.096395, 49.490972], [-115.096339, 49.490789], [-115.096243, 49.490642], [-115.096129, 49.490521], [-115.096074, 49.490394], [-115.095993, 49.490125], [-115.095976, 49.489917], [-115.095908, 49.489855], [-115.095817, 49.489816], [-115.095661, 49.489781], [-115.095308, 49.48974], [-115.095228, 49.489704], [-115.0951989, 49.489644], [-115.095181, 49.489607], [-115.095209, 49.489428], [-115.095179, 49.489289], [-115.095038, 49.489124]]}}, {"type": "Feature", "properties": {"name": "Heiko's Trail", "difficulty": "advanced", "area": "Fernie / Island Lake", "osm_id": 197611171, "highway": "path", "stroke": "#0a0a0a"}, "geometry": {"type": "LineString", "coordinates": [[-115.1538736, 49.5236647], [-115.1538253, 49.5236908], [-115.1537797, 49.5237013], [-115.153718, 49.5236978], [-115.153659, 49.5236839], [-115.1531575, 49.5235237], [-115.1530609, 49.5235115], [-115.1529509, 49.5235306], [-115.1526693, 49.5236038], [-115.1525781, 49.5236368], [-115.1525271, 49.5236804], [-115.1524762, 49.5237396], [-115.152385, 49.5238771], [-115.1522831, 49.5239659], [-115.1520712, 49.5240669], [-115.1518271, 49.5241644], [-115.1516661, 49.5242393], [-115.1514864, 49.524349], [-115.1513791, 49.5244169], [-115.1512665, 49.5244604], [-115.1511699, 49.5244813], [-115.1510063, 49.5245126], [-115.1509285, 49.5245335], [-115.1508266, 49.5245805], [-115.1504162, 49.5248852], [-115.1500354, 49.5252822], [-115.1495955, 49.5257958], [-115.1495821, 49.5258428], [-115.1495552, 49.5259159], [-115.1494989, 49.5259803], [-115.149456, 49.5260134], [-115.1493755, 49.5260639], [-115.1492763, 49.5261614], [-115.1492253, 49.5262345], [-115.1491985, 49.5263163], [-115.1491851, 49.5264208], [-115.1489652, 49.5270058], [-115.1489517, 49.5271033], [-115.1489544, 49.5271868], [-115.1489839, 49.5272582], [-115.1490188, 49.5273644], [-115.1490027, 49.5274097], [-115.148882, 49.5278171], [-115.1488364, 49.5279999], [-115.1486165, 49.5284839], [-115.148595, 49.5285152], [-115.1485709, 49.5285274], [-115.1485387, 49.5285274], [-115.1485119, 49.5285117], [-115.1484716, 49.5284682], [-115.1482571, 49.5282419], [-115.1481122, 49.528127], [-115.148021, 49.5281026], [-115.1477957, 49.5280887], [-115.1475972, 49.5280538], [-115.1474095, 49.5279807], [-115.1472378, 49.527831], [-115.1471681, 49.5277753], [-115.1470822, 49.5277335], [-115.1469428, 49.5276848], [-115.1467282, 49.5275525], [-115.1465565, 49.5274967], [-115.1463956, 49.5274793], [-115.146299, 49.5274898], [-115.1462508, 49.5275176], [-115.1461542, 49.5275838], [-115.1457692, 49.5278645], [-115.1454371, 49.5280984], [-115.144889, 49.5286742], [-115.1446825, 49.5287796], [-115.1443177, 49.5288375], [-115.1434535, 49.5291133], [-115.1432606, 49.5292122], [-115.1429195, 49.5292724], [-115.1424565, 49.5293362], [-115.1419746, 49.5293271], [-115.1410887, 49.5293877], [-115.1406121, 49.529458], [-115.1404701, 49.5295463], [-115.1403085, 49.5300742], [-115.1400983, 49.530195], [-115.1399526, 49.5304012], [-115.1396877, 49.530548], [-115.1395338, 49.5307376], [-115.139356, 49.5311298], [-115.1389506, 49.5317672], [-115.1385982, 49.5320788], [-115.1384345, 49.5328195], [-115.1382578, 49.5330541], [-115.138173, 49.5332585], [-115.1382145, 49.5334914], [-115.138327, 49.5337315], [-115.138345, 49.533962], [-115.1379257, 49.5347085], [-115.137597, 49.5350224], [-115.1375401, 49.5353638], [-115.137426, 49.5356914], [-115.1374876, 49.5359421], [-115.1378954, 49.536417], [-115.1376583, 49.5369058], [-115.1373534, 49.5371196], [-115.137415, 49.5372678], [-115.1376013, 49.5374522], [-115.1375337, 49.5376347], [-115.1373106, 49.5379119], [-115.1374465, 49.5383594], [-115.1374389, 49.5385953], [-115.1371707, 49.539215], [-115.1370735, 49.5398283], [-115.1373038, 49.5404904], [-115.1372569, 49.5408406], [-115.1371584, 49.5410515], [-115.1367914, 49.5414247], [-115.1362881, 49.5416579], [-115.1359465, 49.5420257], [-115.1351017, 49.5425243], [-115.1347449, 49.5427588], [-115.1344718, 49.5428315], [-115.1341396, 49.5429558], [-115.1339611, 49.5430955], [-115.133758, 49.543288], [-115.1335398, 49.5438497], [-115.1337312, 49.5443185], [-115.1337346, 49.5445082], [-115.1336716, 49.5446202], [-115.1334825, 49.5446011], [-115.1328693, 49.5444475]]}}, {"type": "Feature", "properties": {"name": "Hessian", "difficulty": "intermediate", "area": "Fernie", "osm_id": 453842893, "highway": "path"}, "geometry": {"type": "LineString", "coordinates": [[-115.033021, 49.50406], [-115.033071, 49.5039], [-115.033208, 49.503706], [-115.033489, 49.503447], [-115.033608, 49.503401], [-115.033897, 49.503385], [-115.034088, 49.503344], [-115.034252, 49.503283], [-115.034382, 49.503207], [-115.034502, 49.503015], [-115.034785, 49.502707], [-115.034898, 49.50261], [-115.035106, 49.502488], [-115.035193, 49.502386], [-115.035323, 49.502335], [-115.035563, 49.502299], [-115.035659, 49.502271], [-115.035955, 49.50212], [-115.036139, 49.501995], [-115.036392, 49.501894], [-115.036489, 49.501811], [-115.036557, 49.501707], [-115.036612, 49.501511], [-115.036665, 49.501441], [-115.036974, 49.501149], [-115.037072, 49.500977], [-115.037261, 49.500736], [-115.037506, 49.500537], [-115.037778, 49.500405], [-115.03783, 49.50036], [-115.037845, 49.500314], [-115.037758, 49.500095], [-115.037785, 49.50003], [-115.037868, 49.499981], [-115.03807, 49.499912], [-115.038187, 49.499893]]}}, {"type": "Feature", "properties": {"name": "Holo Bike", "difficulty": "intermediate", "area": "Fernie", "osm_id": 648385890, "highway": "path"}, "geometry": {"type": "LineString", "coordinates": [[-115.0985974, 49.4664025], [-115.0978728, 49.4660741], [-115.0974503, 49.4659614], [-115.097234, 49.4658741], [-115.0971315, 49.4657754], [-115.0970541, 49.465696], [-115.0969833, 49.4656836], [-115.0969541, 49.4657465], [-115.0969981, 49.465857], [-115.0970041, 49.465909], [-115.096942, 49.4659464], [-115.0968031, 49.4659271], [-115.0966251, 49.4658737], [-115.09655, 49.465865], [-115.0964722, 49.4658876], [-115.0964024, 49.4659382], [-115.0963488, 49.4659678], [-115.0963065, 49.4660068], [-115.0962204, 49.4660288], [-115.0961021, 49.4660069], [-115.0959894, 49.4659976], [-115.0959292, 49.4660011], [-115.0958926, 49.4660285], [-115.0959317, 49.4660731], [-115.0959246, 49.4661398], [-115.095891, 49.4661757], [-115.0957763, 49.4662251], [-115.0956829, 49.4663058], [-115.0956277, 49.4663296], [-115.0953438, 49.4663398], [-115.0950774, 49.4663966], [-115.0944686, 49.4665657], [-115.0942835, 49.4666006], [-115.0941333, 49.4666145], [-115.0939804, 49.4666197], [-115.0938758, 49.4666058], [-115.0938168, 49.4665901], [-115.0937712, 49.4665465], [-115.0937417, 49.4664942], [-115.0937363, 49.466435], [-115.093798, 49.4660567], [-115.0937846, 49.4659922], [-115.0937444, 49.4659399], [-115.0936746, 49.4658824], [-115.0935459, 49.4658266], [-115.0933125, 49.4657499], [-115.0929102, 49.4656244], [-115.0926822, 49.465539], [-115.0918776, 49.4649829], [-115.0914752, 49.4645994], [-115.0914216, 49.4644792]]}}, {"type": "Feature", "properties": {"name": "Honey Bee", "difficulty": "intermediate", "area": "Fernie", "osm_id": 648385892, "highway": "path"}, "geometry": {"type": "LineString", "coordinates": [[-115.0985739, 49.4679526], [-115.0982333, 49.4681628], [-115.0980062, 49.4682981], [-115.0979621, 49.4683923], [-115.0978929, 49.4684699], [-115.0977868, 49.4685521], [-115.0976383, 49.4685984], [-115.0974682, 49.468646], [-115.0972325, 49.4686225], [-115.097049, 49.4685265], [-115.0969066, 49.468399], [-115.0967696, 49.4683209], [-115.0965409, 49.4682437], [-115.0964599, 49.4680968], [-115.0964344, 49.4677792], [-115.0962982, 49.4675536], [-115.096323, 49.4674256], [-115.0964294, 49.4672105], [-115.0964475, 49.4670189], [-115.0964284, 49.4669809], [-115.096358, 49.4669803], [-115.0963051, 49.466955], [-115.0963117, 49.467006], [-115.0963313, 49.4670864], [-115.0963125, 49.4672032], [-115.096239, 49.4672868], [-115.0961794, 49.4673283], [-115.0959735, 49.4677868], [-115.0959277, 49.4678356], [-115.0959036, 49.4678687], [-115.095858, 49.4679018], [-115.0953765, 49.4682513], [-115.0953296, 49.4682774], [-115.0952987, 49.4682792], [-115.0952826, 49.4682722], [-115.0952706, 49.46826], [-115.0952665, 49.4682426], [-115.0952732, 49.4682234], [-115.0953832, 49.4681058], [-115.0954181, 49.46807], [-115.0954422, 49.4680369], [-115.095465, 49.4679384], [-115.0954718, 49.467895], [-115.0954754, 49.4678524], [-115.0954502, 49.4678322], [-115.0954223, 49.4678309], [-115.0953839, 49.4678479], [-115.0953483, 49.4678983], [-115.0948387, 49.4681702], [-115.0947784, 49.4682008], [-115.0947247, 49.4682182], [-115.0946456, 49.4682304], [-115.0945624, 49.4682295], [-115.0944847, 49.4682182], [-115.0944122, 49.4681938], [-115.0943962, 49.4681755], [-115.0943908, 49.4681519], [-115.0944055, 49.4681267], [-115.0944485, 49.4680979], [-115.0945128, 49.4680657], [-115.0945262, 49.4680526], [-115.0945303, 49.4680386], [-115.0945262, 49.4680195], [-115.0945088, 49.4679977], [-115.0944592, 49.4679689], [-115.0943801, 49.4679375], [-115.0939294, 49.4678539], [-115.0938946, 49.4678539], [-115.0938543, 49.4678574], [-115.0935727, 49.467955], [-115.0934118, 49.4680073], [-115.0932187, 49.4680491], [-115.0922584, 49.468199], [-115.0915259, 49.4683483], [-115.0913572, 49.4683157], [-115.0912472, 49.4683263], [-115.091148, 49.468335], [-115.09103, 49.4683663], [-115.0909817, 49.4684117], [-115.0908664, 49.4685162], [-115.0905901, 49.4689816], [-115.0904523, 49.469109]]}}, {"type": "Feature", "properties": {"name": "Hyperextension", "difficulty": "advanced", "area": "Fernie", "osm_id": 453791849, "highway": "path", "stroke": "#0a0a0a"}, "geometry": {"type": "LineString", "coordinates": [[-115.0351791, 49.4830751], [-115.035202, 49.483119], [-115.035306, 49.483224], [-115.035353, 49.483334], [-115.035257, 49.483952], [-115.0351265, 49.4843751], [-115.0350561, 49.4844764], [-115.0349608, 49.4845675], [-115.0349433, 49.4846952], [-115.034786, 49.484842], [-115.0347171, 49.4849393], [-115.0347228, 49.4851094], [-115.034641, 49.485215], [-115.0345972, 49.4853053], [-115.0346478, 49.4853263], [-115.0347635, 49.4853261], [-115.035038, 49.485294], [-115.035143, 49.485323], [-115.035201, 49.485396], [-115.035203, 49.485745], [-115.035219, 49.485814], [-115.035261, 49.485865], [-115.035446, 49.485959], [-115.035531, 49.485956], [-115.035666, 49.4859129], [-115.0357861, 49.4859017], [-115.035906, 49.4859476], [-115.0358913, 49.486045], [-115.0359121, 49.4861234], [-115.0361199, 49.4860854], [-115.0362191, 49.4861742], [-115.036336, 49.486127], [-115.0366013, 49.4860038], [-115.0367523, 49.4858945], [-115.0368753, 49.4858991], [-115.0370081, 49.4858221], [-115.0371114, 49.4858034], [-115.0372326, 49.4858407], [-115.0373979, 49.4860314], [-115.0374691, 49.4861153], [-115.037727, 49.486109], [-115.0381024, 49.4860701], [-115.0381286, 49.4861619], [-115.0381891, 49.4861812], [-115.0384852, 49.4861243], [-115.038704, 49.486024], [-115.0388666, 49.485994], [-115.039038, 49.4859987], [-115.0393071, 49.4861119], [-115.0394617, 49.4861206], [-115.0395492, 49.486203], [-115.0397699, 49.4862223], [-115.040012, 49.486216], [-115.0401052, 49.4862361], [-115.0401068, 49.4862914], [-115.0400308, 49.4863669], [-115.0400265, 49.4864469], [-115.0399605, 49.4864866], [-115.0396571, 49.4865082], [-115.039503, 49.486597], [-115.039422, 49.486689], [-115.039302, 49.486924], [-115.0391824, 49.4871096], [-115.0390312, 49.4871874], [-115.0387448, 49.4873076], [-115.0385009, 49.4873319], [-115.0383064, 49.4873517], [-115.0381637, 49.4875215], [-115.0380637, 49.4875738], [-115.03768, 49.4876972], [-115.0375214, 49.4877688], [-115.0374463, 49.487973], [-115.0373235, 49.4881346], [-115.0372331, 49.4882571], [-115.0373276, 49.4884237], [-115.0374464, 49.48849], [-115.0375774, 49.4885121], [-115.0376744, 49.4885602], [-115.037783, 49.4886819], [-115.0378558, 49.4887246], [-115.0378792, 49.4886787], [-115.0378811, 49.488563], [-115.0379637, 49.4885966], [-115.0381256, 49.4887542], [-115.0382887, 49.4888993], [-115.0383381, 49.4889692], [-115.0383277, 49.4890288], [-115.0383406, 49.4890829], [-115.038428, 49.4891084], [-115.0385329, 49.4890597], [-115.0385658, 49.4889708], [-115.0386123, 49.4888847], [-115.0386384, 49.488761], [-115.0387312, 49.4886824], [-115.0388374, 49.4886774], [-115.0388944, 49.4887246], [-115.0389179, 49.4888542], [-115.0390029, 49.4890442], [-115.0391301, 49.4891958], [-115.03928, 49.4893014], [-115.0395825, 49.4894739], [-115.039705, 49.4896209], [-115.0397076, 49.4897441], [-115.039721, 49.489861], [-115.039764, 49.490315], [-115.0398242, 49.4904493], [-115.039863, 49.49054], [-115.0398421, 49.4906542], [-115.0397657, 49.4907204], [-115.0397849, 49.4908333], [-115.0397691, 49.4908874], [-115.0396663, 49.490984], [-115.0396252, 49.4910936], [-115.0395512, 49.4911792], [-115.0395013, 49.4913267], [-115.0393409, 49.4914743], [-115.0392509, 49.4916219], [-115.039111, 49.491739], [-115.039065, 49.4918306], [-115.0390497, 49.492001], [-115.038991, 49.4922101], [-115.038895, 49.492383], [-115.038832, 49.492576], [-115.038829, 49.492645], [-115.038862, 49.492709], [-115.038948, 49.492763], [-115.039032, 49.492787], [-115.039276, 49.492793], [-115.039678, 49.492746], [-115.04005, 49.492666], [-115.0402229, 49.4926414], [-115.040261, 49.492636], [-115.040453, 49.492631], [-115.040564, 49.492639], [-115.04066, 49.492667], [-115.040729, 49.492726]]}}, {"type": "Feature", "properties": {"name": "Hyperventilation", "difficulty": "advanced", "area": "Fernie", "osm_id": 450888745, "highway": "path", "stroke": "#0a0a0a"}, "geometry": {"type": "LineString", "coordinates": [[-115.0435124, 49.481337], [-115.04341, 49.481319], [-115.043344, 49.481264], [-115.043254, 49.481132], [-115.043185, 49.481066], [-115.043034, 49.480963], [-115.042945, 49.480938], [-115.042846, 49.480971], [-115.042721, 49.481078], [-115.042601, 49.481113], [-115.042412, 49.481128], [-115.042268, 49.481168], [-115.042129, 49.481243], [-115.041987, 49.481295], [-115.0416032, 49.4814131], [-115.0410439, 49.4816734], [-115.0407881, 49.4818279], [-115.0408342, 49.4816689], [-115.0409135, 49.481562], [-115.041247, 49.4811232], [-115.0412678, 49.480988], [-115.0411099, 49.4807529], [-115.0408154, 49.48039], [-115.0405295, 49.4801384], [-115.0403425, 49.4797422], [-115.040226, 49.4796378], [-115.0401338, 49.4796158], [-115.039942, 49.479662], [-115.039594, 49.479822], [-115.0392869, 49.4799749], [-115.0395701, 49.4799484], [-115.0394617, 49.4800247], [-115.039351, 49.480094], [-115.0391001, 49.4802516], [-115.0389177, 49.480292], [-115.0388423, 49.4803329], [-115.0389703, 49.4803862], [-115.0391374, 49.4803901], [-115.039277, 49.4803781], [-115.0398104, 49.4801707], [-115.0399349, 49.4801515], [-115.0399202, 49.4802208], [-115.0398139, 49.4804319], [-115.0396244, 49.480634], [-115.0395, 49.48069], [-115.0386646, 49.4810497], [-115.0384536, 49.481062], [-115.0382093, 49.4810799], [-115.037995, 49.4811337], [-115.0375741, 49.4812699], [-115.0381717, 49.4812202], [-115.0383531, 49.4813978], [-115.038164, 49.481374], [-115.037958, 49.481398], [-115.037868, 49.481435], [-115.0376951, 49.4815587], [-115.038012, 49.4815462], [-115.037793, 49.481662], [-115.037589, 49.481743], [-115.037454, 49.481817], [-115.0373667, 49.4818477], [-115.0371331, 49.4817955], [-115.037287, 49.4819268], [-115.0368521, 49.481871], [-115.0366753, 49.4818816], [-115.036394, 49.4819206], [-115.0367417, 49.4819789], [-115.0368885, 49.4820796], [-115.0365544, 49.4820633], [-115.0362182, 49.4821468], [-115.036404, 49.48217], [-115.0365207, 49.482254], [-115.0365196, 49.4823204], [-115.0363426, 49.4825096], [-115.0361762, 49.482775], [-115.0362437, 49.4824692], [-115.0361519, 49.4824305], [-115.036014, 49.48245], [-115.0359914, 49.4825026], [-115.0360887, 49.4825808], [-115.0359909, 49.4827746], [-115.0358606, 49.4829561], [-115.0358498, 49.4827762], [-115.0357855, 49.482739], [-115.0356941, 49.4827371], [-115.0355755, 49.4827785], [-115.0354883, 49.4829031], [-115.035395, 49.4829661], [-115.03528, 49.4829797], [-115.0351791, 49.4830751]]}}, {"type": "Feature", "properties": {"name": "Ich Bin Sofa", "difficulty": "intermediate", "area": "Fernie", "osm_id": 647647990, "highway": "path"}, "geometry": {"type": "LineString", "coordinates": [[-115.027476, 49.5218251], [-115.0279402, 49.5219961], [-115.0282459, 49.522031], [-115.0286161, 49.522017], [-115.0288414, 49.522031], [-115.0291043, 49.5221494], [-115.0292598, 49.5222887], [-115.0293886, 49.5223827], [-115.0295549, 49.5224697], [-115.0296246, 49.5225742], [-115.0296246, 49.5226856], [-115.0296353, 49.5228006], [-115.0297587, 49.5229015], [-115.0298821, 49.5229607], [-115.0300162, 49.5230165], [-115.030204, 49.5231209], [-115.0307985, 49.5232872]]}}, {"type": "Feature", "properties": {"name": "JoJo", "difficulty": "intermediate", "area": "Fernie", "osm_id": 870544281, "highway": "path"}, "geometry": {"type": "LineString", "coordinates": [[-115.0622286, 49.4834915], [-115.0622324, 49.4835847], [-115.0622919, 49.4837387], [-115.0622363, 49.4838867], [-115.0621289, 49.4840249], [-115.0620605, 49.4840827], [-115.0620902, 49.4841415], [-115.0622745, 49.4841949], [-115.0623719, 49.484377], [-115.0623844, 49.4844277]]}}, {"type": "Feature", "properties": {"name": "Kid's Stuff", "difficulty": "easy", "area": "Fernie", "osm_id": 453567248, "highway": "path", "stroke": "#22c55e"}, "geometry": {"type": "LineString", "coordinates": [[-115.0272992, 49.514438], [-115.0273236, 49.514141], [-115.0270969, 49.5141513], [-115.0268632, 49.5141245], [-115.0269913, 49.5140055], [-115.0271633, 49.5139007], [-115.027343, 49.5138689], [-115.0274, 49.513738], [-115.027563, 49.513467], [-115.028087, 49.512933], [-115.028502, 49.512461], [-115.028723, 49.512144], [-115.028918, 49.511925], [-115.029069, 49.511799], [-115.029295, 49.511686], [-115.029941, 49.511502], [-115.030044, 49.511449], [-115.030395, 49.511213], [-115.030676, 49.510959], [-115.030879, 49.510815], [-115.0309551, 49.5107474], [-115.031041, 49.510671], [-115.0313294, 49.5102266], [-115.0314151, 49.5101297], [-115.0315475, 49.5100713], [-115.0317409, 49.5100413], [-115.031996, 49.5100723], [-115.0323321, 49.5101053], [-115.0325137, 49.5101773], [-115.0326107, 49.510186], [-115.0330469, 49.5101626]]}}, {"type": "Feature", "properties": {"name": "Kiddie UP", "difficulty": "easy", "area": "Fernie", "osm_id": 453567252, "highway": "path", "stroke": "#22c55e"}, "geometry": {"type": "LineString", "coordinates": [[-115.0445471, 49.5046989], [-115.0446877, 49.5046538], [-115.0447433, 49.5045842], [-115.0448674, 49.5045353], [-115.0450625, 49.504496], [-115.0453275, 49.5044019], [-115.0455305, 49.5043876], [-115.0456401, 49.5043611], [-115.0458859, 49.5042048], [-115.0460122, 49.5041886], [-115.04607, 49.504142], [-115.0463291, 49.504], [-115.0464138, 49.5039065], [-115.0465372, 49.5038747], [-115.0467275, 49.5039336], [-115.0467998, 49.5038894], [-115.046846, 49.503808], [-115.0468602, 49.503646], [-115.0468652, 49.5035995], [-115.0469887, 49.5035776], [-115.0473515, 49.5035724], [-115.0474012, 49.5035511], [-115.0474095, 49.5034959], [-115.0473372, 49.5033403], [-115.047371, 49.5033073], [-115.0475284, 49.5032748], [-115.0475441, 49.5032483], [-115.0474367, 49.5031078], [-115.0474407, 49.503078], [-115.0475063, 49.5030791], [-115.0477018, 49.5031447], [-115.0478498, 49.5031852], [-115.0480019, 49.5032299], [-115.0480644, 49.5032287], [-115.0480761, 49.5031848], [-115.0480272, 49.5030993], [-115.0479759, 49.5030123], [-115.0480253, 49.5029843], [-115.04825, 49.50302], [-115.0483259, 49.5030364], [-115.0484962, 49.5031234], [-115.0485198, 49.5030108], [-115.0484644, 49.5029347], [-115.0482784, 49.5027644], [-115.0482649, 49.5027209], [-115.0482884, 49.5026989], [-115.0485341, 49.5026913], [-115.0489001, 49.5026576], [-115.0489803, 49.5026278], [-115.0490167, 49.502558], [-115.049079, 49.5025292], [-115.0491273, 49.5024954], [-115.0492266, 49.5024867], [-115.0492888, 49.5025032], [-115.0493795, 49.5025256], [-115.0494375, 49.5024934], [-115.0494651, 49.5022998], [-115.049474, 49.5022839], [-115.0495269, 49.5022965], [-115.0496213, 49.5023515], [-115.0496943, 49.5023636], [-115.0497571, 49.5023196], [-115.0497536, 49.5022581], [-115.049793, 49.5022083], [-115.0498396, 49.5022193], [-115.0498789, 49.5022759], [-115.0499791, 49.5022699], [-115.0500528, 49.50219], [-115.0501993, 49.5022357]]}}, {"type": "Feature", "properties": {"name": "Kiddy Down", "difficulty": "easy", "area": "Fernie", "osm_id": 1387414438, "highway": "path", "stroke": "#22c55e"}, "geometry": {"type": "LineString", "coordinates": [[-115.0467911, 49.5027816], [-115.0467773, 49.5027345], [-115.0468073, 49.5026989], [-115.0468963, 49.5026731], [-115.0470456, 49.5026735], [-115.0471038, 49.5026431], [-115.0471046, 49.5026026], [-115.0470346, 49.5025806], [-115.0468552, 49.5025179], [-115.0467652, 49.5025157], [-115.0466783, 49.5025075], [-115.0466549, 49.5024802], [-115.0466748, 49.5024626], [-115.0469571, 49.5023911], [-115.0469842, 49.5023722], [-115.0469521, 49.5023431], [-115.0465392, 49.5022426], [-115.0464998, 49.5022088], [-115.0465354, 49.5021711], [-115.0470848, 49.5019292], [-115.0471352, 49.5018492], [-115.0474121, 49.5017552], [-115.0475568, 49.501743], [-115.0478336, 49.5015468], [-115.0482489, 49.5013548], [-115.0483873, 49.501081], [-115.0485538, 49.5009619], [-115.0484503, 49.500844], [-115.0485572, 49.5004436], [-115.0486705, 49.500321], [-115.0485069, 49.500035], [-115.0485635, 49.4998674], [-115.0483685, 49.4999859], [-115.0481986, 49.5002229], [-115.0481802, 49.499935]]}}, {"type": "Feature", "properties": {"name": "Kids Stuff Upper", "difficulty": "easy", "area": "Fernie", "osm_id": 453567265, "highway": "path", "stroke": "#22c55e"}, "geometry": {"type": "LineString", "coordinates": [[-115.0268632, 49.5141245], [-115.0267986, 49.513989], [-115.0269107, 49.5138678], [-115.0270401, 49.5137937], [-115.0272353, 49.5134895], [-115.0272415, 49.513348], [-115.0273751, 49.5132373], [-115.0274594, 49.51301], [-115.027443, 49.512461], [-115.0275612, 49.5121841], [-115.0277369, 49.5120886], [-115.0279734, 49.5118496], [-115.027772, 49.5118135], [-115.0278117, 49.5116953], [-115.0277692, 49.5115984], [-115.02785, 49.5114456], [-115.0278185, 49.5112004], [-115.027903, 49.511088], [-115.02806, 49.510878], [-115.028176, 49.5107584], [-115.028084, 49.510603], [-115.0280429, 49.5104338], [-115.0284127, 49.5104926], [-115.0285617, 49.5104586], [-115.0286582, 49.5105236], [-115.0287868, 49.5108451], [-115.0288728, 49.510893], [-115.0291956, 49.5107875], [-115.0292854, 49.5107181], [-115.0294622, 49.5104484], [-115.0296534, 49.5104109], [-115.0297947, 49.510368], [-115.0299822, 49.5104693], [-115.0301005, 49.5104666], [-115.030216, 49.510382], [-115.0304892, 49.5102466], [-115.0307643, 49.5101413], [-115.030925, 49.509971], [-115.0309871, 49.50988], [-115.03115, 49.509939], [-115.0315475, 49.5100713]]}}, {"type": "Feature", "properties": {"name": "Kids' Loop", "difficulty": "easy", "area": "Fernie", "osm_id": 1354982486, "highway": "path", "stroke": "#22c55e"}, "geometry": {"type": "LineString", "coordinates": [[-115.0883244, 49.4865304], [-115.088639, 49.486319], [-115.088916, 49.4861751], [-115.0891721, 49.4860312], [-115.0896567, 49.4859637], [-115.0899752, 49.4859367], [-115.090169, 49.4858513], [-115.0904578, 49.4855445]]}}, {"type": "Feature", "properties": {"name": "Kodiak Karnage", "difficulty": "intermediate", "area": "Fernie", "osm_id": 648385878, "highway": "path"}, "geometry": {"type": "LineString", "coordinates": [[-115.1064554, 49.4640261], [-115.1066562, 49.4643693], [-115.1066669, 49.4644495], [-115.1066401, 49.4645175], [-115.1065703, 49.4645837], [-115.1065167, 49.4646343], [-115.1064872, 49.4646779], [-115.1064631, 49.4647371], [-115.106447, 49.4648138], [-115.1064121, 49.4648783], [-115.1062592, 49.4650073], [-115.1061385, 49.4650562], [-115.1060527, 49.4650962], [-115.1054953, 49.4652145], [-115.105535, 49.4654891], [-115.1056155, 49.4659766], [-115.1055779, 49.4662729], [-115.1054865, 49.4666867]]}}, {"type": "Feature", "properties": {"name": "Kush", "difficulty": "advanced", "area": "Fernie", "osm_id": 287131801, "highway": "path", "stroke": "#0a0a0a"}, "geometry": {"type": "LineString", "coordinates": [[-115.0258132, 49.515653], [-115.0257031, 49.5156065], [-115.0257081, 49.5153929], [-115.0257142, 49.5151714], [-115.0257343, 49.5150215], [-115.025631, 49.5149864], [-115.0254979, 49.5149791], [-115.025383, 49.515025], [-115.025291, 49.515075], [-115.0251349, 49.5152266], [-115.0249372, 49.5152728], [-115.024908, 49.51539], [-115.024838, 49.515508], [-115.024523, 49.515754], [-115.023942, 49.516082], [-115.023743, 49.51624], [-115.023541, 49.516449], [-115.023274, 49.516879], [-115.023135, 49.517201], [-115.022912, 49.517579], [-115.0228556, 49.5177306], [-115.0228076, 49.5178335], [-115.0227836, 49.5179145], [-115.022726, 49.5179924], [-115.0226588, 49.518061], [-115.022542, 49.518173], [-115.022469, 49.518248], [-115.022434, 49.518316], [-115.0223995, 49.5184132], [-115.0223947, 49.518488], [-115.0223995, 49.5185722], [-115.0224763, 49.5186906], [-115.0226732, 49.5188371]]}}, {"type": "Feature", "properties": {"name": "Kushier", "difficulty": "advanced", "area": "Fernie", "osm_id": [453842896, 1387409481], "highway": "path", "stroke": "#0a0a0a"}, "geometry": {"type": "MultiLineString", "coordinates": [[[-115.022048, 49.5215008], [-115.022065, 49.521565], [-115.022062, 49.52205], [-115.021992, 49.522466], [-115.0219314, 49.5226704], [-115.0219086, 49.5227004], [-115.0218442, 49.5228171], [-115.0218243, 49.5229064], [-115.0218254, 49.5229773], [-115.021871, 49.523033], [-115.0219515, 49.5232263], [-115.0219677, 49.5233361], [-115.0219609, 49.5233647], [-115.0219306, 49.5233928], [-115.0217758, 49.5235101], [-115.0216772, 49.5236284], [-115.0216658, 49.5236668], [-115.0216497, 49.5238026], [-115.021505, 49.523956], [-115.0214834, 49.5241055], [-115.0214687, 49.5241221], [-115.0214482, 49.5241337], [-115.0214237, 49.5241377], [-115.0213963, 49.5241377], [-115.0212769, 49.5241038], [-115.021233, 49.5240994], [-115.021179, 49.5241177], [-115.0211173, 49.5241656], [-115.0210948, 49.5242095], [-115.021083, 49.524297], [-115.0210409, 49.5243689], [-115.0209684, 49.5244233], [-115.0209175, 49.5244433], [-115.020778, 49.5244642], [-115.0207016, 49.524459], [-115.0206493, 49.5244424], [-115.0205929, 49.524398], [-115.0205447, 49.5243458], [-115.0204776, 49.5243249], [-115.0203877, 49.5243087]], [[-115.0226732, 49.5188371], [-115.0228604, 49.518859], [-115.023087, 49.5188886], [-115.0231249, 49.5188963], [-115.0231429, 49.5189154], [-115.023135, 49.5189438], [-115.0231042, 49.518961], [-115.0228527, 49.5190561], [-115.0228326, 49.51907], [-115.0228265, 49.5190874], [-115.0228312, 49.519104], [-115.022854, 49.5191209], [-115.0230217, 49.5192781], [-115.0230258, 49.5192978], [-115.0230257, 49.5193199], [-115.0230164, 49.5193956]]]}}, {"type": "Feature", "properties": {"name": "Kushier / Big Trouble Little Chainring", "difficulty": "advanced", "area": "Fernie", "osm_id": 1387409480, "highway": "path", "stroke": "#0a0a0a"}, "geometry": {"type": "LineString", "coordinates": [[-115.0230164, 49.5193956], [-115.0229937, 49.5195793], [-115.0229814, 49.5196063], [-115.0229623, 49.5196274], [-115.022706, 49.519891], [-115.0225961, 49.5201509], [-115.0225416, 49.5202471], [-115.0224396, 49.5203342], [-115.0224256, 49.5203527], [-115.0224155, 49.5203977], [-115.0224074, 49.5204317], [-115.0223793, 49.520463], [-115.0220485, 49.5207211], [-115.0220185, 49.5207625], [-115.021995, 49.5208102], [-115.0219407, 49.5210341], [-115.0219273, 49.5212083], [-115.0219421, 49.5212952], [-115.021981, 49.5213597], [-115.022048, 49.5215008]]}}, {"type": "Feature", "properties": {"name": "Kushiest", "difficulty": "advanced", "area": "Fernie", "osm_id": 647648044, "highway": "path", "stroke": "#0a0a0a"}, "geometry": {"type": "LineString", "coordinates": [[-115.0201048, 49.5280838], [-115.0198929, 49.5280855], [-115.0198178, 49.5280681], [-115.0197614, 49.5280455], [-115.0196865, 49.5280272], [-115.0195994, 49.5280341], [-115.0195077, 49.528034], [-115.0194522, 49.5280167], [-115.0194509, 49.5279517], [-115.019397, 49.5278985], [-115.0192786, 49.527887], [-115.0190399, 49.5278783], [-115.0189648, 49.5278853], [-115.0189165, 49.5279306], [-115.0189005, 49.5279915], [-115.0189031, 49.5280472], [-115.018879, 49.528082], [-115.0187932, 49.5281221], [-115.0186859, 49.5281691], [-115.0186349, 49.5281726], [-115.0185974, 49.5281586], [-115.0185786, 49.5281256], [-115.0185652, 49.5279758], [-115.0185598, 49.5279375], [-115.0185276, 49.5278992], [-115.0184793, 49.5278905], [-115.018415, 49.5278957], [-115.0183587, 49.5278975], [-115.0183318, 49.527887], [-115.0183023, 49.5278574], [-115.017967, 49.5275754], [-115.0178624, 49.5275075], [-115.0177739, 49.5274814], [-115.017638, 49.527461], [-115.0176103, 49.5274344], [-115.0175647, 49.5273874], [-115.0175191, 49.5272847], [-115.0174977, 49.5271645], [-115.017503, 49.527074], [-115.0175029, 49.5269966], [-115.0175261, 49.5268963], [-115.0176822, 49.5268876], [-115.0177283, 49.5268738], [-115.0177337, 49.5268372], [-115.0177069, 49.5267954], [-115.0174312, 49.5266238], [-115.0174317, 49.5265833], [-115.0174843, 49.5265719], [-115.0175967, 49.5265586], [-115.0176465, 49.5265228], [-115.0175979, 49.5264851], [-115.0175083, 49.5264505], [-115.0174015, 49.5264249], [-115.0173031, 49.5264005], [-115.0172568, 49.5263607], [-115.0172442, 49.526317], [-115.0172553, 49.5262546], [-115.0172688, 49.5262088], [-115.0173144, 49.5261527], [-115.0173193, 49.5261095], [-115.0173609, 49.526093], [-115.0174132, 49.526086], [-115.01744, 49.5260721], [-115.0174829, 49.5260512], [-115.0175245, 49.5260146], [-115.0176103, 49.5258927], [-115.017731, 49.5257883], [-115.0178008, 49.5257447], [-115.0178571, 49.525689], [-115.0179107, 49.5256316], [-115.0179456, 49.5255863], [-115.017967, 49.5255576], [-115.0179925, 49.5255419], [-115.0180462, 49.5255306], [-115.0180918, 49.5255141], [-115.0181213, 49.5254949], [-115.0181441, 49.5254662], [-115.0181414, 49.5254314], [-115.0181414, 49.5253339], [-115.018077, 49.5250448], [-115.0180046, 49.5249125], [-115.0179349, 49.5248028], [-115.0178732, 49.5246844], [-115.0178759, 49.5246252], [-115.0179027, 49.52458], [-115.0179536, 49.524533], [-115.0182245, 49.5244407], [-115.018423, 49.5243832], [-115.0186403, 49.5243641], [-115.0187476, 49.5243693], [-115.0190775, 49.5244285], [-115.0192518, 49.5244511], [-115.0193055, 49.524472], [-115.0193833, 49.5244912], [-115.0194503, 49.5244947], [-115.0195308, 49.524486], [-115.0196568, 49.5244598], [-115.0198848, 49.5244389], [-115.0200216, 49.5244198], [-115.0201986, 49.5243589], [-115.0203877, 49.5243087]]}}, {"type": "Feature", "properties": {"name": "Kushin", "difficulty": "advanced", "area": "Fernie", "osm_id": 647648045, "highway": "path", "stroke": "#0a0a0a"}, "geometry": {"type": "LineString", "coordinates": [[-115.017638, 49.527461], [-115.0177042, 49.5275737], [-115.0177444, 49.5277129], [-115.0177498, 49.527807], [-115.0176881, 49.5279114], [-115.0176157, 49.5279932], [-115.0174816, 49.5280716], [-115.0170202, 49.5282318], [-115.0166447, 49.5282892], [-115.0165738, 49.5283019], [-115.0165222, 49.5283153], [-115.0164542, 49.5283598], [-115.0163944, 49.5283837], [-115.0163446, 49.5283848], [-115.0162705, 49.5283643], [-115.0162214, 49.5283548], [-115.0161633, 49.5283541], [-115.0161069, 49.5283487], [-115.0160597, 49.5283525], [-115.0160266, 49.5283582], [-115.0159849, 49.5283854], [-115.015942, 49.5284494], [-115.0158883, 49.5285155], [-115.0157489, 49.5286513], [-115.0157167, 49.5287018], [-115.0156872, 49.5288707], [-115.0156494, 49.5289116], [-115.0156013, 49.5289403], [-115.0155075, 49.5289421], [-115.0154377, 49.5289368], [-115.0153358, 49.5288951], [-115.0152795, 49.5288707], [-115.0152231, 49.528862], [-115.0151185, 49.5288655], [-115.0149871, 49.5288742], [-115.0149066, 49.5288933], [-115.0148369, 49.5289264], [-115.0147833, 49.528949], [-115.0146921, 49.5289629], [-115.0146062, 49.5289612], [-115.0145553, 49.5289682], [-115.0145177, 49.5290047], [-115.0144963, 49.5290361], [-115.0144829, 49.5290813], [-115.0144855, 49.5291353], [-115.0144963, 49.5292084], [-115.0144802, 49.5292868], [-115.0144641, 49.5293372], [-115.0143917, 49.5294417], [-115.0143005, 49.5295653], [-115.0142978, 49.5296228], [-115.0143139, 49.5296854], [-115.0143541, 49.5297881], [-115.0144587, 49.5298909], [-115.0145097, 49.5299466], [-115.0145392, 49.5299796], [-115.0145472, 49.5300145], [-115.0145499, 49.5300719], [-115.0145767, 49.5301711], [-115.014617, 49.5302564], [-115.0146599, 49.5303156], [-115.0146921, 49.530347], [-115.0147082, 49.5303766], [-115.0147162, 49.5304236], [-115.014743, 49.530535], [-115.0147377, 49.5306847], [-115.0147404, 49.5307787], [-115.0147216, 49.530918], [-115.0147564, 49.5309963], [-115.0147949, 49.5310471], [-115.014885, 49.5310523], [-115.0149704, 49.5310538], [-115.0150262, 49.5310877], [-115.0149678, 49.5312294], [-115.0148734, 49.53134], [-115.0147949, 49.531417], [-115.0147673, 49.5314988], [-115.0147457, 49.5315899], [-115.0147377, 49.5316456], [-115.0146921, 49.531717], [-115.0146197, 49.5318615], [-115.0145955, 49.5319364], [-115.0146143, 49.5319834], [-115.0146223, 49.5320652], [-115.0146116, 49.5321244], [-115.0145821, 49.5321905], [-115.0145338, 49.532241], [-115.0145043, 49.5322897], [-115.0144963, 49.5325247], [-115.014507, 49.5326222], [-115.0145311, 49.5326936], [-115.014566, 49.5327545], [-115.0145794, 49.5327859], [-115.0145767, 49.5329599], [-115.0145687, 49.5330435], [-115.0145741, 49.5330766], [-115.0146116, 49.5331427], [-115.0146331, 49.5331932], [-115.0146411, 49.5332402], [-115.0146223, 49.5333185], [-115.0146036, 49.5334213], [-115.0145741, 49.5334978], [-115.0145365, 49.533557], [-115.0144802, 49.5336232], [-115.0144641, 49.5336597], [-115.0144721, 49.5337137], [-115.0144721, 49.5337555], [-115.0144534, 49.5337868], [-115.0144185, 49.5338164], [-115.0142844, 49.5338947], [-115.0142364, 49.5339451]]}}, {"type": "Feature", "properties": {"name": "La Bamba", "difficulty": "intermediate", "area": "Fernie", "osm_id": 647721745, "highway": "path"}, "geometry": {"type": "LineString", "coordinates": [[-115.0562325, 49.4726876], [-115.0563808, 49.4727491], [-115.0565005, 49.4727642], [-115.0567223, 49.4727351], [-115.0570432, 49.4726712], [-115.0574697, 49.4725858], [-115.057644, 49.472551], [-115.0577406, 49.4725458], [-115.0578452, 49.472558], [-115.0579927, 49.4725893], [-115.0580893, 49.4725893], [-115.0581724, 49.4725719], [-115.0582931, 49.4725266], [-115.0585962, 49.4723645], [-115.0588751, 49.4721954], [-115.0591981, 49.4719911]]}}, {"type": "Feature", "properties": {"name": "Lactic Ridge", "difficulty": "advanced", "area": "Fernie", "osm_id": 432986617, "highway": "path", "stroke": "#0a0a0a"}, "geometry": {"type": "LineString", "coordinates": [[-115.104517, 49.516631], [-115.104404, 49.516684], [-115.104336, 49.516691], [-115.104289, 49.516653], [-115.104307, 49.516574], [-115.104367, 49.516471], [-115.104567, 49.51624], [-115.104593, 49.516183], [-115.104588, 49.516118], [-115.104474, 49.516028], [-115.104194, 49.515927], [-115.104095, 49.515879], [-115.104063, 49.515834], [-115.104067, 49.515746], [-115.10415, 49.515604], [-115.104178, 49.515497], [-115.104141, 49.515416], [-115.104026, 49.515307], [-115.103596, 49.515068], [-115.103478, 49.514981], [-115.103388, 49.514892], [-115.103363, 49.514834], [-115.103394, 49.514693], [-115.103383, 49.514608], [-115.103255, 49.514445], [-115.103252, 49.514351], [-115.103313, 49.514035], [-115.103312, 49.513791], [-115.103347, 49.513585], [-115.103277, 49.513421], [-115.10334, 49.513316], [-115.103377, 49.513037], [-115.103347, 49.512945], [-115.103049, 49.512616], [-115.102944, 49.512529], [-115.102858, 49.512488], [-115.102708, 49.512453], [-115.102597, 49.512462], [-115.102398, 49.512565], [-115.102301, 49.512572], [-115.102013, 49.512522], [-115.101902, 49.512487], [-115.101797, 49.512431], [-115.1016, 49.512286], [-115.101223, 49.512147], [-115.101146, 49.512099], [-115.101087, 49.511988], [-115.101141, 49.511724], [-115.101099, 49.511656], [-115.100895, 49.511519], [-115.10075, 49.511368], [-115.10061, 49.511178], [-115.100564, 49.511049], [-115.100517, 49.510987], [-115.100424, 49.510943], [-115.10022, 49.510904], [-115.100092, 49.510828], [-115.100037, 49.510757], [-115.100031, 49.510709], [-115.100079, 49.510641], [-115.100264, 49.510492], [-115.100296, 49.510426], [-115.100265, 49.510374], [-115.100203, 49.510354], [-115.0998426, 49.5103201]]}}, {"type": "Feature", "properties": {"name": "Lake Trail", "difficulty": "easy", "area": "Fernie / Island Lake", "osm_id": [648385833, 1358446642, 1358446643], "highway": "path", "stroke": "#22c55e"}, "geometry": {"type": "MultiLineString", "coordinates": [[[-115.181165, 49.507614], [-115.1810766, 49.5074222], [-115.1810256, 49.5073752], [-115.1809264, 49.5073194], [-115.1808218, 49.5072864], [-115.1806957, 49.5072794], [-115.1805482, 49.5073003], [-115.180398, 49.5073595], [-115.1801539, 49.5075128], [-115.1800091, 49.5076033], [-115.1799501, 49.5076208], [-115.1798857, 49.5076208], [-115.1797596, 49.5075859], [-115.1795719, 49.5074971], [-115.1793519, 49.5073282], [-115.1792259, 49.5071174], [-115.1792178, 49.5070564], [-115.1792446, 49.5069589], [-115.1793439, 49.5068039], [-115.1794458, 49.5066384], [-115.1794565, 49.5065757], [-115.1794377, 49.5061386], [-115.1794082, 49.5060915], [-115.1793251, 49.5060184], [-115.1787136, 49.5054715], [-115.178499, 49.505191], [-115.1784614, 49.5051545], [-115.1784024, 49.5051266], [-115.1782522, 49.5050952], [-115.1780645, 49.5050848], [-115.1779733, 49.505097], [-115.1779357, 49.5051266], [-115.1779196, 49.5051789], [-115.1780323, 49.5055603], [-115.1780242, 49.5056056], [-115.1779706, 49.5056352], [-115.1779062, 49.5056456], [-115.1778096, 49.50563], [-115.1776889, 49.505576], [-115.1776273, 49.5055551], [-115.1775736, 49.5055498], [-115.1774905, 49.5055568], [-115.1767274, 49.5056822]], [[-115.1736965, 49.5057336], [-115.1735409, 49.5057963], [-115.1734819, 49.505852], [-115.1734524, 49.5059339], [-115.1734363, 49.5060541], [-115.173447, 49.506176], [-115.1734846, 49.5062596], [-115.1736804, 49.5064425], [-115.1737206, 49.506493], [-115.1737555, 49.5065766], [-115.1738038, 49.5066393], [-115.1740344, 49.5067926], [-115.1749437, 49.507289], [-115.1753138, 49.507592], [-115.1754285, 49.5077053], [-115.1758181, 49.5080901], [-115.1760997, 49.5084332], [-115.176266, 49.5085656], [-115.1764967, 49.5086318], [-115.1765764, 49.5087242]], [[-115.181165, 49.507614], [-115.1811477, 49.5076382], [-115.1811477, 49.5076669], [-115.1812025, 49.507989], [-115.1811522, 49.508156], [-115.1810913, 49.5082469], [-115.1810565, 49.5082826], [-115.1810068, 49.5083218], [-115.1809586, 49.5083383], [-115.1808996, 49.5083418], [-115.1808499, 49.508334], [-115.1806409, 49.5082943], [-115.1803376, 49.5083053], [-115.1802089, 49.50832], [-115.1801125, 49.5083398], [-115.1800252, 49.508374], [-115.1799742, 49.5084097], [-115.1799527, 49.508442], [-115.1799501, 49.5084803], [-115.1800209, 49.5086757], [-115.1800144, 49.508738], [-115.1799916, 49.5087772], [-115.1799366, 49.5088199], [-115.1798749, 49.508853], [-115.1797984, 49.5088817], [-115.1795169, 49.5089174], [-115.1794126, 49.5089312], [-115.1788424, 49.5089369], [-115.1787659, 49.508934], [-115.1786532, 49.5089148], [-115.178499, 49.5088617], [-115.1783638, 49.5087893], [-115.1780445, 49.5085628], [-115.1780229, 49.5085456], [-115.17798, 49.5085395], [-115.1779451, 49.5085482], [-115.1779119, 49.5085589], [-115.1777808, 49.5087821], [-115.1777171, 49.508839], [-115.1776275, 49.5088898], [-115.1775486, 49.5089008], [-115.1774189, 49.5088917], [-115.1766633, 49.5087196], [-115.1765764, 49.5087242], [-115.1764695, 49.5087845], [-115.1762741, 49.5089949]]]}}, {"type": "Feature", "properties": {"name": "Lazy Lizard", "difficulty": "easy", "area": "Fernie / Island Lake", "osm_id": 450848407, "highway": "path", "stroke": "#22c55e"}, "geometry": {"type": "LineString", "coordinates": [[-115.1756894, 49.5089601], [-115.175645, 49.508726], [-115.175484, 49.50862], [-115.17529, 49.508559], [-115.174962, 49.508498], [-115.174463, 49.508328], [-115.17432, 49.508325], [-115.174086, 49.508418], [-115.173901, 49.50846], [-115.173845, 49.508488], [-115.173796, 49.508544], [-115.173669, 49.5088022], [-115.172992, 49.509566], [-115.172803, 49.50973], [-115.172718, 49.509765], [-115.172604, 49.509743], [-115.172042, 49.509286], [-115.171952, 49.509179], [-115.17191, 49.509013], [-115.171879, 49.508729], [-115.171665, 49.508348], [-115.171613, 49.507975], [-115.171566, 49.507884], [-115.171445, 49.507765], [-115.1711579, 49.5075452], [-115.171061, 49.507471], [-115.170737, 49.507258], [-115.170599, 49.507086], [-115.170536, 49.507039], [-115.170381, 49.50695], [-115.1702751, 49.5068751], [-115.170122, 49.506767], [-115.170006, 49.506731], [-115.169871, 49.50673], [-115.16925, 49.50686], [-115.168752, 49.50704], [-115.168633, 49.507041], [-115.168464, 49.50701], [-115.167672, 49.506684], [-115.167295, 49.506508], [-115.167165, 49.506462], [-115.167007, 49.506442], [-115.166698, 49.506479], [-115.166367, 49.506474], [-115.166212, 49.506494], [-115.166003, 49.506575], [-115.165683, 49.506745], [-115.165194, 49.506922], [-115.165008, 49.506932], [-115.1646561, 49.5069193], [-115.1643701, 49.5068618], [-115.1641553, 49.5068253], [-115.1637897, 49.5067974], [-115.163054, 49.506795], [-115.162676, 49.506758], [-115.162053, 49.506803], [-115.161469, 49.506922], [-115.161212, 49.507025], [-115.160398, 49.507137], [-115.160221, 49.507148], [-115.160006, 49.507128], [-115.159661, 49.507071], [-115.158886, 49.506876], [-115.158799, 49.506877], [-115.158572, 49.506938], [-115.158277, 49.506968], [-115.157926, 49.506927], [-115.157616, 49.506953], [-115.156879, 49.506883], [-115.156378, 49.506801], [-115.155974, 49.506636], [-115.15589, 49.506609], [-115.15579, 49.506602], [-115.15574, 49.506616], [-115.155706, 49.506684], [-115.155879, 49.506909], [-115.155885, 49.506976], [-115.155853, 49.50703], [-115.155728, 49.507096], [-115.15546, 49.507164], [-115.155004, 49.507416], [-115.154882, 49.507524], [-115.154693, 49.507751], [-115.154418, 49.508219], [-115.154152, 49.508508], [-115.15412, 49.508575], [-115.154159, 49.508782], [-115.15415, 49.509131], [-115.154227, 49.509455], [-115.154221, 49.509534], [-115.154182, 49.509617], [-115.154078, 49.509709], [-115.153886, 49.509771], [-115.153528, 49.509816], [-115.15326, 49.509871], [-115.153025, 49.509941], [-115.152896, 49.50996], [-115.152793, 49.509947], [-115.152728, 49.50992], [-115.152671, 49.509862], [-115.152653, 49.509792], [-115.152666, 49.50972], [-115.152704, 49.509653], [-115.153039, 49.509302], [-115.153125, 49.509182], [-115.153124, 49.509078], [-115.153072, 49.509018], [-115.152988, 49.508977], [-115.152926, 49.50897], [-115.152828, 49.50899], [-115.15274, 49.509037], [-115.152429, 49.509266], [-115.152253, 49.50935], [-115.15212, 49.509395], [-115.151853, 49.509452], [-115.151735, 49.509512], [-115.151545, 49.509654], [-115.151462, 49.509695], [-115.151369, 49.509702], [-115.15129, 49.509663], [-115.151239, 49.509598], [-115.151162, 49.509415], [-115.15111, 49.509122], [-115.151124, 49.508972], [-115.151208, 49.508792], [-115.151235, 49.508669], [-115.151214, 49.508563], [-115.151157, 49.508473], [-115.151104, 49.508437], [-115.151015, 49.508424], [-115.150932, 49.508446], [-115.150693, 49.508554], [-115.150487, 49.508603], [-115.150285, 49.508617], [-115.150173, 49.508593], [-115.150094, 49.508546], [-115.14986, 49.50823], [-115.149524, 49.507905], [-115.149497, 49.507836], [-115.149506, 49.507693], [-115.149658, 49.507425], [-115.149678, 49.507356], [-115.149622, 49.507093], [-115.149626, 49.506992], [-115.149791, 49.506793], [-115.14978, 49.506722], [-115.149677, 49.506576], [-115.149603, 49.50628], [-115.149508, 49.50625], [-115.149421, 49.506268], [-115.149258, 49.506353], [-115.149165, 49.506377], [-115.149069, 49.506361], [-115.148992, 49.506313], [-115.148946, 49.506256], [-115.148909, 49.50617], [-115.148815, 49.505734], [-115.148549, 49.505307], [-115.148487, 49.505153], [-115.148479, 49.504938], [-115.148431, 49.504654], [-115.148253, 49.504211], [-115.14823, 49.503961], [-115.148187, 49.503804], [-115.148001, 49.503439], [-115.147816, 49.503284], [-115.147353, 49.502982], [-115.14709, 49.50284], [-115.146933, 49.502721], [-115.146816, 49.502662], [-115.146508, 49.502568], [-115.146013, 49.502442], [-115.145101, 49.502328], [-115.144522, 49.502229], [-115.144333, 49.502219], [-115.143641, 49.502309], [-115.143384, 49.502283], [-115.143315, 49.502261], [-115.143257, 49.502193], [-115.14331, 49.502026], [-115.143307, 49.501958], [-115.143248, 49.501892], [-115.143157, 49.501852], [-115.143052, 49.50183], [-115.142726, 49.501802], [-115.142596, 49.501826], [-115.142268, 49.501971], [-115.142139, 49.501977], [-115.142036, 49.501938], [-115.141752, 49.501652], [-115.141428, 49.501396], [-115.141186, 49.501179], [-115.14061, 49.500847], [-115.140291, 49.500626], [-115.140069, 49.500505], [-115.13989, 49.500384], [-115.13968, 49.500182], [-115.139418, 49.499986], [-115.138786, 49.49961], [-115.138421, 49.499343], [-115.138303, 49.499299], [-115.1379464, 49.4992634], [-115.137732, 49.499242], [-115.137628, 49.499256], [-115.137505, 49.499312], [-115.137385, 49.499432], [-115.137144, 49.499956], [-115.137017, 49.500094], [-115.136874, 49.50019], [-115.13676, 49.500303], [-115.136689, 49.500453], [-115.136655, 49.500585], [-115.136453, 49.500848], [-115.136324, 49.500963], [-115.13624, 49.501007], [-115.136143, 49.501034], [-115.136078, 49.501036], [-115.135951, 49.50101], [-115.135803, 49.500919], [-115.135567, 49.500523], [-115.135431, 49.500244], [-115.134839, 49.499543], [-115.134698, 49.499274], [-115.13455, 49.499064], [-115.134456, 49.49887], [-115.134122, 49.498471], [-115.133911, 49.49832], [-115.133649, 49.498227], [-115.133044, 49.497949], [-115.132474, 49.497834], [-115.1319, 49.497757], [-115.131764, 49.497752], [-115.13157, 49.497787], [-115.131435, 49.497873], [-115.131351, 49.498032], [-115.131297, 49.498092], [-115.131175, 49.498143], [-115.130841, 49.49819], [-115.130316, 49.498312], [-115.130158, 49.498335], [-115.130067, 49.498327], [-115.129926, 49.498274], [-115.129624, 49.498118], [-115.129479, 49.498036], [-115.129308, 49.497907], [-115.129211, 49.497783], [-115.129227, 49.497599], [-115.129187, 49.4975], [-115.129109, 49.497439], [-115.128984, 49.497387], [-115.128852, 49.497366], [-115.1286733, 49.4973455], [-115.128386, 49.497304], [-115.128181, 49.497286], [-115.127829, 49.497155], [-115.127633, 49.497119], [-115.127513, 49.49708], [-115.127417, 49.49702], [-115.127372, 49.496959], [-115.127327, 49.496802], [-115.127248, 49.496712], [-115.12711, 49.496636], [-115.126856, 49.496563], [-115.12642, 49.496408], [-115.125927, 49.496194], [-115.12577, 49.496177], [-115.125405, 49.496061], [-115.125309, 49.49601], [-115.124946, 49.496001], [-115.124427, 49.496038], [-115.124263, 49.496036], [-115.123986, 49.495987], [-115.123759, 49.495921], [-115.123615, 49.495896], [-115.12341, 49.495886], [-115.1230487, 49.4957941], [-115.122933, 49.495821], [-115.122782, 49.49586], [-115.122513, 49.496028], [-115.122311, 49.496221], [-115.121873, 49.496532], [-115.121779, 49.496629], [-115.121649, 49.496981], [-115.121453, 49.497117], [-115.121369, 49.497155], [-115.121281, 49.497154], [-115.121191, 49.497103], [-115.121028, 49.496945], [-115.120772, 49.496782], [-115.120653, 49.496724], [-115.120419, 49.496649], [-115.120351, 49.496611], [-115.120306, 49.49655], [-115.120228, 49.496321], [-115.119953, 49.49595], [-115.119788, 49.495675], [-115.119598, 49.495468], [-115.119505, 49.495338], [-115.119379, 49.495083], [-115.119267, 49.494706], [-115.119181, 49.494575], [-115.118984, 49.494416], [-115.118835, 49.494352], [-115.118637, 49.494294], [-115.118271, 49.494043], [-115.117853, 49.493854], [-115.117697, 49.4938], [-115.117447, 49.493756], [-115.116648, 49.49377], [-115.116405, 49.493749], [-115.116201, 49.493697], [-115.116118, 49.493654], [-115.115975, 49.493441], [-115.11589, 49.493398], [-115.115467, 49.493302], [-115.11481, 49.492979], [-115.114464, 49.492841], [-115.114314, 49.492749], [-115.114015, 49.492606], [-115.113325, 49.49237], [-115.1134686, 49.4923735], [-115.1139077, 49.4924862], [-115.1138589, 49.4923841], [-115.1140215, 49.4923946], [-115.1140059, 49.4923242]]}}, {"type": "Feature", "properties": {"name": "Lazy Lizard Connector", "difficulty": "easy", "area": "Fernie", "osm_id": 648385847, "highway": "path", "stroke": "#22c55e"}, "geometry": {"type": "LineString", "coordinates": [[-115.0946034, 49.4902876], [-115.0950393, 49.4898075], [-115.0951989, 49.489644], [-115.09549, 49.4894416], [-115.0956026, 49.4893893], [-115.0957206, 49.489351], [-115.0958279, 49.4893371], [-115.0960371, 49.4893405], [-115.096241, 49.489351], [-115.0964234, 49.4893231], [-115.0966862, 49.4892569], [-115.0969384, 49.4891837], [-115.0971046, 49.4891628], [-115.0972173, 49.4891628], [-115.097625, 49.4892256], [-115.097802, 49.4892813], [-115.0979039, 49.4893266], [-115.097963, 49.4893684], [-115.0981293, 49.489473], [-115.0982312, 49.4895078], [-115.098376, 49.4895357], [-115.0987032, 49.489574], [-115.0992451, 49.4896158], [-115.0994006, 49.4896402], [-115.0995455, 49.4896855], [-115.0999612, 49.4898092], [-115.1000202, 49.4898197], [-115.1000739, 49.4898197], [-115.1001382, 49.4898058], [-115.1004976, 49.489743], [-115.1005674, 49.489743], [-115.1006425, 49.4897552], [-115.1007605, 49.4897936], [-115.1010153, 49.489865], [-115.1010797, 49.4898964], [-115.101356, 49.4900532], [-115.102225, 49.4904504], [-115.102284, 49.4904661], [-115.1023457, 49.4904713], [-115.1029519, 49.4904591], [-115.1031423, 49.490426], [-115.1033247, 49.4904138], [-115.1034481, 49.4904208], [-115.1035795, 49.4904452], [-115.1037833, 49.4905114], [-115.1039094, 49.4905427], [-115.1039738, 49.4905532], [-115.1040569, 49.4905549], [-115.1042313, 49.4905445], [-115.1044593, 49.4905584], [-115.1047677, 49.4906037], [-115.1050547, 49.4906856], [-115.1057494, 49.4909243], [-115.1058916, 49.4909487], [-115.1061035, 49.4909661], [-115.1062483, 49.4909679], [-115.1065916, 49.4909661], [-115.1066855, 49.4909748], [-115.1067901, 49.4909992], [-115.107576, 49.4912606], [-115.1077691, 49.4913181], [-115.1079703, 49.4913494], [-115.1081017, 49.4913738], [-115.1081473, 49.4913895], [-115.1081795, 49.4914243], [-115.1081822, 49.4914714], [-115.108158, 49.4915236], [-115.1079917, 49.4917136], [-115.107981, 49.4917745], [-115.1079891, 49.4919418], [-115.1079998, 49.4919836], [-115.1080293, 49.4920359], [-115.108091, 49.4920968], [-115.1081312, 49.4921421], [-115.1081339, 49.4921979], [-115.1081205, 49.4922415], [-115.1079971, 49.4925568], [-115.1079944, 49.4926213], [-115.1080105, 49.4926718], [-115.1080534, 49.4927223], [-115.1082975, 49.4928965], [-115.1085416, 49.4930394], [-115.1085818, 49.4930498], [-115.1086355, 49.4930551], [-115.1086864, 49.4930498], [-115.1087186, 49.4930254], [-115.1087481, 49.4929923], [-115.1088098, 49.4928408], [-115.1088339, 49.4927868], [-115.1088581, 49.4927537], [-115.1089384, 49.4927216], [-115.1090619, 49.4926596], [-115.1091075, 49.4926265], [-115.1091397, 49.4925934], [-115.1091531, 49.4925551], [-115.1092148, 49.4923303], [-115.1093597, 49.4921178], [-115.1095796, 49.4919313], [-115.1096628, 49.4918791], [-115.1098237, 49.4918268], [-115.1099256, 49.4918216], [-115.110135, 49.491859], [-115.1105827, 49.4920446], [-115.1110092, 49.4921909], [-115.1110655, 49.4922031], [-115.1111782, 49.4922171], [-115.1118273, 49.4922345], [-115.1124603, 49.4923181], [-115.1129726, 49.4923878], [-115.113325, 49.49237]]}}, {"type": "Feature", "properties": {"name": "Lil' Miss Buffit", "difficulty": "intermediate", "area": "Fernie", "osm_id": 1449279034, "highway": "path"}, "geometry": {"type": "LineString", "coordinates": [[-115.1054865, 49.4666867], [-115.1053178, 49.4668532], [-115.1048682, 49.466893], [-115.1045139, 49.4670391], [-115.10433, 49.4670701], [-115.1038939, 49.467048], [-115.1036827, 49.46711], [-115.1034034, 49.4672694], [-115.1031718, 49.4673181], [-115.1028584, 49.4672871], [-115.1027358, 49.4672959], [-115.1026131, 49.4673579], [-115.1025041, 49.4673889], [-115.102218, 49.467442], [-115.1019523, 49.4674775], [-115.1018459, 49.4674402]]}}, {"type": "Feature", "properties": {"name": "Lizard Creek Trail", "difficulty": "easy", "area": "Fernie", "osm_id": 1358446639, "highway": "path", "stroke": "#22c55e"}, "geometry": {"type": "LineString", "coordinates": [[-115.1202684, 49.4911284], [-115.1199343, 49.4911051], [-115.1196741, 49.4910702], [-115.1158546, 49.4903803], [-115.114653, 49.4902966], [-115.1135587, 49.4901433], [-115.1129257, 49.4899482], [-115.1122283, 49.4897809], [-115.1118313, 49.4897252], [-115.111252, 49.4895579], [-115.1107155, 49.4893976], [-115.1104473, 49.4893558], [-115.1100611, 49.4893279], [-115.1092564, 49.4893488], [-115.1087307, 49.4893767], [-115.1083874, 49.4893558], [-115.1057259, 49.4892406]]}}, {"type": "Feature", "properties": {"name": "Lizard Lake Trail", "difficulty": "easy", "area": "Fernie", "osm_id": [648385841, 648385842], "highway": "path", "stroke": "#22c55e"}, "geometry": {"type": "MultiLineString", "coordinates": [[[-115.1202684, 49.4911284], [-115.1198565, 49.4914605], [-115.1192879, 49.4916417], [-115.1189412, 49.4919457], [-115.1180821, 49.4922969]], [[-115.1414724, 49.4768599], [-115.1413383, 49.477069], [-115.1413383, 49.4771248], [-115.1413598, 49.4772015], [-115.1416655, 49.4775988], [-115.1416709, 49.4776511], [-115.1416468, 49.4777052], [-115.1415878, 49.4777609], [-115.1415207, 49.4777801], [-115.1413437, 49.4777871], [-115.1412257, 49.4777906], [-115.1410996, 49.4778045], [-115.1409279, 49.4778498], [-115.1406436, 49.4780241], [-115.1403459, 49.4781443], [-115.140252, 49.4781618], [-115.1401581, 49.4781635], [-115.1400187, 49.4781217], [-115.1397075, 49.4780223], [-115.1395815, 49.4780067], [-115.1387634, 49.4779997], [-115.1386507, 49.4780223], [-115.138522, 49.4780642], [-115.138235, 49.4782053], [-115.1381572, 49.4782227], [-115.1380955, 49.478228], [-115.1378541, 49.4782315], [-115.1377924, 49.4782454], [-115.1377602, 49.4782698], [-115.1376369, 49.47835], [-115.1375618, 49.4783657], [-115.1374974, 49.4783674], [-115.1374089, 49.4783552], [-115.1372104, 49.4783029], [-115.137138, 49.4782994], [-115.1370495, 49.4783081], [-115.1365452, 49.4784789], [-115.1360892, 49.478641], [-115.1360195, 49.4786759], [-115.1358773, 49.47877], [-115.1358183, 49.4788327], [-115.1357835, 49.4789198], [-115.1357727, 49.478993], [-115.1357352, 49.4790558], [-115.1356306, 49.479122], [-115.1354777, 49.4792318], [-115.135357, 49.4793573], [-115.1348125, 49.4801153], [-115.1346891, 49.4803157], [-115.134327, 49.4806433], [-115.1342224, 49.4807322], [-115.1341714, 49.4807514], [-115.1341339, 49.4807514], [-115.1340937, 49.4807427], [-115.1340534, 49.4807235], [-115.1340186, 49.4806921], [-115.1339864, 49.4806433], [-115.1339622, 49.4805562], [-115.1339354, 49.4805248], [-115.1338979, 49.4805057], [-115.1338335, 49.4805039], [-115.1337235, 49.4805214], [-115.133686, 49.480537], [-115.133635, 49.4805667], [-115.1335894, 49.4805789], [-115.1335143, 49.4805876], [-115.1334633, 49.4805876], [-115.1333721, 49.4805911], [-115.1332997, 49.4806033], [-115.1332219, 49.4806207], [-115.1331173, 49.4806573], [-115.1329725, 49.4807427], [-115.1328625, 49.4808246], [-115.1327901, 49.4809204], [-115.1327445, 49.4810354], [-115.1327284, 49.4811173], [-115.1327445, 49.4811661], [-115.1327794, 49.4812149], [-115.1328277, 49.4812724], [-115.1330369, 49.4814519], [-115.1330556, 49.4815007], [-115.1330315, 49.4815687], [-115.1330127, 49.4816105], [-115.1330101, 49.4816593], [-115.1330342, 49.4817029], [-115.1330744, 49.4817638], [-115.1330986, 49.4818318], [-115.1331012, 49.4819033], [-115.1330583, 49.4820549], [-115.1330315, 49.4820984], [-115.132994, 49.4821315], [-115.1329537, 49.4821577], [-115.1329028, 49.4821856], [-115.1328598, 49.4822204], [-115.1328384, 49.4822762], [-115.1327687, 49.482433], [-115.1327284, 49.4824905], [-115.1326533, 49.4825428], [-115.1326211, 49.4825698], [-115.1325997, 49.482602], [-115.132605, 49.4828251], [-115.1326238, 49.4828791], [-115.1326667, 49.4829192], [-115.1327204, 49.4829401], [-115.1328008, 49.4829471], [-115.1330181, 49.482961], [-115.1331093, 49.4829784], [-115.13323, 49.483022], [-115.1336618, 49.4832572], [-115.1337021, 49.483306], [-115.1337155, 49.4833635], [-115.1336833, 49.4841407], [-115.1336645, 49.4841982], [-115.133627, 49.4842505], [-115.1329484, 49.4850294], [-115.1325568, 49.4855434], [-115.1325353, 49.4855957], [-115.1325058, 49.4856933], [-115.1324226, 49.4860296], [-115.1324226, 49.4860714], [-115.1324387, 49.4861324], [-115.1326372, 49.4866656], [-115.132648, 49.4867126], [-115.1326345, 49.4867631], [-115.1325863, 49.4868154], [-115.1324575, 49.4869008], [-115.1321035, 49.4871012], [-115.1320525, 49.4871499], [-115.1319399, 49.4872667], [-115.1318701, 49.4873817], [-115.1318379, 49.4874688], [-115.1318218, 49.4875402], [-115.1317977, 49.4875908], [-115.1317521, 49.487657], [-115.1316502, 49.4877162], [-115.1313176, 49.4879236], [-115.1306417, 49.4886379], [-115.1305585, 49.4886798], [-115.130478, 49.4886989], [-115.130293, 49.488732], [-115.1301803, 49.4887599], [-115.1296278, 49.4890108], [-115.1290216, 49.4892303], [-115.1289009, 49.4892791], [-115.1288526, 49.4893314], [-115.1287856, 49.4893976], [-115.1286381, 49.4895318], [-115.1285549, 49.4895596], [-115.1284181, 49.4895858], [-115.1283216, 49.4896032], [-115.1281526, 49.4896415], [-115.1280131, 49.4897025], [-115.1275813, 49.4897966], [-115.1273479, 49.4898297], [-115.1271333, 49.4898367], [-115.1270126, 49.4898192], [-115.1269268, 49.4898175], [-115.1268678, 49.4898262], [-115.1268222, 49.4898471], [-115.1267525, 49.4898942], [-115.1266854, 49.4899604], [-115.1265647, 49.4900423], [-115.1263018, 49.4901503], [-115.1256447, 49.4903141], [-115.1248347, 49.4905737], [-115.1243948, 49.490727], [-115.1243358, 49.4907409], [-115.1242821, 49.4907444], [-115.1242392, 49.4907409], [-115.1240568, 49.4907026], [-115.1239978, 49.4906939], [-115.1239308, 49.4906869], [-115.1238798, 49.4906904], [-115.1238262, 49.4907009], [-115.1232361, 49.4908542], [-115.1222437, 49.4911312], [-115.1216884, 49.4912305], [-115.1212486, 49.491281], [-115.1209857, 49.4912706], [-115.1208409, 49.4912462], [-115.1207121, 49.4911974], [-115.1205566, 49.4911486], [-115.1202684, 49.4911284]]]}}, {"type": "Feature", "properties": {"name": "Loose Change", "difficulty": "intermediate", "area": "Fernie", "osm_id": 453842899, "highway": "path"}, "geometry": {"type": "LineString", "coordinates": [[-115.0161937, 49.534447], [-115.0158275, 49.5346227], [-115.0156353, 49.5346831], [-115.0154064, 49.534671], [-115.015302, 49.5346356], [-115.0151732, 49.5345042], [-115.0151013, 49.5344355], [-115.0149482, 49.5344317], [-115.0148166, 49.534438], [-115.0146867, 49.5344422], [-115.0146317, 49.53443], [-115.0144279, 49.5343752], [-115.0143143, 49.534316], [-115.014271, 49.5342899], [-115.0142324, 49.5342413], [-115.0142126, 49.5341405], [-115.0142364, 49.5339451]]}}, {"type": "Feature", "properties": {"name": "Lower Eco-Terrorist", "difficulty": "intermediate", "area": "Fernie", "osm_id": 287131798, "highway": "path", "stroke": "#3b82f6"}, "geometry": {"type": "LineString", "coordinates": [[-115.0503268, 49.5020972], [-115.0501993, 49.5022357], [-115.0499194, 49.5023708], [-115.0497531, 49.5024488], [-115.0496322, 49.5025322], [-115.049535, 49.5025881], [-115.0493707, 49.5026095], [-115.0493099, 49.5026174], [-115.049129, 49.5026872], [-115.0490283, 49.502757], [-115.0489455, 49.5028748], [-115.048797, 49.5030357], [-115.0486567, 49.503113], [-115.0486219, 49.5031495], [-115.048588, 49.5032245], [-115.0485321, 49.503249], [-115.048429, 49.5032198], [-115.0483689, 49.5032332], [-115.048205, 49.503357], [-115.0479747, 49.5035218], [-115.047801, 49.503705], [-115.047685, 49.503776], [-115.0475528, 49.5038545], [-115.047407, 49.50391], [-115.047108, 49.504003], [-115.0468282, 49.5041152], [-115.0462359, 49.5045259], [-115.0460728, 49.5045992], [-115.0457362, 49.5046291], [-115.045605, 49.504659], [-115.045275, 49.504743], [-115.044884, 49.504737], [-115.0445471, 49.5046989], [-115.0444686, 49.5047929], [-115.0443016, 49.5049312], [-115.0443221, 49.5050113], [-115.044306, 49.505296], [-115.044249, 49.505451], [-115.044186, 49.505549], [-115.0439876, 49.5057138], [-115.0438669, 49.5058471], [-115.043348, 49.50647], [-115.043028, 49.506742], [-115.042874, 49.506932], [-115.042494, 49.507294], [-115.042269, 49.507472], [-115.042183, 49.507584], [-115.0420599, 49.5077211], [-115.0420425, 49.5078271], [-115.042159, 49.5081769], [-115.0420125, 49.5083976], [-115.041745, 49.508605], [-115.0415615, 49.5087958], [-115.041526, 49.508468], [-115.041463, 49.508294], [-115.041471, 49.508181], [-115.041582, 49.507857], [-115.041676, 49.507653], [-115.041772, 49.507515], [-115.042146, 49.507102], [-115.0421989, 49.506946], [-115.0421539, 49.506849], [-115.0420072, 49.50674], [-115.0418399, 49.5066659], [-115.0415772, 49.50657], [-115.0405921, 49.5063621], [-115.0398881, 49.5063213]]}}, {"type": "Feature", "properties": {"name": "Lower FloReka", "difficulty": "intermediate", "area": "Fernie", "osm_id": 1387404122, "highway": "path", "stroke": "#3b82f6"}, "geometry": {"type": "LineString", "coordinates": [[-115.0294657, 49.4999061], [-115.0295908, 49.4998441], [-115.0296225, 49.4998042], [-115.0296284, 49.4996587], [-115.0296839, 49.4996085], [-115.02989, 49.4995313], [-115.0298761, 49.4994824], [-115.0296581, 49.4993885], [-115.0296443, 49.4993267], [-115.0298623, 49.4992559], [-115.0298365, 49.4992108], [-115.0297097, 49.4991581], [-115.0296978, 49.499068], [-115.0296284, 49.4989997], [-115.0296482, 49.4989109], [-115.0295234, 49.4987771], [-115.0295452, 49.4987179], [-115.0298226, 49.4986895], [-115.0299812, 49.4986085], [-115.0302309, 49.4985892], [-115.0303028, 49.4984808], [-115.0304363, 49.4985536], [-115.0304506, 49.4983492], [-115.030701, 49.4985474], [-115.0307677, 49.4985412], [-115.0307868, 49.4984483], [-115.0307105, 49.4983616], [-115.0306366, 49.4982114], [-115.0304721, 49.4981014], [-115.0303743, 49.4981277], [-115.0302289, 49.4983244], [-115.0301192, 49.4983616], [-115.029907, 49.4983368], [-115.0298451, 49.4982779], [-115.0297282, 49.4982516], [-115.0295303, 49.4983569], [-115.0293682, 49.4983538], [-115.029342, 49.4982857], [-115.029373, 49.4982036], [-115.0295208, 49.4980937], [-115.0296901, 49.4980441], [-115.0299261, 49.4976369], [-115.0298665, 49.4975579], [-115.029733, 49.4975889], [-115.02964, 49.4977267], [-115.029435, 49.497784], [-115.0293062, 49.4979171], [-115.0290177, 49.4979326], [-115.028858, 49.4978351], [-115.0289224, 49.4976709], [-115.0292776, 49.4977019], [-115.029342, 49.4976601], [-115.029342, 49.4975331], [-115.0294111, 49.4974758], [-115.0293968, 49.4973798], [-115.0296329, 49.4973396], [-115.0296138, 49.4971894], [-115.0293539, 49.4971212], [-115.0291346, 49.4971568], [-115.0288771, 49.4971011], [-115.0288389, 49.497115], [-115.0288103, 49.4972467], [-115.0286959, 49.4973256], [-115.0286601, 49.4974789], [-115.0285791, 49.4975331], [-115.0285385, 49.4976044], [-115.0284741, 49.4975951], [-115.0284336, 49.4974944], [-115.0283382, 49.4975022], [-115.0282286, 49.4975687], [-115.0281427, 49.4977174], [-115.0280927, 49.4976957], [-115.0280998, 49.4975393], [-115.0281594, 49.4973566], [-115.0285099, 49.4969803], [-115.0281571, 49.497115], [-115.0280927, 49.4969432], [-115.0281141, 49.496731], [-115.0280879, 49.4965545], [-115.0281666, 49.4964012], [-115.0281761, 49.4962556], [-115.0283073, 49.496251], [-115.028262, 49.4960961], [-115.028436, 49.4960915], [-115.0285123, 49.4959939], [-115.0287746, 49.4958406], [-115.0287149, 49.4957941], [-115.0284193, 49.4957167], [-115.0281714, 49.4957074], [-115.0280235, 49.4956145], [-115.0277184, 49.4955603], [-115.0277327, 49.4955263], [-115.0278423, 49.4955108], [-115.0277303, 49.4953776], [-115.0275848, 49.495294], [-115.0274823, 49.4953327], [-115.0273703, 49.4951143], [-115.0270937, 49.4949796], [-115.0265783, 49.4945236]]}}, {"type": "Feature", "properties": {"name": "Lower Ridgemont Connector", "difficulty": "intermediate", "area": "Fernie", "osm_id": 954090283, "highway": "path", "stroke": "#3b82f6"}, "geometry": {"type": "LineString", "coordinates": [[-115.0475528, 49.5038545], [-115.0473515, 49.5035724], [-115.0467911, 49.5027816]]}}, {"type": "Feature", "properties": {"name": "Lower Uprooted", "difficulty": "intermediate", "area": "Fernie", "osm_id": 450888742, "highway": "path", "stroke": "#3b82f6"}, "geometry": {"type": "LineString", "coordinates": [[-115.0499348, 49.4864065], [-115.049999, 49.48653], [-115.050015, 49.486599], [-115.049993, 49.486705], [-115.0498144, 49.4868873], [-115.0497673, 49.4869601], [-115.0497929, 49.4870324], [-115.0499419, 49.4871145], [-115.0500612, 49.4872652], [-115.050095, 49.487298], [-115.05028, 49.4874], [-115.0504316, 49.4874478], [-115.0505507, 49.4874499], [-115.0505624, 49.4875053], [-115.0505308, 49.487603], [-115.0505469, 49.4876435], [-115.050661, 49.487648], [-115.050823, 49.487644], [-115.051193, 49.4875918], [-115.0512966, 49.4875998], [-115.0513437, 49.4876821], [-115.0514711, 49.4877201], [-115.05162, 49.487721], [-115.0518423, 49.4877046], [-115.052041, 49.48769], [-115.05218, 49.487716], [-115.0523452, 49.4878036], [-115.0524501, 49.4878891], [-115.0524604, 49.488008], [-115.0525252, 49.4881259], [-115.0526726, 49.4882626], [-115.0528043, 49.4884354], [-115.052941, 49.4886284], [-115.0529207, 49.4887045], [-115.0528119, 49.4887631], [-115.0524879, 49.4889275], [-115.0523708, 49.4889975], [-115.0522804, 49.4891305], [-115.0521943, 49.4892051], [-115.052028, 49.4891994], [-115.051814, 49.489309], [-115.051676, 49.489453], [-115.05161, 49.489605], [-115.051542, 49.489689], [-115.051281, 49.489886], [-115.051136, 49.490063], [-115.051069, 49.490113], [-115.05085, 49.490185], [-115.050704, 49.490263], [-115.05058, 49.490402], [-115.050497, 49.490569], [-115.05047, 49.49067], [-115.050502, 49.490756], [-115.050556, 49.490818], [-115.0507476, 49.4909646], [-115.0507553, 49.4909904], [-115.0507271, 49.4910122], [-115.0506068, 49.4910234], [-115.0505797, 49.4910327], [-115.0505633, 49.491063], [-115.0505739, 49.4911148], [-115.0506025, 49.49119], [-115.0505923, 49.491225], [-115.0505535, 49.4912355], [-115.050414, 49.4912264], [-115.0502757, 49.491164], [-115.0503277, 49.4913027], [-115.0503468, 49.4913455], [-115.0503711, 49.4914374], [-115.050372, 49.491493], [-115.0503865, 49.4915985], [-115.0504135, 49.4916777], [-115.0504363, 49.4917826], [-115.0504366, 49.4918514], [-115.0504397, 49.4919272], [-115.0505195, 49.492027], [-115.0505449, 49.4920695], [-115.0505808, 49.4921271], [-115.0506052, 49.4921749]]}}, {"type": "Feature", "properties": {"name": "Luna Blue", "difficulty": "intermediate", "area": "Fernie", "osm_id": 647721748, "highway": "path"}, "geometry": {"type": "LineString", "coordinates": [[-115.065098, 49.477947], [-115.0649342, 49.4778126], [-115.0648404, 49.477769], [-115.0647331, 49.4777429], [-115.0646473, 49.477722], [-115.0645936, 49.4776958], [-115.0645856, 49.477661], [-115.0645909, 49.4776105], [-115.0645856, 49.4775808], [-115.0645534, 49.4775564], [-115.0643706, 49.4774166], [-115.0638909, 49.4770301], [-115.0638614, 49.4770057], [-115.063856, 49.4769874], [-115.06386, 49.4769717], [-115.0638667, 49.4769587], [-115.0639123, 49.4769456], [-115.064088, 49.4769334], [-115.0641108, 49.4769247], [-115.0641256, 49.4769151], [-115.0641309, 49.4768933], [-115.0641108, 49.4768628], [-115.0640733, 49.4768245], [-115.0640706, 49.4768088], [-115.0640773, 49.4767957], [-115.0641014, 49.4767774], [-115.0641336, 49.4767661], [-115.0641725, 49.4767643], [-115.0642101, 49.4767617], [-115.0642436, 49.4767495], [-115.0643442, 49.476509], [-115.0643857, 49.4763809], [-115.0644152, 49.4763583], [-115.0645027, 49.4763091], [-115.064632, 49.4762364]]}}, {"type": "Feature", "properties": {"name": "Mad Cow", "difficulty": "intermediate", "area": "Fernie", "osm_id": 1355082416, "highway": "path", "stroke": "#3b82f6"}, "geometry": {"type": "LineString", "coordinates": [[-115.068536, 49.531151], [-115.0690018, 49.532023], [-115.0694739, 49.5325], [-115.0698762, 49.5328795], [-115.0700854, 49.5331441], [-115.0701873, 49.5332833], [-115.0702463, 49.5334156], [-115.0703161, 49.5336976], [-115.0703751, 49.5338021], [-115.0704931, 49.533917], [-115.0707238, 49.5340771], [-115.0709491, 49.5341642], [-115.0711368, 49.5342234], [-115.0713353, 49.5342582], [-115.0715177, 49.5342651], [-115.0716357, 49.5342843], [-115.0717591, 49.5343365], [-115.0718208, 49.5343992], [-115.071853, 49.5344444], [-115.0718557, 49.5345158], [-115.0718288, 49.5350032], [-115.0718101, 49.5351668], [-115.0717564, 49.535233], [-115.0716813, 49.5352539], [-115.0715526, 49.5352608], [-115.0714077, 49.535233], [-115.0712736, 49.5351703], [-115.0703949, 49.5348167], [-115.0700344, 49.5346829], [-115.069954, 49.5346655], [-115.069895, 49.534669], [-115.0695463, 49.534803], [-115.0695007, 49.5348135], [-115.0694578, 49.5348152], [-115.0693907, 49.5348048], [-115.0690876, 49.5347247], [-115.069042, 49.5347055], [-115.0689991, 49.5346742], [-115.0688087, 49.5343626], [-115.0683527, 49.5338404], [-115.0682079, 49.5337429], [-115.067709, 49.5335096], [-115.06743, 49.5334331], [-115.0669365, 49.5333147], [-115.0665503, 49.5333112], [-115.0657831, 49.5333077], [-115.0656759, 49.5332938], [-115.065472, 49.5332451], [-115.0652896, 49.5332172], [-115.0650697, 49.5332172], [-115.0649195, 49.5332451], [-115.0647934, 49.5332833], [-115.0647156, 49.5333303], [-115.0646593, 49.5333634], [-115.0646057, 49.5333808], [-115.0645359, 49.5333965], [-115.0644152, 49.5334122], [-115.0643589, 49.5334261], [-115.0643026, 49.5334609], [-115.0640209, 49.5336141], [-115.063919, 49.5336419], [-115.0638198, 49.5336524], [-115.0636642, 49.5336681], [-115.0635945, 49.5336872], [-115.0635247, 49.5337116], [-115.063463, 49.5337168], [-115.0633933, 49.5337116], [-115.0633075, 49.5336994], [-115.0632216, 49.5336959], [-115.063168, 49.5336994], [-115.0630607, 49.5337307], [-115.0629936, 49.5337551], [-115.0629239, 49.533776], [-115.0628729, 49.5337795], [-115.0627898, 49.5337655], [-115.0627201, 49.5337394], [-115.062653, 49.5337255], [-115.0625859, 49.533722], [-115.0624903, 49.533726]]}}, {"type": "Feature", "properties": {"name": "Mad Cow / Mount Proctor Trail", "difficulty": "intermediate", "area": "Fernie", "osm_id": 1364114119, "highway": "path", "stroke": "#3b82f6"}, "geometry": {"type": "LineString", "coordinates": [[-115.0624903, 49.533726], [-115.0623016, 49.5337481], [-115.0616928, 49.5338961], [-115.0614996, 49.5339193]]}}, {"type": "Feature", "properties": {"name": "Marlu", "difficulty": "intermediate", "area": "Fernie", "osm_id": [450848438, 868109250, 868109251, 1357835837, 1357835839], "highway": "path", "stroke": "#3b82f6"}, "geometry": {"type": "MultiLineString", "coordinates": [[[-115.059868, 49.48327], [-115.0599985, 49.4833621], [-115.0602534, 49.4834664], [-115.0605918, 49.4835633], [-115.0605952, 49.4836036], [-115.060422, 49.483673], [-115.060358, 49.483721], [-115.0603231, 49.483764], [-115.0603806, 49.4837991], [-115.0604658, 49.4837894], [-115.0605443, 49.4838032], [-115.0605923, 49.4839047], [-115.0606944, 49.4839409], [-115.0608138, 49.4839681], [-115.060882, 49.4840458], [-115.0609498, 49.4840472], [-115.0609996, 49.4840523], [-115.0610718, 49.4840613], [-115.0611132, 49.4840392], [-115.0611522, 49.4839754], [-115.0612326, 49.4839298], [-115.0613016, 49.4839412], [-115.0613404, 49.4840023], [-115.061395, 49.4840704], [-115.0614254, 49.4840506], [-115.0614713, 49.4839319], [-115.0615953, 49.4838148], [-115.0616633, 49.4837946], [-115.0616895, 49.4839673], [-115.061853, 49.483815], [-115.061964, 49.483679], [-115.062035, 49.48339], [-115.0621048, 49.4832004], [-115.0621181, 49.4830291], [-115.0621908, 49.4829332], [-115.0621786, 49.4833297], [-115.0622286, 49.4834915], [-115.0623549, 49.4832091], [-115.062419, 49.482951], [-115.062728, 49.482497], [-115.062847, 49.482379], [-115.0631658, 49.4821675], [-115.0633245, 49.4819923], [-115.0633881, 49.481797], [-115.0634855, 49.4817005], [-115.0636166, 49.4817327], [-115.0637637, 49.4816234], [-115.0637996, 49.4815092], [-115.06372, 49.481312], [-115.06356, 49.4809625], [-115.0634613, 49.4806704], [-115.0634006, 49.4804146], [-115.0634112, 49.4802272], [-115.0635013, 49.4801133], [-115.0637785, 49.4799215], [-115.0639249, 49.4797783], [-115.0642447, 49.4793382], [-115.0644921, 49.4790902], [-115.0648674, 49.4786995], [-115.0652444, 49.4784366], [-115.065328, 49.478329], [-115.065344, 49.478253], [-115.065189, 49.477998], [-115.065098, 49.477947], [-115.065021, 49.477977], [-115.064929, 49.478186], [-115.064904, 49.478307], [-115.064878, 49.478336], [-115.064815, 49.478338], [-115.064671, 49.478208], [-115.064539, 49.478131], [-115.064443, 49.478097], [-115.06431, 49.478098], [-115.064086, 49.478168], [-115.063939, 49.478152], [-115.063777, 49.478103], [-115.063661, 49.478084], [-115.063552, 49.478088], [-115.063403, 49.47813], [-115.063123, 49.478273], [-115.062983, 49.478389], [-115.062891, 49.478424], [-115.062786, 49.47842], [-115.06249, 49.478351], [-115.0624194, 49.4783585], [-115.062398, 49.47842], [-115.062442, 49.478601], [-115.0624804, 49.4788759], [-115.0624668, 49.4789134], [-115.0624097, 49.4789286], [-115.062076, 49.478849], [-115.061967, 49.4788319], [-115.0619342, 49.4788408], [-115.0619255, 49.478875], [-115.062079, 49.479239], [-115.062144, 49.4793213], [-115.0621474, 49.4793488], [-115.062126, 49.4793671], [-115.0620884, 49.4793715], [-115.0620041, 49.4793321], [-115.061283, 49.479216], [-115.061009, 49.479217], [-115.0607876, 49.4792506], [-115.060651, 49.479266], [-115.060567, 49.479297], [-115.060548, 49.479325], [-115.0605515, 49.4793482], [-115.060578, 49.479368], [-115.0608301, 49.4794707], [-115.0608479, 49.4794863], [-115.0608559, 49.4795091], [-115.0608358, 49.4795246], [-115.0608076, 49.4795297], [-115.060684, 49.479553], [-115.0604954, 49.479636], [-115.0604174, 49.4796514], [-115.0603812, 49.4796527], [-115.060347, 49.479651], [-115.0603003, 49.4796345], [-115.059921, 49.479405], [-115.059801, 49.479286], [-115.0596683, 49.4790957], [-115.0595369, 49.4789636], [-115.0594177, 49.4788971], [-115.0593218, 49.478847], [-115.059304, 49.478816], [-115.0593052, 49.4787885]], [[-115.0593351, 49.4787495], [-115.0594976, 49.4786619], [-115.0596647, 49.4785595], [-115.0597686, 49.4784649], [-115.0598398, 49.4783555], [-115.05985, 49.4782281], [-115.05985, 49.4781268], [-115.0598373, 49.4780968], [-115.0597971, 49.4780837], [-115.0597239, 49.4780974], [-115.0595933, 49.4782472], [-115.0594764, 49.4783446], [-115.0594227, 49.4783654], [-115.0593237, 49.4783914], [-115.0592407, 49.4783989], [-115.0592151, 49.478381], [-115.0592436, 49.4783493], [-115.0592639, 49.4782998], [-115.0592618, 49.4782736], [-115.0592408, 49.4782501], [-115.0590924, 49.4782689]], [[-115.0593052, 49.4787885], [-115.0593351, 49.4787495]], [[-115.0553602, 49.4894947], [-115.055324, 49.489366], [-115.055192, 49.488886], [-115.055098, 49.488679], [-115.055048, 49.488615], [-115.05496, 49.488563], [-115.054822, 49.488542], [-115.054677, 49.488555], [-115.0545188, 49.4885504], [-115.0543459, 49.4884777], [-115.0542027, 49.4883965], [-115.0541297, 49.4883343], [-115.0540533, 49.4882584], [-115.0539509, 49.4881669], [-115.0537188, 49.4880232], [-115.0535878, 49.4879363], [-115.0535155, 49.4878088], [-115.0535182, 49.4876815], [-115.0536283, 49.487503], [-115.0537138, 49.4874294], [-115.053822, 49.487381], [-115.053924, 49.487355], [-115.0540565, 49.4873541], [-115.0541298, 49.4873733], [-115.054157, 49.4874317], [-115.0542032, 49.4874532], [-115.0543118, 49.4874147], [-115.054357, 49.4873393], [-115.0543484, 49.4872434], [-115.0543488, 49.4871742], [-115.0544105, 49.4871295], [-115.0545103, 49.4871057], [-115.0546055, 49.4871356], [-115.0546731, 49.4871013], [-115.0548206, 49.4868939], [-115.0548481, 49.486698], [-115.0548619, 49.4866348], [-115.0549083, 49.4865777], [-115.0551413, 49.4864521], [-115.0552739, 49.4863619], [-115.0554557, 49.4862958], [-115.0555408, 49.4862374], [-115.0555917, 49.4861693], [-115.055616, 49.486051], [-115.0556364, 49.4859918], [-115.0557103, 49.4859515], [-115.0557653, 49.4858989], [-115.0557778, 49.4858184], [-115.0557533, 49.4857598], [-115.0557246, 49.4856921], [-115.0557761, 49.4856705], [-115.0559719, 49.4856667], [-115.05615, 49.4856571], [-115.0561937, 49.4856323], [-115.0561353, 49.4856168], [-115.0560297, 49.4856075], [-115.0558674, 49.4855874], [-115.055835, 49.4855582], [-115.055887, 49.4855369], [-115.0560664, 49.4854957], [-115.0561703, 49.4854084], [-115.0561952, 49.4852326], [-115.0562466, 49.4851769], [-115.0563118, 49.4851769], [-115.05662, 49.485369], [-115.0567056, 49.48539], [-115.0568336, 49.485371], [-115.0569647, 49.485315], [-115.0570334, 49.485248], [-115.0570843, 49.485091], [-115.0571313, 49.4848168], [-115.0572236, 49.4846598], [-115.057306, 49.484588], [-115.057476, 49.484536], [-115.0576329, 49.484508]], [[-115.0579325, 49.4845984], [-115.058185, 49.48454], [-115.0584153, 49.4844539], [-115.0585812, 49.484385], [-115.0588749, 49.4840542], [-115.0591751, 49.4837747], [-115.0592662, 49.4836237]]]}}, {"type": "Feature", "properties": {"name": "Mary's Trail", "difficulty": "intermediate", "area": "Fernie", "osm_id": 453567277, "highway": "path"}, "geometry": {"type": "LineString", "coordinates": [[-115.0642951, 49.519998], [-115.0638256, 49.519737], [-115.0636767, 49.5197308], [-115.0632593, 49.5198596], [-115.0628082, 49.519876], [-115.0625046, 49.5199562], [-115.0622338, 49.5200684], [-115.0621585, 49.5200364], [-115.062146, 49.5199577], [-115.0625057, 49.5197251], [-115.0626846, 49.5195991], [-115.0626982, 49.5195467]]}}, {"type": "Feature", "properties": {"name": "Megahurts", "difficulty": "intermediate", "area": "Fernie", "osm_id": 357020460, "highway": "path"}, "geometry": {"type": "LineString", "coordinates": [[-115.110651, 49.475344], [-115.110633, 49.475435], [-115.11055, 49.475617], [-115.11048, 49.475951], [-115.110451, 49.476396], [-115.110424, 49.476546], [-115.110334, 49.476805], [-115.110301, 49.477119], [-115.110158, 49.477477], [-115.110035, 49.477689], [-115.109798, 49.477995], [-115.109649, 49.478111], [-115.109534, 49.478171], [-115.1093985, 49.4782364], [-115.1092937, 49.4782751], [-115.1091188, 49.4782455], [-115.1090213, 49.4781703], [-115.1090118, 49.4781226], [-115.1090127, 49.478006], [-115.1089482, 49.4779522], [-115.1087877, 49.4779716], [-115.1086532, 49.4779494], [-115.1085575, 49.4780025], [-115.1083253, 49.478198], [-115.108238, 49.4782825], [-115.108258, 49.478414], [-115.1083048, 49.478557], [-115.1082548, 49.4785781], [-115.108145, 49.4785239], [-115.1079162, 49.4783568], [-115.1078572, 49.4782025], [-115.1078041, 49.478143], [-115.107765, 49.4780772], [-115.107723, 49.4780579], [-115.1076039, 49.4780791], [-115.1075125, 49.4781437], [-115.1074739, 49.4782695], [-115.1075323, 49.4784428], [-115.1075323, 49.4786312], [-115.107666, 49.4787112], [-115.107741, 49.4788469], [-115.1077219, 49.4788815], [-115.1074896, 49.4787577], [-115.1069255, 49.4784762], [-115.106549, 49.478356], [-115.1063372, 49.4783086], [-115.1060892, 49.4782776], [-115.1059093, 49.4782973], [-115.1057701, 49.4783872], [-115.1056538, 49.4786351], [-115.1055618, 49.4786598], [-115.1053742, 49.4786161], [-115.1052304, 49.4786331], [-115.1051288, 49.4786864], [-115.105001, 49.478772]]}}, {"type": "Feature", "properties": {"name": "Megasaurus", "difficulty": "intermediate", "area": "Fernie", "osm_id": [648385864, 648385865], "highway": "path"}, "geometry": {"type": "MultiLineString", "coordinates": [[[-115.1101016, 49.4602026], [-115.1101647, 49.4600801], [-115.1101226, 49.45995], [-115.1100035, 49.4597961], [-115.1098854, 49.4595324], [-115.1097422, 49.4593749], [-115.1095982, 49.4592947], [-115.1095044, 49.4591527], [-115.1094776, 49.4590126], [-115.1094567, 49.4588213], [-115.1093867, 49.4587008], [-115.1092851, 49.4585796], [-115.1090739, 49.4584407], [-115.1090524, 49.4584198], [-115.1090363, 49.4583867], [-115.1090041, 49.4582524], [-115.1089827, 49.4582193], [-115.1089585, 49.4582001], [-115.1088915, 49.4581775], [-115.1088003, 49.45816], [-115.1083255, 49.458167], [-115.1082719, 49.4581775], [-115.1082155, 49.4581949], [-115.1078293, 49.4584163], [-115.1077542, 49.4584372], [-115.107655, 49.4584512], [-115.1070032, 49.4584337], [-115.1069469, 49.4584372], [-115.1067779, 49.4584773], [-115.1065311, 49.4585296], [-115.106389, 49.4585383], [-115.1062414, 49.4585296], [-115.1060671, 49.4585087], [-115.1057291, 49.4584337], [-115.1049754, 49.4582263], [-115.1048601, 49.4581809], [-115.1047743, 49.4581286], [-115.1046884, 49.458031], [-115.104498, 49.4577137], [-115.1043263, 49.4574766], [-115.1042754, 49.457433], [-115.1041922, 49.4573859], [-115.104034, 49.4573214], [-115.1036531, 49.4571819], [-115.1035753, 49.4571366], [-115.1035244, 49.4570878], [-115.1033607, 49.4569117], [-115.1030872, 49.4564514], [-115.1028136, 49.4560975], [-115.1026714, 49.4558569], [-115.1025802, 49.4556459], [-115.1025427, 49.4553826], [-115.1025561, 49.4551856], [-115.1027304, 49.4547602], [-115.1029718, 49.4543836], [-115.1034439, 49.4538082], [-115.1038757, 49.4532293], [-115.1039482, 49.4531613], [-115.1040501, 49.4530654], [-115.1040984, 49.4530079], [-115.1041305, 49.4529538], [-115.1041654, 49.4528754], [-115.1042056, 49.4527271], [-115.1042191, 49.4524028], [-115.1042217, 49.4522075], [-115.1042539, 49.4521448], [-115.1042861, 49.452089], [-115.1045919, 49.4516914], [-115.1046202, 49.4516574], [-115.1047501, 49.4515014], [-115.1048199, 49.4513793], [-115.1048574, 49.4512886], [-115.1048655, 49.4511718], [-115.104844, 49.4510637], [-115.1046884, 49.4506313], [-115.1046375, 49.4505476], [-115.1040528, 49.450136], [-115.1039562, 49.450082], [-115.1038704, 49.4500593], [-115.1037819, 49.4500611], [-115.1033125, 49.4500924], [-115.1032159, 49.4501169], [-115.1030925, 49.4502006], [-115.1030389, 49.4502197], [-115.1028726, 49.4502372], [-115.1019365, 49.450279], [-115.1014242, 49.4502285], [-115.100523, 49.4502755], [-115.0999329, 49.4503819], [-115.0994555, 49.4504604], [-115.0993508, 49.4504586], [-115.099265, 49.4504325], [-115.0990129, 49.4501883], [-115.0989646, 49.4500959], [-115.0989592, 49.4500244], [-115.0989807, 49.449878], [-115.0990826, 49.4495693], [-115.0992543, 49.4492467], [-115.0994394, 49.4487585], [-115.0997693, 49.4480278], [-115.1000187, 49.4476982], [-115.1001957, 49.4474541], [-115.1002467, 49.447353], [-115.1002387, 49.4472309], [-115.1000997, 49.4470768]], [[-115.1062221, 49.4637171], [-115.1067591, 49.4637701], [-115.1070541, 49.4637945], [-115.1072741, 49.463791], [-115.107553, 49.4637666], [-115.1076711, 49.4637352], [-115.1077354, 49.4636899], [-115.1077891, 49.463662], [-115.1078588, 49.4636341], [-115.1079607, 49.4636132], [-115.1081753, 49.4635714], [-115.1083202, 49.463526], [-115.1084811, 49.4634424], [-115.1085991, 49.4633831], [-115.1086742, 49.4633203], [-115.1087118, 49.4632663], [-115.1087466, 49.4632001], [-115.1087574, 49.4631495], [-115.1087654, 49.4630937], [-115.1087842, 49.4630501], [-115.1088003, 49.4630205], [-115.108862, 49.4629577], [-115.1090926, 49.4627939], [-115.1093582, 49.4626161], [-115.1094172, 49.4625725], [-115.1094279, 49.4625498], [-115.109436, 49.462501], [-115.1093904, 49.4619484], [-115.109393, 49.4617653], [-115.109452, 49.461591], [-115.1094628, 49.46134], [-115.1094735, 49.4612929], [-115.1094869, 49.4612598], [-115.1095111, 49.4612266], [-115.1099831, 49.460864], [-115.1102046, 49.460594]]]}}, {"type": "Feature", "properties": {"name": "Mic Mac", "difficulty": "intermediate", "area": "Fernie", "osm_id": 648385902, "highway": "path", "stroke": "#3b82f6"}, "geometry": {"type": "LineString", "coordinates": [[-115.081693, 49.5020017], [-115.0815987, 49.5024132], [-115.0815236, 49.5025003], [-115.0814485, 49.5026292], [-115.0814056, 49.5027895], [-115.0813135, 49.5031502], [-115.0813841, 49.5034897], [-115.0813787, 49.503643], [-115.0813412, 49.5037475], [-115.0812822, 49.5038415], [-115.0809858, 49.5042491], [-115.0809614, 49.5043023], [-115.0809665, 49.5044479], [-115.0808965, 49.5044924], [-115.0808133, 49.5043909], [-115.0807423, 49.5043276], [-115.0806712, 49.5043161], [-115.0806956, 49.5043815], [-115.0807251, 49.5044199], [-115.0807055, 49.5044486], [-115.0806291, 49.5044337], [-115.0803718, 49.5043314], [-115.0799686, 49.5041459], [-115.07981, 49.5041395], [-115.0795169, 49.5040736], [-115.0793845, 49.5040763], [-115.0791911, 49.5040007], [-115.0790663, 49.5039759], [-115.0789299, 49.5039854], [-115.0787924, 49.5040251], [-115.0785854, 49.5039835], [-115.0783432, 49.5039508], [-115.0780318, 49.503883], [-115.0777829, 49.5039024], [-115.0776505, 49.5039031], [-115.0775819, 49.5039702], [-115.0775405, 49.5040133], [-115.0774271, 49.5040173], [-115.0773405, 49.5040124], [-115.0772116, 49.5039845], [-115.0770275, 49.5038507], [-115.0768924, 49.5037775], [-115.0767368, 49.5037717], [-115.076642, 49.503807]]}}, {"type": "Feature", "properties": {"name": "Moc - Assassin", "difficulty": "advanced", "area": "Fernie", "osm_id": 648385825, "highway": "path", "stroke": "#0a0a0a"}, "geometry": {"type": "LineString", "coordinates": [[-115.103277, 49.513421], [-115.1031, 49.513554], [-115.103045, 49.513623], [-115.102892, 49.514009], [-115.10276, 49.514237], [-115.102521, 49.514997], [-115.102526, 49.515058], [-115.102567, 49.515142], [-115.102753, 49.515294], [-115.1029, 49.515443], [-115.102915, 49.515488], [-115.102865, 49.51551], [-115.102663, 49.515512], [-115.102594, 49.515536], [-115.102526, 49.515591], [-115.102411, 49.515802], [-115.10233, 49.516037], [-115.102254, 49.516065], [-115.102121, 49.516072], [-115.102036, 49.516091], [-115.101908, 49.516195]]}}, {"type": "Feature", "properties": {"name": "Moccasin", "difficulty": "advanced", "area": "Fernie", "osm_id": [197611163, 648385904, 648385910], "highway": "path", "stroke": "#0a0a0a"}, "geometry": {"type": "MultiLineString", "coordinates": [[[-115.0868169, 49.5115375], [-115.087299, 49.511595], [-115.0883052, 49.5115206], [-115.0889697, 49.5112601], [-115.0893366, 49.5111918], [-115.089664, 49.5112214], [-115.0898479, 49.5112646], [-115.0901458, 49.5114636], [-115.0907031, 49.511615], [-115.0910623, 49.5117604], [-115.0916703, 49.5119029], [-115.091882, 49.5120333], [-115.0922387, 49.512189], [-115.0928286, 49.5122945], [-115.0937043, 49.512763], [-115.0940789, 49.5128888], [-115.0950734, 49.5133341], [-115.0952848, 49.5134775], [-115.0955611, 49.5136648], [-115.0958673, 49.513942], [-115.0962791, 49.5145464], [-115.0965863, 49.5147287], [-115.0967695, 49.5147297], [-115.0969861, 49.5146813], [-115.0977512, 49.5143683], [-115.0979567, 49.5143434], [-115.0984483, 49.5143861], [-115.0986392, 49.5143773], [-115.0991498, 49.5142496], [-115.1000512, 49.5142704], [-115.1001796, 49.5142975], [-115.1002593, 49.5143478], [-115.1002175, 49.5144104], [-115.1000578, 49.5144012], [-115.0998919, 49.5144407], [-115.0993551, 49.514724], [-115.098653, 49.5151805], [-115.0986265, 49.5154275], [-115.0986649, 49.5156741], [-115.0984295, 49.5160512], [-115.098282, 49.5161945], [-115.0982905, 49.516227], [-115.098952, 49.5160091], [-115.0996493, 49.5159355], [-115.1004854, 49.5160271], [-115.1013487, 49.5160265], [-115.1016206, 49.5160857], [-115.101908, 49.516195], [-115.1022632, 49.5164004], [-115.1028389, 49.5163847], [-115.1032221, 49.5162934], [-115.1032877, 49.5163352], [-115.1032377, 49.5163864], [-115.1029537, 49.516537], [-115.102278, 49.5171544], [-115.102194, 49.5171671], [-115.102015, 49.5171032], [-115.1018262, 49.5170806], [-115.1009786, 49.5170828], [-115.1004853, 49.517047], [-115.1004192, 49.5170755], [-115.100864, 49.5172013], [-115.1017351, 49.5178029], [-115.100944, 49.5177264], [-115.1006582, 49.5177713], [-115.1004813, 49.5178343], [-115.1004066, 49.5179217]], [[-115.1004066, 49.5179217], [-115.1005583, 49.518032], [-115.1007075, 49.5182441], [-115.1010647, 49.5185791], [-115.1015268, 49.5190833], [-115.1014648, 49.5192745], [-115.101476, 49.5193489], [-115.101517, 49.5194193], [-115.1020225, 49.5200863], [-115.1020797, 49.5201541], [-115.1023634, 49.52049], [-115.102567, 49.5206548], [-115.1029653, 49.5211347], [-115.1031248, 49.5212352], [-115.1031349, 49.5212459], [-115.1033489, 49.5214724], [-115.1037323, 49.5217433], [-115.1038805, 49.5219943], [-115.1040746, 49.522323], [-115.1042154, 49.5224568], [-115.1046499, 49.5226942], [-115.1052424, 49.5233195], [-115.1057414, 49.5236328]], [[-115.0762795, 49.5083366], [-115.0764443, 49.5083738], [-115.0764885, 49.5083651], [-115.0766964, 49.5082981], [-115.0768332, 49.508278], [-115.0770115, 49.5082502], [-115.0771081, 49.5082406], [-115.0771752, 49.508245], [-115.0772114, 49.508258], [-115.0772369, 49.5082833], [-115.0772583, 49.5083259], [-115.0772825, 49.5083477], [-115.0773106, 49.5083555], [-115.0773468, 49.5083608], [-115.0774166, 49.5083686], [-115.0774984, 49.5083812], [-115.0778041, 49.5084944], [-115.0781421, 49.5086634], [-115.0785713, 49.5088515], [-115.0790701, 49.5090901], [-115.0792928, 49.5092416], [-115.0796066, 49.5095185], [-115.0797273, 49.5096683], [-115.0798882, 49.5098094], [-115.0800062, 49.509886], [-115.080807, 49.5102255], [-115.0814789, 49.51048], [-115.0823473, 49.5106841], [-115.0831148, 49.5109272], [-115.0840671, 49.5113226], [-115.0847899, 49.511377], [-115.0848727, 49.5113832], [-115.085385, 49.5115195], [-115.0856688, 49.511506], [-115.0858878, 49.5114473], [-115.0860183, 49.5114817]]]}}, {"type": "Feature", "properties": {"name": "Montane Blue", "difficulty": "intermediate", "area": "Fernie", "osm_id": [450888743, 453567246, 453567279, 585284170, 647721742, 868046341, 868103756, 868107506, 868325136, 868325137, 868325140, 870403023, 870403024, 870404214, 870406691, 871918899, 872048636, 951298460, 986465409, 1351434886, 1357815903, 1357817995, 1357829671, 1357829673], "highway": "path", "stroke": "#3b82f6"}, "geometry": {"type": "MultiLineString", "coordinates": [[[-115.0553602, 49.4894947], [-115.0554828, 49.4894963], [-115.0556432, 49.4894849], [-115.0558303, 49.4894584], [-115.0560055, 49.4894776], [-115.056288, 49.4895806], [-115.0563365, 49.4896406], [-115.0562995, 49.4897653], [-115.0563755, 49.4898682], [-115.056394, 49.489971], [-115.0563956, 49.4900738], [-115.0563554, 49.4901545], [-115.0563085, 49.4901866], [-115.0562816, 49.490225], [-115.0563313, 49.4902613], [-115.0565258, 49.4902649], [-115.0565812, 49.4903048], [-115.0565712, 49.4903661], [-115.0564347, 49.4904131], [-115.0561753, 49.4904259], [-115.0560708, 49.4904243], [-115.0559815, 49.4904407], [-115.05597, 49.490479], [-115.056009, 49.490507], [-115.0562098, 49.490527], [-115.056455, 49.4905302], [-115.0566876, 49.4905727], [-115.0570019, 49.4906114], [-115.0571778, 49.4906299], [-115.0573546, 49.4906243], [-115.0576187, 49.4906149], [-115.0575826, 49.4906413], [-115.0574074, 49.4906898], [-115.0571715, 49.4907383], [-115.0569891, 49.4907397], [-115.0566263, 49.4907243], [-115.0562654, 49.4906836], [-115.0560057, 49.490668], [-115.0555991, 49.4906733], [-115.0553289, 49.4906659], [-115.0550165, 49.4906701], [-115.0546564, 49.4906786], [-115.0544704, 49.4907116], [-115.0543696, 49.4907914], [-115.0542959, 49.4909653], [-115.0541547, 49.4911133], [-115.0536799, 49.4915214]], [[-115.0495281, 49.4943047], [-115.0493741, 49.4943471], [-115.0492592, 49.4943611], [-115.0491477, 49.4943684], [-115.049065, 49.494393], [-115.048851, 49.4944412], [-115.048745, 49.4944739], [-115.0486547, 49.494526], [-115.048556, 49.4946326], [-115.0485344, 49.4946862], [-115.0484614, 49.4948677], [-115.048442, 49.495095], [-115.048407, 49.4951691], [-115.0482954, 49.4952047], [-115.048157, 49.495166], [-115.047878, 49.495068], [-115.047433, 49.494978], [-115.047278, 49.494908], [-115.047131, 49.494767], [-115.0471004, 49.4947313], [-115.046903, 49.494501], [-115.046735, 49.494172], [-115.046582, 49.493995], [-115.0464273, 49.4936964], [-115.0462773, 49.4936244]], [[-115.0475124, 49.4907995], [-115.0473712, 49.4907766], [-115.0473275, 49.4907255], [-115.0473664, 49.4906973], [-115.0474713, 49.490685], [-115.0474772, 49.4906533], [-115.0473322, 49.4906394], [-115.0473323, 49.4906132], [-115.047441, 49.490576], [-115.047593, 49.490505], [-115.04773, 49.490417], [-115.047903, 49.490234], [-115.0480296, 49.4900686], [-115.0480044, 49.49003], [-115.047877, 49.490134], [-115.0476479, 49.4902472], [-115.0475923, 49.490228], [-115.0475922, 49.4901674], [-115.0477765, 49.4900124], [-115.0477872, 49.4899311], [-115.0477328, 49.4898358], [-115.0477174, 49.4897113], [-115.047638, 49.489636], [-115.0475567, 49.4895919], [-115.0474386, 49.4895234], [-115.0472473, 49.4895235], [-115.047187, 49.489444], [-115.047154, 49.489374], [-115.047156, 49.489269], [-115.0472156, 49.4891906], [-115.047221, 49.48907], [-115.047165, 49.488879], [-115.04719, 49.488778], [-115.0473048, 49.4886581], [-115.0472764, 49.488456], [-115.0472967, 49.4883738], [-115.047418, 49.4882703], [-115.0474796, 49.4881721], [-115.0477207, 49.4880042], [-115.0478308, 49.4879892], [-115.0479783, 49.4880416], [-115.0480763, 49.4880211], [-115.0481205, 49.4879832], [-115.0480632, 49.4879091], [-115.04806, 49.487835], [-115.0480936, 49.4876602], [-115.0480254, 49.487474], [-115.0480462, 49.487413], [-115.0481027, 49.4873734]], [[-115.0481843, 49.4873474], [-115.0482531, 49.4873448], [-115.0483841, 49.4874089], [-115.0485179, 49.4874582], [-115.048671, 49.4875856], [-115.0488669, 49.4876644], [-115.0490513, 49.4878352], [-115.0492636, 49.4880453], [-115.0494361, 49.4882038], [-115.0496146, 49.4883634], [-115.0497685, 49.4884517], [-115.049893, 49.488507], [-115.0500532, 49.4885187], [-115.0502122, 49.4885111], [-115.050382, 49.4884701], [-115.0505097, 49.4884116], [-115.0506338, 49.4883528], [-115.0506902, 49.4883011], [-115.0506427, 49.4882787], [-115.0504705, 49.488302], [-115.0504243, 49.4882659], [-115.0504512, 49.4882289], [-115.050538, 49.488186], [-115.0508177, 49.4880745], [-115.0508674, 49.4880248], [-115.0508362, 49.4879968], [-115.0506029, 49.4879873], [-115.050568, 49.4879458], [-115.0506029, 49.4878916], [-115.050742, 49.4877909], [-115.0507608, 49.4876955], [-115.050823, 49.487644], [-115.0509544, 49.4874626]], [[-115.0525404, 49.4945205], [-115.0524434, 49.4944596], [-115.0523039, 49.4944006], [-115.052159, 49.4943467], [-115.0520384, 49.4942727], [-115.0519555, 49.4942579], [-115.0517688, 49.494251], [-115.0515875, 49.494231], [-115.0513692, 49.4941701], [-115.0512694, 49.4941294]], [[-115.0592662, 49.4836237], [-115.0593769, 49.4836722], [-115.0594224, 49.4837038], [-115.0595166, 49.4837955], [-115.0595332, 49.4839083], [-115.0595457, 49.484026], [-115.0595202, 49.4840819], [-115.0590879, 49.4845937], [-115.0590962, 49.4846339], [-115.059239, 49.4846742], [-115.0594568, 49.4846853], [-115.0596039, 49.4847286], [-115.0597282, 49.4847232], [-115.0599588, 49.484705], [-115.0601852, 49.484757], [-115.0603749, 49.4847496], [-115.0605976, 49.4846695], [-115.0607987, 49.4846794], [-115.0610568, 49.4846911], [-115.0612268, 49.4846645], [-115.0614007, 49.4846557], [-115.0615805, 49.4847288], [-115.0616453, 49.4848136], [-115.0617077, 49.4849633], [-115.0617271, 49.4851223], [-115.0616511, 49.485282], [-115.0616274, 49.4854317], [-115.0615747, 49.4855135], [-115.0613746, 49.485686], [-115.0613804, 49.4857564], [-115.0614753, 49.4857695], [-115.0616643, 49.4856897], [-115.0619574, 49.4854745], [-115.0622503, 49.4851705], [-115.0623202, 49.4850635], [-115.0623407, 49.4848008], [-115.06234, 49.4844563], [-115.0623844, 49.4844277], [-115.0624184, 49.4844436], [-115.0625845, 49.4846912], [-115.0627095, 49.4848445], [-115.062856, 49.4849793], [-115.0630236, 49.4850702], [-115.0630693, 49.4852218], [-115.0631814, 49.4853297], [-115.0633172, 49.4854037], [-115.0633827, 49.4854076], [-115.0634271, 49.4853471], [-115.0633179, 49.4849885], [-115.0631776, 49.484757], [-115.0631417, 49.4846548], [-115.0632057, 49.4846448], [-115.0633297, 49.4847432], [-115.0634809, 49.4848268], [-115.0635395, 49.4849795], [-115.0636466, 49.4850161], [-115.0638208, 49.4850376], [-115.0640408, 49.4851067], [-115.064181, 49.4852104], [-115.0643056, 49.4852437], [-115.0645302, 49.485405], [-115.0645493, 49.4854941], [-115.0645885, 49.4855825], [-115.0646939, 49.4856604], [-115.0647638, 49.4857473], [-115.0648359, 49.4858462], [-115.0648639, 49.4859518], [-115.0648588, 49.4860548], [-115.0647925, 49.4861903], [-115.0647637, 49.4863504], [-115.0646558, 49.486479], [-115.06452, 49.4865139], [-115.0643849, 49.4865086], [-115.0640181, 49.4863741], [-115.0637974, 49.4862516], [-115.0636393, 49.4862434], [-115.063292, 49.4862989], [-115.0630013, 49.4863543], [-115.0628932, 49.4863962], [-115.0628271, 49.4864187], [-115.0628499, 49.4864656], [-115.0629632, 49.4864897], [-115.0631201, 49.4865181], [-115.0632504, 49.4865811], [-115.0633714, 49.4867169], [-115.0635788, 49.4868563], [-115.0637064, 49.4870091], [-115.0638485, 49.4870637], [-115.0639643, 49.4870734], [-115.0640224, 49.4871147], [-115.0640885, 49.4872134], [-115.0641885, 49.487261], [-115.0643288, 49.4872592], [-115.0644665, 49.4872196], [-115.0646032, 49.4872163], [-115.0647768, 49.4871922], [-115.0649213, 49.4872314], [-115.0650267, 49.4873073], [-115.0651591, 49.4873815], [-115.0655051, 49.4874985], [-115.0656289, 49.4876154], [-115.0656333, 49.4876939], [-115.0655697, 49.487754], [-115.0647809, 49.4875027], [-115.0644873, 49.4874427], [-115.0639243, 49.4874475], [-115.0636102, 49.4874543], [-115.0633219, 49.4874605], [-115.0626169, 49.4874608], [-115.0621026, 49.4874417], [-115.0617415, 49.4874114], [-115.0612456, 49.4875727], [-115.0610752, 49.4877209], [-115.060909, 49.4877437], [-115.0606022, 49.4875938], [-115.0604381, 49.4875373], [-115.0602353, 49.4875397], [-115.0600801, 49.4875013], [-115.0599492, 49.4875105], [-115.0597842, 49.4874987], [-115.0595462, 49.4874949], [-115.0593366, 49.487562], [-115.0591537, 49.4875684], [-115.0589766, 49.4875451], [-115.0588912, 49.4874597], [-115.0587506, 49.4873463], [-115.0585854, 49.4872606], [-115.0585136, 49.4871579], [-115.0584907, 49.4870095], [-115.0584281, 49.486866], [-115.0582955, 49.4867757], [-115.0581567, 49.4867265], [-115.0580305, 49.4866817], [-115.058024, 49.4866145], [-115.0581669, 49.4865078], [-115.0583003, 49.4863498], [-115.0583442, 49.4862547], [-115.0583499, 49.4861161], [-115.058281, 49.4860761], [-115.0581238, 49.4861049], [-115.057904, 49.4861501], [-115.0577145, 49.4861469], [-115.0575914, 49.4861061], [-115.0574814, 49.4859903], [-115.0573754, 49.4859265], [-115.0572047, 49.4858692]], [[-115.0544839, 49.4847223], [-115.0545757, 49.4845581], [-115.054578, 49.4843651], [-115.0546148, 49.4842338], [-115.0546975, 49.4840799], [-115.0547705, 49.4839763], [-115.0549837, 49.4838172], [-115.0550659, 49.48374], [-115.0551158, 49.4835374], [-115.05518, 49.483448], [-115.055232, 49.4833433], [-115.0553126, 49.4833176], [-115.0553784, 49.4833419], [-115.0554585, 49.4834731], [-115.0555495, 49.483595], [-115.0556894, 49.4836607], [-115.0558187, 49.4836537], [-115.0559628, 49.4836067], [-115.0560362, 49.4835167], [-115.056089, 49.4833893], [-115.0561453, 49.483272], [-115.0561784, 49.4830617], [-115.0561573, 49.482941], [-115.0560619, 49.4827883], [-115.055991, 49.4826183], [-115.0559623, 49.4822506], [-115.055903, 49.482083], [-115.0558938, 49.4820629], [-115.055806, 49.481872], [-115.055649, 49.481326], [-115.055673, 49.48124], [-115.0557275, 49.4811555], [-115.055897, 49.480975], [-115.056064, 49.480622], [-115.056148, 49.480524], [-115.056478, 49.480288], [-115.056569, 49.480199], [-115.056609, 49.480132], [-115.056633, 49.479992], [-115.056591, 49.479753], [-115.056522, 49.479519], [-115.05657, 49.479172], [-115.05651, 49.478962], [-115.0565606, 49.478749]], [[-115.0603176, 49.4787644], [-115.060304, 49.4787215], [-115.0603927, 49.4786982], [-115.0604864, 49.4786822], [-115.0606331, 49.4785874], [-115.060708, 49.4784652], [-115.0606804, 49.478361], [-115.060611, 49.4782029], [-115.0605615, 49.4779712], [-115.060474, 49.4777711], [-115.0605022, 49.4775974], [-115.0604976, 49.4774585], [-115.0604007, 49.4772834], [-115.0602714, 49.4770919], [-115.06017, 49.4769934], [-115.0601106, 49.4769178], [-115.0599606, 49.4766776], [-115.059947, 49.4766017], [-115.0599812, 49.4764726], [-115.0599687, 49.4762585], [-115.059972, 49.4761051], [-115.0599954, 49.4758544], [-115.0599503, 49.4757047], [-115.0598938, 49.4755647], [-115.0598186, 49.4754206], [-115.0597857, 49.4753008], [-115.0597814, 49.4751252], [-115.0597647, 49.4750825], [-115.0597151, 49.4750545], [-115.0596394, 49.4750902], [-115.0595964, 49.4751248], [-115.059577, 49.475176], [-115.0595154, 49.4752596], [-115.0594399, 49.4753305], [-115.0594038, 49.475359], [-115.0593903, 49.4753995], [-115.059378, 49.4755879], [-115.0593499, 49.4758422], [-115.0592799, 49.4760462], [-115.059216, 49.4761653], [-115.0591618, 49.4763208], [-115.0590952, 49.476456], [-115.0590123, 49.4766135], [-115.0589979, 49.476682], [-115.059048, 49.4768526], [-115.0591012, 49.4770172], [-115.0591181, 49.4772412], [-115.0591599, 49.4774491], [-115.0591528, 49.4777233], [-115.0591747, 49.4779427], [-115.0592068, 49.4780992], [-115.0592157, 49.4781902], [-115.0591712, 49.4782336], [-115.0590924, 49.4782689], [-115.0589964, 49.4782977], [-115.0588774, 49.4783092], [-115.0588115, 49.4782895], [-115.0587673, 49.4782636], [-115.0585761, 49.4782215], [-115.0583849, 49.4782967], [-115.058284, 49.4783822], [-115.0582342, 49.4784691], [-115.0580784, 49.4785729]], [[-115.0477322, 49.4913098], [-115.0478474, 49.4913127], [-115.0479374, 49.4912829], [-115.0478231, 49.4912197], [-115.0478157, 49.491181], [-115.0478847, 49.4911613], [-115.0481683, 49.491218], [-115.0482756, 49.4912224], [-115.0483779, 49.4912184], [-115.0484261, 49.4911906], [-115.0483954, 49.491153], [-115.04827, 49.4911077], [-115.0481874, 49.4910637], [-115.0480935, 49.490957], [-115.0479602, 49.490871], [-115.0477955, 49.4908382], [-115.0475124, 49.4907995]], [[-115.047563, 49.4912977], [-115.0477322, 49.4913098]], [[-115.049636, 49.4942835], [-115.0495281, 49.4943047]], [[-115.0603724, 49.4788393], [-115.0604184, 49.4789082], [-115.0604151, 49.4790412], [-115.060483, 49.4791216], [-115.0606042, 49.4791885], [-115.0607876, 49.4792506], [-115.0609763, 49.479293], [-115.0610802, 49.4793734], [-115.061172, 49.4794746], [-115.0614832, 49.4798534], [-115.0615405, 49.4800155], [-115.0614913, 49.4803118], [-115.0613864, 49.4806676], [-115.0613694, 49.4808924], [-115.0613407, 49.4810053], [-115.0612843, 49.4811217], [-115.0612515, 49.4812889], [-115.0612562, 49.4816532], [-115.061164, 49.4819541], [-115.0610549, 49.4820548], [-115.0609693, 49.4821217], [-115.0609587, 49.4822066], [-115.0610711, 49.4823037], [-115.0610842, 49.4823919], [-115.0610502, 49.48252], [-115.0609444, 49.482629], [-115.0608388, 49.482774], [-115.0606577, 49.4830371], [-115.0604781, 49.483145], [-115.0603222, 49.4831456], [-115.059868, 49.48327]], [[-115.0603176, 49.4787644], [-115.0603724, 49.4788393]], [[-115.0565606, 49.478749], [-115.0565776, 49.478625], [-115.0565908, 49.478512], [-115.0565915, 49.4784075], [-115.0566098, 49.4783003], [-115.0566704, 49.4781524], [-115.0567987, 49.4779347], [-115.0569462, 49.47786], [-115.0571573, 49.4778673], [-115.0573084, 49.4779122], [-115.0573381, 49.4779428], [-115.0573217, 49.4779743], [-115.0572774, 49.4779936], [-115.0571529, 49.4780333], [-115.057044, 49.4780982], [-115.0570019, 49.4781632], [-115.057015, 49.4782066], [-115.0570856, 49.4782753], [-115.0571105, 49.4783259], [-115.0570839, 49.4784544], [-115.0570885, 49.4784879], [-115.0571577, 49.4785694], [-115.0571646, 49.4786094], [-115.0571118, 49.478715], [-115.0571017, 49.4787775], [-115.0571539, 49.4788895], [-115.057172, 49.4789521], [-115.0572055, 49.4789844], [-115.0572556, 49.4789722], [-115.0573306, 49.4788664], [-115.0574195, 49.4787829], [-115.057475, 49.4786969], [-115.0575529, 49.4786428], [-115.0576141, 49.4786326], [-115.0576737, 49.4786335], [-115.0577621, 49.4786378], [-115.0578246, 49.478662], [-115.0578887, 49.4786573], [-115.0579733, 49.4785953], [-115.0580784, 49.4785729]], [[-115.0509544, 49.4874626], [-115.0510135, 49.4874013], [-115.0510305, 49.4873509], [-115.0510074, 49.4872783], [-115.0509889, 49.4872134], [-115.0510225, 49.4871652], [-115.0511501, 49.4871269], [-115.0513121, 49.4870601], [-115.0514481, 49.4869953], [-115.0515098, 49.4869404], [-115.0516185, 49.4868761], [-115.0518161, 49.4868331], [-115.0519755, 49.4867141], [-115.052081, 49.4866493], [-115.0521662, 49.4865467], [-115.0522668, 49.4864443], [-115.0523891, 49.4863344], [-115.0525199, 49.4862427], [-115.0526238, 49.486076], [-115.0527679, 49.4859745], [-115.0528803, 49.4858251], [-115.052926, 49.4857028], [-115.0529672, 49.4855926], [-115.0530657, 49.4854997], [-115.053233, 49.4854264], [-115.0533832, 49.4853819], [-115.0535745, 49.4853321], [-115.0536805, 49.4853175], [-115.0537558, 49.4852874], [-115.0538829, 49.4852109], [-115.0540437, 49.4851542], [-115.0542359, 49.4850112], [-115.0542775, 49.4849304], [-115.0542283, 49.4848598], [-115.05427, 49.4848137], [-115.0543849, 49.4847752], [-115.0544839, 49.4847223]], [[-115.0506052, 49.4921749], [-115.0507449, 49.4924725], [-115.0508012, 49.4926314], [-115.0508291, 49.4926911], [-115.0508776, 49.4927508], [-115.0509622, 49.4928435], [-115.0510038, 49.4929126], [-115.0510023, 49.4930393], [-115.0509988, 49.4931565], [-115.0510108, 49.4932778], [-115.050969, 49.4933962], [-115.0508958, 49.493492], [-115.0508673, 49.49361], [-115.0509084, 49.4937094], [-115.050979, 49.493892], [-115.051137, 49.494036], [-115.0512694, 49.4941294]], [[-115.0481027, 49.4873734], [-115.0481843, 49.4873474]], [[-115.0462773, 49.4936244], [-115.0461395, 49.4935572], [-115.0460499, 49.4934829], [-115.0460364, 49.493385], [-115.0459836, 49.4933537], [-115.0459119, 49.4933615], [-115.0458716, 49.4933863], [-115.0458081, 49.4934099], [-115.0456924, 49.4934131]], [[-115.0456924, 49.4934131], [-115.0457329, 49.4932332], [-115.0458307, 49.4931122], [-115.0458743, 49.4929738], [-115.0459632, 49.4928575], [-115.0460341, 49.4926845], [-115.0461323, 49.4925575], [-115.0461699, 49.4924134], [-115.0462698, 49.4923448], [-115.0463618, 49.4922831], [-115.0465202, 49.4921346], [-115.0466335, 49.4920897], [-115.0467887, 49.4920651], [-115.0470483, 49.4920852], [-115.0472086, 49.4920526], [-115.0473139, 49.4919731], [-115.0474378, 49.4918409], [-115.0475139, 49.4917339], [-115.0475134, 49.4915864], [-115.047482, 49.4913883], [-115.0474874, 49.4913319], [-115.047563, 49.4912977]], [[-115.061467, 49.4946177], [-115.0614082, 49.4945978], [-115.0611628, 49.4945395], [-115.0609173, 49.4944988], [-115.0607296, 49.4945422], [-115.0605773, 49.4945793], [-115.0604473, 49.494534], [-115.0602951, 49.4945092], [-115.0601112, 49.4945546], [-115.0599304, 49.4946081], [-115.0596355, 49.4945793], [-115.0593841, 49.4945599], [-115.0591375, 49.4945463], [-115.0588712, 49.4945546], [-115.0586967, 49.4945113], [-115.0585889, 49.4945051], [-115.0584843, 49.4945628], [-115.0583923, 49.4946411], [-115.0583067, 49.4946349], [-115.0581735, 49.4945422], [-115.0579673, 49.4944433], [-115.0579007, 49.494398], [-115.0578341, 49.4942744], [-115.0577326, 49.4942312], [-115.0575931, 49.4942847], [-115.0574536, 49.494328], [-115.0573108, 49.4942909], [-115.0571777, 49.4942641], [-115.0569049, 49.4943383], [-115.0566354, 49.4944289], [-115.0564804, 49.4945953]], [[-115.0525404, 49.4945205], [-115.0526371, 49.4945935], [-115.0527548, 49.4947056], [-115.0528157, 49.4947216], [-115.0529536, 49.4947245], [-115.0531199, 49.4947304], [-115.0532737, 49.4947658], [-115.0535205, 49.494813], [-115.0537479, 49.4948287], [-115.0539587, 49.4949389]], [[-115.0497554, 49.4942494], [-115.049636, 49.4942835]], [[-115.0545361, 49.4949038], [-115.0550024, 49.4947778], [-115.0553428, 49.4947799], [-115.0557601, 49.4946299], [-115.0559144, 49.4946724], [-115.0561726, 49.4947005], [-115.0564804, 49.4945953]], [[-115.0512694, 49.4941294], [-115.0510204, 49.4941995]]]}}, {"type": "Feature", "properties": {"name": "Montane Blue / Easy Beaver", "difficulty": "easy", "area": "Fernie", "osm_id": 899048382, "highway": "path", "stroke": "#22c55e"}, "geometry": {"type": "LineString", "coordinates": [[-115.0572047, 49.4858692], [-115.0568725, 49.485961], [-115.0567078, 49.4860559], [-115.0564346, 49.4861332], [-115.0563727, 49.4862128], [-115.0564138, 49.4863467], [-115.0563926, 49.486448], [-115.0562461, 49.4865208], [-115.0560228, 49.4865526], [-115.0559222, 49.4866185], [-115.0557864, 49.4867163], [-115.0556082, 49.4867945], [-115.0555372, 49.4869233], [-115.0554373, 49.4870234], [-115.0553879, 49.4871538], [-115.0553622, 49.4873254], [-115.0552561, 49.487399], [-115.0551164, 49.4874772], [-115.0550656, 49.4875715], [-115.055055, 49.487759], [-115.0550182, 49.4878801], [-115.0549282, 49.487957], [-115.0548687, 49.4880377], [-115.0547923, 49.4881274], [-115.0547644, 49.4881921], [-115.0548006, 49.4883198], [-115.0548781, 49.4883738], [-115.0550036, 49.4884177], [-115.0551772, 49.488474], [-115.0552357, 49.4885943], [-115.0553325, 49.4889868], [-115.0553804, 49.4892182], [-115.055383, 49.4893573], [-115.0553602, 49.4894947]]}}, {"type": "Feature", "properties": {"name": "Montane Blue / Marlu", "difficulty": "intermediate", "area": "Fernie", "osm_id": 1357835840, "highway": "path", "stroke": "#3b82f6"}, "geometry": {"type": "LineString", "coordinates": [[-115.0592662, 49.4836237], [-115.0593097, 49.4833152], [-115.0593648, 49.4832423], [-115.0594716, 49.483189], [-115.0595956, 49.4832017], [-115.0597282, 49.4832488], [-115.059868, 49.48327]]}}, {"type": "Feature", "properties": {"name": "Montane Blue / Montane Nordic", "difficulty": "intermediate", "area": "Fernie", "osm_id": 1357815905, "highway": "path", "stroke": "#3b82f6"}, "geometry": {"type": "LineString", "coordinates": [[-115.0539587, 49.4949389], [-115.0540878, 49.494971], [-115.0545361, 49.4949038]]}}, {"type": "Feature", "properties": {"name": "Montane Connector", "difficulty": "easy", "area": "Fernie", "osm_id": 870406690, "highway": "path", "stroke": "#22c55e"}, "geometry": {"type": "LineString", "coordinates": [[-115.055141, 49.4849798], [-115.0551447, 49.4848556], [-115.0552212, 49.4847531], [-115.0551597, 49.4847095], [-115.0550634, 49.4847637], [-115.0549898, 49.4847266], [-115.0549514, 49.4846164], [-115.0549475, 49.484523], [-115.0548603, 49.4845001], [-115.0547799, 49.484597], [-115.0546956, 49.4846662], [-115.054621, 49.4846947], [-115.0544839, 49.4847223]]}}, {"type": "Feature", "properties": {"name": "Montane West Access", "difficulty": "easy", "area": "Fernie", "osm_id": [1357815910, 1357815911], "highway": "path", "stroke": "#22c55e"}, "geometry": {"type": "MultiLineString", "coordinates": [[[-115.062449, 49.495237], [-115.063136, 49.495334], [-115.063803, 49.495531], [-115.0640689, 49.4955652]], [[-115.062449, 49.495237], [-115.0620932, 49.4952364], [-115.0619379, 49.4950757], [-115.0618617, 49.4948347], [-115.0618142, 49.4947523], [-115.0617, 49.4946967], [-115.061467, 49.4946177]]]}}, {"type": "Feature", "properties": {"name": "More Cowbell", "difficulty": "intermediate", "area": "Fernie", "osm_id": 1355082424, "highway": "path", "stroke": "#3b82f6"}, "geometry": {"type": "LineString", "coordinates": [[-115.0625351, 49.5274415], [-115.062813, 49.527453], [-115.062904, 49.527477], [-115.063113, 49.527635], [-115.063208, 49.52773], [-115.063275, 49.527865], [-115.06338, 49.527993], [-115.063498, 49.528069], [-115.063596, 49.528096], [-115.064205, 49.528167], [-115.064739, 49.528346], [-115.065116, 49.528369], [-115.065675, 49.5285], [-115.065972, 49.52865], [-115.066035, 49.528694], [-115.066168, 49.528855], [-115.066325, 49.528987], [-115.066433, 49.529033], [-115.0665698, 49.529062], [-115.066947, 49.529142], [-115.067359, 49.529195], [-115.067564, 49.529244], [-115.068124, 49.529581], [-115.068368, 49.529702], [-115.06855, 49.529853], [-115.068712, 49.529913], [-115.068803, 49.529972], [-115.068885, 49.530083], [-115.068962, 49.530142], [-115.0691123, 49.5302149], [-115.0690745, 49.5302819], [-115.0690048, 49.5303202], [-115.0688814, 49.5303551], [-115.0687956, 49.5304108], [-115.0687098, 49.5305083], [-115.0685917, 49.5305883], [-115.0685136, 49.5306336]]}}, {"type": "Feature", "properties": {"name": "More More Cowbell", "difficulty": "intermediate", "area": "Fernie", "osm_id": 648291129, "highway": "path", "stroke": "#3b82f6"}, "geometry": {"type": "LineString", "coordinates": [[-115.0718208, 49.5343992], [-115.071979, 49.5339797], [-115.071979, 49.5339257], [-115.0719495, 49.5338439], [-115.0717779, 49.5335915], [-115.0716062, 49.5334522], [-115.0715284, 49.5333669], [-115.0714506, 49.5333129], [-115.0713219, 49.533259], [-115.071102, 49.5331389], [-115.0710376, 49.5330431], [-115.0710269, 49.5329613], [-115.0710483, 49.5328412], [-115.0710912, 49.5327228], [-115.0711556, 49.5326601], [-115.0712119, 49.532634], [-115.0713112, 49.532634], [-115.0713809, 49.532648], [-115.0714426, 49.532681], [-115.0714694, 49.5327124], [-115.071507, 49.5328099], [-115.0715231, 49.5328499], [-115.0715579, 49.5328795], [-115.0716304, 49.5329073], [-115.0717484, 49.5329874], [-115.0718047, 49.5331284], [-115.0718262, 49.5332973], [-115.0718154, 49.5334191], [-115.0717993, 49.5334975], [-115.0717779, 49.5335915]]}}, {"type": "Feature", "properties": {"name": "Morrissey Court Connector", "difficulty": "intermediate", "area": "Fernie", "osm_id": [1357835836, 1395021065], "highway": "path", "stroke": "#3b82f6"}, "geometry": {"type": "MultiLineString", "coordinates": [[[-115.0576187, 49.4906149], [-115.0577291, 49.4905819], [-115.0579044, 49.49059], [-115.0581548, 49.4905493], [-115.0584262, 49.4905819], [-115.0582467, 49.4906551], [-115.0580881, 49.4907202], [-115.0581548, 49.4907825], [-115.0579879, 49.490872], [-115.0578459, 49.4909588], [-115.0578167, 49.4911052], [-115.0576581, 49.4912299], [-115.0574786, 49.4913763], [-115.0573794, 49.4915221]], [[-115.0573794, 49.4915221], [-115.0573033, 49.4916475], [-115.0572966, 49.4917151], [-115.0571447, 49.4919403], [-115.05692, 49.4920982]]]}}, {"type": "Feature", "properties": {"name": "Mount Baldy Route", "difficulty": "advanced", "area": "Fernie / Island Lake", "osm_id": 1334651469, "highway": "path", "stroke": "#0a0a0a"}, "geometry": {"type": "LineString", "coordinates": [[-115.1943075, 49.5192705], [-115.1947523, 49.5191515], [-115.1949961, 49.519252], [-115.1955511, 49.519642], [-115.1951195, 49.5199361]]}}, {"type": "Feature", "properties": {"name": "Mount Baldy Trail", "difficulty": "advanced", "area": "Fernie / Island Lake", "osm_id": [517796621, 1358446641], "highway": "path", "stroke": "#0a0a0a"}, "geometry": {"type": "MultiLineString", "coordinates": [[[-115.1943143, 49.5179574], [-115.194443, 49.517947], [-115.1945718, 49.5179562], [-115.1947059, 49.5179905], [-115.194888, 49.5180619], [-115.1953358, 49.5181529], [-115.1960355, 49.5183132], [-115.1966568, 49.5184368], [-115.1971198, 49.5184875], [-115.197195, 49.5184772], [-115.1972565, 49.5184511], [-115.1975712, 49.5182753], [-115.1978011, 49.5180854], [-115.1979943, 49.5179566], [-115.1981536, 49.5178773], [-115.1983376, 49.5178016], [-115.198549, 49.5177347], [-115.1989983, 49.5176406], [-115.1994651, 49.5175276], [-115.2000732, 49.5173773], [-115.2001968, 49.5173349], [-115.2002554, 49.5173036], [-115.2002795, 49.5172531], [-115.2002815, 49.5171482], [-115.2002543, 49.5167352], [-115.2003188, 49.5164427], [-115.2004083, 49.51621], [-115.2004553, 49.5159767], [-115.2004527, 49.5156284], [-115.2005115, 49.5150422], [-115.2005611, 49.5149214], [-115.200601, 49.5148456], [-115.2006577, 49.5147855], [-115.2007301, 49.5147472], [-115.2008062, 49.5147323], [-115.2009313, 49.5147246], [-115.2014924, 49.5147715], [-115.2020968, 49.5148308], [-115.2022456, 49.514836], [-115.2023234, 49.5148325], [-115.2023958, 49.5148142], [-115.2027337, 49.514742], [-115.202877, 49.514722], [-115.2034107, 49.5146987], [-115.204059, 49.5147139], [-115.2042304, 49.5147124], [-115.2043243, 49.5147246], [-115.2043906, 49.5147407], [-115.2048822, 49.5149335], [-115.2049806, 49.5149752], [-115.2050284, 49.5149806], [-115.2050713, 49.5149753], [-115.2050994, 49.5149549], [-115.2051064, 49.514922], [-115.2051161, 49.514652], [-115.2050968, 49.5145461], [-115.2050431, 49.514432], [-115.2049337, 49.5143097], [-115.2047647, 49.5142194], [-115.2044584, 49.5141325], [-115.2036661, 49.513917], [-115.2027623, 49.513665], [-115.202131, 49.513424], [-115.2016671, 49.5131986], [-115.2009848, 49.5129024], [-115.2004898, 49.5127133], [-115.2001294, 49.5125093], [-115.1991144, 49.5118587], [-115.1988675, 49.5115298], [-115.1985917, 49.511368], [-115.1984288, 49.5111763], [-115.1984116, 49.5111464], [-115.1983845, 49.5111266], [-115.198347, 49.5111162], [-115.1980814, 49.5111031], [-115.1980432, 49.5110869], [-115.1980211, 49.5110735], [-115.1979954, 49.5110488], [-115.1979902, 49.5109072], [-115.197976, 49.5108878], [-115.1979527, 49.5108715], [-115.1973183, 49.5103839], [-115.1972328, 49.5102674], [-115.1972151, 49.5101853], [-115.1972084, 49.5100469], [-115.1971909, 49.5100155], [-115.1971735, 49.5099937], [-115.1971413, 49.5099842], [-115.1970814, 49.5099803], [-115.1968771, 49.5099981], [-115.1968074, 49.5099929], [-115.1967631, 49.5099868], [-115.1967095, 49.5099667], [-115.1966568, 49.5099282], [-115.1963508, 49.5096922], [-115.1960027, 49.5094474], [-115.1956739, 49.5092025], [-115.1955213, 49.5090419], [-115.1953308, 49.5088456], [-115.1953237, 49.5088374], [-115.1953302, 49.508829], [-115.1956071, 49.5087972], [-115.1956201, 49.5087919], [-115.1956178, 49.5087811], [-115.1953161, 49.5086431], [-115.1947815, 49.5083099], [-115.1946435, 49.5082552], [-115.194604, 49.508246], [-115.1945692, 49.5082405], [-115.1945376, 49.5082434], [-115.1945094, 49.5082525], [-115.1944973, 49.5082639], [-115.1944893, 49.5082822], [-115.1945221, 49.5084703], [-115.1945075, 49.5084843], [-115.1944833, 49.5084851], [-115.1943612, 49.5084459], [-115.1943288, 49.5084493], [-115.1943096, 49.5084633], [-115.1942962, 49.5084829], [-115.1943295, 49.5086561], [-115.1943203, 49.5087337], [-115.1942747, 49.5088173], [-115.1942077, 49.5089061], [-115.1939464, 49.5091108], [-115.1938509, 49.5091604], [-115.1937648, 49.5091761], [-115.1935961, 49.5091743], [-115.1931857, 49.5091116], [-115.1931174, 49.5090819], [-115.1930919, 49.5090524], [-115.1930704, 49.5089026], [-115.1930483, 49.5088847], [-115.1930007, 49.508873], [-115.1929068, 49.5088678], [-115.1928263, 49.5088539], [-115.1927459, 49.5088312], [-115.1926412, 49.5088173], [-115.1925501, 49.5088295], [-115.1924428, 49.5088469], [-115.1923931, 49.5088495], [-115.1923521, 49.5088391], [-115.1920042, 49.5086649], [-115.1914467, 49.5085306], [-115.1911861, 49.5084733], [-115.1911164, 49.5084681], [-115.1910621, 49.5084892], [-115.1910494, 49.508536], [-115.1910563, 49.5086766], [-115.1911486, 49.5087746], [-115.1912991, 49.5089354], [-115.1913203, 49.5089975], [-115.1913052, 49.5090332], [-115.1912666, 49.5090568], [-115.1912209, 49.5090623], [-115.1911521, 49.5090573], [-115.1909424, 49.5089969], [-115.190612, 49.5089231], [-115.1904821, 49.5088765], [-115.1904653, 49.5088432], [-115.1904848, 49.5088138], [-115.1905605, 49.508739], [-115.1905594, 49.5087062], [-115.1905077, 49.5086859], [-115.1904311, 49.5086501], [-115.1900499, 49.5083411], [-115.1899252, 49.5082653], [-115.1895, 49.5081383], [-115.1892885, 49.5080718], [-115.1890505, 49.5081053], [-115.1891594, 49.5079528], [-115.1888369, 49.5079954], [-115.1890064, 49.5078478], [-115.1886125, 49.5079026], [-115.1888355, 49.5076946], [-115.1882125, 49.507811], [-115.1881024, 49.5077795], [-115.1879243, 49.5076969], [-115.187716, 49.5075387], [-115.1876962, 49.5074187], [-115.1876899, 49.5073647], [-115.1876497, 49.5073316], [-115.1875772, 49.5073282], [-115.1870907, 49.5073216], [-115.1870354, 49.5073247], [-115.1869778, 49.5073403], [-115.1867636, 49.5074131], [-115.1866113, 49.5074722], [-115.1863913, 49.5075575], [-115.1858112, 49.5077647], [-115.1849071, 49.5080975], [-115.1843703, 49.5082942], [-115.1842443, 49.5083296], [-115.1841144, 49.5083396], [-115.1831573, 49.5082632], [-115.182883, 49.5082658], [-115.1828012, 49.508253], [-115.1826772, 49.508205], [-115.182378, 49.5079757], [-115.1820294, 49.5076304], [-115.1820234, 49.5075459]], [[-115.1764898, 49.5090616], [-115.1765396, 49.5090212], [-115.1767804, 49.5089889], [-115.1770419, 49.5090374], [-115.177236, 49.5092736], [-115.1775472, 49.509406], [-115.1776276, 49.5095152], [-115.1776652, 49.5095662], [-115.177802, 49.5098344], [-115.1778341, 49.5098588], [-115.177869, 49.5098744], [-115.1781373, 49.5099563], [-115.1783572, 49.5100355], [-115.1783867, 49.5100503], [-115.1784055, 49.5100713], [-115.1783987, 49.5100939], [-115.1783786, 49.5101122], [-115.178325, 49.5101252], [-115.1780219, 49.5101722], [-115.1777993, 49.5102637], [-115.1777671, 49.5102925], [-115.1777697, 49.5103194], [-115.1781131, 49.5105354], [-115.1781802, 49.5105589], [-115.1782525, 49.510558], [-115.1783169, 49.5105458], [-115.178392, 49.5105371], [-115.1784537, 49.5105432], [-115.1788775, 49.5106834], [-115.1789526, 49.5106947], [-115.1790465, 49.5107061], [-115.1793925, 49.5106738], [-115.1795051, 49.5106764], [-115.1795964, 49.5107017], [-115.1796848, 49.5107391], [-115.1797412, 49.5107862], [-115.179776, 49.5108506], [-115.179811, 49.5109246], [-115.1798431, 49.5111684], [-115.179886, 49.5114549], [-115.1798968, 49.5114924], [-115.1799316, 49.5115159], [-115.1802938, 49.5117153], [-115.1803527, 49.5117423], [-115.1804416, 49.5117534], [-115.1806529, 49.5117521], [-115.1809064, 49.5117542], [-115.1812544, 49.511765], [-115.1816357, 49.5118027], [-115.1820754, 49.5119044], [-115.1821039, 49.5119664], [-115.1824661, 49.5121504], [-115.1824824, 49.5121685], [-115.1824831, 49.5121865], [-115.1824663, 49.5122016], [-115.1824472, 49.5122057], [-115.182308, 49.5122134], [-115.1822903, 49.5122239], [-115.1823002, 49.5122396], [-115.1828033, 49.512525], [-115.1829997, 49.5126748], [-115.1834168, 49.5129434], [-115.1838005, 49.5131183], [-115.1838369, 49.5131564], [-115.1838268, 49.5131923], [-115.1837641, 49.5132045], [-115.183683, 49.5131905], [-115.183365, 49.5131188], [-115.1828767, 49.5130118], [-115.1825181, 49.5129706], [-115.1819473, 49.5129566], [-115.1817726, 49.5129576], [-115.1817078, 49.5129624], [-115.1816597, 49.5129828], [-115.1815208, 49.5130885], [-115.1815165, 49.5131127], [-115.1815436, 49.5131224], [-115.1816697, 49.5131071], [-115.1818812, 49.5131482], [-115.1821501, 49.5132607], [-115.1825023, 49.5134632], [-115.1825133, 49.5134809], [-115.1824884, 49.5134934], [-115.1820586, 49.5134707], [-115.1820378, 49.5134773], [-115.1820272, 49.5134984], [-115.1820801, 49.5136318], [-115.1820745, 49.5136532], [-115.182045, 49.5136616], [-115.1816849, 49.5136519], [-115.1816502, 49.5136605], [-115.1816312, 49.5136777], [-115.1816375, 49.5137015], [-115.1816599, 49.513718], [-115.1819168, 49.5138734], [-115.1819328, 49.5138845], [-115.1819205, 49.5139043], [-115.1818413, 49.513954], [-115.1818381, 49.5139678], [-115.1818548, 49.5139801], [-115.1819299, 49.5140178], [-115.1821992, 49.5140746], [-115.1826023, 49.5142877], [-115.1829445, 49.514487], [-115.183269, 49.5145904], [-115.1833058, 49.514607], [-115.1833242, 49.5146236], [-115.1833259, 49.5146549], [-115.1833107, 49.5146823], [-115.183275, 49.5146958], [-115.1832227, 49.5147002], [-115.1827993, 49.5146968], [-115.1826004, 49.5147141], [-115.1825038, 49.5147455], [-115.1824502, 49.514796], [-115.1824256, 49.5148508], [-115.1824261, 49.5149144], [-115.1824663, 49.5149562], [-115.182528, 49.5149893], [-115.182594, 49.5149939], [-115.1826852, 49.5149824], [-115.1827859, 49.5150026], [-115.1829818, 49.5150799], [-115.1832101, 49.5152146], [-115.1833637, 49.5152874], [-115.1834922, 49.5153881], [-115.1835961, 49.5154945], [-115.183683, 49.5156374], [-115.1836981, 49.5156519], [-115.1837156, 49.5156604], [-115.1837357, 49.5156654], [-115.1837588, 49.515666], [-115.183964, 49.5156241], [-115.1840354, 49.5156266], [-115.1841226, 49.5156397], [-115.1841668, 49.5156531], [-115.1841943, 49.515671], [-115.184205, 49.5156845], [-115.1842017, 49.5157011], [-115.1841935, 49.5157103], [-115.1841648, 49.5157254], [-115.184068, 49.5157742], [-115.1840542, 49.5157947], [-115.1840535, 49.5158164], [-115.1840669, 49.5158321], [-115.184089, 49.5158412], [-115.1841645, 49.5158473], [-115.1842756, 49.5158604], [-115.1844282, 49.515923], [-115.1847329, 49.5161323], [-115.1849836, 49.5162883], [-115.1850171, 49.5163119], [-115.1850285, 49.516331], [-115.1850158, 49.5163465], [-115.1849862, 49.5163502], [-115.184775, 49.5163438], [-115.1845162, 49.5163381], [-115.1844538, 49.5163471], [-115.184431, 49.5163558], [-115.1844216, 49.5163719], [-115.1844255, 49.5163885], [-115.1844981, 49.5164477], [-115.1844947, 49.5164664], [-115.1844753, 49.5164777], [-115.1844098, 49.5165242], [-115.1843433, 49.5166025], [-115.1842103, 49.5167355], [-115.1840942, 49.5168651], [-115.1840497, 49.5170262], [-115.184061, 49.5172677], [-115.1840112, 49.517702], [-115.184025, 49.5177089], [-115.1840397, 49.5177102], [-115.1840552, 49.5177058], [-115.1840694, 49.5176966], [-115.1841279, 49.5175927], [-115.1843066, 49.5173319], [-115.1844126, 49.5172309], [-115.1844927, 49.5171873], [-115.1846083, 49.5171735], [-115.1850905, 49.5172493], [-115.1855392, 49.5174255], [-115.1858899, 49.517517], [-115.1877086, 49.5183532], [-115.1883988, 49.518444], [-115.1893748, 49.518557], [-115.1894236, 49.5185837], [-115.1893859, 49.5186159], [-115.1882963, 49.5188951], [-115.1876656, 49.5191077], [-115.1873994, 49.5192033], [-115.186862, 49.5193176], [-115.1866364, 49.5194113], [-115.1866204, 49.5194427], [-115.1866599, 49.5194632], [-115.1870464, 49.5194855], [-115.1874615, 49.5195521], [-115.1876611, 49.519589], [-115.1876969, 49.5196099], [-115.1876745, 49.519636], [-115.1874384, 49.5197316], [-115.186889, 49.5199275], [-115.1868656, 49.5199567], [-115.186902, 49.5199686], [-115.1877335, 49.5200957], [-115.1877559, 49.5201116], [-115.1877415, 49.5201332], [-115.1873794, 49.5202629], [-115.1873633, 49.5202885], [-115.1873915, 49.520309], [-115.1880584, 49.5204089], [-115.1887793, 49.5204229], [-115.1891368, 49.5204554], [-115.1893269, 49.5204755], [-115.1895539, 49.5205128], [-115.1907306, 49.5201334], [-115.1913906, 49.5199442], [-115.1916792, 49.5198181], [-115.1918118, 49.5198119], [-115.1919727, 49.5198363], [-115.1922168, 49.5198868], [-115.1929669, 49.5199086], [-115.1930349, 49.5199007], [-115.1930991, 49.5198808], [-115.1940324, 49.5194128], [-115.1943075, 49.5192705], [-115.1945352, 49.5189262], [-115.1946403, 49.5188559], [-115.1946643, 49.5188246], [-115.1946455, 49.5187924], [-115.1945903, 49.5187619], [-115.1945262, 49.518741], [-115.1943719, 49.5187306], [-115.1943424, 49.518714], [-115.1943317, 49.5186862], [-115.1943453, 49.5186179], [-115.1943648, 49.518423], [-115.194143, 49.5181445], [-115.1941372, 49.5180898], [-115.1941689, 49.5180301], [-115.1942271, 49.5179888], [-115.1943143, 49.5179574]]]}}, {"type": "Feature", "properties": {"name": "Mount Fernie Ridge Route", "difficulty": "advanced", "area": "Fernie", "osm_id": 1334651468, "highway": "path", "stroke": "#0a0a0a"}, "geometry": {"type": "LineString", "coordinates": [[-115.1057414, 49.5236328], [-115.1072105, 49.5233495], [-115.1083642, 49.5233898], [-115.1096132, 49.5230987], [-115.1104857, 49.5231559], [-115.1110613, 49.5232083], [-115.1115549, 49.5232486], [-115.1123243, 49.5229818], [-115.1135416, 49.5226579]]}}, {"type": "Feature", "properties": {"name": "Mount Fernie Trail", "difficulty": "intermediate", "area": "Fernie", "osm_id": 648385907, "highway": "path", "stroke": "#3b82f6"}, "geometry": {"type": "LineString", "coordinates": [[-115.0704896, 49.5280385], [-115.0707994, 49.5278216], [-115.0708718, 49.5277815], [-115.070955, 49.5277571], [-115.0713976, 49.5277502], [-115.0714619, 49.5277432], [-115.0715263, 49.5277206], [-115.0722961, 49.5274403], [-115.0723792, 49.5273933], [-115.0724517, 49.5273411], [-115.0727065, 49.5270729], [-115.0727413, 49.5270033], [-115.0728513, 49.5267387], [-115.0728835, 49.5266847], [-115.0729345, 49.5266342], [-115.0729988, 49.5266029], [-115.0732456, 49.5265193], [-115.0732912, 49.5264914], [-115.0733314, 49.5264584], [-115.0734039, 49.526387], [-115.0735728, 49.5262007], [-115.0736962, 49.5260405], [-115.073723, 49.5260092], [-115.0737418, 49.5259918], [-115.0737767, 49.5259744], [-115.0739108, 49.5259221], [-115.0739752, 49.525896], [-115.074069, 49.5258629], [-115.074128, 49.5258316], [-115.0741978, 49.5258194], [-115.0742675, 49.5258107], [-115.0744338, 49.5257933], [-115.0746564, 49.5257358], [-115.0747718, 49.5257106], [-115.0748496, 49.5257028], [-115.0749287, 49.5257019], [-115.0750252, 49.5257097], [-115.0751071, 49.5257289], [-115.0751835, 49.525755], [-115.0753592, 49.5258142], [-115.075382, 49.5258177], [-115.0754088, 49.5258151], [-115.0754396, 49.5258055], [-115.0760029, 49.5256192], [-115.0760458, 49.5256079], [-115.0760727, 49.5256035], [-115.0761089, 49.5256018], [-115.0761424, 49.5256027], [-115.0761893, 49.5256166], [-115.0763972, 49.5256845], [-115.0764187, 49.5256888], [-115.0764495, 49.5256897], [-115.0764964, 49.5256827], [-115.0765903, 49.5256444], [-115.0774084, 49.5252379], [-115.0779958, 49.5249175], [-115.0782399, 49.5246877], [-115.0787844, 49.5240714], [-115.0791947, 49.5237075], [-115.0792403, 49.5236936], [-115.0792752, 49.5236936], [-115.079302, 49.5237057], [-115.0793181, 49.5237423], [-115.0792859, 49.5243587], [-115.0793047, 49.5248131], [-115.0793396, 49.5249332], [-115.0794147, 49.5250586], [-115.0794817, 49.5251334], [-115.0795944, 49.5252292], [-115.0796856, 49.5252901], [-115.080053, 49.5254416], [-115.0802006, 49.5255234], [-115.0803642, 49.5256627], [-115.0807504, 49.5260788], [-115.0812144, 49.5264566], [-115.0815926, 49.5266917], [-115.0816597, 49.5267352], [-115.0816999, 49.5267596], [-115.0817026, 49.5267996], [-115.0816731, 49.5268466], [-115.0815819, 49.5269197], [-115.0813271, 49.5271078], [-115.0808979, 49.5276388], [-115.0808872, 49.5276718], [-115.080906, 49.5277049], [-115.0814639, 49.5278808], [-115.0816946, 49.5279713], [-115.0817267, 49.5279817], [-115.0817589, 49.5279765], [-115.081771, 49.5279643], [-115.0817737, 49.5279504], [-115.0817455, 49.5278007], [-115.0817509, 49.5277615], [-115.081767, 49.5277397], [-115.0817911, 49.5277319], [-115.0818327, 49.5277423], [-115.0820352, 49.5278494], [-115.0820996, 49.5278573], [-115.0821827, 49.527859], [-115.0822578, 49.527852], [-115.0823262, 49.5278355], [-115.0823906, 49.5278085], [-115.082628, 49.527704], [-115.0827406, 49.5276771], [-115.0829029, 49.5276579], [-115.0829887, 49.5276597], [-115.0830397, 49.5276684], [-115.0830933, 49.5276858], [-115.0831282, 49.5277119], [-115.083147, 49.5277606], [-115.0832248, 49.5279034], [-115.0832569, 49.5279347], [-115.0832891, 49.5279452], [-115.0833227, 49.5279452], [-115.0833602, 49.5279417], [-115.0834018, 49.5279304], [-115.0834849, 49.5278964], [-115.0839838, 49.5276701], [-115.0846651, 49.5274499], [-115.0847536, 49.5274359], [-115.0848046, 49.5274394], [-115.0848395, 49.5274551], [-115.0848555, 49.5274742], [-115.0848475, 49.5275004], [-115.0847724, 49.5276866], [-115.0847684, 49.5277093], [-115.0847751, 49.5277293], [-115.084881, 49.5278442], [-115.0849159, 49.527859], [-115.0849374, 49.527859], [-115.0849481, 49.5278494], [-115.0850125, 49.5277615], [-115.0850339, 49.5277493], [-115.0850581, 49.5277502], [-115.0850768, 49.5277598], [-115.0851707, 49.5278668], [-115.0851975, 49.527879], [-115.085219, 49.5278764], [-115.0852458, 49.527866], [-115.0856978, 49.5277162], [-115.0857366, 49.5277136], [-115.0857782, 49.5277276], [-115.0858922, 49.5278581], [-115.0859137, 49.5278694], [-115.0859472, 49.527866], [-115.0861001, 49.5278033], [-115.0861189, 49.5278007], [-115.0861511, 49.5278033], [-115.0862731, 49.5278459], [-115.0862945, 49.5278477], [-115.0863187, 49.527839], [-115.0865145, 49.5277415], [-115.0866701, 49.5276936], [-115.0870228, 49.5274638], [-115.087067, 49.527449], [-115.0870992, 49.5274499], [-115.0871354, 49.5274638], [-115.0871757, 49.527489], [-115.0872347, 49.5276083], [-115.0872803, 49.5276779], [-115.0873487, 49.5277519], [-115.0874291, 49.5278015], [-115.0874694, 49.5278129], [-115.0875015, 49.5278146], [-115.087527, 49.5278111], [-115.0875471, 49.5277946], [-115.0875874, 49.5277615], [-115.0876517, 49.5277128], [-115.0876893, 49.5276927], [-115.08781, 49.527657], [-115.0879213, 49.5276327], [-115.0880179, 49.5276266], [-115.0881117, 49.5276266], [-115.0881855, 49.5276214], [-115.0882083, 49.5276144], [-115.0885624, 49.527503], [-115.0889647, 49.5273898], [-115.0890344, 49.5273559], [-115.0891015, 49.5273141], [-115.0891632, 49.5272549], [-115.0891779, 49.5272427], [-115.0891954, 49.5272375], [-115.0892141, 49.5272427], [-115.0892289, 49.5272514], [-115.0892664, 49.5272853], [-115.0893523, 49.5273767], [-115.0894515, 49.527449], [-115.0894837, 49.5274681], [-115.0895119, 49.5274747], [-115.0895427, 49.527476], [-115.0895776, 49.5274699], [-115.0896232, 49.5274533], [-115.0896889, 49.5274255], [-115.0897854, 49.5273767], [-115.0898592, 49.5273141], [-115.0898874, 49.5272914], [-115.0899142, 49.5272836], [-115.0899383, 49.5272853], [-115.0900403, 49.5273184], [-115.0900765, 49.5273276], [-115.0901006, 49.5273293], [-115.0901288, 49.5273258], [-115.0901516, 49.5273136], [-115.090161, 49.5272849], [-115.0902025, 49.5271674], [-115.09022, 49.5271413], [-115.0902387, 49.5271317], [-115.0902615, 49.5271317], [-115.0902817, 49.5271369], [-115.0903004, 49.5271474], [-115.0904158, 49.527217], [-115.0904359, 49.5272188], [-115.0904533, 49.5272135], [-115.0904667, 49.5272013], [-115.0904868, 49.5271648], [-115.0905391, 49.5270272], [-115.0906142, 49.5269071], [-115.0907081, 49.5268105], [-115.0908422, 49.5267391], [-115.0911534, 49.5266616], [-115.0918749, 49.5265459], [-115.0919768, 49.5265049], [-115.0920479, 49.5264658], [-115.0921297, 49.5264101], [-115.0921914, 49.5263404], [-115.0922343, 49.5262412], [-115.0922544, 49.5261663], [-115.0922812, 49.5259304], [-115.0922987, 49.5259017], [-115.0923309, 49.5258651], [-115.0927064, 49.525617], [-115.0927748, 49.5255918], [-115.092874, 49.5255735], [-115.0930712, 49.5255439], [-115.0938946, 49.5255012], [-115.0941923, 49.5254647], [-115.0942594, 49.5254455], [-115.0943854, 49.525402], [-115.0945061, 49.5253184], [-115.0946215, 49.5252087], [-115.0947341, 49.5250677], [-115.0949111, 49.524871], [-115.0949916, 49.5248013], [-115.0950587, 49.5247613], [-115.0951257, 49.5247334], [-115.0951928, 49.5247265], [-115.0952572, 49.5247265], [-115.0953403, 49.5247387], [-115.096086, 49.5248884], [-115.0968692, 49.5250834], [-115.0970918, 49.5251199], [-115.0971937, 49.5251304], [-115.0972742, 49.5251217], [-115.0973922, 49.5250938], [-115.0979313, 49.5248745], [-115.0980011, 49.5248553], [-115.0981191, 49.5248553], [-115.0982371, 49.524871], [-115.0983256, 49.524871], [-115.0984114, 49.5248379], [-115.0984946, 49.5248031], [-115.0985643, 49.5247857], [-115.0986528, 49.5247857], [-115.098744, 49.5247926], [-115.0988379, 49.5247787], [-115.0989076, 49.5247474], [-115.0989935, 49.5247021], [-115.0990552, 49.524676], [-115.0991571, 49.5246551], [-115.099259, 49.5246394], [-115.099369, 49.5246063], [-115.0994387, 49.5245715], [-115.0997954, 49.5243243], [-115.0998759, 49.5242442], [-115.0999537, 49.5241763], [-115.1000315, 49.524124], [-115.1001254, 49.524077], [-115.1002326, 49.524044], [-115.1004204, 49.5240091], [-115.1005921, 49.5239952], [-115.1007503, 49.5239935], [-115.1008308, 49.5239691], [-115.101335, 49.523788], [-115.1014262, 49.5237288], [-115.1017991, 49.5234833], [-115.1018286, 49.5234711], [-115.1018634, 49.5234633], [-115.101903, 49.5234594], [-115.1019513, 49.5234585], [-115.1019949, 49.5234607], [-115.1025018, 49.5235443], [-115.1030758, 49.5235617], [-115.1031187, 49.5235652], [-115.1031509, 49.5235739], [-115.1033923, 49.5236748], [-115.1034339, 49.5236857], [-115.1034694, 49.5236879], [-115.1035023, 49.5236849], [-115.1035371, 49.5236714], [-115.1036525, 49.5236191], [-115.103741, 49.5235669], [-115.1037598, 49.5235599], [-115.1037879, 49.5235582], [-115.1038134, 49.5235634], [-115.1039676, 49.5236983], [-115.1039851, 49.5237149], [-115.1039904, 49.5237349], [-115.1039931, 49.5238394], [-115.1039998, 49.5238646], [-115.104028, 49.5238864], [-115.104091, 49.523909], [-115.1041849, 49.5239169], [-115.1042922, 49.5239151], [-115.1044644, 49.5238861]]}}, {"type": "Feature", "properties": {"name": "Mount Fernie Traverse Route", "difficulty": "advanced", "area": "Fernie", "osm_id": 1334651473, "highway": "path", "stroke": "#0a0a0a"}, "geometry": {"type": "LineString", "coordinates": [[-115.1135284, 49.5263907], [-115.1137427, 49.5262227], [-115.1140431, 49.5261363], [-115.1143831, 49.5256637], [-115.1147969, 49.525418], [-115.1148349, 49.5252897], [-115.115547, 49.5250112], [-115.1161835, 49.524984], [-115.1164587, 49.5249079], [-115.1165969, 49.524749], [-115.1166311, 49.5245024], [-115.1168899, 49.524426], [-115.1169855, 49.5242987], [-115.1172523, 49.5242278], [-115.1175084, 49.5240064], [-115.1176051, 49.524067], [-115.1177686, 49.5238924], [-115.1180287, 49.5239933], [-115.118277, 49.5239759], [-115.1186382, 49.5242396], [-115.1191419, 49.5242317], [-115.1200666, 49.5242199], [-115.1204606, 49.5244895], [-115.1209647, 49.5246857], [-115.1211496, 49.5245974], [-115.1213209, 49.5246485], [-115.1217922, 49.5246239], [-115.1220479, 49.524843], [-115.1227623, 49.5249351], [-115.1234192, 49.525021], [-115.124351, 49.5252564], [-115.1253575, 49.5254768], [-115.1263277, 49.525788], [-115.1270943, 49.5262409], [-115.1277422, 49.5265629], [-115.1279447, 49.5266629], [-115.1284564, 49.5273104], [-115.1287088, 49.5276153], [-115.1289147, 49.5280592], [-115.1291174, 49.5281538], [-115.1298735, 49.5282358], [-115.130081, 49.5284218], [-115.1300421, 49.528577], [-115.130585, 49.5288382], [-115.1306312, 49.5289249], [-115.1312086, 49.5291491], [-115.1320833, 49.5298025], [-115.1322564, 49.5300255], [-115.1322297, 49.5305086], [-115.1323234, 49.5308646], [-115.1322044, 49.531604], [-115.1316939, 49.5324391], [-115.1316769, 49.5326698], [-115.1313171, 49.5330132], [-115.1310614, 49.5334415], [-115.1309932, 49.5334995], [-115.1307824, 49.5340494], [-115.130665, 49.5342059], [-115.1306346, 49.5344606], [-115.1306186, 49.5346645], [-115.1304169, 49.534868], [-115.1299837, 49.5349712], [-115.1293819, 49.5348459], [-115.1286815, 49.5347057], [-115.1281585, 49.5346757], [-115.127813, 49.5345385], [-115.1270569, 49.5343463], [-115.1264817, 49.5342779], [-115.1260417, 49.5341311], [-115.1252921, 49.5340921], [-115.1250759, 49.5337019], [-115.1247364, 49.5335137], [-115.1246251, 49.5334045], [-115.124638, 49.5330663], [-115.1240905, 49.5329231], [-115.1237167, 49.5329869], [-115.122963, 49.5330552], [-115.1227271, 49.5329654], [-115.1221439, 49.5328915], [-115.1215766, 49.5330488], [-115.1206349, 49.5330711], [-115.1204146, 49.5328075]]}}, {"type": "Feature", "properties": {"name": "Mount Proctor Trail", "difficulty": "intermediate", "area": "Fernie", "osm_id": [197611120, 648291127, 648291133, 648291140, 1355082421, 1364114116], "highway": "path", "stroke": "#3b82f6"}, "geometry": {"type": "MultiLineString", "coordinates": [[[-115.0739313, 49.5335948], [-115.0738516, 49.533743], [-115.0738304, 49.5338069], [-115.0738809, 49.5338361], [-115.0740354, 49.5338134], [-115.0741621, 49.5337926], [-115.0743622, 49.5338289], [-115.0745228, 49.533838], [-115.0748055, 49.5339216], [-115.074963, 49.5340819], [-115.0750601, 49.5341339], [-115.0753171, 49.5341935], [-115.0756343, 49.5343471], [-115.0757985, 49.5343262], [-115.0759002, 49.5343478], [-115.0762105, 49.5345483], [-115.0765159, 49.5346948], [-115.0766825, 49.5348065], [-115.0767401, 49.5349226], [-115.0769305, 49.5350224], [-115.0771533, 49.5351301], [-115.0774375, 49.5351766], [-115.0776383, 49.5352472], [-115.0777752, 49.5352774], [-115.0779399, 49.5353376], [-115.0781628, 49.5353558], [-115.0784517, 49.5354217], [-115.0786959, 49.5353997], [-115.0788852, 49.5354407], [-115.0791903, 49.5355899], [-115.0793002, 49.535608], [-115.0795638, 49.5354939], [-115.0797383, 49.5355023], [-115.0798758, 49.5355439], [-115.080173, 49.5356909], [-115.0805567, 49.5358011], [-115.0808712, 49.5359739], [-115.0809941, 49.5362138], [-115.0813905, 49.5365142], [-115.0816314, 49.5365156], [-115.0815316, 49.5368913], [-115.0816984, 49.5371764], [-115.0821775, 49.5373804], [-115.0825336, 49.5377577], [-115.0827595, 49.5378789], [-115.0829556, 49.5379299], [-115.0830049, 49.5382098], [-115.0833236, 49.538462], [-115.0836551, 49.5385998], [-115.0840797, 49.5388124], [-115.0844994, 49.539068], [-115.0844707, 49.5391464], [-115.0846555, 49.5392628], [-115.0848175, 49.5394691], [-115.0849163, 49.5396875], [-115.0850308, 49.539761], [-115.0851214, 49.5398151], [-115.0852684, 49.5398395], [-115.0854476, 49.539876], [-115.0857113, 49.5399486], [-115.0861294, 49.5400828], [-115.0863349, 49.540248], [-115.0864384, 49.5401679], [-115.0865913, 49.540398], [-115.0868523, 49.5406058], [-115.0872656, 49.5408581], [-115.0876449, 49.5410822], [-115.0879678, 49.5412219], [-115.088169, 49.5412594], [-115.0885093, 49.5414181], [-115.089491, 49.5418092], [-115.0900122, 49.5421265], [-115.0900452, 49.5423435], [-115.0905135, 49.5426235], [-115.0909287, 49.5428919], [-115.0914152, 49.542955], [-115.0917637, 49.5429962], [-115.0927263, 49.5432369], [-115.0930871, 49.5434087], [-115.0942997, 49.5437769], [-115.0944041, 49.5438145], [-115.0944816, 49.5438857], [-115.0947962, 49.5441565], [-115.094865, 49.5442848], [-115.0948917, 49.544369], [-115.0948552, 49.5445328], [-115.0947771, 49.5445883], [-115.094751, 49.5446438], [-115.094783, 49.5446972], [-115.0950239, 49.5448967], [-115.0951414, 49.5452395], [-115.0955555, 49.5456038], [-115.0957709, 49.5457874], [-115.0961523, 49.5460865], [-115.0964817, 49.5461257], [-115.0966552, 49.5462503], [-115.0967384, 49.5463572], [-115.0969902, 49.5465067], [-115.0978311, 49.5468507], [-115.0981141, 49.5470103], [-115.098256, 49.5470864], [-115.0984534, 49.5472321], [-115.0984058, 49.5474518], [-115.0986517, 49.5476691], [-115.0989511, 49.5478855], [-115.0990325, 49.5481228], [-115.0994234, 49.5483645], [-115.0997055, 49.5486446], [-115.0998241, 49.5488645], [-115.100028, 49.5489955], [-115.1001203, 49.5491488], [-115.1002174, 49.5493314], [-115.1003837, 49.5494898], [-115.1005881, 49.549623], [-115.1006787, 49.5498847]], [[-115.0549505, 49.5247786], [-115.0550489, 49.524916], [-115.0552256, 49.5250082], [-115.0553848, 49.5249323], [-115.0554935, 49.5248578], [-115.0556122, 49.5248187], [-115.0557044, 49.5247672], [-115.0557795, 49.5246975], [-115.0558787, 49.5245234], [-115.0559403, 49.5244469], [-115.0559762, 49.5243512], [-115.056059, 49.5242125], [-115.0561077, 49.524176], [-115.0562489, 49.5240525], [-115.0563216, 49.524019], [-115.0563562, 49.524011], [-115.0563851, 49.524029], [-115.056368, 49.5240758], [-115.0563503, 49.5241082], [-115.0563044, 49.5241615], [-115.056207, 49.5242769], [-115.0561505, 49.5243798], [-115.0561083, 49.5245613], [-115.0561436, 49.524673], [-115.0561564, 49.5247019], [-115.0561564, 49.524735], [-115.0561456, 49.5247663], [-115.056107, 49.5247872], [-115.056033, 49.5248259], [-115.0560061, 49.5248778], [-115.0560062, 49.5249307], [-115.0560228, 49.5249721], [-115.0560603, 49.5250421], [-115.0560954, 49.5250914], [-115.0561709, 49.5251072], [-115.0562368, 49.5251081], [-115.0562933, 49.5251124], [-115.0563317, 49.5250855], [-115.056313, 49.5250538], [-115.0562782, 49.5250177], [-115.0562203, 49.5249769], [-115.0562116, 49.5249327], [-115.0562386, 49.5248915], [-115.0563078, 49.5248156], [-115.0563317, 49.5247444], [-115.0563243, 49.5245752], [-115.056338, 49.5245152], [-115.0564253, 49.5244672], [-115.0565709, 49.5244047], [-115.0567348, 49.5243112], [-115.0567967, 49.524215], [-115.0568383, 49.524127], [-115.0568699, 49.5240423], [-115.057029, 49.5239537], [-115.0571723, 49.5239211], [-115.057651, 49.5237504], [-115.0578743, 49.5236942], [-115.0579206, 49.5236812], [-115.0579554, 49.5236612], [-115.0580906, 49.5234854], [-115.0581755, 49.5234444], [-115.0582612, 49.5234223], [-115.0584239, 49.5234282], [-115.0586309, 49.5234527], [-115.0588718, 49.5235002], [-115.0590686, 49.5235738], [-115.0591459, 49.5236334], [-115.0591832, 49.5236898], [-115.0592276, 49.5237363], [-115.0593013, 49.5237675], [-115.059425, 49.5238054], [-115.0596411, 49.523864], [-115.0598955, 49.5238915], [-115.0602233, 49.5239427]], [[-115.0624416, 49.5356593], [-115.0616941, 49.5357315], [-115.0614608, 49.5358307], [-115.0614209, 49.5358294], [-115.0613937, 49.5358133], [-115.0613588, 49.535634], [-115.0613602, 49.5356018], [-115.0613805, 49.5355729], [-115.0614608, 49.5355052], [-115.061611, 49.535359], [-115.0617486, 49.5351628], [-115.0620416, 49.5345451], [-115.0621079, 49.5343985], [-115.0621916, 49.534274], [-115.0624226, 49.5340713], [-115.0624827, 49.53396], [-115.0625011, 49.5337977], [-115.0624903, 49.533726]], [[-115.0602233, 49.5239427], [-115.0603335, 49.5239607], [-115.0604247, 49.5239646], [-115.0605044, 49.5240114], [-115.0606142, 49.5240801], [-115.0607424, 49.524165], [-115.0608029, 49.5242115], [-115.0608703, 49.5243268], [-115.0610348, 49.5243858], [-115.061129, 49.5244433], [-115.0611659, 49.5245486], [-115.0613413, 49.5246563], [-115.0614917, 49.5247515], [-115.0616112, 49.5248498], [-115.0616369, 49.5249895], [-115.0617791, 49.5251575], [-115.0617794, 49.5252826], [-115.0618373, 49.5254369], [-115.0619358, 49.5255507], [-115.0620722, 49.5256619], [-115.0622222, 49.5257871], [-115.0623387, 49.5258251], [-115.0625182, 49.5258432], [-115.0626969, 49.5258484], [-115.062846, 49.5259089], [-115.0629288, 49.5259796], [-115.0629166, 49.5260579], [-115.0628477, 49.5261648], [-115.0629024, 49.5263587], [-115.0628877, 49.5264783], [-115.0628916, 49.5265507], [-115.0629347, 49.526672], [-115.0630581, 49.5267973], [-115.0631736, 49.5268646], [-115.0632697, 49.5269227], [-115.0633545, 49.5269726], [-115.0633523, 49.5270702], [-115.0634136, 49.5271128], [-115.0634857, 49.5271337], [-115.0635842, 49.5272031], [-115.0636442, 49.5272267], [-115.0638484, 49.5272782], [-115.0639386, 49.5273578], [-115.0640043, 49.527403], [-115.0642243, 49.5274555], [-115.0644643, 49.5274977], [-115.0646, 49.5275462], [-115.0647657, 49.5276298], [-115.0648913, 49.5276793], [-115.0650366, 49.5277446], [-115.0652326, 49.5278803], [-115.0654382, 49.527998], [-115.0655335, 49.5281026], [-115.0656475, 49.5281509], [-115.0657799, 49.528165], [-115.065863, 49.5282051], [-115.0660325, 49.5283134], [-115.0661426, 49.5283368], [-115.0663108, 49.5283656], [-115.0664828, 49.5284493], [-115.0666303, 49.5285167], [-115.0668067, 49.5286139], [-115.0669149, 49.5286656], [-115.0670032, 49.5287072], [-115.0670766, 49.5287097], [-115.0672009, 49.5287038], [-115.0673394, 49.5287011], [-115.0674715, 49.5287029], [-115.0675491, 49.5286856], [-115.0676327, 49.5286594], [-115.0677315, 49.5286706], [-115.0679119, 49.5287198], [-115.0679782, 49.5287116], [-115.0680265, 49.5286785], [-115.0680532, 49.5286173], [-115.068107, 49.5285836], [-115.0682039, 49.5285966], [-115.0683586, 49.5286434], [-115.0685247, 49.5287053], [-115.0686422, 49.5287445], [-115.0687465, 49.5288053], [-115.068842, 49.5288476], [-115.0688702, 49.5289366], [-115.0689697, 49.5289959], [-115.0690411, 49.5290956], [-115.0691588, 49.5291793], [-115.069154, 49.5293169], [-115.0692236, 49.5293874], [-115.0693702, 49.5294513], [-115.0695429, 49.5294928], [-115.0696323, 49.529527], [-115.0696613, 49.5295625], [-115.0696411, 49.5296375], [-115.0696941, 49.5296751], [-115.0698785, 49.5296913], [-115.0699804, 49.5297346], [-115.0700125, 49.5297719], [-115.0700052, 49.529913], [-115.0700657, 49.529972], [-115.0701686, 49.5299947], [-115.0703295, 49.530001], [-115.0704501, 49.5299823], [-115.0706398, 49.5300024], [-115.0707327, 49.5299751], [-115.0708113, 49.5299813], [-115.0708918, 49.5300597], [-115.0710124, 49.530167], [-115.071112, 49.5302012], [-115.0712434, 49.5302104], [-115.0713127, 49.5302424], [-115.0714145, 49.5303232], [-115.0715338, 49.530424], [-115.07168, 49.5304958], [-115.0717708, 49.5305237], [-115.0718535, 49.5305225], [-115.072004, 49.5305059], [-115.0721224, 49.5305147], [-115.0722553, 49.5305289], [-115.0723762, 49.530574], [-115.0725081, 49.5307104], [-115.0726124, 49.5308045], [-115.0726732, 49.5308924], [-115.0727131, 49.5309345], [-115.0727615, 49.5309556], [-115.0729108, 49.5310034], [-115.0729962, 49.5310259], [-115.0730804, 49.5310632], [-115.0732623, 49.5312111], [-115.0732796, 49.5312805], [-115.0733113, 49.5315028], [-115.0733751, 49.5316998], [-115.0734535, 49.5317819], [-115.0734894, 49.5318662], [-115.0736256, 49.5319219], [-115.0739555, 49.5319964], [-115.0740617, 49.5320368], [-115.0740966, 49.5320974], [-115.0741285, 49.5321639], [-115.074274, 49.5322493], [-115.0744132, 49.5322393], [-115.0745408, 49.532255], [-115.0746433, 49.5323838], [-115.0746849, 49.5324801], [-115.0748587, 49.5325674], [-115.075014, 49.5327178]], [[-115.0614996, 49.5339193], [-115.0615898, 49.5337408], [-115.0617058, 49.5336337], [-115.0617702, 49.533578], [-115.0617729, 49.5335501], [-115.0617675, 49.5335292], [-115.0617273, 49.5335049], [-115.0615503, 49.5334613], [-115.0615208, 49.5334387], [-115.0615074, 49.5334143], [-115.0615074, 49.5333708], [-115.0615476, 49.533336], [-115.0622047, 49.5330157], [-115.0623344, 49.533], [-115.0624783, 49.5329861], [-115.0626661, 49.5329774], [-115.062717, 49.5329687], [-115.0627626, 49.5329565], [-115.0627975, 49.5329234], [-115.0627975, 49.5328886], [-115.0627841, 49.5328503], [-115.0627331, 49.5327877], [-115.0627144, 49.5327354], [-115.0627063, 49.5326902], [-115.0627144, 49.532631], [-115.0627492, 49.5325979], [-115.0628082, 49.5325857], [-115.0628726, 49.5325596], [-115.0628967, 49.5325057], [-115.062945, 49.5323716], [-115.0629933, 49.5322846], [-115.0630443, 49.5322393], [-115.0631773, 49.5321528], [-115.0633911, 49.5320779], [-115.0635719, 49.532005], [-115.0636462, 49.531965], [-115.0636773, 49.531926], [-115.0636558, 49.5318633], [-115.0636183, 49.5317954], [-115.0635868, 49.5317145], [-115.0636057, 49.5316437], [-115.0637084, 49.5315985], [-115.0637645, 49.5315478], [-115.0637456, 49.5314649], [-115.0638153, 49.5314125], [-115.0638704, 49.5313672], [-115.0638962, 49.5312669]], [[-115.064479, 49.535283], [-115.0647496, 49.5353553], [-115.0650013, 49.5354484], [-115.0652655, 49.5355436], [-115.0654671, 49.535757], [-115.0654187, 49.5358103], [-115.065122, 49.5358108], [-115.0650099, 49.535861], [-115.0650485, 49.5359351], [-115.0650037, 49.5359665], [-115.0646544, 49.5360502], [-115.0645149, 49.5360851], [-115.064441, 49.5361431], [-115.0644863, 49.5362728], [-115.0645657, 49.5365795], [-115.0644633, 49.5367], [-115.0642624, 49.5367942], [-115.0640258, 49.5369982], [-115.0636293, 49.5374663], [-115.0632391, 49.5377844], [-115.0629283, 49.5379344], [-115.0628656, 49.5380257], [-115.0628901, 49.5382406], [-115.0629837, 49.5384402], [-115.0631232, 49.5385316], [-115.063257, 49.5385172], [-115.0637646, 49.5384695], [-115.0639963, 49.5385116], [-115.0641268, 49.5385951], [-115.0640572, 49.5387546], [-115.0642246, 49.5387984], [-115.064356, 49.5388568], [-115.0647522, 49.5390592], [-115.0646195, 49.5392213], [-115.0642571, 49.5392977], [-115.0639288, 49.539441], [-115.0638378, 49.5395276], [-115.0638829, 49.5395865], [-115.0638697, 49.5397274], [-115.0637505, 49.5398552], [-115.063711, 49.5399956], [-115.0636096, 49.5401319], [-115.0638267, 49.5405281], [-115.0638383, 49.540728], [-115.0637484, 49.5409709], [-115.0638124, 49.5411406], [-115.0638696, 49.541372], [-115.0639724, 49.5414694], [-115.0640287, 49.5415811], [-115.0645938, 49.5417198], [-115.0646531, 49.5417695], [-115.0643517, 49.5419519], [-115.0643589, 49.5420881], [-115.0644166, 49.5421492], [-115.0653479, 49.5422416], [-115.06546, 49.5422917], [-115.0653724, 49.5423488], [-115.0650924, 49.5424408], [-115.0648962, 49.5425953], [-115.064872, 49.5427822], [-115.0648927, 49.5428873], [-115.0652493, 49.5428424], [-115.0656217, 49.5429029], [-115.0658756, 49.5430512], [-115.0660746, 49.5435023], [-115.0659309, 49.5434992], [-115.0656988, 49.5434433], [-115.0655133, 49.5434768], [-115.0655574, 49.543593], [-115.0655022, 49.5437725], [-115.0656198, 49.5438711], [-115.0657718, 49.5440187], [-115.0655733, 49.5440735], [-115.0655365, 49.5441136], [-115.0657248, 49.5442796], [-115.0655909, 49.5443068], [-115.0656335, 49.5444332], [-115.0655137, 49.5444299], [-115.0655231, 49.5445832], [-115.0653535, 49.5445434], [-115.0653841, 49.5447164], [-115.0654226, 49.5451092], [-115.065244, 49.5450719], [-115.0652642, 49.5455543], [-115.0651383, 49.5455523], [-115.0646725, 49.5453208], [-115.0645134, 49.5452984], [-115.0645339, 49.5454372], [-115.0644409, 49.5455728], [-115.0644404, 49.5456661], [-115.0644802, 49.5460476], [-115.0645359, 49.5462166], [-115.0644525, 49.5463495], [-115.0643965, 49.5464372], [-115.0643589, 49.5465828], [-115.0643836, 49.5467857], [-115.064476, 49.5469526], [-115.0647153, 49.5470847], [-115.0649808, 49.5473538], [-115.064522, 49.5473324], [-115.065176, 49.5481816], [-115.0649012, 49.548175], [-115.0645788, 49.5480229], [-115.0642134, 49.5480127], [-115.0641474, 49.5480988], [-115.0642869, 49.5482], [-115.0643514, 49.5483249], [-115.0641975, 49.5483148], [-115.064142, 49.5483678], [-115.064229, 49.5484806], [-115.0640287, 49.5484941], [-115.0639263, 49.5486058], [-115.0639964, 49.5486726], [-115.0642842, 49.5487616], [-115.0643954, 49.5490267], [-115.0643794, 49.5491208], [-115.0648993, 49.5494088], [-115.0652962, 49.5497951], [-115.0655114, 49.5498744], [-115.0667639, 49.5501126], [-115.0671085, 49.5502524], [-115.0678975, 49.5506272], [-115.0678182, 49.5508119], [-115.0681837, 49.5510008], [-115.0684022, 49.5511869], [-115.0687051, 49.5513089], [-115.0689575, 49.5514675], [-115.069505, 49.5515992], [-115.0698956, 49.5515698], [-115.070164, 49.5515634], [-115.0704507, 49.5517125], [-115.0708769, 49.5519297], [-115.071863, 49.5522567], [-115.0726681, 49.552742], [-115.0735683, 49.5532037], [-115.0741854, 49.5536105], [-115.0744552, 49.5539821], [-115.0748228, 49.5544409], [-115.0749867, 49.5545608], [-115.0751895, 49.5548537], [-115.0754759, 49.5551159], [-115.0757577, 49.5554959], [-115.0758283, 49.5557973], [-115.0757692, 49.5564613], [-115.0756, 49.5567519], [-115.0753671, 49.5570444], [-115.0752185, 49.5578891], [-115.0753609, 49.5580416], [-115.0759105, 49.5582978], [-115.0762746, 49.5584898], [-115.0768717, 49.5588559], [-115.0772015, 49.5590267], [-115.0774094, 49.559191], [-115.0778923, 49.5594885], [-115.078141, 49.5596292], [-115.0784662, 49.5598418], [-115.0785407, 49.5600372], [-115.0789153, 49.560379], [-115.0791891, 49.5604427], [-115.0791933, 49.5605403], [-115.0794328, 49.5606502], [-115.0799026, 49.5611949], [-115.0801486, 49.5613959], [-115.0803794, 49.5614429], [-115.0806673, 49.5616551], [-115.0810164, 49.5619343], [-115.0811538, 49.562275], [-115.0812438, 49.5627292], [-115.0812544, 49.5628795], [-115.0811809, 49.5630713], [-115.0805114, 49.5637466], [-115.080108, 49.5639436], [-115.0795977, 49.5643427], [-115.0792782, 49.5645395], [-115.0792007, 49.5647185], [-115.0790642, 49.5649129], [-115.0784466, 49.5651064], [-115.0781817, 49.5651342]]]}}, {"type": "Feature", "properties": {"name": "Mr. Berms", "difficulty": "intermediate", "area": "Fernie", "osm_id": [648385881, 648385884], "highway": "path", "stroke": "#3b82f6"}, "geometry": {"type": "MultiLineString", "coordinates": [[[-115.0970606, 49.4637422], [-115.0967521, 49.4637858], [-115.0967012, 49.4637945], [-115.0966717, 49.4638067], [-115.0963739, 49.4642669], [-115.0963391, 49.4642983], [-115.0963069, 49.4643053], [-115.0962774, 49.4642983], [-115.096036, 49.4640595], [-115.0957436, 49.4637252], [-115.0957195, 49.4637143], [-115.0956926, 49.463706], [-115.0956658, 49.4637099], [-115.0956538, 49.4637195], [-115.0954834, 49.4639287], [-115.0951951, 49.4642133], [-115.0951763, 49.464222], [-115.0951602, 49.4642229], [-115.0951361, 49.4642151], [-115.0948437, 49.4639152], [-115.0946882, 49.4637749], [-115.094668, 49.4637653], [-115.0946493, 49.4637627], [-115.0946318, 49.4637662], [-115.0946171, 49.4637766], [-115.0943878, 49.4640887], [-115.0943757, 49.4641035], [-115.0943609, 49.4641087], [-115.0943408, 49.4641078], [-115.0943153, 49.4640991], [-115.0942791, 49.4640782], [-115.094145, 49.4639893], [-115.0938312, 49.4638429], [-115.0937413, 49.4638408]], [[-115.106248, 49.463912], [-115.1063186, 49.464158], [-115.1063212, 49.4641911], [-115.1063105, 49.4642172], [-115.1062703, 49.4642364], [-115.1062139, 49.4642434], [-115.1061067, 49.4642242], [-115.1059135, 49.4641667], [-115.105876, 49.4641545], [-115.1058358, 49.4641527], [-115.1057982, 49.4641649], [-115.1057848, 49.4641824], [-115.1057848, 49.4642608], [-115.1057607, 49.4643881], [-115.1057419, 49.464409], [-115.105707, 49.4644177], [-115.1056748, 49.4644142], [-115.1056024, 49.4643863], [-115.1053074, 49.4642608], [-115.1052296, 49.4642469], [-115.1050686, 49.4642242], [-115.1044517, 49.4641876], [-115.1044273, 49.4641798], [-115.1044088, 49.4641632], [-115.1043847, 49.4641283], [-115.1043756, 49.4641183], [-115.1043605, 49.4641109], [-115.1043414, 49.4641046], [-115.1043203, 49.4641004], [-115.1043002, 49.4640985], [-115.1042787, 49.4641002], [-115.1042633, 49.4641054], [-115.1042512, 49.4641118], [-115.1042392, 49.4641198], [-115.1042291, 49.4641318], [-115.1042264, 49.4641614], [-115.1042372, 49.4642033], [-115.1042425, 49.4642294], [-115.1042408, 49.4642395], [-115.1042372, 49.4642486], [-115.1042268, 49.4642547], [-115.104213, 49.4642591], [-115.1041976, 49.4642599], [-115.1041802, 49.4642578], [-115.1041691, 49.4642512], [-115.1041513, 49.4642312], [-115.1041272, 49.4641737], [-115.1041004, 49.4641545], [-115.1040833, 49.4641519], [-115.1040655, 49.464151], [-115.1040417, 49.4641538], [-115.1040199, 49.4641614], [-115.1040082, 49.4641699], [-115.1039971, 49.4641837], [-115.1040098, 49.464239], [-115.1040145, 49.4642591], [-115.1040119, 49.4642743], [-115.1040072, 49.464283], [-115.1039951, 49.4642915], [-115.1039823, 49.4642974], [-115.1039515, 49.4643], [-115.1039086, 49.4642913], [-115.1038737, 49.4642695], [-115.1038593, 49.4642534], [-115.1038308, 49.4642216], [-115.1037959, 49.4641885], [-115.1037658, 49.4641767], [-115.1037309, 49.4641743], [-115.1036974, 49.4641784], [-115.1036793, 49.4641928], [-115.1036699, 49.4642207], [-115.1036672, 49.4642608], [-115.1036558, 49.4642748], [-115.10364, 49.4642798], [-115.1036243, 49.4642806], [-115.1036088, 49.4642791], [-115.1035928, 49.4642721], [-115.1035545, 49.4642373], [-115.1035197, 49.4642007], [-115.1034935, 49.4641874], [-115.103466, 49.4641832], [-115.1034372, 49.4641869], [-115.1034097, 49.4641954], [-115.1033775, 49.4642286], [-115.1033453, 49.4642565], [-115.1033312, 49.4642615], [-115.1033158, 49.4642634], [-115.1032994, 49.4642632], [-115.1032853, 49.4642608], [-115.1032662, 49.4642519], [-115.1032461, 49.4642373], [-115.1032112, 49.4641867], [-115.1032005, 49.4641588], [-115.1031683, 49.4641327], [-115.1030959, 49.46411], [-115.1030288, 49.4640978], [-115.1029484, 49.4641013], [-115.1028974, 49.4641187], [-115.1028625, 49.4641536], [-115.1028277, 49.4642076], [-115.1028039, 49.4642225], [-115.1027794, 49.464232], [-115.1027589, 49.4642307], [-115.1027308, 49.4642207], [-115.1026811, 49.4642042], [-115.1026557, 49.4642015], [-115.1026288, 49.4642033], [-115.1026074, 49.4642172], [-115.1025001, 49.4643515], [-115.1024827, 49.464382], [-115.1024827, 49.4644107], [-115.1024706, 49.4645528], [-115.1024666, 49.4645868], [-115.1024558, 49.4646042], [-115.1024344, 49.4646156], [-115.1024156, 49.4646182], [-115.1023848, 49.4646182], [-115.1023445, 49.4646103], [-115.1022962, 49.4645859], [-115.1021313, 49.4644351], [-115.1018336, 49.4641658], [-115.1017705, 49.4641214], [-115.1017249, 49.4641074], [-115.1016726, 49.4641039], [-115.1016418, 49.46411], [-115.101615, 49.4641257], [-115.1014902, 49.4644212], [-115.1013749, 49.4645711], [-115.1013548, 49.4645851], [-115.1013374, 49.4645929], [-115.1013146, 49.4645973], [-115.1012877, 49.4645946], [-115.1012649, 49.4645851], [-115.1009162, 49.4643576], [-115.1006681, 49.464205], [-115.100644, 49.4641946], [-115.1006078, 49.4641893], [-115.1005689, 49.4641946], [-115.1005488, 49.4642059], [-115.1004388, 49.4643994], [-115.1003677, 49.464545], [-115.1003288, 49.4645833], [-115.1002953, 49.464606], [-115.1002672, 49.4646147], [-115.100243, 49.4646147], [-115.1002189, 49.4646121], [-115.1001934, 49.4646051], [-115.1001102, 49.4645511], [-115.0998541, 49.4643977], [-115.0998139, 49.4643889], [-115.0997481, 49.4643881], [-115.0996918, 49.4643985], [-115.0995966, 49.4644639], [-115.0995188, 49.4645214], [-115.0995018, 49.4645287], [-115.0994799, 49.464538], [-115.0994316, 49.464545], [-115.0993619, 49.4645397], [-115.0992788, 49.4645136], [-115.0986431, 49.4641954], [-115.0984097, 49.4641344], [-115.0976855, 49.4639078], [-115.0975514, 49.4638067], [-115.0974334, 49.4636324], [-115.0973179, 49.4635009]]]}}, {"type": "Feature", "properties": {"name": "Mushroom Head", "difficulty": "intermediate", "area": "Fernie", "osm_id": 450848422, "highway": "path", "stroke": "#3b82f6"}, "geometry": {"type": "LineString", "coordinates": [[-115.0910675, 49.5085627], [-115.0911355, 49.5086102], [-115.092126, 49.508933], [-115.09263, 49.509129], [-115.092769, 49.509214], [-115.092941, 49.509395], [-115.093122, 49.509528], [-115.093353, 49.509808], [-115.093608, 49.509942], [-115.093889, 49.510033], [-115.094208, 49.510052], [-115.094313, 49.510068], [-115.094442, 49.510113], [-115.094813, 49.510367], [-115.094955, 49.510437], [-115.095246, 49.510552], [-115.09558, 49.510596], [-115.095729, 49.510634], [-115.096504, 49.511066], [-115.096647, 49.511108], [-115.096848, 49.511129], [-115.097124, 49.511201], [-115.097382, 49.511222], [-115.097736, 49.511214], [-115.098065, 49.511271], [-115.098269, 49.511248], [-115.098516, 49.511176], [-115.098863, 49.511145], [-115.099076, 49.511084], [-115.099211, 49.511024], [-115.099462, 49.51088], [-115.09952, 49.510822], [-115.099714, 49.510556], [-115.0998426, 49.5103201], [-115.0999, 49.510164], [-115.100079, 49.510031], [-115.100317, 49.509753], [-115.100462, 49.509504], [-115.100639, 49.509304], [-115.100764, 49.509016], [-115.100762, 49.508939], [-115.100644, 49.508568], [-115.10045, 49.508346], [-115.10029, 49.508258], [-115.100187, 49.508181], [-115.100098, 49.50806], [-115.100075, 49.507978], [-115.100165, 49.507773], [-115.100182, 49.507669], [-115.100157, 49.507555], [-115.100158, 49.507237], [-115.100187, 49.507169], [-115.100433, 49.506881], [-115.100461, 49.506768], [-115.100375, 49.506573], [-115.100406, 49.506509], [-115.100621, 49.506339], [-115.100641, 49.506254], [-115.100637, 49.506103], [-115.100664, 49.505998], [-115.10077, 49.505817], [-115.100792, 49.505739], [-115.100789, 49.50551], [-115.100854, 49.50532], [-115.100855, 49.505214], [-115.100734, 49.50502], [-115.100692, 49.504853], [-115.100727, 49.504561], [-115.100717, 49.504357], [-115.100789, 49.50408], [-115.100755, 49.503853], [-115.10071, 49.503783], [-115.1004355, 49.503786], [-115.1002018, 49.5037886], [-115.1000795, 49.5037174]]}}, {"type": "Feature", "properties": {"name": "Neverland", "difficulty": "intermediate", "area": "Fernie", "osm_id": 648385860, "highway": "path"}, "geometry": {"type": "LineString", "coordinates": [[-115.0911393, 49.4487432], [-115.0901153, 49.4492459], [-115.0900456, 49.4492964], [-115.0900027, 49.4493731], [-115.0900027, 49.4494359], [-115.0900402, 49.4495249], [-115.0901663, 49.4497271], [-115.090228, 49.4500114], [-115.0902333, 49.4502904], [-115.0901851, 49.4505903]]}}, {"type": "Feature", "properties": {"name": "New Goat", "difficulty": "advanced", "area": "Fernie", "osm_id": 648385848, "highway": "path", "stroke": "#0a0a0a"}, "geometry": {"type": "LineString", "coordinates": [[-115.1091188, 49.4782455], [-115.1090056, 49.4782267], [-115.1088635, 49.4782354], [-115.1087696, 49.4782528], [-115.1086784, 49.4782929], [-115.1085738, 49.4783713], [-115.1085174, 49.478455], [-115.1084692, 49.4786066], [-115.108496, 49.4787687], [-115.1085899, 49.4789255], [-115.1087186, 49.4790632], [-115.1092282, 49.4795372], [-115.1092416, 49.4795808], [-115.1092792, 49.4797672], [-115.1093597, 49.4799154], [-115.1097244, 49.4804294], [-115.1097459, 49.48048], [-115.1097459, 49.4805479], [-115.10977, 49.4806473], [-115.1098317, 49.4807414], [-115.1099149, 49.4808285], [-115.1100302, 49.4808808], [-115.1102153, 49.4809226], [-115.1105157, 49.4810237], [-115.1105667, 49.4810638], [-115.1106096, 49.4811387], [-115.1106149, 49.4812293], [-115.110624, 49.4817742]]}}, {"type": "Feature", "properties": {"name": "New Roots", "difficulty": "intermediate", "area": "Fernie", "osm_id": 450851593, "highway": "path", "stroke": "#3b82f6"}, "geometry": {"type": "LineString", "coordinates": [[-115.0463445, 49.4805211], [-115.046718, 49.480571], [-115.046883, 49.480626], [-115.047098, 49.480776], [-115.047329, 49.48087], [-115.0474866, 49.4808913], [-115.047832, 49.480879], [-115.0480485, 49.4809053], [-115.0482814, 49.4808997], [-115.0485006, 49.4809417], [-115.0486378, 49.4808943], [-115.0487236, 49.4808943], [-115.048813, 49.480951], [-115.048859, 49.481015], [-115.048906, 49.4811089], [-115.049007, 49.481311], [-115.0490344, 49.481392], [-115.0490045, 49.4815039], [-115.049081, 49.481647], [-115.049109, 49.48185], [-115.049101, 49.48192], [-115.049025, 49.482089], [-115.0489302, 49.4822282], [-115.0492032, 49.4821393], [-115.0493818, 49.4821203], [-115.049508, 49.482046], [-115.0496617, 49.4819388], [-115.0496766, 49.482028], [-115.049662, 49.482104], [-115.049571, 49.482364], [-115.0495227, 49.4824549], [-115.0494169, 49.4825298], [-115.0493285, 49.4827064], [-115.0493241, 49.4829872], [-115.0492992, 49.483148], [-115.0493734, 49.483201], [-115.0493555, 49.4832495], [-115.0491019, 49.4832663], [-115.0490622, 49.4833296], [-115.0491845, 49.4833811], [-115.0494435, 49.483466], [-115.0495966, 49.4835777], [-115.0497486, 49.4837192], [-115.0498026, 49.4839087], [-115.0499037, 49.4840223], [-115.0499755, 49.4841387], [-115.0500158, 49.4843532], [-115.0500026, 49.4845031], [-115.0499909, 49.4846655], [-115.0499517, 49.4847729], [-115.04985, 49.4848832], [-115.0497668, 49.4849494], [-115.0497294, 49.4850309], [-115.0497607, 49.4850785], [-115.0498858, 49.485073], [-115.0500182, 49.4849955], [-115.0500837, 49.4850014], [-115.0500706, 49.4851126], [-115.0501115, 49.4852077], [-115.0501013, 49.4852953], [-115.0500253, 49.4853827], [-115.0499536, 49.4854625], [-115.0498737, 49.485506], [-115.0497691, 49.4854998], [-115.0497088, 49.4855277], [-115.0497414, 49.4855721], [-115.0498658, 49.4856142], [-115.0499676, 49.4856493], [-115.0500442, 49.4856797], [-115.0500774, 49.4857368], [-115.0500121, 49.4857785], [-115.049872, 49.485774], [-115.0497722, 49.4857908], [-115.049729, 49.4858459], [-115.0497186, 49.4859233], [-115.0497227, 49.4859945], [-115.0497529, 49.4860587], [-115.0497961, 49.4861275]]}}, {"type": "Feature", "properties": {"name": "Off Shift", "difficulty": "intermediate", "area": "Fernie", "osm_id": 1430772489, "highway": "path", "stroke": "#3b82f6"}, "geometry": {"type": "LineString", "coordinates": [[-115.0324201, 49.4820499], [-115.0324455, 49.4822418], [-115.0323051, 49.4823362], [-115.0321966, 49.482477], [-115.0319907, 49.4824911], [-115.0318064, 49.482632], [-115.0316221, 49.482632], [-115.0311667, 49.4827517], [-115.0310692, 49.4829137], [-115.030874, 49.4830405], [-115.0302669, 49.4832236], [-115.0301043, 49.4833152], [-115.0300934, 49.4834279], [-115.0303753, 49.483449], [-115.0303103, 49.4835406], [-115.0303428, 49.4836462], [-115.030126, 49.483935], [-115.0298658, 49.4841322], [-115.029649, 49.4843435], [-115.0294972, 49.4844914], [-115.0294104, 49.4846745], [-115.029508, 49.4848224], [-115.029649, 49.4848788], [-115.0296706, 49.4849915], [-115.0298116, 49.4851112], [-115.0297357, 49.4854915], [-115.0294863, 49.4857732], [-115.0292912, 49.4861676], [-115.0291177, 49.4864212], [-115.0291611, 49.4870128], [-115.029237, 49.4874776], [-115.0292803, 49.487872], [-115.029237, 49.4884706], [-115.0294321, 49.488703], [-115.0293779, 49.4889142], [-115.0294863, 49.4890692], [-115.0293779, 49.4892875], [-115.0294863, 49.4894424], [-115.0294863, 49.4897523], [-115.0293129, 49.4899776], [-115.0293129, 49.4901959], [-115.029031, 49.4904072], [-115.0286635, 49.4907187]]}}, {"type": "Feature", "properties": {"name": "Oh Dear", "difficulty": "intermediate", "area": "Fernie", "osm_id": 453416092, "highway": "path", "stroke": "#3b82f6"}, "geometry": {"type": "LineString", "coordinates": [[-115.0393636, 49.5158939], [-115.0391603, 49.515926], [-115.0390082, 49.5159796], [-115.0388677, 49.5160601], [-115.038721, 49.516116], [-115.038483, 49.516102], [-115.0383543, 49.5160465], [-115.0382379, 49.515956], [-115.0381429, 49.5158857], [-115.0380583, 49.5159186], [-115.037913, 49.516094], [-115.037797, 49.516217], [-115.037729, 49.516351], [-115.037616, 49.516494], [-115.037518, 49.516591], [-115.037288, 49.516755], [-115.0369187, 49.5168878], [-115.0365229, 49.5170197], [-115.0359047, 49.5172924], [-115.035834, 49.517377], [-115.0356835, 49.5176673], [-115.035389, 49.5178464], [-115.035199, 49.5180286], [-115.0349807, 49.5181617], [-115.0347992, 49.5182504], [-115.0347634, 49.5183559], [-115.0347625, 49.5185553], [-115.0346908, 49.5186659], [-115.0346548, 49.5189198], [-115.034298, 49.519225], [-115.0341561, 49.5193047], [-115.033784, 49.519455], [-115.0335729, 49.5195598], [-115.0333619, 49.5195359], [-115.0332795, 49.5195677], [-115.033286, 49.519716], [-115.033238, 49.5197915], [-115.0332346, 49.5199115], [-115.033118, 49.5199671], [-115.0330923, 49.5200969], [-115.032969, 49.520162], [-115.032821, 49.520279], [-115.032369, 49.520572], [-115.032237, 49.520724], [-115.03196, 49.52091], [-115.031742, 49.521021], [-115.0316132, 49.5210989], [-115.0315127, 49.5213545], [-115.0314066, 49.5214172], [-115.0313124, 49.5213866], [-115.0313016, 49.5211316], [-115.0312123, 49.5210816], [-115.030987, 49.5212261], [-115.0304791, 49.5215337], [-115.030123, 49.5215726], [-115.0299005, 49.5215857], [-115.0294703, 49.5217795], [-115.0293507, 49.5217644], [-115.0292963, 49.5216308], [-115.0292419, 49.5215891], [-115.029072, 49.521545], [-115.0288089, 49.5215197], [-115.028496, 49.5214297], [-115.0281939, 49.5214357], [-115.0280694, 49.52142], [-115.0279649, 49.5213882]]}}, {"type": "Feature", "properties": {"name": "Old Coal Creek Heritage Trail", "difficulty": "easy", "area": "Fernie", "osm_id": 1364139038, "highway": "path", "stroke": "#22c55e"}, "geometry": {"type": "LineString", "coordinates": [[-115.0124436, 49.4916989], [-115.0122652, 49.4917702], [-115.0120622, 49.4918676]]}}, {"type": "Feature", "properties": {"name": "Old Fairy Creek Trail", "difficulty": "intermediate", "area": "Fernie", "osm_id": 648291139, "highway": "path", "stroke": "#3b82f6"}, "geometry": {"type": "LineString", "coordinates": [[-115.0678249, 49.5301438], [-115.0680428, 49.5302912], [-115.0681662, 49.5303801], [-115.0682197, 49.5304279], [-115.068389, 49.530579], [-115.0685136, 49.5306336], [-115.0689247, 49.5307226], [-115.0691282, 49.5307241], [-115.0692949, 49.5307064], [-115.0697984, 49.5305701], [-115.0699378, 49.5304877], [-115.0702062, 49.5305207], [-115.0705639, 49.530516], [-115.0707189, 49.5305136], [-115.0709107, 49.5305542], [-115.0713854, 49.5309788], [-115.0716886, 49.5311808], [-115.0719639, 49.5315113], [-115.0721637, 49.5316471], [-115.0722906, 49.5317372], [-115.0723615, 49.5318812], [-115.0724655, 49.5319679], [-115.0726037, 49.532075], [-115.0726683, 49.5322704], [-115.0728909, 49.5323769], [-115.0730251, 49.5325026], [-115.0733021, 49.5326748], [-115.0734532, 49.5328641], [-115.0734612, 49.5329719], [-115.0736238, 49.5331517], [-115.0736907, 49.5333411], [-115.0737516, 49.5335207], [-115.0739313, 49.5335948]]}}, {"type": "Feature", "properties": {"name": "Old Goat", "difficulty": "intermediate", "area": "Fernie", "osm_id": 450848428, "highway": "path", "stroke": "#3b82f6"}, "geometry": {"type": "LineString", "coordinates": [[-115.105001, 49.478772], [-115.1049268, 49.4788035], [-115.1048, 49.478816], [-115.1046307, 49.4788406], [-115.1045406, 49.4789224], [-115.1044954, 49.4790207], [-115.104519, 49.4792611], [-115.1044579, 49.479313], [-115.104343, 49.479353], [-115.1037358, 49.4795054], [-115.103431, 49.479603], [-115.1030276, 49.4797616], [-115.1029258, 49.4798587], [-115.1029743, 49.4798998], [-115.103121, 49.479933], [-115.1033253, 49.4799459], [-115.10335, 49.4800115], [-115.103256, 49.480107], [-115.103111, 49.4802979], [-115.1031097, 49.4804761], [-115.1033548, 49.4804819], [-115.1034785, 49.4806397], [-115.1037539, 49.4806593], [-115.104023, 49.4808879], [-115.104108, 49.4809182], [-115.104233, 49.4808979], [-115.1046065, 49.4807737], [-115.1047628, 49.4806657], [-115.1048665, 49.4805122], [-115.1051265, 49.4804433], [-115.1053065, 49.4804351], [-115.105473, 49.4804854], [-115.1058976, 49.4807088], [-115.106038, 49.480872], [-115.1061495, 49.4809823], [-115.1063464, 49.4811187], [-115.1067098, 49.4814692], [-115.1071529, 49.4816684], [-115.1073596, 49.4816719], [-115.1078048, 49.4815857], [-115.108089, 49.481606], [-115.108509, 49.481675], [-115.1089083, 49.4818203], [-115.1094086, 49.4819329], [-115.1091166, 49.4820865], [-115.109543, 49.482036], [-115.1098577, 49.4819253], [-115.1101501, 49.4819268], [-115.1104231, 49.4818556], [-115.110624, 49.4817742], [-115.1109075, 49.4816203], [-115.1111007, 49.4815812], [-115.1113873, 49.4816465], [-115.1118568, 49.4815888], [-115.1121883, 49.4814799], [-115.1123685, 49.4814754], [-115.1124702, 49.4815293], [-115.1125285, 49.4816647]]}}, {"type": "Feature", "properties": {"name": "Old Growth Magical Forest", "difficulty": "easy", "area": "Fernie", "osm_id": 1449279025, "highway": "path", "stroke": "#22c55e"}, "geometry": {"type": "LineString", "coordinates": [[-115.1149729, 49.4737238], [-115.1149214, 49.4738019], [-115.1149343, 49.4739218], [-115.1148528, 49.4740724], [-115.1147412, 49.4741951], [-115.1146253, 49.474474], [-115.1144837, 49.474566], [-115.1143506, 49.4745493], [-115.1141961, 49.4745242], [-115.1141489, 49.4746273], [-115.1140459, 49.4746497], [-115.1139944, 49.4747222], [-115.11387, 49.4747863], [-115.114003, 49.4749648], [-115.1139386, 49.4750708], [-115.1140588, 49.4751823], [-115.1142905, 49.4751767], [-115.114342, 49.4752604], [-115.114488, 49.475252], [-115.1145867, 49.4753664], [-115.114833, 49.475666]]}}, {"type": "Feature", "properties": {"name": "Old Growth Trail", "difficulty": "easy", "area": "Fernie / Island Lake", "osm_id": 648385844, "highway": "path", "stroke": "#22c55e"}, "geometry": {"type": "LineString", "coordinates": [[-115.1562212, 49.4989102], [-115.1563171, 49.4988367], [-115.1563788, 49.4988053], [-115.1564512, 49.4987879], [-115.1565424, 49.4987827], [-115.1570869, 49.4988105], [-115.1572076, 49.4988297], [-115.1578245, 49.498983], [-115.1579532, 49.4990021], [-115.1580364, 49.4990021], [-115.1581115, 49.4989812], [-115.1582537, 49.4989342], [-115.1584387, 49.4988767], [-115.1584924, 49.4988715], [-115.1585916, 49.498875], [-115.1589054, 49.4989255], [-115.1590583, 49.4989377], [-115.1592595, 49.4989377], [-115.1593775, 49.4989255], [-115.1595921, 49.4988802], [-115.1597718, 49.4988349], [-115.1598898, 49.4988227], [-115.159981, 49.4988192], [-115.1600936, 49.4988349], [-115.160217, 49.4988576], [-115.160386, 49.498915], [-115.1606542, 49.4989934], [-115.1607293, 49.4990021], [-115.1607722, 49.4989987], [-115.1607964, 49.4989812], [-115.1608259, 49.4989412], [-115.1609761, 49.498713], [-115.161019, 49.4986886], [-115.1610673, 49.4986973], [-115.1614348, 49.498882], [-115.1618317, 49.4991973], [-115.162049, 49.4992983], [-115.1622287, 49.4993262], [-115.1623789, 49.4993314], [-115.1626712, 49.4992878], [-115.1629207, 49.4991903], [-115.163028, 49.4991781], [-115.1631621, 49.4991711], [-115.1633981, 49.4991833], [-115.1636637, 49.4992251], [-115.1640124, 49.4993401], [-115.1644764, 49.4996049], [-115.1646936, 49.4996902], [-115.1655922, 49.499962], [-115.1657933, 49.5000247], [-115.1658872, 49.5000351], [-115.1660401, 49.5000491], [-115.1661152, 49.50007], [-115.1661742, 49.5001066], [-115.1663003, 49.5001989], [-115.1663137, 49.5002154], [-115.1663164, 49.5002276], [-115.1663123, 49.5002381], [-115.1662989, 49.5002424], [-115.1662708, 49.5002468], [-115.1658523, 49.5002416], [-115.1654675, 49.5002276], [-115.1654527, 49.5002294], [-115.165442, 49.5002363], [-115.1654379, 49.5002503], [-115.1654406, 49.5002686], [-115.1656606, 49.5005934], [-115.1658617, 49.5007467], [-115.1658939, 49.5007607], [-115.1659315, 49.5007763], [-115.1660012, 49.500792], [-115.1666235, 49.5009139], [-115.1670929, 49.5009366], [-115.1674818, 49.5010167], [-115.1678171, 49.5011282], [-115.1681175, 49.5012484], [-115.1683911, 49.5013285], [-115.1684688, 49.5013703], [-115.1684983, 49.5014087], [-115.1685037, 49.5014626], [-115.1685144, 49.5015567], [-115.1685493, 49.5016107], [-115.1686083, 49.5016421], [-115.1686995, 49.5016508], [-115.1687719, 49.5016543], [-115.1688444, 49.5016299], [-115.1688819, 49.5015741], [-115.1689329, 49.501487], [-115.1689999, 49.5014365], [-115.1691528, 49.5013982], [-115.1693325, 49.501379], [-115.1694478, 49.501386], [-115.1699199, 49.5014348], [-115.1706388, 49.501656], [-115.1708775, 49.5017518], [-115.1710143, 49.5018197], [-115.1710813, 49.5018424], [-115.1711403, 49.5018459], [-115.1711698, 49.5018354], [-115.1712691, 49.5017553], [-115.1713013, 49.5017414], [-115.1713495, 49.5017448], [-115.1714005, 49.5017744], [-115.171725, 49.5018807], [-115.1722669, 49.5018929], [-115.1723312, 49.5019121], [-115.1724197, 49.5019556], [-115.1724814, 49.501973], [-115.1725404, 49.501973], [-115.172637, 49.5019504], [-115.1732029, 49.5018232], [-115.1732807, 49.5018215], [-115.1733505, 49.5018337], [-115.1734229, 49.5018633], [-115.1736965, 49.5020723], [-115.1737126, 49.5021176], [-115.1737045, 49.5021751], [-115.1736616, 49.5027778], [-115.1737447, 49.5030861], [-115.1737984, 49.5036539], [-115.1737421, 49.5038229], [-115.1736348, 49.5040214], [-115.1735892, 49.5041451], [-115.1735731, 49.5042897], [-115.1735489, 49.5048279], [-115.1735972, 49.5050021], [-115.1738038, 49.5053156], [-115.1738413, 49.5054149], [-115.173852, 49.5055298], [-115.1738252, 49.5056239], [-115.1736965, 49.5057336]]}}, {"type": "Feature", "properties": {"name": "Old Mount Fernie Trail", "difficulty": "intermediate", "area": "Fernie", "osm_id": 648385905, "highway": "path", "stroke": "#3b82f6"}, "geometry": {"type": "LineString", "coordinates": [[-115.1057414, 49.5236328], [-115.1052668, 49.5236846], [-115.1049586, 49.5237381], [-115.1048034, 49.52378], [-115.1044644, 49.5238861]]}}, {"type": "Feature", "properties": {"name": "One More Steeps", "difficulty": "advanced", "area": "Fernie", "osm_id": 1548480251, "highway": "path", "stroke": "#0a0a0a"}, "geometry": {"type": "LineString", "coordinates": [[-115.0382905, 49.4508331], [-115.0383348, 49.4508227], [-115.0383911, 49.4508262], [-115.0385199, 49.4508471], [-115.0385762, 49.4508436], [-115.0386338, 49.4508401], [-115.0386794, 49.450827], [-115.0387666, 49.4507904], [-115.0389477, 49.450712], [-115.0389866, 49.4507067], [-115.0390389, 49.450705], [-115.0390979, 49.4507146], [-115.0392427, 49.4507416], [-115.0393808, 49.4507529], [-115.0395109, 49.4507477], [-115.0395364, 49.4507416], [-115.0395673, 49.4507224], [-115.0396625, 49.4506178], [-115.0396839, 49.4506038], [-115.0397148, 49.450603], [-115.0398489, 49.4506047], [-115.0398811, 49.4506082], [-115.0399159, 49.450623], [-115.0401158, 49.4507425], [-115.0403894, 49.4509927], [-115.0405556, 49.4511165], [-115.0407394, 49.4512438], [-115.0407836, 49.4512586], [-115.0408413, 49.4512612], [-115.0410509, 49.4512042], [-115.0410685, 49.4510585], [-115.0411703, 49.4509715], [-115.0413182, 49.4508894], [-115.0415525, 49.4509011], [-115.0417748, 49.4509558], [-115.0420181, 49.4510593], [-115.0421653, 49.4511257], [-115.0422494, 49.4511199], [-115.0423747, 49.4510598]]}}, {"type": "Feature", "properties": {"name": "Peak To Park Trail", "difficulty": "advanced", "area": "Fernie", "osm_id": 648585560, "highway": "path", "stroke": "#0a0a0a"}, "geometry": {"type": "LineString", "coordinates": [[-115.1040528, 49.450136], [-115.1046835, 49.4493243], [-115.1047855, 49.4492301], [-115.1049357, 49.449136], [-115.1056035, 49.4488186], [-115.1058664, 49.4486965], [-115.1061453, 49.4486512], [-115.1064189, 49.4486617], [-115.1068213, 49.4488674], [-115.1070573, 49.4491813], [-115.1075294, 49.4495126], [-115.1076166, 49.4495448], [-115.1078995, 49.4496486], [-115.1081383, 49.4496986], [-115.1083501, 49.4497428], [-115.1083854, 49.4497493], [-115.1085969, 49.4497881], [-115.1087471, 49.449823], [-115.1088329, 49.4499207], [-115.1089456, 49.4500706], [-115.1091333, 49.4501369], [-115.1097985, 49.4501962], [-115.1098843, 49.4501718], [-115.1099272, 49.4501055], [-115.109938, 49.4498195], [-115.1099755, 49.4497637], [-115.1100399, 49.4497567], [-115.1104905, 49.4498962], [-115.1105495, 49.4499799], [-115.1106139, 49.4501194], [-115.1106836, 49.4501543], [-115.1107641, 49.4501264], [-115.1110538, 49.4497463], [-115.111212, 49.4493382], [-115.111314, 49.4493034], [-115.1113998, 49.4492929], [-115.1114856, 49.4493156], [-115.1117699, 49.4496329], [-115.1118853, 49.4496486], [-115.1120435, 49.4496417], [-115.112425, 49.4495382], [-115.112706, 49.4494621], [-115.1128187, 49.4494167], [-115.1130762, 49.449183], [-115.1131612, 49.4491084], [-115.1137501, 49.4485933], [-115.1139613, 49.4484088], [-115.1140282, 49.4483636], [-115.1142019, 49.4482463], [-115.1142483, 49.448215], [-115.1146023, 49.4479764], [-115.1147585, 49.4478077], [-115.1149591, 49.447591], [-115.1150932, 49.4474096], [-115.115112, 49.4472509], [-115.1151388, 49.4469632], [-115.1150932, 49.446869], [-115.1149993, 49.4467801], [-115.1149135, 49.4466441], [-115.1148947, 49.4464819], [-115.1149001, 49.4463598], [-115.1148759, 49.4462988], [-115.1148116, 49.446229], [-115.1145862, 49.4460668], [-115.1145211, 49.4459755], [-115.1144468, 49.4458698], [-115.1142664, 49.4454854], [-115.1142268, 49.4453989], [-115.1141926, 49.4452869]]}}, {"type": "Feature", "properties": {"name": "Phat Bastard", "difficulty": "advanced", "area": "Fernie", "osm_id": 432985823, "highway": "path", "stroke": "#0a0a0a"}, "geometry": {"type": "LineString", "coordinates": [[-115.0776503, 49.5063206], [-115.077894, 49.506501], [-115.078311, 49.506655], [-115.078448, 49.506743], [-115.078834, 49.507142], [-115.078901, 49.507258], [-115.0791, 49.5075], [-115.079196, 49.507667], [-115.079285, 49.507765], [-115.079443, 49.507849], [-115.07971, 49.507939], [-115.079937, 49.508036], [-115.08007, 49.508136], [-115.080257, 49.508331], [-115.080813, 49.508673], [-115.081106, 49.508958], [-115.081625, 49.509274], [-115.082014, 49.509655], [-115.082222, 49.50982], [-115.082485, 49.509962], [-115.0827333, 49.5100496], [-115.0830283, 49.5101537], [-115.083193, 49.510219], [-115.084054, 49.510642], [-115.084207, 49.5107], [-115.0842792, 49.510728], [-115.0843548, 49.5107657], [-115.0844583, 49.5107998], [-115.0844283, 49.5106861], [-115.0844283, 49.5105957], [-115.084492, 49.510473], [-115.084506, 49.5103283], [-115.0844132, 49.510109], [-115.0844712, 49.5100483], [-115.0845544, 49.510057], [-115.0846391, 49.510152], [-115.084833, 49.510374], [-115.0851781, 49.5106957], [-115.0852555, 49.5107212], [-115.0852467, 49.510681], [-115.084986, 49.510345], [-115.084944, 49.510119], [-115.0849472, 49.509951], [-115.0850394, 49.509978], [-115.0851877, 49.510072], [-115.085278, 49.510153], [-115.085578, 49.510429], [-115.08593, 49.510652], [-115.0860873, 49.5107499], [-115.0862171, 49.5108079], [-115.0862996, 49.5106354], [-115.0864813, 49.5107234], [-115.086502, 49.510645], [-115.086564, 49.51051], [-115.086568, 49.510431], [-115.0865005, 49.5102231], [-115.0864777, 49.5101276], [-115.086503, 49.509977], [-115.086577, 49.509799], [-115.08659, 49.509495], [-115.086627, 49.50942], [-115.08683, 49.50923], [-115.086978, 49.50904], [-115.087014, 49.508901], [-115.087018, 49.508407], [-115.0870212, 49.5082817], [-115.0871885, 49.5082923], [-115.087356, 49.5081593], [-115.0872916, 49.5079567], [-115.087233, 49.5077792], [-115.0870787, 49.5077235], [-115.086639, 49.507696], [-115.086494, 49.507652], [-115.086228, 49.507454], [-115.086055, 49.50735], [-115.085939, 49.507235], [-115.0858864, 49.5071611], [-115.0859082, 49.5070754], [-115.0859971, 49.50695], [-115.0860625, 49.5068914], [-115.0861594, 49.5068718], [-115.086372, 49.5069679], [-115.086461, 49.506963], [-115.086885, 49.506899], [-115.0870577, 49.506864], [-115.0872018, 49.5069032], [-115.087279, 49.506864], [-115.087467, 49.50673], [-115.08768, 49.506626], [-115.087788, 49.506503], [-115.087874, 49.506454], [-115.087973, 49.506445], [-115.0881381, 49.5064746], [-115.0883174, 49.5064578], [-115.088769, 49.506654], [-115.089051, 49.506737], [-115.089457, 49.506754], [-115.0897793, 49.5067021], [-115.08996, 49.5067014], [-115.0900794, 49.5067189], [-115.0901987, 49.5067597], [-115.0901145, 49.5068256], [-115.0900081, 49.5068893], [-115.090023, 49.506926], [-115.090168, 49.5069401], [-115.09027, 49.506996], [-115.090408, 49.507117], [-115.0904495, 49.507206], [-115.0903284, 49.5073154], [-115.0903688, 49.5073723], [-115.0905058, 49.5074175], [-115.0905367, 49.5074569], [-115.0904197, 49.507496], [-115.090355, 49.507575], [-115.090344, 49.507642], [-115.090389, 49.50781], [-115.0904828, 49.5079486], [-115.0905029, 49.5080106]]}}, {"type": "Feature", "properties": {"name": "Phat Larry's", "difficulty": "intermediate", "area": "Fernie", "osm_id": [648385891, 1454546837], "highway": "path", "stroke": "#3b82f6"}, "geometry": {"type": "MultiLineString", "coordinates": [[[-115.0912346, 49.4681954], [-115.0912349, 49.4681089], [-115.0912937, 49.4680953], [-115.0914034, 49.4681148], [-115.0915638, 49.4680622], [-115.0916732, 49.4680734], [-115.0917555, 49.4680413], [-115.0918315, 49.4679539], [-115.0919121, 49.4679568], [-115.0920918, 49.4679206], [-115.0921829, 49.4678759], [-115.0923264, 49.4679029], [-115.092408, 49.467875], [-115.0925452, 49.4678517], [-115.0926482, 49.4678624], [-115.0927505, 49.4678702], [-115.0927934, 49.4678968], [-115.092836, 49.4679139], [-115.0928705, 49.4678902], [-115.0929321, 49.4678388], [-115.0930269, 49.4678051], [-115.0930805, 49.467785], [-115.0931529, 49.4677754], [-115.0932468, 49.4677719], [-115.0933327, 49.4677719], [-115.0934292, 49.467758], [-115.0935097, 49.4677388], [-115.0935875, 49.4676987], [-115.0935518, 49.4676049], [-115.0936088, 49.4675503], [-115.0938155, 49.4674983], [-115.0938826, 49.4674365], [-115.0938477, 49.4673415], [-115.0939335, 49.4672595], [-115.0939037, 49.4672127], [-115.0939874, 49.4671802], [-115.0941982, 49.4671921], [-115.0943069, 49.4671736], [-115.0943869, 49.4670864], [-115.0944798, 49.4669848], [-115.0945024, 49.4669027], [-115.0946394, 49.4668745], [-115.0947194, 49.4667993], [-115.0951713, 49.4665288], [-115.0954626, 49.4665071], [-115.0955591, 49.4664571], [-115.0955976, 49.466398], [-115.0956277, 49.4663296]], [[-115.095891, 49.4661757], [-115.0959724, 49.4661963], [-115.0961751, 49.4661945], [-115.0962779, 49.4662437], [-115.0964644, 49.4662806], [-115.0966077, 49.4662806], [-115.0968308, 49.466311], [-115.0970234, 49.4663321], [-115.0985974, 49.4664025]]]}}, {"type": "Feature", "properties": {"name": "Playground", "difficulty": "easy", "area": "Fernie", "osm_id": 648385885, "highway": "path", "stroke": "#22c55e"}, "geometry": {"type": "LineString", "coordinates": [[-115.1024344, 49.4646156], [-115.1025009, 49.4647791], [-115.1027593, 49.4650697], [-115.1029121, 49.4652283], [-115.1029363, 49.4652876], [-115.1029309, 49.4653224], [-115.1029202, 49.4653486], [-115.102888, 49.4653625], [-115.1025393, 49.4653991], [-115.1023408, 49.4654235], [-115.1022282, 49.4654444], [-115.1021316, 49.4654898], [-115.1019439, 49.4655281], [-115.1015372, 49.465503], [-115.1013806, 49.4654723], [-115.1011864, 49.465473], [-115.101004, 49.465494], [-115.1008506, 49.4655044], [-115.1005866, 49.4655044], [-115.1003453, 49.465556], [-115.100238, 49.4655944], [-115.1002058, 49.4656641], [-115.1002433, 49.4657338], [-115.1003453, 49.4658035], [-115.100415, 49.4659012], [-115.1004257, 49.4659813], [-115.1003721, 49.4660336], [-115.1002541, 49.4661103], [-115.1000931, 49.4661731], [-115.0999644, 49.466201], [-115.0998786, 49.4662358], [-115.0997284, 49.4663335], [-115.0995674, 49.4664903], [-115.0994226, 49.4667152], [-115.099382, 49.4669112], [-115.0993207, 49.4670778], [-115.099267, 49.4671702], [-115.0992, 49.4672434], [-115.0991061, 49.4673183], [-115.0989666, 49.4673793], [-115.0986689, 49.4675188], [-115.0986152, 49.4675589], [-115.0985723, 49.4676234], [-115.0985498, 49.4677006]]}}, {"type": "Feature", "properties": {"name": "Polar Peak Ridge Walk", "difficulty": "advanced", "area": "Fernie", "osm_id": 648585564, "highway": "path", "stroke": "#0a0a0a"}, "geometry": {"type": "LineString", "coordinates": [[-115.1205052, 49.4501173], [-115.1206728, 49.4497476], [-115.1206782, 49.4497284], [-115.1206809, 49.4497118], [-115.1206755, 49.4496944], [-115.1206205, 49.4495593], [-115.1205951, 49.4494512], [-115.1205951, 49.4493849], [-115.1206125, 49.4492977], [-115.1206219, 49.4492646], [-115.120634, 49.4492384], [-115.1206742, 49.4491966], [-115.1207265, 49.4491355], [-115.1207399, 49.4491068], [-115.1207399, 49.4490806], [-115.1207359, 49.4490361], [-115.1207252, 49.4490117], [-115.1207064, 49.448983], [-115.1206648, 49.4489158], [-115.1206407, 49.4488373], [-115.1206326, 49.4487702], [-115.1206353, 49.4487336], [-115.1206487, 49.4486935], [-115.120705, 49.448595], [-115.1207426, 49.4485191], [-115.1207573, 49.4484624], [-115.1207694, 49.4483883], [-115.12076, 49.4483221], [-115.1207386, 49.4482863], [-115.1206809, 49.4482192], [-115.1206554, 49.4481895], [-115.120642, 49.4481642], [-115.1206433, 49.4481102], [-115.120642, 49.4480797], [-115.1206299, 49.44805], [-115.1205951, 49.4480221], [-115.120406, 49.4478852], [-115.1201243, 49.4477013], [-115.1201015, 49.447676], [-115.1200814, 49.447642], [-115.1200667, 49.4474937], [-115.1200586, 49.4474789], [-115.1200479, 49.4474676], [-115.1199554, 49.4473961], [-115.1199487, 49.4473821], [-115.1199513, 49.4473638], [-115.1199728, 49.4472784], [-115.1199755, 49.4472548], [-115.1199674, 49.4472409], [-115.1199406, 49.4472182], [-115.1193867, 49.4468259], [-115.11938, 49.4468119], [-115.1193773, 49.4467971], [-115.11938, 49.4466672], [-115.1193747, 49.4466445], [-115.1193639, 49.4466183], [-115.1193425, 49.4465852], [-115.1192996, 49.4465434], [-115.1192365, 49.4465085], [-115.1191346, 49.4464614], [-115.1190488, 49.4464335], [-115.1189616, 49.4464169], [-115.1189281, 49.4464056], [-115.1184131, 49.4460856], [-115.118397, 49.4460682], [-115.1183809, 49.446042], [-115.1182843, 49.4458911], [-115.1182776, 49.4458798], [-115.1182669, 49.4458702], [-115.1179222, 49.4456862], [-115.1177399, 49.4456235], [-115.1170291, 49.4451552], [-115.1169137, 49.4449791], [-115.116675, 49.4447646], [-115.1166482, 49.4447349], [-115.1166415, 49.4447149], [-115.116608, 49.4446512], [-115.1165758, 49.4446164], [-115.1165208, 49.4445893], [-115.1163558, 49.4445431], [-115.1163076, 49.4445379], [-115.1162566, 49.4445422], [-115.1161855, 49.444564], [-115.1160179, 49.4446294], [-115.1159468, 49.4446364], [-115.1158824, 49.4446364], [-115.115818, 49.4446329], [-115.1157644, 49.4446181], [-115.115692, 49.4445762], [-115.1149155, 49.4440522], [-115.1145024, 49.4438202], [-115.1142141, 49.4435743], [-115.1141967, 49.4435499], [-115.1141899, 49.4435281], [-115.1141886, 49.4435028], [-115.1141967, 49.4434627], [-115.1142959, 49.4432709], [-115.1142905, 49.4431654], [-115.1142905, 49.4431427], [-115.1142972, 49.4431235], [-115.1143616, 49.4430198], [-115.1143737, 49.442991], [-115.1143737, 49.4429613], [-115.114363, 49.4429108], [-115.1143348, 49.4428776], [-115.1142583, 49.4427922], [-115.1140237, 49.4425175], [-115.1140102, 49.4424931], [-115.1140009, 49.4424722], [-115.1139781, 49.4423291], [-115.1139727, 49.4423082], [-115.1139593, 49.4422899], [-115.1138051, 49.4421443], [-115.1134188, 49.441812], [-115.1133638, 49.4417772], [-115.1133518, 49.4417658], [-115.1133491, 49.4417519], [-115.1133397, 49.4416603], [-115.113337, 49.441642], [-115.113329, 49.4416315], [-115.1128301, 49.4412548], [-115.1125846, 49.4410795], [-115.1117719, 49.4404142], [-115.1117357, 49.4403793], [-115.111721, 49.4403619], [-115.1117143, 49.4403418], [-115.1116968, 49.4402075], [-115.1116942, 49.4401936], [-115.1116861, 49.4401831], [-115.1109847, 49.4396198], [-115.110742, 49.4394009], [-115.1105529, 49.4393041], [-115.1104952, 49.4392797], [-115.1104442, 49.4392474], [-115.1104214, 49.4392204], [-115.1103477, 49.4391288], [-115.1100674, 49.4389143], [-115.11005, 49.4389073], [-115.1100285, 49.4389038], [-115.1099588, 49.4388907], [-115.1099346, 49.438882], [-115.1099158, 49.4388637], [-115.1098998, 49.4388332], [-115.1098863, 49.4388009], [-115.1098635, 49.4387721], [-115.1098354, 49.438759], [-115.1097804, 49.4387477], [-115.109421, 49.4387311], [-115.1092896, 49.4387119], [-115.109193, 49.4386718], [-115.1090884, 49.4386055], [-115.1089945, 49.4385183], [-115.1088228, 49.4383579], [-115.1086056, 49.4381102], [-115.1084312, 49.4379829], [-115.1082757, 49.4378904], [-115.1081791, 49.4378608], [-115.1081067, 49.4378486], [-115.1080477, 49.4378259], [-115.1080128, 49.437791], [-115.1079632, 49.4377335], [-115.1079444, 49.4376968], [-115.1079431, 49.437662], [-115.1079833, 49.4375407], [-115.10799, 49.4375111], [-115.107986, 49.4374867], [-115.1079712, 49.437464], [-115.1079431, 49.4374474], [-115.1079069, 49.4374387], [-115.1078693, 49.4374422], [-115.1078277, 49.4374649], [-115.1077862, 49.4375076], [-115.1077178, 49.437546], [-115.1076413, 49.4375608], [-115.1075515, 49.4375652], [-115.1072806, 49.4375189], [-115.1071143, 49.4374666], [-115.1070432, 49.4374317], [-115.1069949, 49.4373942], [-115.1069721, 49.4373515], [-115.106952, 49.4372957], [-115.1069265, 49.4372704], [-115.1068742, 49.437239], [-115.106783, 49.4372076], [-115.1066731, 49.4371954], [-115.1064035, 49.4371971], [-115.1063405, 49.4371928], [-115.1062855, 49.4371832], [-115.1061058, 49.4371317], [-115.1059824, 49.4370663], [-115.1058657, 49.43698], [-115.1056672, 49.4367977], [-115.1056283, 49.4367715], [-115.1055506, 49.4367567], [-115.1054835, 49.4367506], [-115.1054325, 49.4367497], [-115.105395, 49.4367428], [-115.1052729, 49.4366791], [-115.1052569, 49.4366625], [-115.1052515, 49.4366425], [-115.1052582, 49.4366181], [-115.1056069, 49.4362265], [-115.1056297, 49.4361646]]}}, {"type": "Feature", "properties": {"name": "Practice Loop", "difficulty": "easy", "area": "Fernie", "osm_id": 984137324, "highway": "path", "stroke": "#22c55e"}, "geometry": {"type": "LineString", "coordinates": [[-115.0596606, 49.4981029], [-115.0597943, 49.4980412], [-115.0600073, 49.4978247], [-115.060062, 49.4977907], [-115.0601029, 49.4977819], [-115.0601874, 49.4978227], [-115.0603932, 49.4978473], [-115.0605282, 49.4979748], [-115.0606221, 49.4980576], [-115.0607534, 49.4981151], [-115.0608688, 49.4981722], [-115.0609452, 49.4982364], [-115.061011, 49.4983703], [-115.061017, 49.4985372], [-115.0609865, 49.4986702], [-115.0609624, 49.4987371], [-115.0609103, 49.4987743], [-115.0608511, 49.498725], [-115.0608854, 49.4986157], [-115.0608676, 49.498461], [-115.0607966, 49.4983709], [-115.0606616, 49.4982647], [-115.0605735, 49.4982189], [-115.0604141, 49.4981805], [-115.0601438, 49.4981565], [-115.0598203, 49.4980901], [-115.0596606, 49.4981029]]}}, {"type": "Feature", "properties": {"name": "Project 9", "difficulty": "intermediate", "area": "Fernie", "osm_id": 450848421, "highway": "path", "stroke": "#3b82f6"}, "geometry": {"type": "LineString", "coordinates": [[-115.132844, 49.512418], [-115.1326017, 49.5125427], [-115.1323905, 49.5125536], [-115.132165, 49.5126294], [-115.1320014, 49.5125666], [-115.1317329, 49.5124679], [-115.1315359, 49.5123598], [-115.1313217, 49.5123504], [-115.131099, 49.5123385], [-115.130848, 49.512313], [-115.13075, 49.51225], [-115.130682, 49.512106], [-115.130677, 49.512002], [-115.130714, 49.511774], [-115.130667, 49.511665], [-115.130519, 49.511508], [-115.130406, 49.5114298], [-115.1302018, 49.5114241], [-115.1300259, 49.5114677], [-115.130012, 49.511342], [-115.12998, 49.511237], [-115.129918, 49.511145], [-115.129408, 49.510931], [-115.1292825, 49.5108517], [-115.128947, 49.510924], [-115.128772, 49.510918], [-115.128669, 49.510897], [-115.128528, 49.510835], [-115.128379, 49.510677], [-115.127978, 49.510321], [-115.127588, 49.509825], [-115.127481, 49.509747], [-115.126949, 49.50946], [-115.126365, 49.508853], [-115.126275, 49.508803], [-115.126128, 49.50876], [-115.125592, 49.508695], [-115.125503, 49.508659], [-115.125246, 49.508504], [-115.12509, 49.508446], [-115.124989, 49.508359], [-115.124874, 49.508114], [-115.124723, 49.507894], [-115.124697, 49.507772], [-115.124731, 49.507494], [-115.124651, 49.507243], [-115.12463, 49.507001], [-115.124324, 49.506482], [-115.124205, 49.506075], [-115.123937, 49.505795], [-115.123781, 49.505563], [-115.12376, 49.505444], [-115.123826, 49.505292], [-115.124013, 49.505077], [-115.124162, 49.504986], [-115.123948, 49.504678], [-115.123816, 49.504546], [-115.123672, 49.504343], [-115.12362, 49.504251], [-115.123508, 49.503803], [-115.123449, 49.503676], [-115.123232, 49.503385], [-115.123142, 49.503296], [-115.122939, 49.503163], [-115.122804, 49.503125], [-115.122605, 49.503103], [-115.122451, 49.503009], [-115.122354, 49.50297], [-115.122181, 49.502941], [-115.122035, 49.502879], [-115.121928, 49.502797], [-115.121877, 49.502735], [-115.121868, 49.502669], [-115.1219219, 49.5026049], [-115.12199, 49.502524], [-115.122029, 49.502441], [-115.1222236, 49.502325], [-115.1221746, 49.5021462], [-115.12212, 49.502035], [-115.121965, 49.501779], [-115.121878, 49.501475], [-115.121937, 49.501331], [-115.122058, 49.50117], [-115.122232, 49.501036], [-115.122455, 49.500812], [-115.122791, 49.500599], [-115.122933, 49.500416], [-115.122964, 49.500359], [-115.122972, 49.500272], [-115.122898, 49.500049], [-115.122912, 49.49998], [-115.123038, 49.499783], [-115.123238, 49.499655], [-115.123301, 49.499551], [-115.12336, 49.499351], [-115.123453, 49.499184], [-115.123504, 49.499019], [-115.123545, 49.498954], [-115.123689, 49.498824], [-115.1238226, 49.4987275], [-115.124021, 49.4987486], [-115.1243439, 49.4987211], [-115.124402, 49.498665], [-115.124446, 49.498601], [-115.124564, 49.49831], [-115.124584, 49.498179], [-115.124552, 49.497895], [-115.124496, 49.497749], [-115.124445, 49.497503], [-115.12439, 49.497405], [-115.124291, 49.497337], [-115.124203, 49.497314], [-115.124024, 49.497307], [-115.123791, 49.497321], [-115.123573, 49.49731], [-115.12341, 49.497254], [-115.123254, 49.497154], [-115.123109, 49.496995], [-115.122971, 49.496735], [-115.122932, 49.496604], [-115.12294, 49.496428], [-115.122901, 49.496263], [-115.122905, 49.496157], [-115.122942, 49.496035], [-115.1230609, 49.4958892], [-115.1230487, 49.4957941], [-115.1230764, 49.4956256], [-115.1231634, 49.4955448], [-115.123063, 49.495499], [-115.122743, 49.495374], [-115.122438, 49.49534], [-115.12219, 49.495291], [-115.121632, 49.495024], [-115.121217, 49.494741], [-115.12064, 49.494386], [-115.12005, 49.494152]]}}, {"type": "Feature", "properties": {"name": "Project 9 Access", "difficulty": "advanced", "area": "Fernie", "osm_id": [450848420, 648385823], "highway": "path", "stroke": "#0a0a0a"}, "geometry": {"type": "MultiLineString", "coordinates": [[[-115.1249879, 49.5025597], [-115.125036, 49.502598], [-115.125101, 49.502652], [-115.125183, 49.502811], [-115.125232, 49.503027], [-115.125313, 49.503185], [-115.125335, 49.503296], [-115.12524, 49.503482], [-115.125205, 49.503604], [-115.125214, 49.503719], [-115.125283, 49.503825], [-115.125461, 49.503991], [-115.125524, 49.504117], [-115.125622, 49.504198], [-115.126119, 49.504358], [-115.126306, 49.504392], [-115.126796, 49.504403], [-115.127083, 49.504331], [-115.127257, 49.504249], [-115.127552, 49.504068], [-115.127721, 49.504016], [-115.127972, 49.504005], [-115.128092, 49.504023], [-115.12819, 49.504052], [-115.128344, 49.504139], [-115.12858, 49.504406], [-115.128822, 49.504777], [-115.128947, 49.505069], [-115.129028, 49.50543], [-115.129032, 49.505617], [-115.128992, 49.505812], [-115.129043, 49.506139], [-115.129042, 49.506359], [-115.129074, 49.506471], [-115.129167, 49.506599], [-115.129434, 49.506773], [-115.129551, 49.506881], [-115.129685, 49.507122], [-115.129893, 49.50742], [-115.130425, 49.508497], [-115.130518, 49.508612], [-115.130889, 49.508928], [-115.131084, 49.509251], [-115.131197, 49.509369], [-115.131834, 49.509876], [-115.131963, 49.510002], [-115.132038, 49.510134], [-115.132075, 49.51026], [-115.132141, 49.510701], [-115.132215, 49.51088], [-115.132306, 49.511384], [-115.1324, 49.511676], [-115.132715, 49.512273], [-115.132844, 49.512418]], [[-115.1286396, 49.4956417], [-115.1287091, 49.4964627], [-115.1286733, 49.4973455], [-115.128513, 49.497816], [-115.12848, 49.497891], [-115.128353, 49.498065], [-115.128222, 49.49819], [-115.127841, 49.498462], [-115.127617, 49.498736], [-115.127543, 49.498788], [-115.126968, 49.49908], [-115.126779, 49.499194], [-115.126084, 49.499797], [-115.125515, 49.500177], [-115.12541, 49.50027], [-115.125075, 49.50068], [-115.124912, 49.500798], [-115.124529, 49.50098], [-115.124226, 49.501185], [-115.124058, 49.501275], [-115.123825, 49.501368], [-115.12359, 49.501488], [-115.12326, 49.501699], [-115.123199, 49.501758], [-115.123158, 49.501849], [-115.12316, 49.501911], [-115.123187, 49.501989], [-115.123237, 49.50205], [-115.123445, 49.50219], [-115.1238885, 49.5024021]]]}}, {"type": "Feature", "properties": {"name": "Project 9 Alternate", "difficulty": "intermediate", "area": "Fernie", "osm_id": [1419302290, 1419302291], "highway": "path", "stroke": "#3b82f6"}, "geometry": {"type": "MultiLineString", "coordinates": [[[-115.130848, 49.512313], [-115.1305912, 49.5123033], [-115.1302694, 49.5123404], [-115.1301263, 49.5123265], [-115.1300691, 49.5122661], [-115.1301263, 49.5121036], [-115.1300906, 49.511955], [-115.1300548, 49.5118249], [-115.1299833, 49.5117553], [-115.1300119, 49.5116392], [-115.1300259, 49.5114677]], [[-115.128528, 49.510835], [-115.1282383, 49.5107819], [-115.1277884, 49.510701], [-115.1274849, 49.5106095], [-115.1272951, 49.5104581], [-115.1271379, 49.5103244], [-115.1269591, 49.5100428], [-115.1266555, 49.5098915], [-115.126482, 49.5096979], [-115.1264041, 49.5096531], [-115.1262002, 49.509536], [-115.126005, 49.5093565], [-115.1258045, 49.509191], [-115.125463, 49.5089235], [-115.1251703, 49.5088743], [-115.1250347, 49.5087898], [-115.1249589, 49.5086208], [-115.124989, 49.508359]]]}}, {"type": "Feature", "properties": {"name": "Purple Monkey Dishwasher", "difficulty": "intermediate", "area": "Fernie", "osm_id": [648388045, 1355735553], "highway": "path", "stroke": "#3b82f6"}, "geometry": {"type": "MultiLineString", "coordinates": [[[-115.0883244, 49.4865304], [-115.0881931, 49.4865322], [-115.0880674, 49.4865601], [-115.087879, 49.4865638], [-115.0877048, 49.4865415], [-115.0874421, 49.4865193], [-115.0873022, 49.4865257], [-115.0869653, 49.4865341], [-115.0867425, 49.4865248], [-115.0865027, 49.4864933], [-115.0862889, 49.4864512], [-115.0861674, 49.4864326], [-115.0859349, 49.4863002], [-115.0857917, 49.4862535], [-115.0856337, 49.4862366], [-115.0854723, 49.4862554], [-115.0850835, 49.4862992], [-115.0849124, 49.4863567], [-115.0847568, 49.486401], [-115.0846767, 49.4863634], [-115.0845879, 49.4862668], [-115.0845303, 49.48621], [-115.0844551, 49.4861817], [-115.0844182, 49.4861678], [-115.0842941, 49.4861728], [-115.0842165, 49.4862075], [-115.0842559, 49.4862671], [-115.0842945, 49.486307], [-115.0843172, 49.486362], [-115.0843127, 49.4864098], [-115.0842584, 49.4864543], [-115.084108, 49.4864952], [-115.0839415, 49.4864839], [-115.0837674, 49.4864378], [-115.0837101, 49.486397], [-115.0837188, 49.4863486], [-115.0837096, 49.4862883], [-115.0836736, 49.4862382], [-115.0836267, 49.4862161], [-115.0834196, 49.4861314], [-115.0832972, 49.4861332], [-115.0831382, 49.4860162], [-115.082976, 49.4860283], [-115.0829107, 49.486011], [-115.0827787, 49.4859494], [-115.0827184, 49.485974], [-115.082725, 49.486017], [-115.0828028, 49.4860967], [-115.0827556, 49.4861384], [-115.0825804, 49.4861651], [-115.0824335, 49.4862328], [-115.0823667, 49.4862466], [-115.0823111, 49.4862447], [-115.0822311, 49.4862058], [-115.0821283, 49.4861334], [-115.0819539, 49.4860787], [-115.0818163, 49.4860104], [-115.0817417, 49.48594], [-115.0817256, 49.4858453], [-115.0816769, 49.485821], [-115.0815678, 49.4858879], [-115.081514, 49.4860371], [-115.0814768, 49.4861687], [-115.0815013, 49.4862344], [-115.0815809, 49.4862929], [-115.0816001, 49.4863617], [-115.0815944, 49.4864061], [-115.0815242, 49.4864509], [-115.0814089, 49.4864533], [-115.0813538, 49.4864823], [-115.0813701, 49.4865176], [-115.0815114, 49.4865842], [-115.0815601, 49.4866473], [-115.0815687, 49.4866806], [-115.0815295, 49.4867505]], [[-115.0901711, 49.4868347], [-115.0901589, 49.4866658], [-115.0900433, 49.4865564], [-115.0899862, 49.4865341], [-115.0899005, 49.4865378], [-115.0897064, 49.4865582], [-115.0895979, 49.4865489], [-115.0894979, 49.4865285], [-115.0893409, 49.4865007], [-115.0890097, 49.4865081], [-115.0888698, 49.4865304], [-115.0887498, 49.4865527], [-115.0886271, 49.4865508], [-115.0883244, 49.4865304]]]}}, {"type": "Feature", "properties": {"name": "Queen V", "difficulty": "easy", "area": "Fernie", "osm_id": 453791854, "highway": "path", "stroke": "#22c55e"}, "geometry": {"type": "LineString", "coordinates": [[-115.0405921, 49.5063621], [-115.040471, 49.50627], [-115.040457, 49.506183], [-115.040532, 49.506116], [-115.040851, 49.50595], [-115.04104, 49.505863], [-115.041213, 49.505808], [-115.04134, 49.505776], [-115.041432, 49.505771], [-115.041603, 49.505805], [-115.041659, 49.505795], [-115.041664, 49.505746], [-115.041542, 49.505631], [-115.041556, 49.505576], [-115.041646, 49.50555], [-115.041759, 49.505558], [-115.042186, 49.505656], [-115.042322, 49.505693], [-115.042516, 49.505774], [-115.0426447, 49.5058374], [-115.042655, 49.505766], [-115.0426639, 49.5056628], [-115.042774, 49.505688], [-115.042956, 49.505716], [-115.043003, 49.505699], [-115.043031, 49.505639], [-115.0430064, 49.505258], [-115.043115, 49.50526], [-115.043246, 49.505275], [-115.043584, 49.505388], [-115.0436434, 49.5054602], [-115.043725, 49.505349], [-115.043751, 49.505295], [-115.043765, 49.5050148], [-115.043843, 49.505049], [-115.044004, 49.5051732], [-115.0440559, 49.505165], [-115.0440673, 49.505092], [-115.0441408, 49.5049694], [-115.0442208, 49.5049427], [-115.0443016, 49.5049312]]}}, {"type": "Feature", "properties": {"name": "R-Trail", "difficulty": "intermediate", "area": "Fernie", "osm_id": 453791855, "highway": "path", "stroke": "#3b82f6"}, "geometry": {"type": "LineString", "coordinates": [[-115.029739, 49.519297], [-115.0295904, 49.5192506], [-115.0295341, 49.5191568], [-115.0295615, 49.5190528], [-115.0296668, 49.518918], [-115.029699, 49.518768], [-115.0297168, 49.5186062], [-115.0295996, 49.5184904], [-115.0295635, 49.5183915], [-115.0295893, 49.5182622], [-115.029508, 49.5181585], [-115.0293464, 49.5180643], [-115.029157, 49.5180798], [-115.0286836, 49.5180083], [-115.0281921, 49.5179665], [-115.0281106, 49.5180098], [-115.0280351, 49.5180765], [-115.027924, 49.5180843], [-115.0278178, 49.518066], [-115.0277334, 49.5179846], [-115.0276864, 49.5178668], [-115.0277556, 49.5176616], [-115.0276756, 49.5176607], [-115.0275774, 49.5177078], [-115.0274182, 49.5177155], [-115.0272326, 49.517763], [-115.0269637, 49.517811], [-115.0266667, 49.5178602], [-115.0264821, 49.5177843], [-115.0263319, 49.5176827], [-115.0262833, 49.5175401], [-115.0263162, 49.5174003], [-115.0263142, 49.5172551], [-115.0263825, 49.5170375], [-115.0263647, 49.5168647], [-115.0263867, 49.5167191], [-115.0263287, 49.5166813], [-115.0262247, 49.5166136], [-115.0262853, 49.5164043], [-115.0262989, 49.516226], [-115.0262579, 49.5161016], [-115.0260355, 49.5160481], [-115.0259911, 49.5157975], [-115.0258132, 49.515653], [-115.0261621, 49.5152992], [-115.0263545, 49.5151604], [-115.0266376, 49.5150744], [-115.0271345, 49.5149833], [-115.0274434, 49.5147446], [-115.0274742, 49.5144811], [-115.0272992, 49.514438]]}}, {"type": "Feature", "properties": {"name": "Rainer's Way", "difficulty": "intermediate", "area": "Fernie", "osm_id": 453791852, "highway": "path", "stroke": "#3b82f6"}, "geometry": {"type": "LineString", "coordinates": [[-115.0503268, 49.5020972], [-115.0499261, 49.5021304], [-115.0494137, 49.5021966], [-115.0491691, 49.5022456], [-115.048576, 49.5024422], [-115.0483096, 49.5024273], [-115.0480573, 49.5024461], [-115.0478432, 49.5025225], [-115.0475913, 49.5025529], [-115.0472527, 49.5026902], [-115.0469614, 49.5027454], [-115.0467911, 49.5027816], [-115.0463956, 49.5030309], [-115.0461446, 49.5031068], [-115.0459501, 49.5032102], [-115.0457045, 49.5033487], [-115.0454164, 49.5034657], [-115.0451317, 49.503511], [-115.0448377, 49.5034951], [-115.0443106, 49.5036445], [-115.044062, 49.5037755], [-115.0436103, 49.5039515], [-115.0435077, 49.5040295], [-115.0434943, 49.504071], [-115.0434889, 49.5040997], [-115.043505, 49.5041258], [-115.043532, 49.5041532], [-115.0438189, 49.5042584], [-115.0441058, 49.5043514], [-115.0442532, 49.5044226], [-115.0443245, 49.5045042], [-115.044391, 49.5046025], [-115.0444715, 49.5046461], [-115.0445471, 49.5046989]]}}, {"type": "Feature", "properties": {"name": "Red Sonja", "difficulty": "advanced", "area": "Fernie", "osm_id": 432985827, "highway": "path", "stroke": "#0a0a0a"}, "geometry": {"type": "LineString", "coordinates": [[-115.078311, 49.506655], [-115.078318, 49.506841], [-115.07836, 49.506943], [-115.078459, 49.507057], [-115.078604, 49.50717], [-115.0786978, 49.5072932], [-115.0786774, 49.5074204], [-115.0787929, 49.5075663], [-115.0787736, 49.507635], [-115.0786007, 49.5077353], [-115.0785923, 49.5077635], [-115.0786694, 49.5078106], [-115.078749, 49.507861], [-115.078912, 49.507984], [-115.0791024, 49.5081017], [-115.079393, 49.5081962], [-115.079469, 49.5082891], [-115.0796845, 49.5083726], [-115.0797721, 49.5084886], [-115.0799188, 49.5085488], [-115.0800763, 49.5086878], [-115.0802828, 49.508762], [-115.080742, 49.509181], [-115.080864, 49.509316], [-115.0809714, 49.5094416], [-115.08131, 49.509552], [-115.0816674, 49.5098592], [-115.081907, 49.509959], [-115.081991, 49.509979], [-115.082222, 49.51], [-115.0824668, 49.5100305], [-115.0827333, 49.5100496], [-115.0830046, 49.5100459], [-115.0833019, 49.5099339], [-115.0834705, 49.5099567], [-115.0836508, 49.5100625], [-115.083859, 49.5099469], [-115.083955, 49.50983], [-115.0840468, 49.5097471], [-115.0841602, 49.5097013], [-115.0844693, 49.5098186], [-115.084712, 49.509904], [-115.0848, 49.509912], [-115.084869, 49.509899], [-115.084933, 49.509854], [-115.085024, 49.509739], [-115.085101, 49.509691], [-115.0852424, 49.5096301], [-115.0854535, 49.5096613], [-115.0856012, 49.5096017], [-115.0856659, 49.5097202], [-115.085738, 49.509855], [-115.085852, 49.509929], [-115.0859678, 49.509951], [-115.0861491, 49.5098779], [-115.0862482, 49.5099304], [-115.0864777, 49.5101276], [-115.0865702, 49.5100889], [-115.086761, 49.5100326], [-115.0868612, 49.5100874], [-115.0869621, 49.5101983], [-115.0870604, 49.5102325], [-115.087125, 49.5102036], [-115.087198, 49.510119], [-115.0873054, 49.5099228], [-115.087442, 49.5099159], [-115.08762, 49.50984], [-115.0877496, 49.5098185], [-115.087825, 49.509806], [-115.088165, 49.509851], [-115.088418, 49.509863], [-115.088575, 49.509844], [-115.088808, 49.509783], [-115.088889, 49.509743], [-115.088942, 49.509677], [-115.089002, 49.509528], [-115.0890714, 49.509453], [-115.0890693, 49.5093641], [-115.0891724, 49.5092884], [-115.0894594, 49.5092861], [-115.0895863, 49.5092397], [-115.0896821, 49.5092241], [-115.0899212, 49.509275], [-115.0900286, 49.5092539], [-115.0900651, 49.5090971], [-115.090266, 49.508945], [-115.090413, 49.508685], [-115.090519, 49.508629], [-115.090643, 49.508593], [-115.0908429, 49.5085532], [-115.0909576, 49.5085418]]}}, {"type": "Feature", "properties": {"name": "Resurrection", "difficulty": "intermediate", "area": "Fernie", "osm_id": 453791851, "highway": "path", "stroke": "#3b82f6"}, "geometry": {"type": "LineString", "coordinates": [[-115.0467052, 49.4894402], [-115.0465924, 49.4894964], [-115.0464832, 49.4895723], [-115.04638, 49.489791], [-115.0463615, 49.4898908], [-115.0463466, 49.4899471], [-115.0462076, 49.4899915], [-115.046166, 49.4899687], [-115.0462018, 49.4898577], [-115.0461772, 49.4898375], [-115.0460446, 49.4899546], [-115.045891, 49.489971], [-115.0456736, 49.4900288], [-115.0452815, 49.490047], [-115.0447166, 49.4901639], [-115.0444161, 49.4902181], [-115.044092, 49.4902355], [-115.0439556, 49.4902712], [-115.0438041, 49.4903363], [-115.0436269, 49.4904353], [-115.043613, 49.490563], [-115.0435018, 49.4907589], [-115.0434986, 49.4908099], [-115.0436362, 49.4908589], [-115.04367, 49.4909646], [-115.0437562, 49.4911221], [-115.0437994, 49.4912975], [-115.043904, 49.4914039], [-115.04399, 49.491647], [-115.043971, 49.491759], [-115.043869, 49.491886], [-115.043673, 49.492073], [-115.0434376, 49.4922486], [-115.043608, 49.491994], [-115.043671, 49.491855], [-115.043664, 49.491786], [-115.043634, 49.491719], [-115.043528, 49.491617], [-115.043374, 49.491546], [-115.0432855, 49.4915017], [-115.04323, 49.4915065], [-115.0432143, 49.4915331], [-115.0433118, 49.4917467], [-115.043282, 49.4917679], [-115.0432375, 49.4917486], [-115.0431624, 49.491599], [-115.0430956, 49.4915429], [-115.0430146, 49.4915144], [-115.0428691, 49.4914973], [-115.0425826, 49.491514], [-115.0424724, 49.4914758], [-115.0422137, 49.4913199], [-115.042035, 49.491237], [-115.0419578, 49.4911788], [-115.0419015, 49.4911787], [-115.0419019, 49.4912737], [-115.0418948, 49.4913899], [-115.042054, 49.491558], [-115.042072, 49.491626], [-115.042055, 49.4916792], [-115.0419874, 49.4918513], [-115.0419582, 49.4919155], [-115.0418748, 49.4919521], [-115.0417292, 49.4919864], [-115.041612, 49.492036], [-115.0413873, 49.4922305], [-115.0411148, 49.4924231], [-115.040729, 49.492726]]}}, {"type": "Feature", "properties": {"name": "Rocky Road", "difficulty": "intermediate", "area": "Fernie", "osm_id": 197611169, "highway": "path", "stroke": "#3b82f6"}, "geometry": {"type": "LineString", "coordinates": [[-115.1044644, 49.5238861], [-115.1046651, 49.5238854], [-115.1050736, 49.5238381], [-115.1054526, 49.5238121], [-115.1059129, 49.5238213], [-115.1062299, 49.5238302], [-115.1064265, 49.5238501], [-115.10657, 49.5238666], [-115.1066874, 49.52387], [-115.1069391, 49.5238484], [-115.1070327, 49.5238479], [-115.1071011, 49.5238527], [-115.1072275, 49.5238822], [-115.1073526, 49.5239415], [-115.1073697, 49.5239565], [-115.1073787, 49.5239706], [-115.1073811, 49.5239817], [-115.1073781, 49.5239937], [-115.1073358, 49.5240446], [-115.1073315, 49.5240555], [-115.1073345, 49.5240684], [-115.1073472, 49.524079], [-115.1073693, 49.5240833], [-115.1073955, 49.5240816], [-115.1074572, 49.5240712], [-115.1075712, 49.524052], [-115.107738, 49.524052], [-115.1078427, 49.5240673], [-115.1079131, 49.5240921], [-115.1079299, 49.524106], [-115.1079346, 49.5241208], [-115.1079514, 49.5242453], [-115.1079567, 49.5242718], [-115.1079684, 49.5242911], [-115.1081666, 49.5245652], [-115.1081731, 49.5246693], [-115.1081881, 49.5246901], [-115.1082116, 49.5247045], [-115.1082464, 49.5247102], [-115.1082788, 49.524713], [-115.1084166, 49.5247212], [-115.1084643, 49.5247337], [-115.1084898, 49.5247537], [-115.1085153, 49.5247863], [-115.1085187, 49.5248177], [-115.1085185, 49.5249426], [-115.1085267, 49.5249657], [-115.1085441, 49.5249796], [-115.1085676, 49.5249853], [-115.1085958, 49.5249887], [-115.108749, 49.5249906], [-115.1087842, 49.5249957], [-115.1088016, 49.5250061], [-115.1088157, 49.5250244], [-115.1088184, 49.5250427], [-115.1088506, 49.5252299], [-115.1088523, 49.5252463], [-115.10886, 49.5252586], [-115.1089724, 49.5253305], [-115.1090008, 49.5253496], [-115.1090095, 49.5253713], [-115.1090075, 49.5254696], [-115.1090216, 49.5255124], [-115.1090537, 49.5255442], [-115.1095745, 49.5258762], [-115.1096559, 49.5259302], [-115.1096908, 49.5259446], [-115.1097176, 49.525952], [-115.1097458, 49.5259585], [-115.1097753, 49.5259598], [-115.1098337, 49.5259531], [-115.110131, 49.525866], [-115.1101629, 49.5258645], [-115.110187, 49.5258688], [-115.1102071, 49.5258823], [-115.1102145, 49.5259015], [-115.1102097, 49.5260393], [-115.1102219, 49.5260582], [-115.1102467, 49.5260699], [-115.1103459, 49.5261204], [-115.1103641, 49.526169], [-115.1104076, 49.526231], [-115.1104599, 49.5262606], [-115.110527, 49.5262849], [-115.11059, 49.5262963], [-115.1106521, 49.5262918], [-115.1107677, 49.5262606], [-115.1107878, 49.5262523], [-115.1108086, 49.5262479], [-115.1108321, 49.5262519], [-115.1108441, 49.5262597], [-115.1108598, 49.5262829], [-115.1108716, 49.5263119], [-115.1108871, 49.5263206], [-115.1109058, 49.5263215], [-115.1109253, 49.5263163], [-115.1109414, 49.5263111], [-115.1110359, 49.526251], [-115.1110764, 49.5262345], [-115.1111083, 49.5262292], [-115.1111499, 49.526234], [-115.1111901, 49.5262466], [-115.1113049, 49.5262737], [-115.1114295, 49.5262932], [-115.1115543, 49.5262923], [-115.111748, 49.5262593], [-115.1118017, 49.5262588], [-115.1118305, 49.5262653], [-115.1118419, 49.5262745], [-115.1118708, 49.526402], [-115.1118715, 49.5264124], [-115.1118835, 49.526422], [-115.1119921, 49.5264878], [-115.1120046, 49.526493], [-115.1120163, 49.5264934], [-115.1120887, 49.5264708], [-115.1121032, 49.5264698], [-115.1121189, 49.5264765], [-115.1122716, 49.5266019], [-115.1122968, 49.526776], [-115.112315, 49.5268362], [-115.1123308, 49.5268612], [-115.1123521, 49.5268706], [-115.1123837, 49.5268721], [-115.1124173, 49.5268669], [-115.1124803, 49.5268435], [-115.1126043, 49.5267846], [-115.1127351, 49.5267019], [-115.1128394, 49.5266275], [-115.1128514, 49.5266155], [-115.1128634, 49.5266099], [-115.1128742, 49.5266142], [-115.1128813, 49.5266231], [-115.1128806, 49.5267111], [-115.112894, 49.5267202], [-115.1129121, 49.5267237], [-115.1129296, 49.5267198], [-115.112945, 49.5267093], [-115.1130563, 49.5266144], [-115.113076, 49.5266031], [-115.1130992, 49.5266083], [-115.1131515, 49.5266379], [-115.1131789, 49.5266458], [-115.1132105, 49.5266336], [-115.1133795, 49.5265074], [-115.1134962, 49.5264116], [-115.1135284, 49.5263907], [-115.113582, 49.5263794], [-115.1136356, 49.526389], [-115.1136719, 49.5264133], [-115.1136983, 49.5264466], [-115.1137027, 49.5266122], [-115.1137064, 49.5266329], [-115.1137186, 49.5266476], [-115.1137761, 49.5266795], [-115.1137879, 49.5266869], [-115.1137943, 49.526694], [-115.113874, 49.5268488], [-115.1138928, 49.526868], [-115.113918, 49.5268764], [-115.1140256, 49.5268758], [-115.1141087, 49.526888], [-115.1141848, 49.5269132], [-115.1142392, 49.5269591], [-115.1145553, 49.5271161], [-115.1148584, 49.5272458], [-115.115229, 49.5274686], [-115.1152943, 49.527506], [-115.1153452, 49.5275261], [-115.1154042, 49.5275391], [-115.115537, 49.5275487], [-115.115592, 49.5275496], [-115.1156269, 49.5275565], [-115.1158259, 49.5276433], [-115.1160223, 49.5276612], [-115.1162197, 49.5277164], [-115.1163629, 49.527733], [-115.116532, 49.5277429], [-115.1166527, 49.5277518], [-115.1167155, 49.5277536], [-115.1167664, 49.5277471], [-115.1169934, 49.5276723], [-115.1170752, 49.5276497], [-115.1171316, 49.5276471], [-115.1171785, 49.5276514], [-115.1172711, 49.5276755], [-115.1172959, 49.5276806], [-115.1173134, 49.5276818], [-115.1173388, 49.527678], [-115.1173643, 49.5276691], [-115.1174601, 49.5276235], [-115.1176157, 49.5275624], [-115.117731, 49.5275409], [-115.1180869, 49.527511], [-115.1181307, 49.5275173], [-115.1181642, 49.527533], [-115.1181803, 49.5275535], [-115.1181884, 49.5275783], [-115.1181857, 49.5278412], [-115.1182152, 49.5279056], [-115.1182353, 49.5279239], [-115.1182839, 49.5279421], [-115.1183359, 49.5279491], [-115.1184243, 49.5279461], [-115.1185312, 49.5279203], [-115.1186433, 49.5279004], [-115.118793, 49.5278967], [-115.1188675, 49.5279085], [-115.1189557, 49.5279539], [-115.1190105, 49.5280208], [-115.11904, 49.5280483], [-115.1190823, 49.5280591], [-115.1191338, 49.5280588], [-115.1192626, 49.5280539], [-115.1193055, 49.528064], [-115.1193466, 49.5280851], [-115.1193605, 49.5281215], [-115.1193551, 49.5281554], [-115.1193122, 49.5282703], [-115.1192751, 49.5283915], [-115.1192898, 49.5286655], [-115.1192995, 49.5286916], [-115.1193152, 49.5287108], [-115.1194872, 49.5288899], [-115.119517, 49.5289181], [-115.1195301, 49.5289437], [-115.1195314, 49.529071], [-115.1195838, 49.5291988], [-115.1196413, 49.5293829], [-115.1196503, 49.5294695], [-115.1196088, 49.5296566], [-115.1195698, 49.529872], [-115.1195027, 49.5301084], [-115.1192982, 49.5304815], [-115.1192706, 49.5305339], [-115.1192623, 49.5305821], [-115.119268, 49.5306601], [-115.1193391, 49.5312422], [-115.1193442, 49.5312684], [-115.1193591, 49.5312999], [-115.1193998, 49.5313509], [-115.1194745, 49.5314635], [-115.1195359, 49.5320282], [-115.1195684, 49.5320842], [-115.1196113, 49.532132], [-115.1196569, 49.5321816], [-115.1197071, 49.5322186], [-115.1201797, 49.5325378], [-115.1203408, 49.5326621], [-115.1203965, 49.5327091], [-115.1204165, 49.5327594], [-115.1204146, 49.5328075], [-115.120383, 49.5328368], [-115.1203274, 49.5328706], [-115.1202632, 49.5328844], [-115.1200064, 49.5328892], [-115.1199673, 49.5329023], [-115.1199501, 49.5329231], [-115.1199452, 49.5329458], [-115.1199504, 49.5329658], [-115.1200163, 49.5330468], [-115.1200344, 49.5330664], [-115.1200393, 49.5330857], [-115.1200257, 49.5333749], [-115.1200296, 49.5334108], [-115.1200418, 49.5334315], [-115.1202175, 49.5336021], [-115.1202341, 49.5336345], [-115.1202321, 49.5336876], [-115.1201987, 49.5337492], [-115.1200739, 49.5339034], [-115.1199904, 49.5339615], [-115.1199754, 49.5339803], [-115.1199667, 49.5340021], [-115.1199761, 49.5340251], [-115.1199927, 49.5340402], [-115.1201063, 49.5341303], [-115.1202566, 49.5343122], [-115.1202765, 49.5343432], [-115.1202805, 49.5343728], [-115.1202945, 49.534659], [-115.1203033, 49.5346923], [-115.120318, 49.534714], [-115.1204858, 49.5349802], [-115.1207566, 49.5351857], [-115.1208987, 49.5353328], [-115.1209287, 49.5353485], [-115.1209618, 49.5353529], [-115.1215757, 49.5353424], [-115.1218704, 49.5354191], [-115.1219099, 49.5354364], [-115.1220679, 49.5355501], [-115.1221178, 49.5355722], [-115.1221717, 49.5355801], [-115.1223645, 49.5355769], [-115.122461, 49.5355737], [-115.1225201, 49.5356009], [-115.1225765, 49.5356306], [-115.12261, 49.5356592], [-115.1226449, 49.5357428], [-115.1226663, 49.5357689], [-115.1226913, 49.5357908], [-115.1229864, 49.5360024], [-115.1231437, 49.5361318], [-115.1231953, 49.5361827], [-115.1232309, 49.5362319], [-115.1232497, 49.5362893], [-115.1232887, 49.5364519], [-115.1233212, 49.5366767], [-115.1233257, 49.536927], [-115.1233167, 49.536973], [-115.1232783, 49.5370564], [-115.1232679, 49.5371], [-115.1232669, 49.537286], [-115.1232738, 49.5373137], [-115.1232939, 49.5373329], [-115.123382, 49.5373803], [-115.1234012, 49.5374094], [-115.1234079, 49.5374382], [-115.1234146, 49.5376305], [-115.1234208, 49.53766], [-115.1234361, 49.5376784], [-115.1235117, 49.5378073], [-115.1235313, 49.5378376], [-115.1235612, 49.5378657], [-115.1239243, 49.5381428], [-115.1239481, 49.538161], [-115.1239563, 49.5381784], [-115.1239621, 49.5384314], [-115.1239605, 49.5384481], [-115.1239541, 49.5384616], [-115.1238938, 49.538595], [-115.1238867, 49.53861], [-115.1238842, 49.5386234], [-115.1238964, 49.5389581], [-115.1239106, 49.5389875], [-115.1239367, 49.539013], [-115.124193, 49.5391257], [-115.1244209, 49.539213], [-115.124459, 49.5392214], [-115.1244959, 49.5392179], [-115.1246636, 49.5391683], [-115.1246998, 49.5391648], [-115.1247319, 49.5391709], [-115.1251095, 49.5393], [-115.1257999, 49.5393831], [-115.126368, 49.5393904], [-115.1265797, 49.5394088], [-115.126838, 49.5395144], [-115.1273194, 49.5396005], [-115.1276265, 49.5397682], [-115.1284998, 49.539962], [-115.1287566, 49.5399959], [-115.1288052, 49.5400013], [-115.1288625, 49.5399968], [-115.1291605, 49.5399217], [-115.1292206, 49.539908], [-115.1292878, 49.5399155], [-115.1299211, 49.5400333], [-115.1301316, 49.5401778], [-115.1306798, 49.5403908], [-115.1309995, 49.5405517], [-115.1312946, 49.5407503], [-115.1317204, 49.5410411], [-115.1320993, 49.5413679], [-115.1322909, 49.5416731], [-115.1323669, 49.5418609], [-115.1324314, 49.542002], [-115.1324376, 49.5420785], [-115.132408, 49.5421396], [-115.1324047, 49.5427072], [-115.1322564, 49.5429305], [-115.1321925, 49.5430914], [-115.1321765, 49.543191], [-115.132177, 49.5433016], [-115.1322542, 49.5435039], [-115.1322737, 49.5436078], [-115.1323109, 49.5436584], [-115.1324591, 49.5437821], [-115.1326844, 49.5440783], [-115.1327726, 49.544291], [-115.1328693, 49.5444475]]}}, {"type": "Feature", "properties": {"name": "Roots", "difficulty": "intermediate", "area": "Fernie", "osm_id": [450848439, 986466374, 986466375, 986466376, 1359875711], "highway": "path", "stroke": "#3b82f6"}, "geometry": {"type": "MultiLineString", "coordinates": [[[-115.054703, 49.4772801], [-115.054579, 49.477345], [-115.054474, 49.477435], [-115.054368, 49.477692], [-115.054021, 49.478117], [-115.053839, 49.478251], [-115.05362, 49.478374], [-115.053492, 49.478466], [-115.053379, 49.478618], [-115.053284, 49.478704], [-115.053211, 49.478743], [-115.052928, 49.478827], [-115.052459, 49.479022], [-115.052339, 49.479057], [-115.052117, 49.479092], [-115.051835, 49.479113], [-115.051734, 49.479136], [-115.051404, 49.479297], [-115.051269, 49.479341], [-115.050804, 49.479441], [-115.050628, 49.479451], [-115.050429, 49.479423], [-115.0501098, 49.4793107], [-115.0497819, 49.479307], [-115.0496285, 49.4793145], [-115.0492732, 49.479372], [-115.0491389, 49.4793855], [-115.0489503, 49.4793377], [-115.0488587, 49.4793611], [-115.0488016, 49.4794587], [-115.0487013, 49.4794916], [-115.048601, 49.479503], [-115.0484527, 49.4794874], [-115.0482983, 49.4795057], [-115.048177, 49.479458], [-115.0481, 49.479477], [-115.0480656, 49.4795737], [-115.0479958, 49.4796107], [-115.0478115, 49.4796538], [-115.0475446, 49.4797537], [-115.0472559, 49.4797938], [-115.0470663, 49.479843], [-115.046904, 49.4799168], [-115.0468078, 49.4799369], [-115.046648, 49.480046], [-115.0465579, 49.4801691], [-115.04643, 49.48028], [-115.0463749, 49.4803952], [-115.0463445, 49.4805211]], [[-115.0563649, 49.4771793], [-115.0562587, 49.4771553], [-115.056183, 49.477122], [-115.0560867, 49.4770676], [-115.05601, 49.476931], [-115.055912, 49.476839], [-115.055822, 49.476806], [-115.05559, 49.476797], [-115.055327, 49.476753], [-115.055267, 49.476779], [-115.055175, 49.476922], [-115.05491, 49.477071], [-115.054818, 49.477214], [-115.054703, 49.4772801]], [[-115.0584211, 49.4780638], [-115.058464, 49.478014], [-115.0585133, 49.4779265], [-115.0585502, 49.4778537], [-115.058559, 49.4777743], [-115.058541, 49.477703], [-115.058433, 49.477465], [-115.058359, 49.477241], [-115.058252, 49.477109], [-115.058037, 49.476999], [-115.0579287, 49.4769605], [-115.0578808, 49.4769893], [-115.057887, 49.477064], [-115.057916, 49.477183], [-115.057921, 49.477348], [-115.0578933, 49.4774067], [-115.0578316, 49.4773947], [-115.057759, 49.477337], [-115.057606, 49.477246], [-115.056839, 49.477164], [-115.056624, 49.477185], [-115.0563649, 49.4771793]], [[-115.0579733, 49.4785953], [-115.0579662, 49.4785473], [-115.0579758, 49.4784889], [-115.0579847, 49.4783947], [-115.0579914, 49.4783016], [-115.0580279, 49.4782249], [-115.0581379, 49.4781589], [-115.0582827, 49.4781296], [-115.058367, 49.4780964], [-115.0584211, 49.4780638]], [[-115.0463445, 49.4805211], [-115.046185, 49.480529], [-115.045888, 49.480592], [-115.045552, 49.480744], [-115.045453, 49.480772], [-115.045097, 49.480817], [-115.044746, 49.480955], [-115.044616, 49.48098], [-115.043947, 49.481054], [-115.043761, 49.481142], [-115.0436024, 49.4813129], [-115.0435124, 49.481337]]]}}, {"type": "Feature", "properties": {"name": "Roots Extension", "difficulty": "intermediate", "area": "Fernie", "osm_id": 453791850, "highway": "path", "stroke": "#3b82f6"}, "geometry": {"type": "LineString", "coordinates": [[-115.040729, 49.492726], [-115.040744, 49.492777], [-115.040731, 49.492846], [-115.040686, 49.492909], [-115.0403497, 49.4932352], [-115.0402358, 49.4933042], [-115.0401599, 49.4934101], [-115.0400125, 49.4934608], [-115.0395471, 49.4935142], [-115.0394572, 49.4935512], [-115.0393777, 49.4936621], [-115.0393066, 49.4936913], [-115.0391452, 49.4937082], [-115.0390344, 49.4937825], [-115.0389408, 49.4939003], [-115.038749, 49.494005], [-115.0386203, 49.4940813], [-115.0385166, 49.4941144], [-115.0383659, 49.494073], [-115.038283, 49.4940704], [-115.0381496, 49.4940331], [-115.0380638, 49.4939989], [-115.0379011, 49.4938942], [-115.0377664, 49.4938806], [-115.0376011, 49.4938473], [-115.037498, 49.493806], [-115.0373107, 49.4936245], [-115.03722, 49.4935704], [-115.0369927, 49.493489], [-115.0367121, 49.4933408], [-115.0366287, 49.4932482], [-115.0365642, 49.4931738], [-115.0363632, 49.4931175], [-115.0362713, 49.4931502], [-115.0361539, 49.4932461], [-115.03599, 49.4932769], [-115.0358678, 49.4933518], [-115.0356995, 49.4934117], [-115.0356599, 49.4935135], [-115.0355949, 49.4935962], [-115.035534, 49.4936372], [-115.0353873, 49.4936782], [-115.0353062, 49.4937317], [-115.0353179, 49.4938654], [-115.0354001, 49.4939254], [-115.035484, 49.4939874], [-115.0356574, 49.4940168], [-115.0357062, 49.4940703], [-115.0357644, 49.4941341], [-115.0357784, 49.4942374], [-115.0358705, 49.4943139], [-115.0359876, 49.4943812], [-115.0360993, 49.4944472], [-115.0361407, 49.4945312], [-115.0360926, 49.4946106], [-115.0359933, 49.494661], [-115.0358948, 49.4947164], [-115.0359073, 49.4947997], [-115.0359393, 49.4948734], [-115.0359032, 49.4949372], [-115.0357952, 49.4949533], [-115.0356365, 49.4948972], [-115.0355197, 49.4948884], [-115.0353814, 49.494954], [-115.0353755, 49.4950552], [-115.0353727, 49.4951258], [-115.0353856, 49.4952022], [-115.0354343, 49.495253], [-115.0355513, 49.4952769], [-115.0356755, 49.4952799], [-115.03577, 49.4953207], [-115.0358518, 49.4953977], [-115.0360933, 49.4955636], [-115.0362587, 49.495645], [-115.0363668, 49.4957195], [-115.0364597, 49.4958324], [-115.036546, 49.4958856], [-115.0366554, 49.4959026], [-115.0369883, 49.4958997], [-115.0372317, 49.4959723], [-115.0374442, 49.4959833], [-115.0376964, 49.4959527], [-115.0380667, 49.4959593], [-115.0383139, 49.4959045]]}}, {"type": "Feature", "properties": {"name": "Roxy Roller", "difficulty": "intermediate", "area": "Fernie", "osm_id": 984137327, "highway": "path", "stroke": "#3b82f6"}, "geometry": {"type": "LineString", "coordinates": [[-115.0402865, 49.5038683], [-115.0404012, 49.5038745], [-115.0405972, 49.5039141], [-115.0408119, 49.5039808], [-115.0409523, 49.503985], [-115.0410664, 49.5039225], [-115.0411695, 49.5039098], [-115.0412359, 49.5039156], [-115.0413729, 49.5038595], [-115.0415595, 49.5037361], [-115.0415971, 49.503665], [-115.0416775, 49.5035199], [-115.0417037, 49.5034495], [-115.0417472, 49.5033938], [-115.0418546, 49.503392], [-115.0420476, 49.5034791], [-115.0421119, 49.5034826], [-115.042155, 49.5034654], [-115.0423661, 49.5033022], [-115.0424432, 49.5031789], [-115.0425176, 49.5030895], [-115.0425487, 49.5030031], [-115.0425982, 49.5029551], [-115.0428181, 49.5028722], [-115.0429032, 49.5028143], [-115.043146, 49.5026358], [-115.0433051, 49.5025868], [-115.043416, 49.5024945], [-115.0435081, 49.502387], [-115.0435853, 49.5023142], [-115.0437465, 49.5022789], [-115.0438862, 49.5022221], [-115.0439882, 49.5021741], [-115.0440822, 49.5020816], [-115.0440995, 49.5018607], [-115.0441415, 49.5017423], [-115.0441502, 49.5014536], [-115.0442255, 49.5013885], [-115.0442522, 49.5013654], [-115.0443339, 49.5012234], [-115.0443899, 49.5011785], [-115.0445312, 49.5011897], [-115.0446381, 49.5011705], [-115.0447892, 49.5011016]]}}, {"type": "Feature", "properties": {"name": "Rubber Ducky", "difficulty": "intermediate", "area": "Fernie", "osm_id": 648385888, "highway": "path", "stroke": "#3b82f6"}, "geometry": {"type": "LineString", "coordinates": [[-115.0972234, 49.4653124], [-115.097022, 49.4653137], [-115.0967913, 49.4652562], [-115.0965258, 49.4651516], [-115.096448, 49.4651324], [-115.0963059, 49.4651429], [-115.0960447, 49.4651549], [-115.0957885, 49.4651929], [-115.0956241, 49.4651911], [-115.095491, 49.4652478], [-115.095419, 49.4653779], [-115.0953376, 49.4655944], [-115.0952194, 49.4656975], [-115.0950428, 49.4657626], [-115.094689, 49.4657483], [-115.0944111, 49.4657985], [-115.0941729, 49.4657306], [-115.0938938, 49.4657955], [-115.0935459, 49.4658266]]}}, {"type": "Feature", "properties": {"name": "Ruby's Way", "difficulty": "intermediate", "area": "Fernie", "osm_id": 872048637, "highway": "path", "stroke": "#3b82f6"}, "geometry": {"type": "LineString", "coordinates": [[-115.0509544, 49.4874626], [-115.0508785, 49.4874438], [-115.0507783, 49.4874583], [-115.0507535, 49.4874272], [-115.0507935, 49.4873765], [-115.0507855, 49.4873112], [-115.0507243, 49.4873101], [-115.0506753, 49.4872716], [-115.0506004, 49.4872704], [-115.0505861, 49.4872169], [-115.0505785, 49.48718], [-115.0505126, 49.4872029], [-115.0504587, 49.4871968], [-115.0504271, 49.4871622], [-115.0504287, 49.487079], [-115.0503644, 49.4870587], [-115.0502496, 49.4870645], [-115.0502045, 49.4870044], [-115.0501096, 49.4869869], [-115.0501035, 49.4869174], [-115.0501971, 49.4868278], [-115.0502179, 49.4867629], [-115.0501646, 49.48674], [-115.0500456, 49.4867464], [-115.049993, 49.486705]]}}, {"type": "Feature", "properties": {"name": "Rumplestumpskin", "difficulty": "intermediate", "area": "Fernie", "osm_id": 648385861, "highway": "path", "stroke": "#3b82f6"}, "geometry": {"type": "LineString", "coordinates": [[-115.1026549, 49.4427503], [-115.1025628, 49.4431519], [-115.1025306, 49.4433368], [-115.1024823, 49.4435809], [-115.1024823, 49.44371], [-115.1025145, 49.4438216], [-115.1025896, 49.443975], [-115.1026111, 49.4441808], [-115.102654, 49.4445889], [-115.1025413, 49.4450947], [-115.1024555, 49.4452237], [-115.1023043, 49.4453061], [-115.1020693, 49.4453841], [-115.1018171, 49.445419], [-115.1016294, 49.4453876], [-115.1014684, 49.4453004], [-115.1014202, 49.4451923], [-115.1014524, 49.4450354], [-115.1015167, 49.4448819], [-115.1015704, 49.4447668], [-115.101565, 49.4446866], [-115.1014845, 49.4446238], [-115.1013451, 49.444568], [-115.1010286, 49.4445017], [-115.1008033, 49.4444947], [-115.1006262, 49.4445436], [-115.100556, 49.4446007], [-115.1004975, 49.4446482], [-115.1003151, 49.4448749], [-115.1001917, 49.4451086], [-115.100063, 49.4454155], [-115.1000308, 49.4455969], [-115.1000093, 49.4458341], [-115.1000361, 49.4460015], [-115.1001005, 49.4460747], [-115.1002775, 49.4462247], [-115.1003097, 49.4462979], [-115.1003044, 49.4463677], [-115.1002427, 49.4464758], [-115.1001059, 49.4467339], [-115.1000413, 49.4467653], [-115.0998699, 49.4467758], [-115.0994461, 49.4466537], [-115.0992369, 49.4465142], [-115.0990062, 49.4461898], [-115.0987862, 49.4459422], [-115.0984322, 49.4455376], [-115.0979963, 49.4451583], [-115.0979266, 49.4451304], [-115.0978569, 49.4451409], [-115.0978139, 49.4451827], [-115.0977818, 49.4453013], [-115.0978354, 49.4455071], [-115.0980661, 49.4458873], [-115.0983343, 49.4465883], [-115.098337, 49.4466249], [-115.0983289, 49.4466476], [-115.0983075, 49.4466633], [-115.0982431, 49.446658], [-115.0981626, 49.4466267], [-115.0977737, 49.446304], [-115.097704, 49.4462901], [-115.0976611, 49.446304], [-115.0976396, 49.4463529], [-115.0978166, 49.4467784], [-115.0979668, 49.4472335], [-115.0980151, 49.4474358], [-115.0979936, 49.4475404], [-115.0976074, 49.4479764], [-115.0973285, 49.4481508], [-115.096969, 49.4483635], [-115.0967116, 49.448517], [-115.0965934, 49.4486047], [-115.0964916, 49.4486739], [-115.0964058, 49.4487506], [-115.0963521, 49.4487855], [-115.0962985, 49.448789], [-115.0962502, 49.4487611], [-115.0962395, 49.4486844], [-115.0962341, 49.448231], [-115.0962609, 49.4481752], [-115.0963146, 49.4480845], [-115.0963682, 49.4478892], [-115.096379, 49.4477601], [-115.0963682, 49.4476869], [-115.096328, 49.4476363], [-115.0962904, 49.4476241], [-115.0962529, 49.4476294], [-115.0962019, 49.4476503], [-115.0961456, 49.4477096], [-115.0960464, 49.4477985], [-115.095982, 49.4478107], [-115.0959283, 49.4478003], [-115.0958184, 49.4477567], [-115.0957701, 49.4476921], [-115.0957486, 49.4476049], [-115.095746, 49.4475178], [-115.0957379, 49.4474393], [-115.0956896, 49.4473608], [-115.0955904, 49.4472579], [-115.0952685, 49.4470487], [-115.0951601, 49.447012], [-115.095062, 49.4469807], [-115.0949949, 49.4469807], [-115.0949172, 49.4470016], [-115.0948608, 49.4470539], [-115.094834, 49.4470957], [-115.0948206, 49.4472422], [-115.0948394, 49.4474375], [-115.0948394, 49.4474933], [-115.0947991, 49.44753], [-115.0947562, 49.44753], [-115.0947026, 49.447516], [-115.0945251, 49.4474432], [-115.0944773, 49.4474236], [-115.0943673, 49.4473922], [-115.0942681, 49.4473695], [-115.0941956, 49.4473678], [-115.094142, 49.44738], [-115.0940749, 49.4474236], [-115.0939784, 49.4475334], [-115.0938711, 49.4476137], [-115.0937531, 49.447666], [-115.0936538, 49.4476852], [-115.0934902, 49.4477026], [-115.0932676, 49.4476869], [-115.0931764, 49.4476817], [-115.0930986, 49.4476974], [-115.0930691, 49.4477235], [-115.0930584, 49.4477758], [-115.0930825, 49.4478177], [-115.0932032, 49.4479206], [-115.09323, 49.447952], [-115.0932327, 49.4479886], [-115.0931898, 49.4480252], [-115.0931013, 49.4480392], [-115.0925836, 49.4480339], [-115.0923905, 49.4480636], [-115.0920606, 49.4482414], [-115.0919372, 49.448353], [-115.0918943, 49.448374], [-115.0918246, 49.4483844], [-115.0917897, 49.4484036], [-115.091779, 49.4484263], [-115.0917817, 49.4484455], [-115.0918755, 49.4484821], [-115.0919131, 49.4485082], [-115.0919184, 49.4485287], [-115.0919158, 49.4485501], [-115.0918956, 49.4485723], [-115.0918675, 49.448585], [-115.0917924, 49.4485937], [-115.091661, 49.4485954], [-115.0915242, 49.4485867], [-115.0912989, 49.4486338], [-115.0911782, 49.4486809], [-115.091152, 49.4486992], [-115.0911406, 49.4487245], [-115.0911393, 49.4487432], [-115.0911486, 49.4487611], [-115.0911681, 49.4487755], [-115.0911916, 49.4487838], [-115.0913847, 49.4488343], [-115.0915698, 49.4489006], [-115.0917548, 49.4489616], [-115.0922296, 49.4493662], [-115.0922805, 49.449408], [-115.0922819, 49.4494255], [-115.0922772, 49.4494446], [-115.0922651, 49.4494586], [-115.0922484, 49.4494691], [-115.0920338, 49.4495458], [-115.0919506, 49.4495876], [-115.0919191, 49.449609], [-115.0919077, 49.4496347], [-115.0919064, 49.4496582], [-115.0919184, 49.44968], [-115.0919506, 49.4497202], [-115.0919667, 49.4497794], [-115.09196, 49.4498004], [-115.0919426, 49.4498178], [-115.0919238, 49.4498256], [-115.0919024, 49.4498283], [-115.091787, 49.4498161], [-115.0916127, 49.4498004], [-115.0915456, 49.4498108], [-115.0914625, 49.44983], [-115.0913793, 49.4498666], [-115.0912291, 49.4499957], [-115.0910648, 49.4502136], [-115.0910005, 49.4502834], [-115.0909146, 49.4503287], [-115.0907644, 49.450381], [-115.0905445, 49.4504612], [-115.0903192, 49.4505345], [-115.0901851, 49.4505903], [-115.0900778, 49.450674], [-115.0898256, 49.451089], [-115.0894019, 49.4518604], [-115.0893321, 49.4519155], [-115.0893482, 49.4520759], [-115.0893911, 49.4522258], [-115.0894716, 49.4523305], [-115.089713, 49.4525885], [-115.0897613, 49.4526792], [-115.0897666, 49.4527524], [-115.0897345, 49.4528292], [-115.0896486, 49.4529268], [-115.0892517, 49.4531814], [-115.0890371, 49.4533488], [-115.0889673, 49.4534394], [-115.0888171, 49.4539067], [-115.088844, 49.4539974], [-115.0888976, 49.4540567], [-115.0889298, 49.4541613], [-115.0889083, 49.4542624], [-115.0888386, 49.4543635], [-115.0888171, 49.4544437], [-115.0888171, 49.4545309], [-115.0888708, 49.4546495], [-115.0890585, 49.4549703], [-115.0891229, 49.4551935], [-115.0891068, 49.4553853], [-115.0890264, 49.4556642], [-115.0889352, 49.4558665], [-115.0888919, 49.4560018], [-115.0888794, 49.4561448], [-115.0888299, 49.4563052], [-115.0887408, 49.456573], [-115.0889124, 49.4571098], [-115.089034, 49.4573345], [-115.0890523, 49.4577116], [-115.0890211, 49.457947], [-115.088909, 49.4581634], [-115.0886708, 49.4585706], [-115.0883017, 49.4591257], [-115.0879327, 49.4596291], [-115.0878004, 49.4597864], [-115.0877403, 49.459917], [-115.0877325, 49.4600761], [-115.087637, 49.4601763], [-115.0875327, 49.4602742], [-115.0873934, 49.4603151], [-115.0873621, 49.4603884], [-115.0872958, 49.4604635], [-115.0871551, 49.460468], [-115.0870206, 49.4604352], [-115.0869444, 49.4604745], [-115.0869104, 49.4606018], [-115.0870093, 49.4607307], [-115.087004, 49.4610096], [-115.0869074, 49.4611665], [-115.0868113, 49.4615751]]}}, {"type": "Feature", "properties": {"name": "Run Abi Run", "difficulty": "intermediate", "area": "Fernie", "osm_id": 980132370, "highway": "path", "stroke": "#3b82f6"}, "geometry": {"type": "LineString", "coordinates": [[-115.0686686, 49.5012181], [-115.0684781, 49.5010861], [-115.0684354, 49.5010232], [-115.0684105, 49.5009037], [-115.0683638, 49.5007913], [-115.0683197, 49.5006954], [-115.0682846, 49.5006147], [-115.0682796, 49.5005277], [-115.0682637, 49.5004524], [-115.0682439, 49.5002592], [-115.0682898, 49.500073], [-115.0684388, 49.4998656], [-115.0685119, 49.4996071], [-115.0685145, 49.4995433], [-115.0685352, 49.4994959], [-115.0687505, 49.4993014], [-115.068803, 49.4992343], [-115.0688302, 49.4991509], [-115.068813, 49.498951], [-115.0692412, 49.4986754], [-115.0694298, 49.498554], [-115.0696637, 49.4984035], [-115.0701733, 49.4982846], [-115.0702773, 49.4983229], [-115.0704548, 49.4983428], [-115.0708501, 49.4983667], [-115.0711031, 49.4983974], [-115.0714481, 49.4984415]]}}, {"type": "Feature", "properties": {"name": "Sherwoody", "difficulty": "intermediate", "area": "Fernie", "osm_id": 357021379, "highway": "path", "stroke": "#3b82f6"}, "geometry": {"type": "LineString", "coordinates": [[-115.1062357, 49.4878481], [-115.1059347, 49.4878036], [-115.1056552, 49.4877288], [-115.1053773, 49.4876168], [-115.104994, 49.487601], [-115.104754, 49.48757], [-115.104567, 49.487527], [-115.1043808, 49.487475], [-115.1042486, 49.4874353], [-115.104156, 49.4873678], [-115.1041335, 49.487269], [-115.104166, 49.487134], [-115.1042825, 49.486902], [-115.1042614, 49.48681], [-115.1040646, 49.4866997], [-115.1040189, 49.4866463], [-115.1040141, 49.4864431], [-115.1039958, 49.4863697], [-115.1038315, 49.4862338], [-115.1036534, 49.4860937], [-115.1036706, 49.4863653], [-115.1036236, 49.4864587], [-115.1034817, 49.4861782], [-115.1034069, 49.4860305], [-115.1031125, 49.485842], [-115.102854, 49.4856965], [-115.1026714, 49.4856432], [-115.1022896, 49.485437], [-115.1021741, 49.4854121], [-115.1017875, 49.4853835], [-115.1015364, 49.4852577], [-115.1014571, 49.4852636], [-115.1013603, 49.4853378], [-115.1012045, 49.4853471], [-115.101077, 49.4852986], [-115.1009933, 49.4851913], [-115.1005341, 49.485127], [-115.1003156, 49.4850721], [-115.1000367, 49.4849221], [-115.0995388, 49.484776], [-115.0994554, 49.4847058], [-115.099431, 49.484576], [-115.0993307, 49.4844213], [-115.0992201, 49.4843985], [-115.098987, 49.484486], [-115.0986515, 49.4845601], [-115.0982916, 49.4845454], [-115.0980636, 49.4844917], [-115.0978824, 49.4844501], [-115.0976616, 49.4844819]]}}, {"type": "Feature", "properties": {"name": "Sidewinder (Fernie)", "difficulty": "intermediate", "area": "Fernie", "osm_id": 453416090, "highway": "path", "stroke": "#3b82f6"}, "geometry": {"type": "LineString", "coordinates": [[-115.04966, 49.5081997], [-115.0494745, 49.5082357], [-115.0494066, 49.508219], [-115.0494296, 49.5081622], [-115.049595, 49.507962], [-115.049692, 49.50785], [-115.0499674, 49.5076233], [-115.0499635, 49.5075069], [-115.0500635, 49.5074333], [-115.050222, 49.5073996], [-115.050305, 49.507329], [-115.0504308, 49.5071902], [-115.0502422, 49.5072177], [-115.050086, 49.507257], [-115.049809, 49.507332], [-115.049511, 49.507391], [-115.049371, 49.50746], [-115.049235, 49.5076], [-115.0490366, 49.5077066], [-115.0487946, 49.5077293], [-115.0485393, 49.5076728], [-115.0483043, 49.5077252], [-115.0482614, 49.5078526], [-115.047951, 49.508033], [-115.0476584, 49.5080904], [-115.0470468, 49.5086072], [-115.0468743, 49.5086925], [-115.0466878, 49.508802], [-115.046471, 49.5088496], [-115.0464119, 49.5087816], [-115.0466202, 49.5086257], [-115.046704, 49.508494], [-115.0468854, 49.5082422], [-115.0468899, 49.5081321], [-115.0468278, 49.5079343], [-115.0467875, 49.5078289], [-115.0467519, 49.5077454], [-115.0466329, 49.5077573], [-115.04647, 49.507877], [-115.046321, 49.508092], [-115.046166, 49.508209], [-115.046091, 49.508236], [-115.0460056, 49.5082642], [-115.045984, 49.508172], [-115.045977, 49.508061], [-115.0459362, 49.5078658], [-115.0458769, 49.5078303], [-115.0457477, 49.5080341], [-115.0455206, 49.5082682], [-115.0453993, 49.5083687], [-115.045374, 49.508221], [-115.045349, 49.508152], [-115.045323, 49.507966], [-115.0453381, 49.5077966], [-115.0452915, 49.507755], [-115.045182, 49.507935], [-115.045077, 49.508095], [-115.0448018, 49.5083701], [-115.0447318, 49.5083172], [-115.044768, 49.508186], [-115.04484, 49.507907], [-115.04482, 49.507778], [-115.0446321, 49.507308], [-115.0446042, 49.5071181], [-115.044423, 49.507297], [-115.043976, 49.5076], [-115.043704, 49.507877], [-115.043569, 49.508083], [-115.0434127, 49.5082705], [-115.0433272, 49.5083006], [-115.043235, 49.508181], [-115.043183, 49.508104], [-115.042953, 49.507895], [-115.042902, 49.507822], [-115.042875, 49.507728], [-115.042903, 49.507665], [-115.043073, 49.507508], [-115.043081, 49.507456], [-115.043027, 49.507419], [-115.042917, 49.50743], [-115.04268, 49.507552], [-115.0424706, 49.5076532], [-115.0422467, 49.5077754], [-115.0422021, 49.5079206], [-115.042159, 49.5081769], [-115.042143, 49.508466], [-115.041841, 49.508763], [-115.0416839, 49.5089359], [-115.0416577, 49.5090438], [-115.0415527, 49.5090646], [-115.0415615, 49.5087958], [-115.041469, 49.508908], [-115.04127, 49.509299], [-115.041022, 49.509583], [-115.040864, 49.509838], [-115.04075, 49.509938], [-115.040627, 49.51001], [-115.040295, 49.510148], [-115.040189, 49.510216], [-115.039784, 49.510565], [-115.039612, 49.510806], [-115.03955, 49.510968], [-115.039553, 49.511082], [-115.039581, 49.511169], [-115.039704, 49.511373], [-115.039719, 49.511667], [-115.0397062, 49.5117568], [-115.0397, 49.5118], [-115.039641, 49.511927], [-115.039565, 49.512022], [-115.039288, 49.512237], [-115.039228, 49.512346], [-115.039158, 49.512421], [-115.038876, 49.512664], [-115.038701, 49.512777], [-115.038509, 49.512844], [-115.038095, 49.512897], [-115.037804, 49.512992], [-115.037505, 49.513176], [-115.037108, 49.513529], [-115.036958, 49.513632], [-115.036539, 49.513864], [-115.036449, 49.513904], [-115.036314, 49.51393], [-115.036044, 49.513933], [-115.035941, 49.513922], [-115.0358487, 49.5139001]]}}, {"type": "Feature", "properties": {"name": "Silk Trail Access", "difficulty": "easy", "area": "Fernie", "osm_id": 648385854, "highway": "path", "stroke": "#22c55e"}, "geometry": {"type": "LineString", "coordinates": [[-115.084602, 49.4582059], [-115.0845727, 49.4581208], [-115.0846071, 49.4579625], [-115.0846605, 49.4577988], [-115.0846931, 49.4576177], [-115.0846872, 49.4574867], [-115.0845627, 49.4573422], [-115.0843167, 49.4571977], [-115.0839966, 49.4570475], [-115.0835613, 49.4568518], [-115.0832188, 49.4566955], [-115.0829844, 49.4566018], [-115.0828341, 49.4565588], [-115.082762, 49.4564924], [-115.08278, 49.4564103], [-115.0828161, 49.4563283], [-115.0829783, 49.4562111], [-115.0831406, 49.4560939], [-115.083351, 49.4559688], [-115.0835133, 49.4558829], [-115.0836515, 49.4558048], [-115.0837837, 49.4557618], [-115.0838558, 49.4557188], [-115.0838558, 49.4556563], [-115.0837416, 49.4555625], [-115.0835253, 49.455457], [-115.083387, 49.4553984], [-115.0833089, 49.4552695], [-115.083363, 49.4550937], [-115.0834652, 49.4549921], [-115.0837251, 49.4548058], [-115.0838531, 49.4547428], [-115.0840141, 49.4547113], [-115.0842565, 49.4546924], [-115.0844698, 49.4546495], [-115.0845706, 49.4545991], [-115.0847645, 49.4545008], [-115.0849272, 49.4543791], [-115.0850314, 49.4542967], [-115.0851446, 49.4542437], [-115.0854119, 49.4541936], [-115.0856315, 49.4541746], [-115.0857442, 49.4541153], [-115.0858944, 49.4540804], [-115.0860526, 49.4540246]]}}, {"type": "Feature", "properties": {"name": "Skeleton Flats", "difficulty": "intermediate", "area": "Fernie", "osm_id": 648585565, "highway": "path"}, "geometry": {"type": "LineString", "coordinates": [[-115.1188133, 49.4620421], [-115.1189509, 49.4619749], [-115.1189857, 49.4619279], [-115.1189831, 49.4618337], [-115.1188677, 49.4615583], [-115.1185846, 49.4609392], [-115.1185506, 49.4608648], [-115.1183992, 49.4605388], [-115.1183709, 49.4603153], [-115.1184679, 49.4600998], [-115.1184685, 49.4597467], [-115.1180485, 49.459395], [-115.11721, 49.4582909], [-115.1167847, 49.4579226], [-115.1162297, 49.4576278], [-115.115339, 49.4570008], [-115.1148849, 49.4568149], [-115.1145708, 49.4566311], [-115.114373, 49.4564703], [-115.1139204, 49.4559708], [-115.1135396, 49.4557252], [-115.1132418, 49.4555434], [-115.1129812, 49.4554933], [-115.1129883, 49.4558224], [-115.1129776, 49.4558956], [-115.1129454, 49.4559863], [-115.1128918, 49.4562408], [-115.1128918, 49.4563594], [-115.1128918, 49.4564501], [-115.1128649, 49.4565372], [-115.1127898, 49.4566209], [-115.112704, 49.4566593], [-115.1125753, 49.4566802], [-115.1124787, 49.4566942], [-115.1123875, 49.4567255], [-115.1123446, 49.4567744], [-115.1123231, 49.4568371], [-115.1123553, 49.4570045], [-115.1123553, 49.4570463], [-115.1123392, 49.457076], [-115.1122936, 49.4571109], [-115.1122454, 49.4571248], [-115.112181, 49.4571318], [-115.1121005, 49.4571492], [-115.1120522, 49.4571684], [-115.1120308, 49.4571928], [-115.1120174, 49.4572277], [-115.1120281, 49.4573183], [-115.1120388, 49.4573532], [-115.1120603, 49.4573846], [-115.1122749, 49.4577176], [-115.1121945, 49.4577886]]}}, {"type": "Feature", "properties": {"name": "Slunt", "difficulty": "advanced", "area": "Fernie", "osm_id": 432986620, "highway": "path", "stroke": "#0a0a0a"}, "geometry": {"type": "LineString", "coordinates": [[-115.1078578, 49.5155594], [-115.107889, 49.515474], [-115.107949, 49.515418], [-115.108112, 49.515335], [-115.1082078, 49.5152634], [-115.1082816, 49.5151908], [-115.108037, 49.515172], [-115.107725, 49.515109], [-115.1075151, 49.5150218], [-115.1075928, 49.514976], [-115.1077853, 49.5148924], [-115.1077476, 49.5148327], [-115.1074646, 49.5146659], [-115.107665, 49.5145731], [-115.107485, 49.514476], [-115.107267, 49.514351], [-115.107215, 49.514275], [-115.107215, 49.514197], [-115.1073825, 49.5140537], [-115.1073285, 49.513996], [-115.1071871, 49.5138737], [-115.1071746, 49.5137917], [-115.1073613, 49.5137141], [-115.107451, 49.5135661], [-115.107598, 49.513381], [-115.107782, 49.513056], [-115.10783, 49.512909], [-115.107889, 49.512527], [-115.107952, 49.512373], [-115.108095, 49.512134], [-115.108265, 49.511994], [-115.108749, 49.511761], [-115.1089134, 49.511694], [-115.109033, 49.5115828], [-115.108879, 49.5115109], [-115.1085952, 49.5114909], [-115.1083364, 49.5113665], [-115.108188, 49.511357], [-115.107741, 49.511319], [-115.107637, 49.511302], [-115.107547, 49.511265], [-115.107434, 49.511176], [-115.107395, 49.51111], [-115.10738, 49.51104], [-115.107396, 49.510898], [-115.107489, 49.510752], [-115.107658, 49.510623], [-115.107888, 49.510511], [-115.108028, 49.510414], [-115.1080668, 49.5103227], [-115.108073, 49.510099], [-115.108102, 49.510033], [-115.108405, 49.509694], [-115.108522, 49.509596], [-115.108656, 49.509519], [-115.109069, 49.509403], [-115.109241, 49.509333], [-115.109345, 49.509251], [-115.109509, 49.509038], [-115.109742, 49.508828], [-115.10964, 49.508678], [-115.109448, 49.508548], [-115.109413, 49.508485], [-115.1094, 49.508382], [-115.109349, 49.508305], [-115.109171, 49.508187], [-115.109022, 49.508062], [-115.10882, 49.507734], [-115.108705, 49.507583], [-115.108654, 49.507484], [-115.10865, 49.507392], [-115.108749, 49.507136], [-115.108743, 49.506952], [-115.108727, 49.506886], [-115.108673, 49.506832], [-115.108499, 49.506766], [-115.108173, 49.50671], [-115.107911, 49.506609], [-115.107565, 49.506515], [-115.107261, 49.506473], [-115.106755, 49.506449], [-115.106349, 49.506399], [-115.106237, 49.506408], [-115.106107, 49.506446], [-115.105885, 49.506583], [-115.105574, 49.506713], [-115.10547, 49.506725], [-115.105416, 49.506691], [-115.105278, 49.506476], [-115.105252, 49.506389], [-115.105185, 49.505851], [-115.105253, 49.505532], [-115.105283, 49.505441], [-115.105416, 49.505238], [-115.105478, 49.504995], [-115.105622, 49.504839], [-115.105674, 49.504742], [-115.105692, 49.50463], [-115.105675, 49.504384], [-115.105722, 49.504305], [-115.105864, 49.504151], [-115.106091, 49.503981], [-115.10619, 49.503832], [-115.106281, 49.50356], [-115.10628, 49.50352], [-115.106216, 49.5034463]]}}, {"type": "Feature", "properties": {"name": "Smooth Salamander", "difficulty": "intermediate", "area": "Fernie", "osm_id": 647721778, "highway": "path", "stroke": "#3b82f6"}, "geometry": {"type": "LineString", "coordinates": [[-115.0418537, 49.4649033], [-115.0419729, 49.4647913], [-115.042005, 49.464725], [-115.0420104, 49.4646553], [-115.0419943, 49.4645995], [-115.0419514, 49.4645577], [-115.0414471, 49.4642299], [-115.0414096, 49.4641776], [-115.0413667, 49.46408], [-115.0413613, 49.4640068], [-115.0413881, 49.4639371], [-115.0415759, 49.4636721], [-115.0416081, 49.4636372], [-115.0416617, 49.4636163], [-115.0417905, 49.4635623], [-115.0418495, 49.4635396], [-115.0419031, 49.4635065], [-115.0419326, 49.4634751], [-115.0420426, 49.4633583], [-115.0420748, 49.4633374], [-115.0421257, 49.46332], [-115.0428794, 49.4633008], [-115.0431772, 49.4632956], [-115.0432281, 49.4632851], [-115.0432898, 49.4632555], [-115.0434829, 49.463116], [-115.0436761, 49.463001], [-115.0437056, 49.4629731], [-115.0437538, 49.4629208], [-115.0443064, 49.4622775], [-115.0443573, 49.4622217], [-115.0444432, 49.4621694], [-115.0445666, 49.4621101], [-115.044706, 49.4620474], [-115.0448696, 49.4619881], [-115.0451298, 49.4618922], [-115.0451781, 49.4618556], [-115.0452076, 49.4618138], [-115.0452264, 49.4617562], [-115.045221, 49.4615854], [-115.0451942, 49.4612454], [-115.0451674, 49.4612123], [-115.0451245, 49.461153], [-115.0451057, 49.4610868], [-115.0451057, 49.4610153], [-115.0451432, 49.4607381], [-115.045162, 49.4606858], [-115.0452452, 49.4606318], [-115.045618, 49.4604975], [-115.0456663, 49.4604749], [-115.0456917, 49.4604583], [-115.0457145, 49.4604313], [-115.0457628, 49.4603267], [-115.0459157, 49.4599222], [-115.0459854, 49.4597061], [-115.0460203, 49.4595492], [-115.0460203, 49.4591551], [-115.0460096, 49.4589302], [-115.0459962, 49.4588762], [-115.045964, 49.4588187], [-115.0458755, 49.4586896], [-115.0457923, 49.4586095], [-115.0457776, 49.4585868], [-115.0457709, 49.4585676], [-115.0457709, 49.4585502], [-115.0457829, 49.4585336], [-115.0458044, 49.4585258], [-115.0458285, 49.4585223], [-115.0462496, 49.4584761], [-115.0462805, 49.4584647], [-115.0463167, 49.4584421], [-115.0463811, 49.4583767], [-115.0464884, 49.458293], [-115.046542, 49.4582643], [-115.0466211, 49.458239], [-115.0468679, 49.4581588], [-115.0472018, 49.4580446], [-115.0472984, 49.4579931], [-115.0473359, 49.4579809], [-115.0473708, 49.4579792], [-115.0474164, 49.457987], [-115.0475827, 49.4580855], [-115.0476122, 49.4580995], [-115.0476363, 49.458103], [-115.0476605, 49.4580982], [-115.0476786, 49.4580873], [-115.0476886, 49.4580742], [-115.047695, 49.4580505], [-115.0476927, 49.4580167], [-115.0476095, 49.4578842], [-115.0474945, 49.4577412], [-115.047469, 49.4577273], [-115.0474261, 49.4577055], [-115.0474033, 49.4576933], [-115.0473886, 49.4576776], [-115.0473846, 49.4576645], [-115.0473872, 49.4576506], [-115.0473966, 49.4576349], [-115.0474141, 49.457627], [-115.0474637, 49.4576131], [-115.0474945, 49.4576113], [-115.0475254, 49.4576139], [-115.047571, 49.4576218], [-115.0476072, 49.45762], [-115.0476487, 49.4576139], [-115.0476769, 49.4575965], [-115.0476863, 49.4575808], [-115.047693, 49.4575555], [-115.047693, 49.4575172], [-115.0476702, 49.4574562], [-115.0475978, 49.4572862], [-115.047579, 49.4572513], [-115.0475723, 49.4572339], [-115.0475723, 49.4572129], [-115.0475871, 49.4571284], [-115.0475871, 49.4570953], [-115.047583, 49.4570717], [-115.0475696, 49.4570586], [-115.0475428, 49.4570491], [-115.0475039, 49.4570456], [-115.0474623, 49.4570517], [-115.0474328, 49.4570674], [-115.0474087, 49.4570953], [-115.0473792, 49.4571467], [-115.0473094, 49.4572347], [-115.0472035, 49.4573463], [-115.0470989, 49.4574326], [-115.0469527, 49.4575207], [-115.0467878, 49.4575669], [-115.0466054, 49.4575948], [-115.0464552, 49.4576279], [-115.0463854, 49.4576549], [-115.0462164, 49.4577151], [-115.0461038, 49.4577473], [-115.0460636, 49.4577499], [-115.046026, 49.4577499], [-115.0456585, 49.4577264], [-115.0455137, 49.4577247], [-115.0454064, 49.4577369], [-115.0452884, 49.4577473], [-115.0451543, 49.4577491], [-115.0445213, 49.4577595], [-115.0443899, 49.4577752], [-115.0441833, 49.4578014], [-115.0438373, 49.4578467], [-115.0435369, 49.4579095], [-115.0433331, 49.4579653], [-115.043199, 49.4580176], [-115.0430702, 49.4580838], [-115.0429307, 49.4581518], [-115.0428865, 49.4581649], [-115.0428355, 49.4581727], [-115.0427443, 49.458178], [-115.0426719, 49.4581849], [-115.0426384, 49.4581945], [-115.0425177, 49.458252], [-115.0423179, 49.4583288], [-115.04222, 49.458341], [-115.0421355, 49.4583383], [-115.0420711, 49.4583331], [-115.0420335, 49.4583227], [-115.0420094, 49.4583061], [-115.0418941, 49.4581875], [-115.0418485, 49.4581701], [-115.0417774, 49.4581623], [-115.0417278, 49.4581544], [-115.041713, 49.4581448], [-115.0417278, 49.4581274], [-115.0417546, 49.4581195], [-115.0418109, 49.4581039], [-115.0418458, 49.4580899], [-115.0418565, 49.4580681], [-115.0418391, 49.4580306], [-115.0418069, 49.4580054], [-115.0417077, 49.4579748], [-115.0416044, 49.4579696], [-115.0415333, 49.4579757], [-115.0414314, 49.457974], [-115.0413952, 49.4579714], [-115.0413536, 49.4579574], [-115.0413214, 49.4579243], [-115.0412852, 49.4578659], [-115.0412678, 49.4578301], [-115.041257, 49.4577761], [-115.0412249, 49.4570395], [-115.0412034, 49.4565513], [-115.0412275, 49.4564606], [-115.0412865, 49.4563037], [-115.0414046, 49.4561363], [-115.0416567, 49.4559568], [-115.0417506, 49.4558992], [-115.0418069, 49.4558504], [-115.0418659, 49.4557528], [-115.0420027, 49.4555871], [-115.0421019, 49.4554965], [-115.0423407, 49.4553587], [-115.0424453, 49.4553012], [-115.0425204, 49.4552803], [-115.0426572, 49.4552541], [-115.0438802, 49.4549525], [-115.0441029, 49.4548758], [-115.0443469, 49.4547642], [-115.0446313, 49.4545863], [-115.0447144, 49.4545026], [-115.0447681, 49.4544137], [-115.0448083, 49.4543021], [-115.0448217, 49.4541313], [-115.0450363, 49.4535384], [-115.0450551, 49.4534704], [-115.0450738, 49.4534077], [-115.0451033, 49.4533728], [-115.0451409, 49.4533257], [-115.0451623, 49.4532577], [-115.0451758, 49.4531897], [-115.0451679, 49.4530522], [-115.045157, 49.4530153], [-115.0451141, 49.4529543], [-115.0450202, 49.4528915], [-115.0449129, 49.4528357], [-115.0447171, 49.4527817], [-115.0445293, 49.4527643], [-115.0443925, 49.4527695], [-115.0443148, 49.4527922], [-115.0441914, 49.4528288], [-115.0441056, 49.4528497], [-115.0437917, 49.4528724], [-115.0434538, 49.4528898], [-115.0432016, 49.4528741], [-115.0428503, 49.4528427], [-115.0420483, 49.4527974], [-115.0415306, 49.4527137], [-115.0414207, 49.4527067], [-115.0412946, 49.452712], [-115.0412195, 49.4527242], [-115.0411203, 49.4527451], [-115.0410425, 49.4527486], [-115.0409781, 49.4527398], [-115.040675, 49.452637], [-115.0406348, 49.4526143], [-115.0406053, 49.4525829], [-115.0405865, 49.4525341], [-115.0405838, 49.4524975], [-115.0406106, 49.4524399], [-115.0406696, 49.4523754], [-115.0408172, 49.4522656], [-115.0408574, 49.4522324], [-115.0409191, 49.4521505], [-115.0412919, 49.4514548], [-115.041308, 49.451392], [-115.041336, 49.4513015], [-115.0413102, 49.4512263], [-115.0411703, 49.4509715], [-115.0411291, 49.4508761], [-115.0410881, 49.4506579], [-115.04108, 49.45063], [-115.0410639, 49.4505969], [-115.0410532, 49.4505672], [-115.0410478, 49.4505324], [-115.0410532, 49.450494], [-115.0410747, 49.4504609], [-115.0411068, 49.4504364], [-115.0411739, 49.4504103], [-115.0412302, 49.4503876], [-115.0412812, 49.450365], [-115.0413295, 49.4503231], [-115.041426, 49.4501976], [-115.0415253, 49.4500546], [-115.0415655, 49.4500214], [-115.0416165, 49.4500005], [-115.0417103, 49.4499901], [-115.0420805, 49.4499465], [-115.0422816, 49.4499011], [-115.0424667, 49.4498349], [-115.0425981, 49.4497581], [-115.042692, 49.4496657], [-115.0427725, 49.4495018], [-115.04281, 49.4493466], [-115.0428342, 49.4493048], [-115.0428664, 49.4492333], [-115.0428798, 49.4491792], [-115.0428691, 49.4491199], [-115.0428422, 49.4490467], [-115.0427403, 49.448895], [-115.0427054, 49.4488339], [-115.0426974, 49.4487729], [-115.0427014, 49.4487524], [-115.0427054, 49.4487376], [-115.0427215, 49.448728], [-115.0427443, 49.4487263], [-115.0427658, 49.4487306], [-115.0429696, 49.4488344], [-115.043026, 49.4488466], [-115.0430877, 49.4488518], [-115.0431426, 49.4488518], [-115.043203, 49.4488405], [-115.043258, 49.4488152], [-115.0433304, 49.4487681], [-115.0436321, 49.4484952], [-115.0436469, 49.4484621], [-115.0436536, 49.448408], [-115.0436536, 49.4483121], [-115.043663, 49.4479076], [-115.0437059, 49.4477314], [-115.0437461, 49.4471037], [-115.0437461, 49.4470374], [-115.0437327, 49.4469746], [-115.0436952, 49.4469206], [-115.0435423, 49.4467148], [-115.04314, 49.446155], [-115.0430622, 49.4460887], [-115.0429871, 49.4460347], [-115.0428878, 49.446005], [-115.0427859, 49.4459946], [-115.0426706, 49.445998], [-115.042625, 49.446012], [-115.0425847, 49.4459998], [-115.0425713, 49.4459632], [-115.0425767, 49.4459265], [-115.0426089, 49.4458917], [-115.0426625, 49.4458655], [-115.0427698, 49.4458237], [-115.0428074, 49.4457923], [-115.0428449, 49.4457417], [-115.0428798, 49.445665], [-115.0429093, 49.4454958], [-115.0428503, 49.4444878], [-115.0428422, 49.4444495], [-115.0427966, 49.4443727], [-115.0426813, 49.4441826], [-115.0426679, 49.4441024], [-115.0426437, 49.4440135], [-115.0426008, 49.4439559], [-115.0425418, 49.4438949], [-115.0424989, 49.4438112], [-115.0424882, 49.4437205], [-115.0424614, 49.4436281], [-115.0424506, 49.4433054], [-115.0424184, 49.4432496], [-115.042405, 49.4431868], [-115.0424184, 49.4431188], [-115.0424479, 49.4430595], [-115.0424372, 49.4429863], [-115.0423675, 49.4427596], [-115.0422763, 49.4426218], [-115.0421975, 49.4425268], [-115.04211, 49.4424212], [-115.0420376, 49.4421893], [-115.0420027, 49.4421247], [-115.0419625, 49.4420672], [-115.0416165, 49.4416661], [-115.0415816, 49.4415579], [-115.041544, 49.4414864], [-115.0414716, 49.4414219], [-115.0413348, 49.4413469], [-115.0411632, 49.4412928], [-115.0410532, 49.4412859], [-115.0409191, 49.4413068], [-115.0408087, 49.4413522], [-115.0404685, 49.4414533], [-115.0400462, 49.4415486], [-115.0398113, 49.4416015], [-115.0394546, 49.4416992], [-115.0393017, 49.4417341], [-115.039122, 49.4417358], [-115.0389369, 49.4417079], [-115.0388082, 49.4416608], [-115.0387411, 49.4415911], [-115.0386955, 49.4415143], [-115.0386794, 49.4414446], [-115.0386982, 49.4413835], [-115.0387358, 49.4413277], [-115.0387519, 49.4412894], [-115.0387545, 49.441251], [-115.0387197, 49.4411934], [-115.0386446, 49.4411498], [-115.0385614, 49.4411237], [-115.0384434, 49.441094], [-115.0382878, 49.4410487], [-115.0381752, 49.4410121], [-115.038135, 49.4409702], [-115.0381189, 49.4409144], [-115.0381296, 49.4408342], [-115.0383017, 49.4406256]]}}, {"type": "Feature", "properties": {"name": "Snakebite", "difficulty": "advanced", "area": "Fernie", "osm_id": 450848419, "highway": "path", "stroke": "#0a0a0a"}, "geometry": {"type": "LineString", "coordinates": [[-115.117077, 49.477396], [-115.117149, 49.477538], [-115.117253, 49.477675], [-115.117278, 49.477751], [-115.117251, 49.477927], [-115.117116, 49.478338], [-115.117036, 49.478488], [-115.117023, 49.478572], [-115.117096, 49.478759], [-115.1171, 49.47883], [-115.117038, 49.479012], [-115.116978, 49.47912], [-115.116897, 49.479203], [-115.116783, 49.479277], [-115.116481, 49.479427], [-115.11624, 49.47964], [-115.116213, 49.479689], [-115.116217, 49.479755], [-115.116272, 49.479904], [-115.116224, 49.480004], [-115.115902, 49.480442], [-115.115845, 49.480623], [-115.115826, 49.480837], [-115.115736, 49.480942], [-115.115432, 49.481179], [-115.1152, 49.481449], [-115.115038, 49.481566], [-115.114947, 49.481669], [-115.114846, 49.481882], [-115.114666, 49.482107], [-115.114541, 49.4822], [-115.114204, 49.482386], [-115.11384, 49.482409], [-115.113737, 49.482471], [-115.113533, 49.482728], [-115.113498, 49.482832], [-115.113593, 49.483036], [-115.11354, 49.483066], [-115.11344, 49.483054], [-115.113188, 49.482976], [-115.112922, 49.482838], [-115.112869, 49.482773], [-115.112715, 49.482472], [-115.112699, 49.482263], [-115.112619, 49.48203], [-115.112593, 49.481844], [-115.1125285, 49.4816647]]}}, {"type": "Feature", "properties": {"name": "Snoop Lion", "difficulty": "intermediate", "area": "Fernie", "osm_id": 647721779, "highway": "path"}, "geometry": {"type": "LineString", "coordinates": [[-115.0505391, 49.4704266], [-115.0505388, 49.4705167], [-115.0504963, 49.4706028], [-115.0503836, 49.4707076], [-115.0502521, 49.4707817], [-115.0501258, 49.4708566], [-115.0498522, 49.470949], [-115.0495035, 49.4711093], [-115.0494205, 49.4711679], [-115.0493131, 49.4712473], [-115.0491704, 49.4713213], [-115.0489609, 49.4713815], [-115.0488236, 49.4714576], [-115.0487203, 49.4715259], [-115.0486747, 49.4715869], [-115.0486559, 49.4716653], [-115.0486076, 49.4717943], [-115.0485513, 49.4718989], [-115.0484977, 49.4719808], [-115.0484816, 49.4720558], [-115.0484333, 49.4721481], [-115.0483528, 49.4722213], [-115.048267, 49.4722579], [-115.0481731, 49.4722876], [-115.0480524, 49.4723102], [-115.0479559, 49.4723033], [-115.0478083, 49.4722789], [-115.0477091, 49.4722771], [-115.0475562, 49.4723015], [-115.0473524, 49.4723643], [-115.0468749, 49.4725368], [-115.0460005, 49.4727808], [-115.0459496, 49.4728017], [-115.0459201, 49.4728349], [-115.045912, 49.4728732], [-115.0459308, 49.4729325], [-115.0459657, 49.47299], [-115.0462392, 49.4733734], [-115.046258, 49.473424], [-115.04625, 49.4734815], [-115.0462178, 49.4735634], [-115.0460408, 49.47379], [-115.0460381, 49.4738196], [-115.0460461, 49.4738361], [-115.0460609, 49.4738545], [-115.0460837, 49.4738588], [-115.0461078, 49.4738588], [-115.0461387, 49.4738475], [-115.0462258, 49.4737987], [-115.0466295, 49.4735355], [-115.0466563, 49.4735242], [-115.0466661, 49.4735266], [-115.0466724, 49.473532], [-115.0466738, 49.4735538], [-115.0466563, 49.4736052], [-115.0463814, 49.473905], [-115.0461638, 49.4741135], [-115.0458661, 49.4743096], [-115.0458326, 49.4743488], [-115.0458138, 49.4744124], [-115.0457829, 49.4745658], [-115.0457615, 49.4746302], [-115.0457293, 49.4747017], [-115.0456542, 49.4747697], [-115.0455576, 49.4748307], [-115.0454718, 49.4748655], [-115.0452894, 49.4749126], [-115.0449783, 49.4750241], [-115.0447288, 49.4751322], [-115.0444767, 49.4752612], [-115.0444123, 49.4753065], [-115.0443949, 49.4753317], [-115.0443976, 49.4753466], [-115.0444043, 49.4753579], [-115.0444271, 49.475364], [-115.0444593, 49.475357], [-115.0450976, 49.4751653], [-115.0451405, 49.4751531], [-115.045166, 49.4751531], [-115.0451794, 49.4751566], [-115.0451888, 49.4751653], [-115.0451902, 49.4751801], [-115.0451768, 49.4751958], [-115.0446028, 49.4754572], [-115.0445679, 49.4754816], [-115.044525, 49.4755339], [-115.0444901, 49.4755775], [-115.0444365, 49.4756385], [-115.0443775, 49.4756855], [-115.0443077, 49.4757012], [-115.0442031, 49.4757239], [-115.0441066, 49.4757465], [-115.0440449, 49.4757779], [-115.0440154, 49.475818], [-115.0440288, 49.4759138], [-115.0440636, 49.4759644], [-115.04412, 49.4759992], [-115.0441522, 49.4760149], [-115.0441978, 49.4760254], [-115.044246, 49.4760271], [-115.0444418, 49.4760001], [-115.044468, 49.4759979], [-115.0444968, 49.4760027], [-115.0445397, 49.4760167], [-115.044584, 49.4760463], [-115.0451982, 49.4764506], [-115.0452498, 49.4764916], [-115.0452686, 49.4765352], [-115.0452633, 49.476584], [-115.0452418, 49.4766519], [-115.0451935, 49.4767199], [-115.0451291, 49.4767826], [-115.0448046, 49.4770005], [-115.0447644, 49.4770458], [-115.0447416, 49.4770885], [-115.0447416, 49.4771077], [-115.0447603, 49.4771399], [-115.0447939, 49.4771626], [-115.0448354, 49.4771721], [-115.0448918, 49.4771756], [-115.0449709, 49.4771687], [-115.0450768, 49.4771599], [-115.0451426, 49.4771599], [-115.0452244, 49.4771643], [-115.0452901, 49.4771817], [-115.0453612, 49.4772148], [-115.0454631, 49.4773107], [-115.0454859, 49.4773743], [-115.0455154, 49.4777115], [-115.0455221, 49.4777481], [-115.0455368, 49.4777708], [-115.045561, 49.4777943], [-115.0455831, 49.4778052], [-115.0456066, 49.4778109], [-115.0456569, 49.4778117], [-115.0457595, 49.4778039], [-115.0459097, 49.4777969], [-115.0459888, 49.4777995], [-115.0460371, 49.47781], [-115.04608, 49.4778326], [-115.0466433, 49.4781611], [-115.0468592, 49.4782025], [-115.046945, 49.4782217], [-115.047055, 49.47826], [-115.0471918, 49.4782966], [-115.0472964, 49.4783106], [-115.0474412, 49.4783263], [-115.0477684, 49.4783664], [-115.0478623, 49.4783698], [-115.0479455, 49.4783664], [-115.0480313, 49.4783524], [-115.0481279, 49.4783298], [-115.0481895, 49.4783263], [-115.0482486, 49.4783332], [-115.0482888, 49.4783507], [-115.0483585, 49.4783908], [-115.04849, 49.478504], [-115.0485382, 49.4785215], [-115.0485946, 49.4785337], [-115.048667, 49.4785354], [-115.0487501, 49.4785249], [-115.0488521, 49.478504], [-115.0491417, 49.4784517], [-115.049249, 49.4784465], [-115.0495414, 49.4784483], [-115.0498123, 49.4784622], [-115.0499464, 49.4784796], [-115.0501073, 49.4785319], [-115.0504292, 49.4786156], [-115.0504909, 49.4786243], [-115.0508423, 49.4786417], [-115.050912, 49.4786539], [-115.0510032, 49.4786731], [-115.0510716, 49.4786896], [-115.0511105, 49.4786918], [-115.0511494, 49.4786888], [-115.051203, 49.4786809], [-115.0512567, 49.4786644], [-115.0515644, 49.4785324], [-115.0516288, 49.478518], [-115.0516697, 49.4785106], [-115.0517234, 49.4785071], [-115.0517716, 49.4785066], [-115.0519138, 49.4785136], [-115.0519835, 49.4785232], [-115.0520399, 49.478538], [-115.0521793, 49.4785825], [-115.0522176, 49.4785916], [-115.0522437, 49.4785955], [-115.0522719, 49.4785947], [-115.0523148, 49.4785877], [-115.0523684, 49.4785711], [-115.0525025, 49.4785206], [-115.052872, 49.4783908], [-115.0529578, 49.4783672], [-115.0530236, 49.4783428], [-115.0530772, 49.4783184], [-115.0531858, 49.4782592], [-115.0533052, 49.4781869], [-115.053446, 49.4781023], [-115.0535117, 49.478071], [-115.0536458, 49.4780274], [-115.0538188, 49.4779437], [-115.0538886, 49.4778984], [-115.0539865, 49.47782], [-115.0541072, 49.477698], [-115.0541876, 49.4776057], [-115.0542641, 49.4774906], [-115.0543285, 49.4773965], [-115.0543767, 49.4773547], [-115.0544733, 49.477305], [-115.0545283, 49.4772876], [-115.054703, 49.4772801]]}}, {"type": "Feature", "properties": {"name": "South Castle", "difficulty": "intermediate", "area": "Fernie", "osm_id": 450848440, "highway": "path", "stroke": "#3b82f6"}, "geometry": {"type": "LineString", "coordinates": [[-115.0591981, 49.4719911], [-115.058916, 49.472006], [-115.058548, 49.471994], [-115.058254, 49.471939], [-115.058054, 49.471954], [-115.057805, 49.472028], [-115.05765, 49.4721], [-115.05706, 49.472453], [-115.056747, 49.472604], [-115.056421, 49.472679], [-115.0562325, 49.4726876], [-115.0561682, 49.472647], [-115.0560919, 49.4725708], [-115.0560832, 49.4724911], [-115.0561313, 49.4723934], [-115.0561588, 49.4722614], [-115.0560729, 49.4721418], [-115.055896, 49.4720688], [-115.0556091, 49.4720042], [-115.0550824, 49.4720129], [-115.0549952, 49.4719691], [-115.0550989, 49.4716992], [-115.055352, 49.471527], [-115.055411, 49.471443], [-115.0554327, 49.4713774], [-115.055533, 49.471074], [-115.055521, 49.470768], [-115.055551, 49.47063], [-115.055715, 49.470371], [-115.055882, 49.470218], [-115.055957, 49.470087], [-115.055953, 49.470017], [-115.055897, 49.469961], [-115.055676, 49.469813], [-115.055314, 49.469611], [-115.054917, 49.469409], [-115.05475, 49.469364], [-115.054622, 49.469364], [-115.054407, 49.469393], [-115.054101, 49.469519], [-115.0539326, 49.4695701], [-115.0537705, 49.4695822], [-115.053626, 49.469536], [-115.0533883, 49.469458], [-115.053127, 49.46943], [-115.0528869, 49.4693999], [-115.0526932, 49.46941], [-115.052464, 49.4694517], [-115.052084, 49.469596], [-115.051908, 49.469636], [-115.0518236, 49.4697037], [-115.0518349, 49.469787], [-115.0517416, 49.4698363], [-115.0515325, 49.4698553], [-115.051336, 49.469939], [-115.050849, 49.470009], [-115.050622, 49.470013], [-115.0505318, 49.470025], [-115.050449, 49.470036], [-115.050294, 49.470024], [-115.050051, 49.469951], [-115.049951, 49.469902], [-115.049817, 49.46976], [-115.049691, 49.469584], [-115.049597, 49.469497], [-115.049517, 49.469453], [-115.049249, 49.469415], [-115.04915, 49.469385], [-115.0491069, 49.4693615], [-115.048932, 49.469266], [-115.048792, 49.469216], [-115.048632, 49.469201], [-115.048475, 49.469224], [-115.048161, 49.469308], [-115.047901, 49.469322], [-115.047128, 49.469319], [-115.046686, 49.46938], [-115.046372, 49.469461], [-115.046143, 49.469456], [-115.045668, 49.469325], [-115.045434, 49.469312], [-115.045149, 49.469325], [-115.044883, 49.469292], [-115.044803, 49.469262], [-115.044718, 49.469204], [-115.044533, 49.469037], [-115.044429, 49.468979], [-115.044256, 49.468927], [-115.044123, 49.468906], [-115.043908, 49.468889], [-115.043755, 49.468909], [-115.043674, 49.468954], [-115.043544, 49.46915], [-115.043508, 49.469251], [-115.043537, 49.46974], [-115.043508, 49.469845], [-115.043427, 49.469995], [-115.043331, 49.470081], [-115.042724, 49.470472], [-115.042608, 49.470536], [-115.042236, 49.470683], [-115.041944, 49.470874], [-115.041789, 49.470998], [-115.041484, 49.471327], [-115.041133, 49.471611], [-115.040943, 49.471837], [-115.040769, 49.471997], [-115.040407, 49.472267], [-115.039663, 49.472664], [-115.039103, 49.473202], [-115.038591, 49.473566], [-115.038336, 49.473788], [-115.038107, 49.473942], [-115.037872, 49.474129], [-115.037639, 49.474337], [-115.037529, 49.474403], [-115.037341, 49.474449], [-115.037112, 49.474439], [-115.03695, 49.474398], [-115.036867, 49.474352], [-115.036763, 49.474247], [-115.036583, 49.473818], [-115.036549, 49.473553], [-115.036419, 49.473018], [-115.036364, 49.472881], [-115.036287, 49.472788], [-115.036144, 49.472705], [-115.036011, 49.472662], [-115.035814, 49.472667], [-115.035507, 49.472765], [-115.0357207, 49.4727498], [-115.0358797, 49.4727638], [-115.0359442, 49.4727917], [-115.0360032, 49.4728259], [-115.0360151, 49.4729006], [-115.035932, 49.473055], [-115.035691, 49.473363], [-115.035479, 49.473702], [-115.03525, 49.473983], [-115.035103, 49.474252], [-115.034909, 49.474506], [-115.034717, 49.474923], [-115.034492, 49.475243], [-115.034259, 49.47542], [-115.034163, 49.475575], [-115.033886, 49.475855], [-115.033454, 49.47622], [-115.0330832, 49.4766334], [-115.033054, 49.476666], [-115.03285, 49.476846], [-115.032478, 49.477106], [-115.032079, 49.477308], [-115.031912, 49.477412], [-115.031336, 49.477849], [-115.030891, 49.478246], [-115.0307829, 49.4783395], [-115.030739, 49.4783879]]}}, {"type": "Feature", "properties": {"name": "South Castle Connector", "difficulty": "intermediate", "area": "Fernie", "osm_id": 1388108524, "highway": "path", "stroke": "#3b82f6"}, "geometry": {"type": "LineString", "coordinates": [[-115.051336, 49.469939], [-115.0511728, 49.4700751], [-115.051097, 49.4700963], [-115.0509885, 49.4700657], [-115.0509271, 49.4700892], [-115.0508837, 49.4701573], [-115.0508621, 49.4702818], [-115.0507464, 49.4703616], [-115.0505681, 49.4703511], [-115.0503923, 49.4702912], [-115.0501827, 49.4702325], [-115.050049, 49.4701033], [-115.049951, 49.469902]]}}, {"type": "Feature", "properties": {"name": "Southern Comfort", "difficulty": "intermediate", "area": "Fernie", "osm_id": 453791848, "highway": "path", "stroke": "#3b82f6"}, "geometry": {"type": "LineString", "coordinates": [[-115.035507, 49.472765], [-115.035117, 49.472929], [-115.034934, 49.472988], [-115.034775, 49.473009], [-115.034615, 49.472997], [-115.034536, 49.472968], [-115.03447, 49.47289], [-115.034464, 49.472775], [-115.034432, 49.4727], [-115.034208, 49.472463], [-115.034066, 49.472179], [-115.033946, 49.47206], [-115.033891, 49.47198], [-115.033867, 49.471902], [-115.033859, 49.471552], [-115.033905, 49.471287], [-115.03376, 49.471153], [-115.033661, 49.471124], [-115.033365, 49.470935], [-115.033339, 49.470884], [-115.0332526, 49.470748], [-115.0332447, 49.4706864], [-115.0333158, 49.4705836], [-115.033433, 49.470465], [-115.033452, 49.470404], [-115.033576, 49.470287], [-115.033665, 49.470258], [-115.033813, 49.47026], [-115.033945, 49.470284], [-115.034271, 49.470396], [-115.03445, 49.470437], [-115.03462, 49.470423], [-115.034772, 49.470337], [-115.034842, 49.470204], [-115.034847, 49.470114], [-115.034798, 49.469976], [-115.034735, 49.469897], [-115.034068, 49.46924], [-115.033956, 49.469149], [-115.033786, 49.469046], [-115.033667, 49.469005], [-115.033573, 49.468998], [-115.03353, 49.469015], [-115.033494, 49.469074], [-115.03346, 49.469255], [-115.033382, 49.469365], [-115.033293, 49.469433], [-115.03298, 49.469576], [-115.032823, 49.469624], [-115.032604, 49.469653], [-115.032506, 49.469718], [-115.032425, 49.469802], [-115.03234, 49.469858], [-115.032202, 49.469915], [-115.032084, 49.469997], [-115.032007, 49.470102], [-115.031919, 49.47018], [-115.031703, 49.470319], [-115.031579, 49.470426], [-115.031337, 49.470755], [-115.031123, 49.470981], [-115.03109, 49.471067], [-115.031086, 49.471291], [-115.031027, 49.471444], [-115.030855, 49.471637], [-115.030555, 49.471877], [-115.030429, 49.471922], [-115.030343, 49.471901], [-115.030175, 49.471723], [-115.030098, 49.4717], [-115.029863, 49.471711], [-115.029752, 49.471739], [-115.029527, 49.471864], [-115.028919, 49.472137], [-115.02872, 49.472246], [-115.028488, 49.472422], [-115.028385, 49.472567], [-115.028362, 49.472644], [-115.028382, 49.472749], [-115.028471, 49.473], [-115.028535, 49.473272], [-115.028533, 49.473836], [-115.028513, 49.473932], [-115.028459, 49.474012], [-115.028407, 49.474051], [-115.028188, 49.474151], [-115.028146, 49.47422], [-115.028128, 49.47439], [-115.028062, 49.474589], [-115.028064, 49.474759], [-115.028209, 49.475172], [-115.028232, 49.475474], [-115.028169, 49.4758], [-115.028095, 49.476053], [-115.027977, 49.476333], [-115.027954, 49.476681], [-115.027974, 49.476966], [-115.027921, 49.477238], [-115.027701, 49.477573], [-115.027257, 49.478033], [-115.027212, 49.478153], [-115.02723, 49.4785261], [-115.0272999, 49.478686], [-115.0273339, 49.4789076], [-115.0273946, 49.4789662], [-115.027407, 49.479037]]}}, {"type": "Feature", "properties": {"name": "Space Unicorn Up", "difficulty": "intermediate", "area": "Fernie", "osm_id": 954090282, "highway": "path", "stroke": "#3b82f6"}, "geometry": {"type": "LineString", "coordinates": [[-115.0453894, 49.4997882], [-115.0457296, 49.4998425], [-115.0461916, 49.4998153], [-115.0465862, 49.4997904], [-115.0467953, 49.4998359], [-115.0469383, 49.4998861], [-115.0470816, 49.4999699], [-115.0467188, 49.4999411], [-115.0464194, 49.4999181], [-115.0461051, 49.5000212], [-115.0459968, 49.5000578], [-115.0458791, 49.500065], [-115.0459402, 49.5001166], [-115.0462549, 49.500026], [-115.0464387, 49.4999903], [-115.0464737, 49.500054], [-115.0462633, 49.5001786], [-115.0459591, 49.5002172], [-115.0457979, 49.5002768], [-115.0455549, 49.5002669], [-115.0453191, 49.5002669], [-115.045161, 49.5002977], [-115.0452186, 49.5003218], [-115.0452963, 49.5003047], [-115.0453836, 49.5003019], [-115.0452847, 49.5003519], [-115.0451781, 49.5003923], [-115.045412, 49.5005502]]}}, {"type": "Feature", "properties": {"name": "Sparling Trail", "difficulty": "intermediate", "area": "Fernie", "osm_id": [1377034857, 1377034858], "highway": "path"}, "geometry": {"type": "MultiLineString", "coordinates": [[[-115.0626982, 49.5195467], [-115.0629744, 49.5194381], [-115.0633425, 49.5192926], [-115.0637059, 49.5191547], [-115.0640244, 49.5190444], [-115.0641707, 49.5190107], [-115.0642863, 49.5190138], [-115.0643547, 49.5190536], [-115.0644043, 49.5191057], [-115.0644397, 49.5191762], [-115.0645081, 49.5192221], [-115.0646213, 49.5192558], [-115.064744, 49.5192727], [-115.0648428, 49.519306], [-115.0649597, 49.5193549]], [[-115.0626982, 49.5195467], [-115.0625435, 49.5195717], [-115.06237, 49.519635], [-115.0618841, 49.5198613], [-115.0617437, 49.5198824], [-115.0616837, 49.5198771], [-115.0615948, 49.519852], [-115.0614781, 49.5197841], [-115.0613977, 49.5197776]]]}}, {"type": "Feature", "properties": {"name": "Spineback Trail", "difficulty": "intermediate", "area": "Fernie / Island Lake", "osm_id": [648385831, 1358446645], "highway": "path", "stroke": "#3b82f6"}, "geometry": {"type": "MultiLineString", "coordinates": [[[-115.1820234, 49.5075459], [-115.1821347, 49.5075424], [-115.1821964, 49.5075284], [-115.1822903, 49.5074936], [-115.1825075, 49.5073473], [-115.1827114, 49.5071714], [-115.1830064, 49.5069554], [-115.183044, 49.5069345], [-115.1831057, 49.5069171], [-115.1832559, 49.5068544], [-115.1833095, 49.5068231], [-115.1833444, 49.5067847], [-115.1833632, 49.5067464], [-115.1833685, 49.5067168], [-115.1833632, 49.5066837], [-115.1833498, 49.5066506], [-115.1830708, 49.5063981], [-115.1830413, 49.506365], [-115.1830359, 49.506345], [-115.1830373, 49.5063284], [-115.1830467, 49.5063171], [-115.1832974, 49.5062004], [-115.1833202, 49.5061947], [-115.1833585, 49.5061899], [-115.1834074, 49.5061908], [-115.1834544, 49.5061969], [-115.1835093, 49.5062135], [-115.1835603, 49.5062361], [-115.1836381, 49.5062805], [-115.1836763, 49.5062997], [-115.1837098, 49.5063092], [-115.183738, 49.5063127], [-115.1837635, 49.5063119], [-115.1837903, 49.5063101], [-115.1838225, 49.5063049], [-115.1839727, 49.506264], [-115.1840223, 49.5062561], [-115.1841149, 49.5062448], [-115.184206, 49.5062413], [-115.1842664, 49.5062387], [-115.1843187, 49.5062431], [-115.1843871, 49.5062492], [-115.1844635, 49.5062622], [-115.1845386, 49.5062788], [-115.1845735, 49.5062831], [-115.1845976, 49.506284], [-115.1846312, 49.5062779], [-115.1846634, 49.5062674], [-115.1847009, 49.50625], [-115.185, 49.5060384], [-115.1850188, 49.5060288], [-115.1850442, 49.5060236], [-115.185067, 49.506021], [-115.1851247, 49.5060158], [-115.1857631, 49.5060097], [-115.185806, 49.5060053], [-115.1858502, 49.5059966], [-115.1858757, 49.505987], [-115.1859119, 49.505967], [-115.1859468, 49.5059417], [-115.1859696, 49.5059156], [-115.1859817, 49.5058851], [-115.1859803, 49.5057972], [-115.18592, 49.5055681], [-115.1857711, 49.5051823], [-115.1856209, 49.5048418], [-115.1856169, 49.5048174], [-115.1856169, 49.504793], [-115.1856276, 49.5047661], [-115.1856397, 49.5047512], [-115.1856544, 49.5047443], [-115.1856772, 49.5047417], [-115.1857121, 49.5047417], [-115.1857671, 49.504746], [-115.1857966, 49.5047443], [-115.1859213, 49.5047303], [-115.1859736, 49.5047199], [-115.1859964, 49.5047042], [-115.1860125, 49.5046833], [-115.1860165, 49.5046598], [-115.1860152, 49.5046406], [-115.1860045, 49.5046215], [-115.1859696, 49.5045997], [-115.185932, 49.5045884], [-115.1859066, 49.5045797], [-115.1858958, 49.5045657], [-115.1858945, 49.5045483], [-115.1859133, 49.5045327], [-115.1859629, 49.5045205], [-115.1861694, 49.504483], [-115.1866911, 49.504409], [-115.1867139, 49.5044029], [-115.1867421, 49.5043898], [-115.1867595, 49.5043741], [-115.1867716, 49.5043498], [-115.1867783, 49.5043149], [-115.1867917, 49.503957], [-115.1868574, 49.5036208], [-115.1868574, 49.5035546], [-115.186848, 49.5035024], [-115.1868346, 49.5034658], [-115.1868091, 49.5034353], [-115.1867595, 49.5034066], [-115.1866911, 49.5033857], [-115.1866133, 49.5033717], [-115.1865436, 49.5033595], [-115.1865074, 49.5033508], [-115.1864685, 49.5033334], [-115.1862861, 49.5032106], [-115.1862727, 49.5031958], [-115.186266, 49.5031662], [-115.1862633, 49.5031331], [-115.1862713, 49.5031096], [-115.1862848, 49.5030765], [-115.1862915, 49.5030434], [-115.1862888, 49.5029424], [-115.1862861, 49.502918], [-115.1862781, 49.5029032], [-115.1862606, 49.5028858], [-115.1861694, 49.5028065], [-115.186156, 49.50279], [-115.1861533, 49.5027725], [-115.1861493, 49.502506], [-115.1861587, 49.5024634], [-115.1861708, 49.5024372], [-115.1862123, 49.5024033], [-115.1862995, 49.5023632], [-115.1863639, 49.5023449], [-115.1864081, 49.5023327], [-115.1864242, 49.5023144], [-115.1864242, 49.5022909], [-115.1864202, 49.5022709], [-115.1864028, 49.5022291], [-115.1863813, 49.5021995], [-115.1863545, 49.5021864], [-115.1863277, 49.5021681], [-115.1863183, 49.5021402], [-115.186321, 49.5021193], [-115.1863357, 49.5021002], [-115.1863692, 49.5020819], [-115.1865141, 49.5020314], [-115.1865382, 49.5020166], [-115.186553, 49.5020026], [-115.1865583, 49.5019861], [-115.1865597, 49.5019669], [-115.1865624, 49.5019364], [-115.1865409, 49.501892], [-115.1865248, 49.5018563], [-115.1865168, 49.5018223], [-115.1865168, 49.5017927], [-115.1865221, 49.5017683], [-115.1865436, 49.5017474], [-115.1865919, 49.5017187], [-115.187013, 49.5014548], [-115.1876098, 49.5010594], [-115.1878257, 49.5009505], [-115.1880067, 49.5008878], [-115.1880362, 49.5008678], [-115.1880631, 49.5008512], [-115.1881006, 49.500839], [-115.1881435, 49.5008312], [-115.1881905, 49.5008216], [-115.1882159, 49.500819], [-115.1882347, 49.5008129], [-115.1882548, 49.5008051], [-115.1882669, 49.5007937], [-115.1882843, 49.5007798], [-115.1884185, 49.5006196], [-115.1884439, 49.500596], [-115.1884708, 49.500583], [-115.1888302, 49.5004758], [-115.1888811, 49.5004384], [-115.1889026, 49.5004157], [-115.1889106, 49.500387], [-115.1889039, 49.5003565], [-115.1888811, 49.5003278], [-115.1888208, 49.5002929], [-115.188515, 49.5001153], [-115.1885043, 49.5000987], [-115.1885016, 49.5000822], [-115.188507, 49.5000578], [-115.1885646, 49.4999829], [-115.188578, 49.4999541], [-115.188578, 49.4999385], [-115.1885673, 49.4999236], [-115.1885405, 49.4999115], [-115.1884734, 49.4998801], [-115.1884547, 49.4998575], [-115.1884547, 49.4998374], [-115.188456, 49.4998069], [-115.1884667, 49.4997791], [-115.1884976, 49.4997486], [-115.1885982, 49.4997007], [-115.1887551, 49.4996563], [-115.1889629, 49.4996249], [-115.1891145, 49.4996118], [-115.1891333, 49.4996014], [-115.1891413, 49.4995796], [-115.1891292, 49.4995587], [-115.1890984, 49.49953], [-115.1887926, 49.499415], [-115.1886464, 49.4993993], [-115.1886196, 49.4993941], [-115.1886116, 49.499381], [-115.188621, 49.4993662], [-115.1886505, 49.4993532], [-115.1889173, 49.4992573], [-115.1890568, 49.4991911], [-115.1891158, 49.4991493], [-115.1891547, 49.4991014], [-115.1891722, 49.4990588], [-115.1891815, 49.499037], [-115.1892043, 49.4990265], [-115.1892513, 49.4990222], [-115.1895208, 49.4990039], [-115.189545, 49.4989934], [-115.1895651, 49.4989699], [-115.1897636, 49.4988192], [-115.1897743, 49.498794], [-115.1897716, 49.4987644], [-115.1897596, 49.4987382], [-115.1896308, 49.4986128], [-115.1896174, 49.4985884], [-115.189612, 49.4985553], [-115.1896214, 49.4985396], [-115.1896429, 49.4985266], [-115.1896845, 49.4985196], [-115.1897596, 49.4985161], [-115.1898588, 49.4985153], [-115.1898803, 49.49851], [-115.189895, 49.4984978], [-115.1899031, 49.4984752], [-115.1899031, 49.4984482], [-115.189887, 49.4984151], [-115.1898816, 49.498389], [-115.1898829, 49.4983585], [-115.189899, 49.498328], [-115.1899312, 49.4982949], [-115.1900278, 49.4982444], [-115.1900653, 49.4982357], [-115.1900908, 49.4982313], [-115.1901163, 49.4982235], [-115.1901498, 49.4982069], [-115.1901874, 49.498186], [-115.1902906, 49.4981442], [-115.1903175, 49.4981364], [-115.1903429, 49.4981346], [-115.1903778, 49.498139], [-115.1904167, 49.4981494], [-115.1905642, 49.4982156], [-115.1906205, 49.4982243], [-115.1906675, 49.4982287], [-115.1906957, 49.4982209], [-115.1907131, 49.4982087], [-115.1907225, 49.4981912], [-115.1907225, 49.4981686], [-115.1907037, 49.4981329], [-115.1906916, 49.4980972], [-115.1906916, 49.498024], [-115.190701, 49.4977618], [-115.190697, 49.4977392], [-115.1906822, 49.4977226], [-115.190638, 49.4976991], [-115.1905763, 49.4976651], [-115.1905589, 49.4976495], [-115.1905441, 49.4976233], [-115.1905468, 49.4975876], [-115.1905468, 49.4975284], [-115.1905387, 49.4975153], [-115.1905173, 49.4974997], [-115.1904261, 49.49747], [-115.1903832, 49.4974544], [-115.190355, 49.4974396], [-115.1903496, 49.4974265], [-115.1903523, 49.4974073], [-115.1903617, 49.4973908], [-115.1903832, 49.4973742], [-115.1904288, 49.4973446], [-115.1904489, 49.4973246], [-115.1904556, 49.4973089], [-115.1904502, 49.4972889], [-115.1904247, 49.4972671], [-115.1903738, 49.4972453], [-115.190355, 49.4972279], [-115.1903456, 49.497214], [-115.1903443, 49.4971983], [-115.1903564, 49.49718], [-115.1903845, 49.4971573], [-115.1907533, 49.4969448], [-115.1907909, 49.4969291], [-115.1908284, 49.4969291], [-115.1908727, 49.4969265], [-115.1908928, 49.4969204], [-115.1909008, 49.496903], [-115.1908968, 49.4968891], [-115.1908807, 49.496869], [-115.1908029, 49.4967976], [-115.1907909, 49.4967741], [-115.1907962, 49.4967436], [-115.190811, 49.4967114], [-115.1908432, 49.4966931], [-115.1909129, 49.496646], [-115.1909518, 49.4966356], [-115.1909853, 49.4966356], [-115.1910162, 49.4966321], [-115.191047, 49.496619], [-115.1910537, 49.4965973], [-115.1910551, 49.4965642], [-115.1910443, 49.4965346], [-115.1910309, 49.496464], [-115.1910323, 49.4964335], [-115.191039, 49.4964109], [-115.1910564, 49.4963961], [-115.1910698, 49.4963926], [-115.1911154, 49.4963882], [-115.1912361, 49.4963873], [-115.1913823, 49.4964161], [-115.1914172, 49.4964222], [-115.1914373, 49.4964161], [-115.191448, 49.4964013], [-115.1914494, 49.4963821], [-115.1914319, 49.4963525], [-115.1914078, 49.4963142], [-115.191271, 49.4961217], [-115.1912643, 49.4960921], [-115.1912804, 49.4960241], [-115.1912683, 49.4956905], [-115.1912737, 49.495667], [-115.1912884, 49.4956452], [-115.1913193, 49.4956348], [-115.1913836, 49.4956252], [-115.1914748, 49.4956043], [-115.1915419, 49.4955703], [-115.1915955, 49.495532], [-115.191613, 49.4954945], [-115.191617, 49.4954318], [-115.1916116, 49.4954092], [-115.1916036, 49.4953839], [-115.1915915, 49.4953604], [-115.1915915, 49.4953395], [-115.1916089, 49.4953125], [-115.1916277, 49.4952933], [-115.1917149, 49.4952297], [-115.1917524, 49.4951792], [-115.1917726, 49.4951269], [-115.1917819, 49.4950886], [-115.1917779, 49.4950572], [-115.1917672, 49.4950311], [-115.1917471, 49.4950128], [-115.1917001, 49.4949928], [-115.1915607, 49.4949423], [-115.1915379, 49.4949266], [-115.1915312, 49.494917], [-115.1915271, 49.4949031], [-115.1915314, 49.4948693], [-115.1915365, 49.4948282], [-115.1915325, 49.4948133], [-115.1915164, 49.4947968], [-115.1911664, 49.4946566], [-115.1911033, 49.4946287], [-115.1910671, 49.4945999], [-115.191047, 49.4945651], [-115.1910417, 49.4945041], [-115.1909987, 49.4943525], [-115.1908955, 49.4941322], [-115.1907976, 49.4940285], [-115.1906098, 49.4938525], [-115.1905119, 49.4937959], [-115.1903872, 49.4937524], [-115.1903134, 49.4937297], [-115.1902826, 49.4936984], [-115.1902357, 49.4936435], [-115.1902048, 49.49362], [-115.1901404, 49.4935886], [-115.1898494, 49.4933883], [-115.1898213, 49.493329], [-115.1898052, 49.4932846], [-115.1897636, 49.4932498], [-115.1896013, 49.4931182], [-115.1895933, 49.4931008], [-115.1895973, 49.4930895], [-115.1896147, 49.4930834], [-115.1896362, 49.4930834], [-115.1896818, 49.4930895], [-115.1898105, 49.4931243], [-115.1898668, 49.4931356], [-115.1899205, 49.49314], [-115.1899969, 49.4931391], [-115.1900533, 49.4931261], [-115.1900854, 49.4931104], [-115.1900895, 49.4930947], [-115.1900895, 49.4930747], [-115.1900774, 49.4930546], [-115.1900546, 49.4930346], [-115.1900278, 49.4930119], [-115.1900278, 49.4929893], [-115.1900358, 49.4929597], [-115.19006, 49.492944], [-115.1900895, 49.4929353], [-115.1901297, 49.4929196], [-115.1902075, 49.4929022], [-115.1903121, 49.4928752], [-115.1903617, 49.4928525], [-115.1903912, 49.4928238], [-115.1904073, 49.4927924], [-115.1904113, 49.4927576], [-115.1903952, 49.4927306], [-115.1903684, 49.4927027], [-115.1903134, 49.4926679], [-115.1900962, 49.4925764], [-115.1900734, 49.4925459], [-115.1900761, 49.4925172], [-115.1900922, 49.4924954], [-115.1901297, 49.4924875], [-115.1905441, 49.4924623], [-115.1906098, 49.4924501], [-115.190634, 49.4924396], [-115.1906407, 49.4924239], [-115.1906366, 49.4924056], [-115.1906273, 49.4923786], [-115.1906058, 49.4923499], [-115.1905709, 49.4923299], [-115.1905414, 49.4923194], [-115.1905159, 49.4923107], [-115.1905052, 49.4923002], [-115.1905039, 49.4922759], [-115.1905213, 49.4922671], [-115.1905495, 49.4922558], [-115.1905924, 49.4922201], [-115.1906138, 49.4921861], [-115.1906192, 49.4921548], [-115.1906071, 49.4921286], [-115.1905736, 49.4920903], [-115.1904878, 49.4920337], [-115.1904717, 49.4920067], [-115.1904811, 49.4919788], [-115.1904824, 49.4919457], [-115.1904811, 49.4919143], [-115.1904489, 49.491775], [-115.1904382, 49.491734], [-115.1904207, 49.4917061], [-115.1904113, 49.4916896], [-115.19041, 49.4916687], [-115.1904207, 49.4916521]], [[-115.1820234, 49.5075459], [-115.181721, 49.5075293], [-115.1815822, 49.507519], [-115.181393, 49.5075595], [-115.1812335, 49.5075842], [-115.1811933, 49.5075955], [-115.181165, 49.507614]]]}}, {"type": "Feature", "properties": {"name": "Split Decision", "difficulty": "intermediate", "area": "Fernie", "osm_id": 453842892, "highway": "path", "stroke": "#3b82f6"}, "geometry": {"type": "LineString", "coordinates": [[-115.039414, 49.50432], [-115.039082, 49.504179], [-115.038953, 49.504103], [-115.038524, 49.503786], [-115.038358, 49.503649], [-115.0380239, 49.503283], [-115.03797, 49.503224], [-115.0380133, 49.5029528], [-115.0382858, 49.5027561], [-115.0386567, 49.50253], [-115.0394969, 49.5024317], [-115.0398905, 49.5023531], [-115.0399278, 49.5023102], [-115.0400873, 49.5021269], [-115.0402766, 49.5018173], [-115.040322, 49.501483], [-115.040577, 49.501328]]}}, {"type": "Feature", "properties": {"name": "Split Pants", "difficulty": "advanced", "area": "Fernie", "osm_id": 1391162711, "highway": "path", "stroke": "#0a0a0a"}, "geometry": {"type": "LineString", "coordinates": [[-115.0760852, 49.5231201], [-115.0760642, 49.5231917], [-115.075846, 49.5232706], [-115.0755885, 49.5234401], [-115.0755635, 49.5236374], [-115.0754526, 49.5238231], [-115.0753346, 49.5239044], [-115.0751021, 49.5238672], [-115.0749913, 49.5239021], [-115.0747266, 49.5239299], [-115.0745264, 49.523981], [-115.0744548, 49.5240622], [-115.0743011, 49.5240878], [-115.0740507, 49.5242085], [-115.0739935, 49.5243176], [-115.0738683, 49.5243338], [-115.073643, 49.5243013], [-115.0733927, 49.5243153], [-115.0731888, 49.5243733], [-115.0728598, 49.5243898], [-115.0727776, 49.5244731], [-115.0728026, 49.524566], [-115.0728133, 49.5246171], [-115.0727239, 49.5246635], [-115.0726774, 49.5247772], [-115.0725666, 49.524819], [-115.0723949, 49.5248446], [-115.0721911, 49.5248422], [-115.0720265, 49.5248794], [-115.0718656, 49.5249653], [-115.0719622, 49.5250419], [-115.0719014, 49.5250999], [-115.0719514, 49.5251649], [-115.07193, 49.5252044], [-115.0719622, 49.5252671], [-115.0720516, 49.5253692], [-115.0720337, 49.5254272], [-115.0718012, 49.5255712], [-115.0717941, 49.5256246], [-115.0716403, 49.5256733], [-115.071533, 49.5257081], [-115.0714508, 49.5257081], [-115.0712934, 49.5257151], [-115.0711217, 49.5258335], [-115.0708896, 49.5259]]}}, {"type": "Feature", "properties": {"name": "Splitting Bears", "difficulty": "intermediate", "area": "Fernie", "osm_id": 453567258, "highway": "path"}, "geometry": {"type": "LineString", "coordinates": [[-115.0309871, 49.50988], [-115.030988, 49.509808], [-115.0310051, 49.509729], [-115.031122, 49.509438], [-115.031301, 49.509258], [-115.031411, 49.509105], [-115.031484, 49.508951], [-115.031562, 49.508671], [-115.031729, 49.508332], [-115.032043, 49.507918], [-115.032174, 49.50782], [-115.03239, 49.507727], [-115.032595, 49.507608], [-115.032912, 49.507318], [-115.03324, 49.507113], [-115.033333, 49.506977], [-115.033379, 49.506722], [-115.033392, 49.506445], [-115.033272, 49.506135], [-115.033152, 49.505934], [-115.033072, 49.50569], [-115.032739, 49.505022], [-115.032663, 49.50463], [-115.0326, 49.504413], [-115.032644, 49.504278], [-115.03284, 49.504091], [-115.032938, 49.50405], [-115.033021, 49.50406], [-115.033059, 49.504091], [-115.033079, 49.504157], [-115.033063, 49.504302], [-115.033079, 49.50438], [-115.033136, 49.504478], [-115.033347, 49.50467], [-115.033434, 49.50472], [-115.033494, 49.504731], [-115.033597, 49.504718], [-115.033965, 49.50458], [-115.034068, 49.504504], [-115.034108, 49.504324], [-115.034145, 49.50427], [-115.034201, 49.504236], [-115.034781, 49.504018], [-115.034874, 49.503954], [-115.035079, 49.503745], [-115.035201, 49.503665], [-115.035871, 49.503399], [-115.036318, 49.503246], [-115.036572, 49.503115], [-115.036974, 49.50295], [-115.037086, 49.502888], [-115.037226, 49.50277], [-115.037377, 49.50249], [-115.037719, 49.50217], [-115.03792, 49.502061], [-115.038266, 49.501953], [-115.038505, 49.501839], [-115.038699, 49.501783], [-115.038769, 49.501739], [-115.038791, 49.501673], [-115.03876, 49.501475], [-115.038817, 49.50141], [-115.039165, 49.501318], [-115.039441, 49.501202], [-115.039796, 49.501015], [-115.039898, 49.500922], [-115.039967, 49.500814], [-115.039985, 49.500695], [-115.039935, 49.500549], [-115.039936, 49.500435], [-115.0399887, 49.5003191]]}}, {"type": "Feature", "properties": {"name": "Splitting Bears Upper", "difficulty": "intermediate", "area": "Fernie", "osm_id": 647647973, "highway": "path"}, "geometry": {"type": "LineString", "coordinates": [[-115.0309871, 49.50988], [-115.0305828, 49.509809], [-115.0303468, 49.509809], [-115.0300249, 49.5098543], [-115.0297835, 49.5098891], [-115.0294295, 49.5099344], [-115.0292793, 49.5099693], [-115.029172, 49.5100041], [-115.0290379, 49.5100041], [-115.0288233, 49.5099693], [-115.0283161, 49.5098595]]}}, {"type": "Feature", "properties": {"name": "Stove Trail", "difficulty": "intermediate", "area": "Fernie", "osm_id": [175366232, 648385909], "highway": "path", "stroke": "#3b82f6"}, "geometry": {"type": "MultiLineString", "coordinates": [[[-115.102171, 49.5], [-115.102241, 49.499862], [-115.102223, 49.499785], [-115.102098, 49.499565], [-115.101907, 49.498958], [-115.101818, 49.498799], [-115.101755, 49.498554], [-115.101671, 49.498442], [-115.101287, 49.49814], [-115.10109, 49.498066], [-115.100887, 49.498014], [-115.100485, 49.497937], [-115.100125, 49.497785], [-115.099595, 49.497614], [-115.098814, 49.497433], [-115.098518, 49.497379], [-115.098142, 49.497243], [-115.097625, 49.497169], [-115.097264, 49.497041], [-115.097125, 49.496962], [-115.097021, 49.49685], [-115.096762, 49.496467], [-115.096609, 49.496333], [-115.096555, 49.496218], [-115.096582, 49.496051], [-115.09656, 49.495969], [-115.096464, 49.495845], [-115.096435, 49.495571], [-115.096317, 49.495382], [-115.096198, 49.49528], [-115.095939, 49.495187], [-115.0958, 49.495105], [-115.095657, 49.494989], [-115.095581, 49.494882], [-115.095553, 49.494736], [-115.095436, 49.494511], [-115.095178, 49.494276], [-115.095047, 49.494111], [-115.094948, 49.493899], [-115.094903, 49.493669], [-115.09468, 49.492898], [-115.094622, 49.492798], [-115.09444, 49.49259], [-115.094362, 49.492519], [-115.09424, 49.492447], [-115.094159, 49.492261], [-115.09402, 49.492136], [-115.093697, 49.491938], [-115.093554, 49.49179], [-115.093484, 49.491679], [-115.093365, 49.491405], [-115.093015, 49.490897], [-115.092876, 49.490635], [-115.092856, 49.490567], [-115.092895, 49.490483], [-115.092988, 49.490439], [-115.09319, 49.490427], [-115.093082, 49.490295], [-115.093012, 49.490096], [-115.092884, 49.489904], [-115.092869, 49.489796], [-115.09294, 49.489437], [-115.092929, 49.489107], [-115.092896, 49.488993], [-115.092756, 49.488704], [-115.092645, 49.488533], [-115.0925549, 49.4883504]], [[-115.1026721, 49.5036301], [-115.102732, 49.5036077], [-115.10279, 49.50357], [-115.10289, 49.503472], [-115.102952, 49.503347], [-115.102964, 49.503276], [-115.102944, 49.50317], [-115.102844, 49.503006], [-115.102722, 49.502867], [-115.102379, 49.502576], [-115.1022541, 49.5024867], [-115.1023439, 49.5024703], [-115.1022671, 49.5023013], [-115.102437, 49.502339], [-115.102546, 49.502349], [-115.102877, 49.502442], [-115.103326, 49.50252], [-115.103404, 49.502475], [-115.103411, 49.502395], [-115.103379, 49.502233], [-115.103325, 49.502106], [-115.103096, 49.501802], [-115.102805, 49.50123], [-115.102593, 49.500872], [-115.102457, 49.500702], [-115.102431, 49.500636], [-115.102453, 49.500461], [-115.102375, 49.500219], [-115.102327, 49.500136], [-115.102171, 49.5]]]}}, {"type": "Feature", "properties": {"name": "Stumpy", "difficulty": "intermediate", "area": "Fernie", "osm_id": [1419302292, 1419302293], "highway": "path", "stroke": "#3b82f6"}, "geometry": {"type": "MultiLineString", "coordinates": [[[-115.124827, 49.5099023], [-115.1251727, 49.5099171], [-115.125374, 49.5098665], [-115.1255753, 49.5098558], [-115.1257971, 49.5097811], [-115.1264041, 49.5096531]], [[-115.124723, 49.507894], [-115.1244139, 49.508502], [-115.1243817, 49.5087285], [-115.1244085, 49.5089827], [-115.1245319, 49.5093102], [-115.1247948, 49.5096655], [-115.1248216, 49.5097212], [-115.1248377, 49.5097908], [-115.124827, 49.5099023]]]}}, {"type": "Feature", "properties": {"name": "Stumpy Wood", "difficulty": "intermediate", "area": "Fernie", "osm_id": 450848427, "highway": "path", "stroke": "#3b82f6"}, "geometry": {"type": "LineString", "coordinates": [[-115.0943506, 49.4808287], [-115.0944149, 49.4809681], [-115.0944767, 49.4811494], [-115.094482, 49.4812567], [-115.0944319, 49.4813566], [-115.0945047, 49.4814625], [-115.0946393, 49.4815631], [-115.0949104, 49.4815643], [-115.0948787, 49.4816989], [-115.0947768, 49.4818009], [-115.0942672, 49.4820112], [-115.0942323, 49.482107], [-115.094361, 49.4821808], [-115.0945285, 49.4821932], [-115.0947709, 49.4821201], [-115.0951496, 49.4820736], [-115.0955835, 49.4819545], [-115.0957313, 49.4819638], [-115.0959026, 49.4820259], [-115.0959651, 49.482111], [-115.0962375, 49.4820959], [-115.0963945, 49.4821582], [-115.096508, 49.482264], [-115.0966251, 49.4824125], [-115.096656, 49.4825976], [-115.096775, 49.4829154], [-115.0969396, 49.4831444], [-115.0971993, 49.4833295], [-115.0967562, 49.4832837], [-115.0970684, 49.4834411], [-115.0974531, 49.483749], [-115.0975977, 49.4838604], [-115.0975523, 49.4839021], [-115.0973517, 49.4838804], [-115.0973146, 49.4839219], [-115.0974916, 49.48414], [-115.097511, 49.484331], [-115.0975483, 49.4843903], [-115.0976616, 49.4844819]]}}, {"type": "Feature", "properties": {"name": "Stumpy Wood / Evergreen Loop", "difficulty": "intermediate", "area": "Fernie", "osm_id": 1449279023, "highway": "path", "stroke": "#3b82f6"}, "geometry": {"type": "LineString", "coordinates": [[-115.0922809, 49.4794263], [-115.0925267, 49.4795426], [-115.0927091, 49.4796088], [-115.0931919, 49.4797308], [-115.0933581, 49.47979], [-115.093503, 49.4798772], [-115.0935674, 49.4799399], [-115.0938463, 49.4803581], [-115.0939, 49.4804348], [-115.0940072, 49.4805289], [-115.0942969, 49.4807729], [-115.0943506, 49.4808287]]}}, {"type": "Feature", "properties": {"name": "Stupid Traverse", "difficulty": "advanced", "area": "Fernie", "osm_id": [648385826, 648385827], "highway": "path", "stroke": "#0a0a0a"}, "geometry": {"type": "MultiLineString", "coordinates": [[[-115.124827, 49.5099023], [-115.1247626, 49.5100277], [-115.1247036, 49.5100869], [-115.124658, 49.5101026], [-115.1245775, 49.5101043], [-115.1241913, 49.5100974], [-115.1240572, 49.51012], [-115.1236334, 49.5102628], [-115.1234671, 49.5103255], [-115.1234349, 49.5103551], [-115.1234134, 49.5104074], [-115.1234268, 49.5104474], [-115.1234644, 49.5105084], [-115.1234993, 49.510545], [-115.123518, 49.5105746], [-115.1235288, 49.5106111], [-115.1235315, 49.5106477], [-115.1234966, 49.5106965], [-115.1233115, 49.5108968], [-115.1232552, 49.5109803], [-115.1232284, 49.5110535], [-115.1231828, 49.5111528], [-115.1231425, 49.5111946], [-115.1229306, 49.5113443], [-115.1228743, 49.5113687], [-115.122826, 49.5113739], [-115.1227322, 49.5113618], [-115.1224505, 49.5112346], [-115.1223888, 49.5112207], [-115.1223271, 49.5112294], [-115.1222279, 49.5112625], [-115.1219463, 49.5113652], [-115.1218604, 49.5113826], [-115.1217639, 49.5113809], [-115.1210424, 49.5113809], [-115.1209002, 49.5113948], [-115.1207661, 49.5114244], [-115.1205542, 49.5114662], [-115.1204818, 49.5114715], [-115.1204174, 49.5114628], [-115.1203691, 49.5114419], [-115.1203316, 49.5114314], [-115.120286, 49.5114314], [-115.1202457, 49.5114419], [-115.1202055, 49.5114697], [-115.1200419, 49.511569], [-115.1199453, 49.5116038], [-115.1198568, 49.511623], [-115.1197495, 49.5116247], [-115.1196101, 49.5116108], [-115.1192426, 49.511569], [-115.1191541, 49.5115742], [-115.1190092, 49.5116073], [-115.1189583, 49.5116369], [-115.1189368, 49.5116683], [-115.1189261, 49.5117118], [-115.1189315, 49.5117867], [-115.1189154, 49.5118163], [-115.1188483, 49.5118772], [-115.118446, 49.512175], [-115.1183575, 49.5122673], [-115.1183092, 49.512337], [-115.1182716, 49.5124502], [-115.1181965, 49.5125442], [-115.1179444, 49.5128281], [-115.1179283, 49.5128717], [-115.1179176, 49.5129187], [-115.1180061, 49.5134725], [-115.1179712, 49.5136571], [-115.1180249, 49.5138469], [-115.118049, 49.514021], [-115.1180168, 49.5143014], [-115.1179712, 49.5143641], [-115.1178881, 49.5144616], [-115.1178639, 49.5145034], [-115.1178559, 49.5145417], [-115.1178586, 49.5146253], [-115.1178881, 49.5147768], [-115.1178934, 49.5148552], [-115.1178908, 49.5149126], [-115.1178505, 49.5149597], [-115.1177298, 49.5150293], [-115.1176923, 49.5150502], [-115.1176869, 49.5150729], [-115.1176923, 49.5153793], [-115.1177164, 49.5154264], [-115.1177459, 49.5154873], [-115.1177432, 49.5155552], [-115.1176976, 49.5156371], [-115.1176842, 49.5157154], [-115.1177003, 49.5160637], [-115.1176869, 49.516116], [-115.1176467, 49.5161734], [-115.1176065, 49.5162483], [-115.1175904, 49.516311], [-115.117585, 49.5163685], [-115.117585, 49.5164573], [-115.1175555, 49.5164956]], [[-115.1017351, 49.5178029], [-115.101976, 49.517957], [-115.102171, 49.518033], [-115.10228, 49.518051], [-115.102325, 49.518035], [-115.102437, 49.517924], [-115.102526, 49.517872], [-115.102727, 49.517801], [-115.103448, 49.517457], [-115.10356, 49.517438], [-115.103669, 49.517458], [-115.103921, 49.51761], [-115.104064, 49.517648], [-115.10416, 49.517617], [-115.104188, 49.517553], [-115.104218, 49.517239], [-115.10433, 49.517055], [-115.104517, 49.516631], [-115.104578, 49.516584], [-115.104666, 49.516544], [-115.10482, 49.516513], [-115.105026, 49.516508], [-115.105238, 49.516481], [-115.105542, 49.51639], [-115.105656, 49.516343], [-115.105896, 49.516173], [-115.106117, 49.516056], [-115.106408, 49.515866], [-115.106569, 49.515805], [-115.106712, 49.515802], [-115.107118, 49.51588], [-115.1072, 49.515863], [-115.107342, 49.515774], [-115.10761, 49.515722], [-115.107768, 49.515652], [-115.1078578, 49.5155594], [-115.1079428, 49.5156007], [-115.1080112, 49.5156216], [-115.108097, 49.5156286], [-115.1082016, 49.5156216], [-115.1083384, 49.5155868], [-115.1085449, 49.5155015], [-115.1086911, 49.515397], [-115.1089523, 49.5151321], [-115.1090556, 49.5150337], [-115.1091025, 49.5150084], [-115.1091441, 49.5150015], [-115.1091883, 49.5150145], [-115.1092205, 49.5150302], [-115.1092581, 49.5150267], [-115.1092903, 49.5150128], [-115.1093359, 49.5149858], [-115.1093855, 49.514971], [-115.1094257, 49.5149753], [-115.1094673, 49.5150058], [-115.1094753, 49.5150345], [-115.1094686, 49.5150711], [-115.1093533, 49.515281], [-115.1093446, 49.5153036], [-115.1093385, 49.5153201], [-115.1093385, 49.5153406], [-115.109356, 49.5153515], [-115.1094136, 49.5153628], [-115.1095317, 49.5153854], [-115.1095692, 49.5154063], [-115.1095773, 49.515419], [-115.1095773, 49.5154333], [-115.1095692, 49.5154603], [-115.1095303, 49.515516], [-115.1095035, 49.5155526], [-115.1095008, 49.5156327], [-115.1095022, 49.5156667], [-115.1095276, 49.5157085], [-115.1095377, 49.515725], [-115.109539, 49.5157392], [-115.109537, 49.5157537], [-115.1095196, 49.5157807], [-115.1093962, 49.5159009], [-115.1093761, 49.5159322], [-115.1093737, 49.515946], [-115.1093801, 49.515961], [-115.1093949, 49.5159819], [-115.1094458, 49.516021], [-115.109474, 49.5160358], [-115.1094784, 49.5160517], [-115.109474, 49.5160646], [-115.1094525, 49.516082], [-115.1088356, 49.5163632], [-115.1087565, 49.5164102], [-115.1087377, 49.5164442], [-115.1087377, 49.516466], [-115.1087619, 49.5164816], [-115.1088034, 49.5164895], [-115.1091065, 49.5164956], [-115.1091575, 49.5165086], [-115.1091857, 49.5165304], [-115.1091857, 49.5165496], [-115.1091655, 49.5165617], [-115.1088584, 49.5166532], [-115.1088356, 49.5166775], [-115.1088316, 49.5167002], [-115.1088343, 49.5167211], [-115.1088464, 49.5167333], [-115.1088732, 49.5167428], [-115.1093238, 49.5168177], [-115.1099675, 49.5168874], [-115.1101901, 49.5169327], [-115.1106542, 49.5171068], [-115.1107239, 49.5171277], [-115.1108526, 49.5171225], [-115.1111531, 49.517105], [-115.1113113, 49.5170963], [-115.1115312, 49.5170371], [-115.1116278, 49.5170058], [-115.1117566, 49.517004], [-115.1118773, 49.5170145], [-115.1120006, 49.517018], [-115.112183, 49.5170006], [-115.1123198, 49.5169901], [-115.1124593, 49.5169971], [-115.1126283, 49.5170232], [-115.1127517, 49.5170476], [-115.1129072, 49.5171608], [-115.1129367, 49.5171886], [-115.1129716, 49.5172008], [-115.1130601, 49.5172008], [-115.1131459, 49.5171834], [-115.1132318, 49.5171712], [-115.1133015, 49.5171608], [-115.1133981, 49.5171677], [-115.1137226, 49.5172078], [-115.1140954, 49.5172391], [-115.1141518, 49.5172478], [-115.1142135, 49.5172339], [-115.1142778, 49.5172095], [-115.1143502, 49.5171799], [-115.1144066, 49.517166], [-115.1144736, 49.5171677], [-115.11453, 49.5171834], [-115.1146158, 49.5171973], [-115.114833, 49.5171973], [-115.1149377, 49.5171921], [-115.1152542, 49.5170894], [-115.1153641, 49.5170545], [-115.1154821, 49.5170302], [-115.1156431, 49.517018], [-115.1156833, 49.5170145], [-115.1157289, 49.5169971], [-115.1159837, 49.5168282], [-115.11604, 49.5168021], [-115.1160937, 49.5167829], [-115.1169144, 49.516755], [-115.117003, 49.5167533], [-115.1170781, 49.5167307], [-115.1174884, 49.5165374], [-115.1175555, 49.5164956]]]}}, {"type": "Feature", "properties": {"name": "Swine Flu", "difficulty": "intermediate", "area": "Fernie", "osm_id": 453416898, "highway": "path", "stroke": "#3b82f6"}, "geometry": {"type": "LineString", "coordinates": [[-115.0685136, 49.5306336], [-115.068279, 49.530669], [-115.068087, 49.530676], [-115.0678756, 49.5306702], [-115.0678578, 49.5306917], [-115.067881, 49.5307172], [-115.06816, 49.5308279], [-115.068393, 49.530938], [-115.068478, 49.531016], [-115.06853, 49.531094], [-115.068536, 49.531151], [-115.0684628, 49.5313164], [-115.0683369, 49.5314779], [-115.0683128, 49.5315005], [-115.0683128, 49.5315284], [-115.0683222, 49.5315449], [-115.0684226, 49.5316006], [-115.068646, 49.531777], [-115.068741, 49.531978], [-115.0687433, 49.5320794], [-115.0687111, 49.532156], [-115.0686467, 49.5322221], [-115.0686479, 49.5322488], [-115.0686682, 49.5322761], [-115.0689157, 49.5324224], [-115.069185, 49.532617], [-115.06928, 49.532712], [-115.069332, 49.532811], [-115.069307, 49.532866], [-115.069191, 49.532979], [-115.0691069, 49.5330171], [-115.0690933, 49.5330507], [-115.0690973, 49.5330873], [-115.0693213, 49.5333789], [-115.0693361, 49.5334224], [-115.069332, 49.5334694], [-115.0693052, 49.5335068], [-115.0693052, 49.5335273], [-115.0693186, 49.5335434], [-115.0693494, 49.5335656], [-115.0698614, 49.5338782], [-115.0699717, 49.5340077], [-115.0699905, 49.5340434], [-115.07002, 49.5340556], [-115.0700569, 49.5340582], [-115.0701276, 49.5340554], [-115.0702118, 49.5340652], [-115.0702601, 49.5340791], [-115.070293, 49.534101], [-115.070321, 49.5341594], [-115.070352, 49.534346], [-115.0703845, 49.5346967], [-115.0703949, 49.5348167], [-115.0703929, 49.5348711], [-115.070368, 49.5349], [-115.0703352, 49.5349042], [-115.0701132, 49.5348442], [-115.0700388, 49.5348571], [-115.0699865, 49.534892], [-115.0699533, 49.5349534], [-115.069961, 49.5350112], [-115.0700022, 49.5350504], [-115.0703451, 49.5353827], [-115.0703414, 49.5354277], [-115.0703157, 49.5354516], [-115.070275, 49.5354646], [-115.0702174, 49.5354659], [-115.0700723, 49.5353826], [-115.0697785, 49.5352157], [-115.0696472, 49.5351479], [-115.069535, 49.535118], [-115.0693909, 49.5350971], [-115.0692368, 49.5351137], [-115.068818, 49.53525], [-115.068644, 49.535256], [-115.0685515, 49.5352441], [-115.068491, 49.535206], [-115.068424, 49.535146], [-115.068344, 49.5348785], [-115.0683048, 49.5348507], [-115.068252, 49.5348377], [-115.0681975, 49.5348533], [-115.0681633, 49.5348826], [-115.068116, 49.535014], [-115.0679864, 49.5353703], [-115.0679856, 49.5354303], [-115.0680066, 49.5355059], [-115.0680523, 49.5355496], [-115.068217, 49.53565], [-115.068362, 49.535728], [-115.0687495, 49.5358154], [-115.0687875, 49.5358333], [-115.0688003, 49.5358587], [-115.0687889, 49.5358794], [-115.0687704, 49.5358908], [-115.0686049, 49.5359424], [-115.068471, 49.5359717], [-115.068186, 49.5359816], [-115.0679789, 49.5360517], [-115.0679621, 49.5360705], [-115.067957, 49.5360873], [-115.0679584, 49.5361005], [-115.0679695, 49.5361175], [-115.0679896, 49.5361283], [-115.0681288, 49.5361169], [-115.0683636, 49.5361675], [-115.0684358, 49.5361982], [-115.068456, 49.5362182], [-115.0684584, 49.5362427], [-115.0684439, 49.53626], [-115.0684224, 49.5362704], [-115.0683956, 49.5362756], [-115.0683581, 49.5362739], [-115.068183, 49.5362478], [-115.0681492, 49.5362476], [-115.0681046, 49.536253], [-115.067725, 49.536393], [-115.067612, 49.536413], [-115.067485, 49.536409], [-115.0674253, 49.5363931], [-115.067367, 49.536363], [-115.0672544, 49.5362803], [-115.066932, 49.53579], [-115.066806, 49.5356532], [-115.066755, 49.535549], [-115.066725, 49.535233], [-115.066656, 49.535138], [-115.06659, 49.535085], [-115.066485, 49.535034], [-115.0657361, 49.5348789], [-115.0656953, 49.5348744], [-115.0656586, 49.5348763], [-115.0656242, 49.5348844], [-115.0655988, 49.5348954], [-115.06546, 49.535021], [-115.0653835, 49.5350711], [-115.065308, 49.535104], [-115.06524, 49.535114], [-115.065028, 49.535119], [-115.06472, 49.535183], [-115.064621, 49.535212], [-115.064479, 49.535283]]}}, {"type": "Feature", "properties": {"name": "Swine Flu Access / Mount Proctor Trail", "difficulty": "intermediate", "area": "Fernie", "osm_id": 453567276, "highway": "path", "stroke": "#3b82f6"}, "geometry": {"type": "LineString", "coordinates": [[-115.0616944, 49.527581], [-115.0615719, 49.5275575], [-115.0615174, 49.5275325], [-115.0614178, 49.5274455], [-115.0613, 49.5273887], [-115.0610998, 49.527297], [-115.0609632, 49.5272584], [-115.0608625, 49.5272063], [-115.0607981, 49.5271159], [-115.0607443, 49.5270548], [-115.0607206, 49.5269849], [-115.060665, 49.526915], [-115.0605694, 49.5268893], [-115.0604238, 49.5268959], [-115.0601452, 49.5268031], [-115.0601767, 49.526429], [-115.0600667, 49.5261618], [-115.0598769, 49.5260873], [-115.059637, 49.5260706], [-115.0594353, 49.5260768], [-115.0591189, 49.526034], [-115.0590294, 49.5259695], [-115.0590307, 49.5258196], [-115.0589426, 49.5257594], [-115.0585714, 49.5255892], [-115.0584887, 49.5255237], [-115.0584543, 49.5253085], [-115.0584734, 49.5251276], [-115.058447, 49.525078], [-115.0581771, 49.5249376], [-115.0578402, 49.5248399], [-115.0577586, 49.5248445], [-115.0576258, 49.5249025], [-115.057532, 49.5249559], [-115.0573869, 49.5250101], [-115.0573392, 49.5250475], [-115.0573117, 49.5251224], [-115.0573246, 49.525183], [-115.0572953, 49.5252181], [-115.0572156, 49.5252053], [-115.057123, 49.5251607], [-115.0570727, 49.5251282], [-115.0569115, 49.5250306], [-115.0567908, 49.5249828], [-115.0567565, 49.5249123], [-115.056752, 49.524831], [-115.0567566, 49.5247556], [-115.0567155, 49.5246974], [-115.0565935, 49.5246368], [-115.0565445, 49.5246039], [-115.0565495, 49.5245668], [-115.0566062, 49.5245092], [-115.0567016, 49.524442], [-115.0567698, 49.5243915], [-115.056781, 49.5243439], [-115.0567348, 49.5243112]]}}, {"type": "Feature", "properties": {"name": "Swine Flu Climb", "difficulty": "intermediate", "area": "Fernie", "osm_id": 1355082417, "highway": "path", "stroke": "#3b82f6"}, "geometry": {"type": "LineString", "coordinates": [[-115.0638962, 49.5312669], [-115.0639592, 49.5313645], [-115.0639793, 49.5314442], [-115.0638989, 49.5314355], [-115.0638788, 49.5315718], [-115.0638743, 49.5316994], [-115.0638587, 49.5317168], [-115.0637894, 49.5317139], [-115.0637068, 49.5316965], [-115.0636777, 49.5317095], [-115.063718, 49.5317544], [-115.0638185, 49.5318414], [-115.0638402, 49.5319315], [-115.0638402, 49.5320195], [-115.0638193, 49.53205], [-115.0637463, 49.5320195], [-115.063668, 49.5320229], [-115.063621, 49.53205], [-115.0636523, 49.5320974], [-115.0637097, 49.5321313], [-115.0637619, 49.5321719], [-115.0637515, 49.5322024], [-115.0636054, 49.5322261], [-115.0634488, 49.5322566], [-115.0633393, 49.5322904], [-115.0633027, 49.5323175], [-115.0633758, 49.5323446], [-115.0634541, 49.5323886], [-115.0635115, 49.5324259], [-115.0634384, 49.5324428], [-115.0633184, 49.5324699], [-115.0632558, 49.532497], [-115.0633601, 49.5325309], [-115.0634488, 49.532558], [-115.0635167, 49.5325918], [-115.063428, 49.5326325], [-115.0633288, 49.5327104], [-115.0632401, 49.5327307], [-115.0630993, 49.5327239], [-115.0629949, 49.532751], [-115.0631097, 49.5327781], [-115.0632193, 49.5327815], [-115.0633184, 49.5327815], [-115.0634123, 49.5327815], [-115.0633497, 49.5328323], [-115.0632506, 49.5328627], [-115.0631462, 49.5328763], [-115.0632349, 49.5329068], [-115.0632923, 49.5329508], [-115.0634123, 49.5330084], [-115.0635167, 49.5329813], [-115.063621, 49.5329508], [-115.0636941, 49.5329609], [-115.0638402, 49.5330219], [-115.0639445, 49.5330625], [-115.0640854, 49.5330964], [-115.0640918, 49.5331159], [-115.0639683, 49.5331192], [-115.0638216, 49.5330992], [-115.0637033, 49.5331009], [-115.0636132, 49.5331075], [-115.0635309, 49.5331393], [-115.0634743, 49.5331727], [-115.0634151, 49.533186], [-115.0633019, 49.533176], [-115.0631552, 49.5331827], [-115.0630755, 49.5332261], [-115.0630266, 49.5332862], [-115.0629828, 49.5333396], [-115.0628979, 49.5333497], [-115.062741, 49.5333463], [-115.0625814, 49.5333664], [-115.0624862, 49.5333864], [-115.0624099, 49.5334003], [-115.0622753, 49.5334448], [-115.0621415, 49.5335133], [-115.0620386, 49.5335834], [-115.0618945, 49.5336302], [-115.0617658, 49.5336987], [-115.061632, 49.5337771], [-115.0614996, 49.5339193], [-115.061231, 49.53405], [-115.060803, 49.534486], [-115.060552, 49.534776], [-115.060367, 49.534943], [-115.060245, 49.535137], [-115.06005, 49.535291], [-115.059914, 49.535442], [-115.0597438, 49.5356823], [-115.059559, 49.535943], [-115.059418, 49.536235], [-115.059298, 49.536414], [-115.059155, 49.536925], [-115.059094, 49.536978], [-115.0590582, 49.5370043], [-115.0590099, 49.5370256], [-115.058923, 49.537039], [-115.0586887, 49.5370248], [-115.0586679, 49.5370296], [-115.0586546, 49.5370431], [-115.0586565, 49.5370587], [-115.0586766, 49.53707], [-115.058942, 49.537113], [-115.059129, 49.537212], [-115.059236, 49.537221], [-115.059321, 49.537193], [-115.05947, 49.537078], [-115.0595365, 49.5369973], [-115.0596275, 49.5368272], [-115.059661, 49.5368002], [-115.0597066, 49.5367897], [-115.0597388, 49.5368124], [-115.0597455, 49.5368411], [-115.059646, 49.537124], [-115.059624, 49.537287], [-115.0596462, 49.5373685], [-115.0596334, 49.5374017], [-115.059602, 49.5374303], [-115.0595497, 49.5374512], [-115.0594558, 49.5374721], [-115.0588993, 49.5375182], [-115.0588738, 49.5375239], [-115.0588598, 49.537535], [-115.0588684, 49.5375491], [-115.0588939, 49.5375565], [-115.0592295, 49.5376004], [-115.0595624, 49.537604], [-115.0595886, 49.5376096], [-115.0596001, 49.537624], [-115.0595886, 49.5376392], [-115.0595584, 49.5376492], [-115.0591822, 49.5377054], [-115.0589568, 49.5377704], [-115.0587846, 49.5378725], [-115.0587792, 49.5378803], [-115.0587772, 49.5378886], [-115.0587798, 49.5378967], [-115.0587889, 49.5379018], [-115.058798, 49.5379031], [-115.0588215, 49.5378994], [-115.0590052, 49.5378516], [-115.059163, 49.537829], [-115.059418, 49.537811], [-115.059561, 49.53777], [-115.0596568, 49.5377437], [-115.059765, 49.537712], [-115.0598317, 49.5376836], [-115.05988, 49.537647], [-115.060203, 49.537149], [-115.06043, 49.536943], [-115.060829, 49.536709], [-115.061032, 49.536527], [-115.061737, 49.536204], [-115.062086, 49.535891], [-115.062241, 49.535803], [-115.0624416, 49.5356593]]}}, {"type": "Feature", "properties": {"name": "Swine Flu Climb / Mount Proctor Trail", "difficulty": "intermediate", "area": "Fernie", "osm_id": [1355082423, 1364114120], "highway": "path", "stroke": "#3b82f6"}, "geometry": {"type": "MultiLineString", "coordinates": [[[-115.0625351, 49.5274415], [-115.0627848, 49.5274946], [-115.0628305, 49.5275084], [-115.0628514, 49.5275345], [-115.062816, 49.5275578], [-115.0627796, 49.5275634], [-115.0627738, 49.527578], [-115.0627906, 49.5275924], [-115.0628836, 49.5276253], [-115.0629241, 49.5277083], [-115.0629035, 49.5277662], [-115.0628674, 49.5278137], [-115.0628598, 49.5278583], [-115.062864, 49.5279316], [-115.0629456, 49.5280193], [-115.0630599, 49.5280924], [-115.0632031, 49.5281443], [-115.0634274, 49.5281922], [-115.0635869, 49.5282591], [-115.0637072, 49.5283102], [-115.0638376, 49.5283725], [-115.064, 49.5284307], [-115.0640683, 49.5285349], [-115.064157, 49.5286169], [-115.0642219, 49.5286922], [-115.0643755, 49.5287542], [-115.0644848, 49.5288096], [-115.0645121, 49.5288717], [-115.0644438, 49.5289071], [-115.0642834, 49.5289271], [-115.064157, 49.5289337], [-115.0641336, 49.5289702], [-115.0641297, 49.5289958], [-115.0642322, 49.5290357], [-115.0643619, 49.5291199], [-115.0642287, 49.5291221], [-115.0640307, 49.5291044], [-115.0638908, 49.5290955], [-115.0638225, 49.5291154], [-115.0638669, 49.5291664], [-115.0639761, 49.5292351], [-115.0641434, 49.5292595], [-115.0642834, 49.5293348], [-115.0644302, 49.5293702], [-115.0646111, 49.52947], [-115.0647504, 49.5295651], [-115.0647584, 49.5295931], [-115.064635, 49.529583], [-115.064437, 49.5295564], [-115.0642765, 49.529532], [-115.0640956, 49.5295564], [-115.063901, 49.5295763], [-115.0637781, 49.5295918], [-115.0636484, 49.5296472], [-115.0634986, 49.5296852], [-115.063513, 49.5297073], [-115.0636108, 49.5297514], [-115.063706, 49.5297968], [-115.0637015, 49.5298154], [-115.0636176, 49.5298533], [-115.0635244, 49.5298796], [-115.0635269, 49.5299069], [-115.0636723, 49.529953], [-115.0637902, 49.5300069], [-115.0637875, 49.5300308], [-115.0636835, 49.5300661], [-115.0636901, 49.5300932], [-115.0637706, 49.5301344], [-115.0637849, 49.5301524], [-115.0637565, 49.5301654], [-115.0637149, 49.5301676], [-115.0636381, 49.5301569], [-115.0635425, 49.5301901], [-115.0635255, 49.53023], [-115.0635507, 49.5302444], [-115.0637098, 49.5302699], [-115.0638669, 49.5303275], [-115.0639966, 49.5303901], [-115.0639885, 49.5304016], [-115.0638942, 49.5303917], [-115.0637949, 49.5303853], [-115.0637748, 49.5303931], [-115.063802, 49.5304449], [-115.0638255, 49.5304871], [-115.0638157, 49.5304981], [-115.0636558, 49.5305228], [-115.0635664, 49.5305513], [-115.0635186, 49.5305956], [-115.0635221, 49.5306377], [-115.0635869, 49.5306754], [-115.0636271, 49.5306904], [-115.0636552, 49.5307197], [-115.0636142, 49.5307551], [-115.0635235, 49.5307648], [-115.0634788, 49.5307927], [-115.0634856, 49.5308264], [-115.0635287, 49.5308725], [-115.0635592, 49.5309104], [-115.0636011, 49.5309705], [-115.063648, 49.5310149], [-115.0637129, 49.5310492], [-115.0637671, 49.5310803], [-115.0638386, 49.5311702], [-115.0638962, 49.5312669]], [[-115.064479, 49.535283], [-115.0641967, 49.5353008], [-115.0636348, 49.5353132], [-115.0632563, 49.5354266], [-115.0627228, 49.5355476], [-115.0624416, 49.5356593]]]}}, {"type": "Feature", "properties": {"name": "TNT Lower", "difficulty": "intermediate", "area": "Fernie", "osm_id": 648385859, "highway": "path", "stroke": "#3b82f6"}, "geometry": {"type": "LineString", "coordinates": [[-115.0945251, 49.4474432], [-115.094431, 49.4475718], [-115.0944095, 49.4476241], [-115.0943961, 49.4476799], [-115.0944176, 49.4479101], [-115.0944149, 49.4479589], [-115.0943908, 49.4480078], [-115.0943398, 49.4480705], [-115.0943184, 49.4481281], [-115.0942996, 49.448217], [-115.0942808, 49.4482815], [-115.0942352, 49.4483635], [-115.0941735, 49.448421], [-115.0938972, 49.4486599], [-115.0937068, 49.4489023], [-115.0936961, 49.4489791], [-115.0936934, 49.4490802], [-115.0936505, 49.4491395], [-115.0935888, 49.4491813], [-115.0935003, 49.4492057], [-115.0933957, 49.4492563], [-115.093334, 49.4493226], [-115.0932857, 49.449401], [-115.0932616, 49.4495179], [-115.0932294, 49.4496208], [-115.093165, 49.4497027], [-115.0930872, 49.4497603], [-115.09195, 49.450667], [-115.0918588, 49.4507542], [-115.0917247, 49.4507821], [-115.0915691, 49.4508309], [-115.091494, 49.4508972], [-115.0914296, 49.4510436], [-115.0909736, 49.4522851], [-115.090684, 49.453], [-115.0906109, 49.4530792], [-115.0904426, 49.4532616], [-115.0903996, 49.4533453], [-115.0903835, 49.453429], [-115.0904372, 49.4535545], [-115.0904587, 49.4536452], [-115.0904211, 49.4537568], [-115.0903299, 49.4538683], [-115.0902441, 49.4539625], [-115.0901743, 49.4540322], [-115.09011, 49.4541438], [-115.0901046, 49.4542101], [-115.0900724, 49.4546843], [-115.0898739, 49.4557374], [-115.0899061, 49.4562431], [-115.0899061, 49.4563616], [-115.0898612, 49.4565281], [-115.089844, 49.4565814], [-115.0897184, 49.4567382], [-115.0894501, 49.4569195], [-115.089034, 49.4573345]]}}, {"type": "Feature", "properties": {"name": "TR3", "difficulty": "intermediate", "area": "Fernie", "osm_id": 647648031, "highway": "path", "stroke": "#3b82f6"}, "geometry": {"type": "LineString", "coordinates": [[-115.021083, 49.524297], [-115.0213433, 49.524536], [-115.0213594, 49.5245604], [-115.021354, 49.5245848], [-115.0212709, 49.5246561], [-115.0212494, 49.524691], [-115.0212494, 49.5247258], [-115.0212601, 49.5247745], [-115.0213272, 49.5248633], [-115.0214211, 49.5249199], [-115.0214372, 49.524946], [-115.0214425, 49.5249756], [-115.0214237, 49.5250209], [-115.021413, 49.5250688], [-115.021417, 49.5250897], [-115.0214331, 49.5251062], [-115.0214626, 49.5251123], [-115.0214988, 49.5251071], [-115.0215511, 49.5250958], [-115.0215874, 49.5250984], [-115.0216249, 49.5251062], [-115.0216611, 49.5251201], [-115.0216745, 49.5251323], [-115.0216799, 49.5251541], [-115.0216665, 49.5251732], [-115.0215632, 49.5252986], [-115.0215538, 49.5253352], [-115.0215672, 49.5253587], [-115.0215914, 49.5253752], [-115.0216745, 49.5253883], [-115.0217537, 49.5254092], [-115.0218046, 49.5254335], [-115.0218167, 49.5254544], [-115.0218153, 49.5254771], [-115.021763, 49.5255685], [-115.0217604, 49.5255954], [-115.0217724, 49.5256163], [-115.0218153, 49.5256486], [-115.021818, 49.5256755], [-115.0218046, 49.5256938], [-115.0217791, 49.5257104], [-115.0217228, 49.525733], [-115.0216517, 49.525746], [-115.0215646, 49.5257452], [-115.0214573, 49.5257452], [-115.0213567, 49.5257347], [-115.0212816, 49.5257252], [-115.021181, 49.5256999], [-115.021067, 49.5256633], [-115.0209973, 49.5256459], [-115.0209289, 49.525639], [-115.0208578, 49.5256398], [-115.0207948, 49.5256477], [-115.0207425, 49.5256642], [-115.0207103, 49.5256869], [-115.0206928, 49.525706], [-115.0206875, 49.5257417], [-115.0206955, 49.5257696], [-115.020725, 49.5258105], [-115.0209007, 49.5260124], [-115.0209289, 49.5260507], [-115.0209356, 49.5260864], [-115.0209423, 49.5261465], [-115.0209463, 49.5262971], [-115.0209329, 49.526338], [-115.0209208, 49.526378], [-115.0208699, 49.5264407], [-115.020784, 49.5265417], [-115.0207626, 49.5265983], [-115.0207586, 49.5266435], [-115.0207679, 49.5266705], [-115.0207881, 49.5266975], [-115.0208162, 49.5267062], [-115.0208511, 49.5267071], [-115.0208873, 49.5267019], [-115.0209517, 49.5266749], [-115.0210844, 49.5266331], [-115.0211086, 49.5266296], [-115.0211394, 49.5266296], [-115.0211676, 49.5266409], [-115.0213741, 49.526788], [-115.0213983, 49.5268194], [-115.0214063, 49.5268464], [-115.0214184, 49.5268699], [-115.0214385, 49.5268986], [-115.0214734, 49.5269117], [-115.0215082, 49.5269134], [-115.0215444, 49.526903], [-115.02159, 49.5268742], [-115.0217201, 49.5268203], [-115.0217738, 49.5268133], [-115.0218153, 49.5268194], [-115.0218596, 49.5268324], [-115.0219816, 49.5268995], [-115.0220433, 49.5269552], [-115.0220581, 49.526997], [-115.0221372, 49.5271685], [-115.0222056, 49.5272451], [-115.0222552, 49.5272712], [-115.0222941, 49.5272834], [-115.0223424, 49.5272851], [-115.0223732, 49.5272781], [-115.0224296, 49.5272651], [-115.0224725, 49.5272572], [-115.0224966, 49.5272581], [-115.0225221, 49.5272633], [-115.0226441, 49.527326], [-115.0226951, 49.527333], [-115.0227528, 49.5273347], [-115.0228145, 49.5273547], [-115.0229647, 49.5274183], [-115.0230639, 49.5274479], [-115.0231041, 49.5274522], [-115.0232106, 49.5274514]]}}, {"type": "Feature", "properties": {"name": "TR3 Connector", "difficulty": "intermediate", "area": "Fernie", "osm_id": 647648028, "highway": "path", "stroke": "#3b82f6"}, "geometry": {"type": "LineString", "coordinates": [[-115.0214063, 49.5268464], [-115.0211756, 49.5270396], [-115.0211207, 49.5270988], [-115.0210818, 49.5271519], [-115.0210751, 49.5271893], [-115.0210509, 49.5273469], [-115.0210308, 49.5273887], [-115.0209892, 49.5274183], [-115.0207639, 49.5276037], [-115.0207156, 49.5276716], [-115.0206647, 49.5277804], [-115.0206338, 49.5278222], [-115.0205775, 49.5278605], [-115.0203495, 49.5280146], [-115.0202556, 49.5280624], [-115.0201913, 49.5280816], [-115.0201048, 49.5280838]]}}, {"type": "Feature", "properties": {"name": "Tamarack Trail", "difficulty": "easy", "area": "Fernie / Island Lake", "osm_id": 648385846, "highway": "path", "stroke": "#22c55e"}, "geometry": {"type": "LineString", "coordinates": [[-115.1641553, 49.5068253], [-115.1639587, 49.5069454], [-115.1639158, 49.5071161], [-115.1639533, 49.5075411], [-115.1639212, 49.5077222], [-115.163897, 49.5077745], [-115.1638621, 49.5078128], [-115.1638166, 49.5078467], [-115.1637656, 49.507865], [-115.1637106, 49.5078737], [-115.1636422, 49.5078746], [-115.1635577, 49.5078615], [-115.1631125, 49.5077631], [-115.1630588, 49.507757], [-115.1630052, 49.5077605], [-115.1628523, 49.5077832], [-115.1628094, 49.5077858], [-115.1627624, 49.5077745], [-115.1626739, 49.5077431], [-115.1625117, 49.5076978], [-115.1624607, 49.5076926], [-115.1624258, 49.5076917], [-115.1623883, 49.507697], [-115.1623293, 49.5077135], [-115.1622716, 49.5077257], [-115.1619471, 49.507771], [-115.161593, 49.5078546], [-115.1615454, 49.5078768], [-115.1615152, 49.5079016], [-115.1614871, 49.5079334], [-115.1614696, 49.5079608], [-115.1614562, 49.5079961], [-115.1614535, 49.5080305], [-115.1614669, 49.5081036], [-115.1614884, 49.5081576], [-115.1614964, 49.5082116], [-115.1614944, 49.5082377], [-115.161483, 49.5082604], [-115.1614622, 49.5082896], [-115.1614348, 49.5083144], [-115.1613784, 49.5083527], [-115.1613576, 49.5083727], [-115.1613449, 49.5083949], [-115.1613389, 49.5084158], [-115.1613355, 49.5084363], [-115.1613516, 49.5086018], [-115.1613543, 49.5095684], [-115.1614106, 49.5097382], [-115.1614146, 49.509773], [-115.1614133, 49.5098017], [-115.1614039, 49.5098775], [-115.1613596, 49.5099794], [-115.1613181, 49.5100821], [-115.1613124, 49.5100956], [-115.1613097, 49.5101085], [-115.1613147, 49.5101209], [-115.1613301, 49.5101431], [-115.1613808, 49.5102054], [-115.1613835, 49.510221], [-115.1613831, 49.5102354], [-115.1613734, 49.5102524], [-115.161356, 49.5102633], [-115.1613275, 49.5102789], [-115.1613057, 49.510292], [-115.1612809, 49.5103046], [-115.1612282, 49.5103207], [-115.1610941, 49.5103416], [-115.1610509, 49.510353], [-115.1610217, 49.5103643], [-115.1609919, 49.5103799], [-115.160968, 49.5104008], [-115.1608487, 49.5105254], [-115.1608121, 49.5105576], [-115.1607991, 49.510568], [-115.1607779, 49.5105759], [-115.1606086, 49.510582], [-115.1604752, 49.5106033], [-115.1604631, 49.5106072], [-115.1604477, 49.5106212], [-115.1604417, 49.5106323], [-115.1604397, 49.510644], [-115.1604403, 49.5106584], [-115.1604531, 49.510669], [-115.1604779, 49.5106765], [-115.1606884, 49.5107026], [-115.1609144, 49.5107178], [-115.1610673, 49.5107413], [-115.1611491, 49.5107666], [-115.1612101, 49.5107973], [-115.1612658, 49.5108345], [-115.1613134, 49.5108896], [-115.1613342, 49.5109573], [-115.1613436, 49.5110261], [-115.1613275, 49.5111741], [-115.1613516, 49.5113021], [-115.1613489, 49.511343], [-115.1613221, 49.5113831], [-115.1612792, 49.5114493], [-115.1612705, 49.5114717], [-115.1612685, 49.5114911], [-115.1612738, 49.5115078], [-115.1612872, 49.5115215], [-115.1613925, 49.5116006], [-115.1614079, 49.5116147], [-115.1614079, 49.5116495], [-115.1613918, 49.5116826], [-115.1613892, 49.5118516], [-115.1613824, 49.511896], [-115.1613677, 49.5119334], [-115.1613355, 49.5119595], [-115.1612872, 49.5119891], [-115.1612758, 49.5120057], [-115.1612728, 49.5120188], [-115.1612745, 49.5120344], [-115.1612845, 49.5120501], [-115.1613516, 49.5120989], [-115.161483, 49.5121807], [-115.1615085, 49.5121892], [-115.1615367, 49.5121929], [-115.1615715, 49.5121903], [-115.1616118, 49.512179], [-115.1616493, 49.5121546], [-115.1617083, 49.5120954], [-115.1618049, 49.5119891], [-115.1618451, 49.5119561], [-115.1618867, 49.5119265], [-115.1619316, 49.5119106], [-115.1619926, 49.5119056], [-115.1620704, 49.511923], [-115.1621804, 49.51197], [-115.1622052, 49.5119976], [-115.1622206, 49.5120205], [-115.1622267, 49.5120603], [-115.1622126, 49.5121023], [-115.1620624, 49.5123566], [-115.1619417, 49.5126126], [-115.1618934, 49.5126596], [-115.161821, 49.5127345], [-115.1617848, 49.5127746], [-115.1617734, 49.5128031], [-115.1617734, 49.5128292], [-115.1617834, 49.5128616], [-115.1618103, 49.5129383], [-115.1618424, 49.5129835], [-115.1618498, 49.5130155], [-115.1618492, 49.5130436], [-115.1618371, 49.5131124], [-115.1617808, 49.5132308], [-115.1616815, 49.5133632], [-115.1614589, 49.5135548], [-115.1613141, 49.5136723], [-115.1612812, 49.5137043], [-115.1612584, 49.5137356], [-115.1612423, 49.5137661], [-115.1612363, 49.5137881], [-115.1612249, 49.5139795], [-115.1612168, 49.5140247], [-115.1612027, 49.5140667], [-115.1611659, 49.5141928], [-115.1611618, 49.5142442], [-115.1611679, 49.5142844], [-115.1612094, 49.5144046], [-115.1612899, 49.5147111], [-115.1613013, 49.5147614], [-115.1613221, 49.5148016], [-115.1616413, 49.5151412], [-115.1616601, 49.5151536], [-115.1616795, 49.5151625], [-115.1617003, 49.5151671], [-115.1617264, 49.5151712], [-115.1618317, 49.5151778], [-115.1618646, 49.5151884], [-115.161888, 49.5151987], [-115.1619095, 49.5152163], [-115.1619196, 49.5152331], [-115.161931, 49.5152524], [-115.161931, 49.5152683], [-115.1619283, 49.515331], [-115.1618773, 49.5158151], [-115.1618713, 49.5158524], [-115.1618451, 49.5159005], [-115.1617424, 49.5160823], [-115.1616386, 49.5162662], [-115.1614374, 49.5166179], [-115.1614032, 49.5166456], [-115.1613623, 49.5166667], [-115.1610834, 49.5167659], [-115.1607374, 49.5169174], [-115.1606395, 49.5169801], [-115.1606298, 49.516991], [-115.1606207, 49.5170045], [-115.160615, 49.517016], [-115.160613, 49.5170324], [-115.160615, 49.5170461], [-115.1606194, 49.5170567], [-115.1606308, 49.5170735], [-115.1606475, 49.517085], [-115.1607709, 49.5171464], [-115.1607873, 49.517163], [-115.160783, 49.5171795], [-115.1607602, 49.5172013], [-115.1606998, 49.5172657], [-115.1604397, 49.5175443], [-115.1601607, 49.5179657], [-115.15993, 49.5182478], [-115.1598844, 49.5183488], [-115.1598549, 49.5184794], [-115.1598496, 49.5185665], [-115.1598683, 49.5186257], [-115.1598737, 49.5186779], [-115.1598281, 49.5187476], [-115.1597959, 49.5188085], [-115.1597771, 49.5188834], [-115.1597664, 49.5189234], [-115.1597423, 49.5189739], [-115.1597128, 49.519007], [-115.1596269, 49.5190418], [-115.1594606, 49.5191254], [-115.1589644, 49.5195625], [-115.1588276, 49.5196965], [-115.1583234, 49.5202572], [-115.1582989, 49.5202794], [-115.1582724, 49.5202964], [-115.1582473, 49.5203047], [-115.1582161, 49.5203112], [-115.1581222, 49.5203199], [-115.1579747, 49.5203478], [-115.1578272, 49.5203913], [-115.1577548, 49.5204418], [-115.1576528, 49.520555], [-115.1576099, 49.5206386], [-115.1575804, 49.5207361], [-115.1575536, 49.5208283], [-115.1574919, 49.5209328], [-115.1573229, 49.5211818], [-115.1571969, 49.5212828], [-115.1571244, 49.5213246], [-115.1570923, 49.5213442], [-115.1570855, 49.5213553], [-115.1570862, 49.5213638], [-115.1570949, 49.5213742], [-115.157111, 49.521379], [-115.1571607, 49.5213812], [-115.1575938, 49.5213768], [-115.157862, 49.5213176], [-115.1579365, 49.5213015], [-115.157973, 49.5213004], [-115.1580042, 49.5213089], [-115.1580267, 49.5213191], [-115.1580418, 49.5213316], [-115.1580464, 49.521345], [-115.1580471, 49.5213577], [-115.1580257, 49.5213942], [-115.1579908, 49.5214447], [-115.1579667, 49.5214917], [-115.157967, 49.5215078], [-115.1579747, 49.5215213], [-115.1579871, 49.5215324], [-115.1580042, 49.5215388], [-115.158023, 49.5215409], [-115.1580444, 49.5215388], [-115.1580686, 49.5215309], [-115.1580981, 49.5215161], [-115.158149, 49.5214796], [-115.1581658, 49.5214708], [-115.1581879, 49.5214639], [-115.1582081, 49.5214621], [-115.1582282, 49.5214665], [-115.1582449, 49.5214813], [-115.1582483, 49.5214944], [-115.1582456, 49.5215179], [-115.1581973, 49.521591], [-115.1580874, 49.5217355], [-115.157972, 49.5217877], [-115.1578004, 49.5218156], [-115.1576917, 49.5218217], [-115.1576113, 49.5218382], [-115.1575643, 49.5218557], [-115.1574141, 49.5219236], [-115.1572693, 49.5220245], [-115.1571352, 49.5220855], [-115.1569313, 49.5221534], [-115.1564083, 49.5223084], [-115.1562098, 49.5223884], [-115.1559335, 49.5225417], [-115.1558504, 49.5225695], [-115.1557565, 49.5225817], [-115.1556787, 49.5226009], [-115.1556626, 49.52262], [-115.1556787, 49.5226374], [-115.1557619, 49.5226583], [-115.1558611, 49.5226757], [-115.1559335, 49.5226914], [-115.1559577, 49.5227106], [-115.1559577, 49.5227384], [-115.1559228, 49.5227593], [-115.1553622, 49.5228812], [-115.1552657, 49.522916], [-115.1552362, 49.5229526], [-115.155271, 49.52297], [-115.1553086, 49.5229891], [-115.155322, 49.5230153], [-115.1553032, 49.5230344], [-115.1551852, 49.5230553], [-115.1548553, 49.5230971], [-115.1544744, 49.5231058], [-115.1543832, 49.5231441], [-115.1544047, 49.5231737], [-115.1544449, 49.523212], [-115.1544342, 49.5232538], [-115.1543269, 49.5232695], [-115.1542384, 49.523259], [-115.1541821, 49.5232451], [-115.1541472, 49.5232486], [-115.1541284, 49.5232677], [-115.1541445, 49.5233113], [-115.1541821, 49.5233635], [-115.154174, 49.5233983], [-115.1541445, 49.5234192], [-115.1538736, 49.5236647], [-115.154107, 49.5237117], [-115.1542545, 49.5237169], [-115.1543618, 49.5236769], [-115.1544932, 49.5236386], [-115.1546541, 49.5236125], [-115.1547856, 49.5236125], [-115.1549733, 49.5236403], [-115.1552684, 49.5237239], [-115.1558263, 49.523844], [-115.1560408, 49.5238736], [-115.1562742, 49.523898], [-115.1565236, 49.5239189], [-115.1567221, 49.5239642], [-115.157111, 49.5240599], [-115.15717, 49.5240704], [-115.157272, 49.5240669], [-115.1581437, 49.524046], [-115.1584709, 49.524053]]}}, {"type": "Feature", "properties": {"name": "Tendonitis", "difficulty": "intermediate", "area": "Fernie", "osm_id": 967637883, "highway": "path", "stroke": "#3b82f6"}, "geometry": {"type": "LineString", "coordinates": [[-115.0622745, 49.4841949], [-115.0625373, 49.4842402], [-115.0626128, 49.4843024], [-115.0626801, 49.4842974], [-115.0627972, 49.4842227], [-115.0628284, 49.4842176], [-115.0629142, 49.4842588], [-115.0629662, 49.4842491], [-115.0630696, 49.4841575], [-115.0631331, 49.4841564], [-115.0632544, 49.4842132], [-115.063332, 49.4841791], [-115.0634245, 49.4842197], [-115.063578, 49.4843331], [-115.0635892, 49.4844578], [-115.0636672, 49.4845723], [-115.0637647, 49.4846676], [-115.0640078, 49.4848079], [-115.0641681, 49.4848359], [-115.0644426, 49.4849811], [-115.0644955, 49.4850381], [-115.0646216, 49.4850929], [-115.0647745, 49.4851882], [-115.0649083, 49.4853449], [-115.0651895, 49.4855401], [-115.0652893, 49.4857244], [-115.065313, 49.4857931], [-115.065337, 49.4860019], [-115.0653309, 49.4861176], [-115.0653269, 49.4862133], [-115.0653613, 49.4863122], [-115.0654555, 49.4864114], [-115.0654747, 49.4865225], [-115.0654215, 49.4865831], [-115.0653252, 49.4866374], [-115.0651565, 49.486671], [-115.0650768, 49.4867098], [-115.0651023, 49.4867627], [-115.0652885, 49.4868447], [-115.0655243, 49.4869703], [-115.0656671, 49.4870936], [-115.0657579, 49.487136], [-115.0659972, 49.4871144], [-115.0661407, 49.4871317], [-115.0662962, 49.4871267], [-115.066582, 49.4874531], [-115.0665438, 49.4876749], [-115.0666275, 49.4877896], [-115.0666247, 49.4878944], [-115.0665514, 49.4880027], [-115.0663929, 49.4881622]]}}, {"type": "Feature", "properties": {"name": "Tendonitis Loop", "difficulty": "intermediate", "area": "Fernie", "osm_id": 988858252, "highway": "path", "stroke": "#3b82f6"}, "geometry": {"type": "LineString", "coordinates": [[-115.0655697, 49.487754], [-115.0655954, 49.4878491], [-115.065772, 49.4880648], [-115.0658396, 49.4881672], [-115.0658228, 49.4882728], [-115.0656778, 49.488545], [-115.0655301, 49.4886877], [-115.0652645, 49.4887954], [-115.0652134, 49.4888593], [-115.0652574, 49.4888606], [-115.065427, 49.4887993], [-115.0656014, 49.4887538], [-115.065843, 49.488641], [-115.0660155, 49.4885232], [-115.0661682, 49.4883774], [-115.0662915, 49.4882616], [-115.0663929, 49.4881622]]}}, {"type": "Feature", "properties": {"name": "Three Kings", "difficulty": "intermediate", "area": "Fernie", "osm_id": [647721770, 647721771, 647721772], "highway": "path", "stroke": "#3b82f6"}, "geometry": {"type": "MultiLineString", "coordinates": [[[-115.0273358, 49.4539804], [-115.0275362, 49.453983], [-115.0276918, 49.453949], [-115.0278567, 49.4538976], [-115.0280498, 49.4538793], [-115.0282135, 49.4538584], [-115.0282644, 49.4538497], [-115.0283181, 49.4538636], [-115.0284549, 49.4539386], [-115.0286641, 49.4540415], [-115.0288196, 49.4540955], [-115.0289752, 49.4541147], [-115.0292166, 49.4541112], [-115.0293588, 49.4540938], [-115.0295009, 49.4540449], [-115.0295412, 49.4540293], [-115.0295841, 49.4540223], [-115.0296377, 49.4540205], [-115.0297396, 49.4540136], [-115.0297986, 49.4539961], [-115.0298442, 49.4539613], [-115.029863, 49.4539072], [-115.0298711, 49.4538253], [-115.0298845, 49.4537782], [-115.0299006, 49.453752], [-115.0299569, 49.4537224], [-115.0300213, 49.4537137], [-115.0300883, 49.4537224], [-115.0301715, 49.453745], [-115.0303485, 49.45382], [-115.0303941, 49.4538305], [-115.0304397, 49.4538357], [-115.0306543, 49.453834], [-115.0306878, 49.4538305], [-115.0307079, 49.4538244], [-115.0307294, 49.4538104], [-115.0309963, 49.4534669], [-115.0310311, 49.4534443], [-115.031074, 49.4534268], [-115.0311196, 49.4534024], [-115.0311518, 49.4533658], [-115.0312403, 49.453249], [-115.031294, 49.453188], [-115.0313315, 49.4531618], [-115.0313771, 49.4531461], [-115.0314388, 49.4531322], [-115.0315112, 49.4531339], [-115.0316561, 49.4531461], [-115.031707, 49.4531548], [-115.0317419, 49.4531688], [-115.0320745, 49.4533815], [-115.0321013, 49.4533876], [-115.0321442, 49.4533885], [-115.0323736, 49.453392], [-115.0324044, 49.4533972], [-115.0324312, 49.453405], [-115.032513, 49.4534251], [-115.0325653, 49.4534329], [-115.0326163, 49.4534321], [-115.0326632, 49.4534225], [-115.0327129, 49.4534033], [-115.0327866, 49.4533571], [-115.0330817, 49.4531208], [-115.0331085, 49.4531034], [-115.0331393, 49.4530955], [-115.033189, 49.4530886], [-115.0332372, 49.4530799], [-115.0332855, 49.4530677], [-115.0333137, 49.4530485], [-115.0339108, 49.4526813], [-115.0340741, 49.4526527], [-115.0341626, 49.4526405], [-115.0342431, 49.4526195], [-115.0343772, 49.4525585], [-115.0344442, 49.4525463], [-115.0344979, 49.4525533], [-115.0346374, 49.4526108], [-115.0346628, 49.4526187], [-115.0346897, 49.4526152], [-115.0347192, 49.4526056], [-115.0347621, 49.4525733], [-115.0348063, 49.4525419], [-115.0348627, 49.4525193], [-115.0350169, 49.4524757], [-115.0350853, 49.4524504], [-115.0351403, 49.4524251], [-115.0351805, 49.4523885], [-115.0352113, 49.4523362], [-115.0353897, 49.4520807], [-115.0354729, 49.4519953], [-115.0355734, 49.4519107], [-115.0357035, 49.4518549], [-115.035835, 49.4518114], [-115.0359677, 49.4517852], [-115.0360469, 49.4517747], [-115.0361139, 49.4517747], [-115.0361904, 49.4517878], [-115.0362467, 49.4518018], [-115.036295, 49.4518009], [-115.0363486, 49.4517852], [-115.0363929, 49.4517634], [-115.0366718, 49.4515855], [-115.0368153, 49.4514443], [-115.0370379, 49.4512978], [-115.0371787, 49.4512429], [-115.0372887, 49.4512202], [-115.0373531, 49.4512194], [-115.0374, 49.4512263], [-115.0374523, 49.4512403], [-115.0376387, 49.45129], [-115.0377112, 49.4512961], [-115.0377715, 49.4512856]], [[-115.024082, 49.453855], [-115.0243672, 49.4540929], [-115.0244155, 49.4541173], [-115.0244798, 49.4541208], [-115.0245603, 49.4540964], [-115.0247856, 49.4539899], [-115.0249848, 49.4539566], [-115.0251782, 49.453967], [-115.0253876, 49.4539635], [-115.0256016, 49.4538597], [-115.0258286, 49.4538599], [-115.026049, 49.4539234], [-115.026116, 49.4539691], [-115.026183, 49.4539813], [-115.0262796, 49.4540162], [-115.0263627, 49.4540336], [-115.0264459, 49.4540249], [-115.0269611, 49.4539516]], [[-115.0182484, 49.4552833], [-115.0185226, 49.4551425], [-115.0189008, 49.45501], [-115.0189464, 49.4549769], [-115.0190081, 49.4549159], [-115.0192093, 49.4547398], [-115.0193622, 49.454677], [-115.0195204, 49.4546421], [-115.0198557, 49.454548], [-115.0198959, 49.4545236], [-115.0199362, 49.4544991], [-115.0200139, 49.4544782], [-115.020073, 49.4544782], [-115.0201212, 49.454473], [-115.0201829, 49.4544521], [-115.020258, 49.4544155], [-115.0203358, 49.4543998], [-115.0204109, 49.454398], [-115.020478, 49.454412], [-115.0206604, 49.4544643], [-115.0207408, 49.454473], [-115.0208401, 49.4544712], [-115.0209259, 49.4544678], [-115.020993, 49.4544817], [-115.0210493, 49.4545166], [-115.0212156, 49.4546247], [-115.0212665, 49.4546334], [-115.0213604, 49.4546264], [-115.0217783, 49.4545316], [-115.022344, 49.4543725], [-115.0226089, 49.4543028], [-115.0228862, 49.4542256], [-115.0230409, 49.4540998], [-115.0236513, 49.4538971], [-115.0239084, 49.4538339], [-115.024082, 49.453855]]]}}, {"type": "Feature", "properties": {"name": "Today's Special", "difficulty": "intermediate", "area": "Fernie", "osm_id": [647721756, 1388108519], "highway": "path", "stroke": "#3b82f6"}, "geometry": {"type": "MultiLineString", "coordinates": [[[-115.0330832, 49.4766334], [-115.0332547, 49.4769308], [-115.0332976, 49.4770702], [-115.0332869, 49.4772096], [-115.033252, 49.4772898], [-115.0332279, 49.4773334], [-115.0332279, 49.4773978], [-115.0332627, 49.4774379], [-115.0333302, 49.4774854], [-115.0334827, 49.4774222], [-115.0336199, 49.4773078], [-115.0337447, 49.4771489], [-115.0337893, 49.4770836], [-115.0338528, 49.4770405], [-115.0339314, 49.4770886], [-115.0340079, 49.4772237], [-115.0340735, 49.4772458], [-115.0341165, 49.4772035], [-115.034151, 49.4771393], [-115.034181, 49.4770775], [-115.0342406, 49.4770389], [-115.03437, 49.4770698], [-115.0344782, 49.4770082], [-115.034539, 49.4770374], [-115.0346177, 49.477089], [-115.0347307, 49.47712], [-115.0348023, 49.4770335], [-115.0349526, 49.4770704], [-115.0351247, 49.4770035], [-115.035267, 49.4769488], [-115.0353786, 49.4769259], [-115.0354572, 49.4769326], [-115.0355319, 49.4769447], [-115.0356065, 49.4769405], [-115.0356812, 49.4768993], [-115.0357554, 49.4768561], [-115.0358185, 49.4768133], [-115.0358837, 49.4768023], [-115.0359932, 49.476821], [-115.03609, 49.4767295], [-115.0362664, 49.4766873], [-115.0364116, 49.476563], [-115.0364706, 49.476523], [-115.0365538, 49.4764916], [-115.0367094, 49.476448], [-115.0370688, 49.4762581], [-115.0372887, 49.4761186], [-115.0376133, 49.4758433], [-115.0376723, 49.475791], [-115.0377232, 49.4757683], [-115.0377796, 49.4757457], [-115.0378252, 49.4757317], [-115.0378869, 49.4756986], [-115.0379164, 49.4756655], [-115.0382194, 49.475411], [-115.0384045, 49.4753152], [-115.0388873, 49.4749213], [-115.0389195, 49.474883], [-115.0389678, 49.4748133], [-115.0390402, 49.4747052], [-115.0391099, 49.4746163], [-115.0392736, 49.4744978], [-115.039751, 49.4741457], [-115.0398744, 49.4740969], [-115.0399575, 49.4740725], [-115.0400273, 49.4740359], [-115.0400943, 49.4739627], [-115.0403974, 49.4736874], [-115.0406924, 49.4734922], [-115.0412584, 49.4731959], [-115.0419209, 49.4728926], [-115.0424198, 49.472612], [-115.0426129, 49.4724882], [-115.0426692, 49.4724534], [-115.0426987, 49.4724168], [-115.0427229, 49.4723749], [-115.0427658, 49.4723279], [-115.0428168, 49.4722878], [-115.0428865, 49.4722529], [-115.0429884, 49.4722163], [-115.0431091, 49.4721885], [-115.043203, 49.4721623], [-115.0432459, 49.4721379], [-115.0432647, 49.4721187], [-115.0432861, 49.4720943], [-115.0432861, 49.472063], [-115.0432754, 49.4719584], [-115.0432754, 49.47192], [-115.0432861, 49.4718834], [-115.043321, 49.4718521], [-115.0435919, 49.4717335], [-115.0436402, 49.4717057], [-115.0436804, 49.4716621], [-115.043726, 49.4715906], [-115.0439379, 49.4712961], [-115.044182, 49.4710085], [-115.0445182, 49.4707977], [-115.0446475, 49.4706743], [-115.0449286, 49.4705201], [-115.0450296, 49.4703967], [-115.0450618, 49.4703662], [-115.0450913, 49.4703557], [-115.0451235, 49.470354], [-115.045169, 49.4703636], [-115.0451945, 49.4703888], [-115.0452053, 49.4704219], [-115.0451932, 49.4705352], [-115.0451945, 49.4705684], [-115.0451999, 49.4705779], [-115.0452173, 49.4705823], [-115.0452401, 49.4705762], [-115.0453353, 49.4705361], [-115.0453702, 49.4705352], [-115.0454172, 49.4705527], [-115.0455459, 49.4706651], [-115.0457161, 49.4708499], [-115.0458184, 49.4708718], [-115.0459242, 49.470883], [-115.0459927, 49.4708683], [-115.046076, 49.4708342], [-115.0461203, 49.470815], [-115.0461591, 49.4708193], [-115.0461832, 49.4708638], [-115.0462041, 49.4709166], [-115.0462955, 49.4709587], [-115.0463454, 49.4710307], [-115.0463532, 49.4711008], [-115.0463791, 49.4711399], [-115.0466295, 49.4711892], [-115.0466903, 49.4712032], [-115.0467049, 49.4712375], [-115.0467249, 49.4712716], [-115.0467247, 49.4713144], [-115.0467582, 49.4713371], [-115.0468106, 49.4713292], [-115.0469138, 49.4712995], [-115.0471177, 49.4712237], [-115.0471633, 49.4711897], [-115.0472008, 49.4711479], [-115.0476407, 49.4707252], [-115.0478472, 49.4705562], [-115.0479357, 49.4704812], [-115.047984, 49.4704167], [-115.0480189, 49.4703575], [-115.0480538, 49.470225], [-115.0480806, 49.4701291], [-115.0481289, 49.4700594], [-115.0482147, 49.4699775], [-115.0485146, 49.4698037], [-115.0485913, 49.4697142], [-115.0486476, 49.4696919], [-115.0487082, 49.4697299], [-115.0487565, 49.4698136], [-115.0487914, 49.4698572], [-115.0488343, 49.4700821], [-115.0488906, 49.4701919], [-115.0490515, 49.4703383], [-115.0492581, 49.470462], [-115.0497688, 49.4706676], [-115.0499064, 49.4707394], [-115.0500228, 49.4707529], [-115.0501516, 49.4706884]], [[-115.0354099, 49.4825176], [-115.0348721, 49.4823255], [-115.0350446, 49.4822223], [-115.0349618, 49.4820295], [-115.0349204, 49.4818278], [-115.0349549, 49.4816888], [-115.0349411, 49.4815229], [-115.0352309, 49.4811149], [-115.0353276, 49.4807293], [-115.0355691, 49.4806217], [-115.0359109, 49.480192], [-115.0356399, 49.4802119], [-115.035882, 49.4801061], [-115.035438, 49.4801688], [-115.0355622, 49.4799805], [-115.0358106, 49.4798505], [-115.036066, 49.4797429], [-115.0362178, 49.4795635], [-115.0362247, 49.4793618], [-115.0361143, 49.4793079], [-115.0358866, 49.4793618], [-115.0354863, 49.4794649], [-115.0352102, 49.4794469], [-115.035017, 49.4793797], [-115.0347755, 49.4791779], [-115.0345339, 49.4791107], [-115.0343338, 49.4789896], [-115.0340854, 49.4788999], [-115.0337127, 49.4786354], [-115.0336368, 49.4785457], [-115.0334229, 49.4784829], [-115.0331123, 49.4783125], [-115.033064, 49.4781915], [-115.0331399, 49.4779449], [-115.0329973, 49.4779578], [-115.0330847, 49.4777476], [-115.0332089, 49.4775413], [-115.0333302, 49.4774854]]]}}, {"type": "Feature", "properties": {"name": "Top Gun", "difficulty": "intermediate", "area": "Fernie", "osm_id": 648385876, "highway": "path", "stroke": "#3b82f6"}, "geometry": {"type": "LineString", "coordinates": [[-115.1043477, 49.4607664], [-115.1046761, 49.4610903], [-115.1046324, 49.4611756], [-115.1045761, 49.4611913], [-115.1045037, 49.4611913], [-115.1044152, 49.4611704], [-115.1036347, 49.4608583], [-115.1035462, 49.4608392], [-115.1034845, 49.4608374], [-115.1034576, 49.4608549], [-115.1034415, 49.4608915], [-115.1034523, 49.4609525], [-115.1036025, 49.4611512], [-115.1037822, 49.46135], [-115.1037849, 49.4613883], [-115.1037661, 49.4614145], [-115.1037232, 49.4614354], [-115.1036695, 49.4614441], [-115.1035783, 49.4614354], [-115.1034415, 49.4614058], [-115.1033799, 49.4614058], [-115.1033235, 49.461418], [-115.1032752, 49.4614424], [-115.1030124, 49.4616638], [-115.1028863, 49.4617997], [-115.1028448, 49.461825], [-115.1028112, 49.4618364], [-115.1027764, 49.461839], [-115.1027442, 49.4618381], [-115.1025779, 49.4617553], [-115.1019556, 49.4614781], [-115.1017839, 49.4614363], [-115.101572, 49.4614049], [-115.1006933, 49.4613417], [-115.1002933, 49.4613129], [-115.0998635, 49.4612323], [-115.0997616, 49.4612027], [-115.0996462, 49.4611922], [-115.0995658, 49.4612061], [-115.099319, 49.4612881], [-115.0991929, 49.4613247], [-115.099083, 49.4613456], [-115.098973, 49.4613456], [-115.0988764, 49.4613317], [-115.098737, 49.4612985], [-115.098568, 49.4612654], [-115.0984875, 49.4612654], [-115.0984097, 49.4612846], [-115.0981603, 49.4613805], [-115.098061, 49.4614136], [-115.0979645, 49.461431], [-115.0978974, 49.461438], [-115.0978277, 49.4614258], [-115.0975729, 49.4613561], [-115.0975192, 49.4613491], [-115.0974522, 49.4613526], [-115.0973744, 49.461377], [-115.0972349, 49.461438], [-115.0971518, 49.4614711], [-115.0970767, 49.4614851], [-115.0970069, 49.4614851], [-115.0969345, 49.4614764], [-115.0968862, 49.4614502], [-115.0967655, 49.4613404], [-115.096677, 49.4612846], [-115.0963552, 49.4611033], [-115.0959555, 49.4607372], [-115.0958536, 49.4605803], [-115.0958026, 49.4605454], [-115.0957356, 49.4605001], [-115.0956926, 49.46046], [-115.0956717, 49.4604286], [-115.0956578, 49.4604077], [-115.0956578, 49.4603432], [-115.0956658, 49.4600067], [-115.0956685, 49.459937], [-115.095647, 49.4598969], [-115.095234, 49.4594227], [-115.0951321, 49.4593355], [-115.0950114, 49.4592762], [-115.0942389, 49.4590583], [-115.0940055, 49.4590356], [-115.0938151, 49.4590548], [-115.0933538, 49.4591368], [-115.093048, 49.459149], [-115.0927503, 49.4591263], [-115.0925437, 49.4591176], [-115.0923882, 49.4590967], [-115.0920717, 49.4590008], [-115.0917096, 49.4589136], [-115.0916371, 49.4589084], [-115.091554, 49.4589293], [-115.091318, 49.4589955], [-115.0910792, 49.4591054], [-115.0908057, 49.4593181], [-115.0904006, 49.4597731], [-115.0903685, 49.4598446], [-115.090347, 49.4599318], [-115.090347, 49.4600032], [-115.0903658, 49.4600625], [-115.0904945, 49.4602525], [-115.0907386, 49.4605785], [-115.0907467, 49.4606326], [-115.0907118, 49.4606884], [-115.0906206, 49.4607651], [-115.0905079, 49.4608087], [-115.0903738, 49.4608261], [-115.0902478, 49.4608244], [-115.0901217, 49.4608453], [-115.09006, 49.4608732], [-115.0900278, 49.4609185], [-115.0900037, 49.4610126], [-115.0900198, 49.4610841], [-115.0901727, 49.4615635], [-115.0902075, 49.4616176], [-115.0902504, 49.4616507], [-115.0904677, 49.461832], [-115.090565, 49.4619366], [-115.0906722, 49.4620874], [-115.0906894, 49.4622112], [-115.0907173, 49.4623011]]}}, {"type": "Feature", "properties": {"name": "Trac III", "difficulty": "intermediate", "area": "Fernie", "osm_id": 1449279029, "highway": "path", "stroke": "#3b82f6"}, "geometry": {"type": "LineString", "coordinates": [[-115.1025009, 49.4647791], [-115.10235, 49.4648791], [-115.1021748, 49.4649084], [-115.1018995, 49.4648303], [-115.1017493, 49.4647685], [-115.1015039, 49.4647913], [-115.1013738, 49.4648466], [-115.1010884, 49.4648271], [-115.1009432, 49.4648531], [-115.1006979, 49.4648401], [-115.1005627, 49.464762], [-115.1003424, 49.4648336], [-115.1001172, 49.4648141], [-115.0998618, 49.4647457], [-115.0995664, 49.4647522], [-115.0993989, 49.4647752]]}}, {"type": "Feature", "properties": {"name": "Trail Dogs", "difficulty": "intermediate", "area": "Fernie", "osm_id": 1387404120, "highway": "path", "stroke": "#3b82f6"}, "geometry": {"type": "LineString", "coordinates": [[-115.0206863, 49.5077562], [-115.0207984, 49.5076716], [-115.0208127, 49.5075375], [-115.0209447, 49.5071874], [-115.0209217, 49.5069136], [-115.0210651, 49.5067702], [-115.0211168, 49.506623], [-115.0211942, 49.5064722], [-115.0211799, 49.5062505], [-115.0212315, 49.5059767], [-115.0212402, 49.5057055], [-115.02107, 49.5053523], [-115.0210243, 49.5050504], [-115.0212526, 49.5047943], [-115.0213647, 49.5046703], [-115.0214228, 49.5045167], [-115.0214934, 49.5045005], [-115.021564, 49.5047162], [-115.0217508, 49.5050666], [-115.0218255, 49.5050801], [-115.0219251, 49.5048321], [-115.0220829, 49.5046191], [-115.0222323, 49.5044304], [-115.0222904, 49.5042498], [-115.0223112, 49.50377], [-115.0224108, 49.5035786], [-115.0224399, 49.5034357], [-115.0225353, 49.5033009], [-115.0226848, 49.5031688], [-115.0227512, 49.502999], [-115.0229131, 49.5032713], [-115.0229795, 49.5035004], [-115.023158, 49.5038616], [-115.0232742, 49.5036433], [-115.023349, 49.5034114], [-115.0235108, 49.5031634], [-115.0235275, 49.5029666], [-115.0236686, 49.5027672], [-115.0236146, 49.5025946], [-115.0236976, 49.5021714], [-115.0237641, 49.5021471], [-115.0238886, 49.5022819], [-115.0239924, 49.5025003], [-115.0240879, 49.5023897], [-115.0241501, 49.5020069], [-115.0242788, 49.5016565], [-115.0242871, 49.5014166], [-115.0244158, 49.5011173], [-115.0246773, 49.5006267], [-115.0247188, 49.5005188], [-115.024723, 49.5002681], [-115.0248641, 49.5005296], [-115.0249264, 49.5007561], [-115.0250343, 49.5006779], [-115.0250426, 49.5004541], [-115.0250841, 49.5001522], [-115.0251339, 49.4998314], [-115.0252409, 49.4996643], [-115.0252543, 49.4993892], [-115.0254222, 49.4994864], [-115.0254464, 49.4993295], [-115.0255534, 49.4991143], [-115.0256948, 49.4987087], [-115.025788, 49.4989463], [-115.0260813, 49.4985429], [-115.0263539, 49.4980499], [-115.0264367, 49.4978235], [-115.026523, 49.4978078], [-115.0266886, 49.4980319], [-115.026799, 49.498014], [-115.0268404, 49.4976375], [-115.027082, 49.4972162], [-115.0270854, 49.4967075], [-115.0270854, 49.4965349], [-115.0269232, 49.4961741], [-115.0267749, 49.4959701], [-115.0268301, 49.4958626], [-115.0267783, 49.4957236], [-115.0270136, 49.4957373], [-115.027235, 49.4958048], [-115.0275305, 49.4959455], [-115.0276788, 49.4959404]]}}, {"type": "Feature", "properties": {"name": "Trevor's Trail", "difficulty": "intermediate", "area": "Fernie", "osm_id": 1377039415, "highway": "path"}, "geometry": {"type": "LineString", "coordinates": [[-115.0764052, 49.5226001], [-115.0763872, 49.5226576], [-115.0764249, 49.5227694], [-115.0764933, 49.5229042], [-115.0764509, 49.5230206], [-115.0763353, 49.5231186], [-115.0760852, 49.5231201], [-115.0756888, 49.5230543], [-115.0753632, 49.5230068], [-115.0751319, 49.5230053], [-115.0749054, 49.5231064], [-115.0746813, 49.5232641], [-115.0745326, 49.5233774], [-115.0742259, 49.523451], [-115.073964, 49.5236057], [-115.07378, 49.5237849], [-115.0736478, 49.5239181], [-115.0735511, 49.5240651], [-115.0734378, 49.5241126], [-115.0732208, 49.5241754], [-115.0730462, 49.5242796], [-115.0728598, 49.5243898], [-115.0726663, 49.5244358], [-115.0725011, 49.5245644], [-115.0722605, 49.5246104], [-115.0720127, 49.5246487], [-115.0717555, 49.5247972], [-115.0716054, 49.5248626], [-115.0715479, 49.5248876], [-115.0713025, 49.5250025], [-115.0711987, 49.5250974], [-115.0712247, 49.5251663], [-115.0712978, 49.5252705], [-115.0712719, 49.52539], [-115.0711326, 49.5256044], [-115.0710501, 49.5257652], [-115.0708896, 49.5259], [-115.0705853, 49.5260592], [-115.0703163, 49.5261787], [-115.0701464, 49.5262323], [-115.0700213, 49.526292], [-115.0698892, 49.5264437], [-115.0697783, 49.5265907], [-115.0696438, 49.5266734], [-115.0694503, 49.5267147], [-115.0693135, 49.5267147], [-115.0692262, 49.5266458], [-115.0692592, 49.5265141], [-115.0692907, 49.5263148]]}}, {"type": "Feature", "properties": {"name": "Up Dog", "difficulty": "intermediate", "area": "Fernie", "osm_id": [1364139035, 1387404118], "highway": "path", "stroke": "#3b82f6"}, "geometry": {"type": "MultiLineString", "coordinates": [[[-115.0274688, 49.4948058], [-115.0273588, 49.4947693], [-115.0270396, 49.4946856], [-115.0265783, 49.4945236], [-115.0264013, 49.4944609], [-115.0262135, 49.494426], [-115.0260633, 49.4944173], [-115.0258782, 49.4944173], [-115.0257173, 49.4944417], [-115.0254219, 49.4945349]], [[-115.0207339, 49.507808], [-115.0208349, 49.5077552], [-115.0209295, 49.5077273], [-115.0210213, 49.5076584], [-115.0211217, 49.5076286], [-115.0212078, 49.5075597], [-115.021354, 49.5075448], [-115.0213856, 49.5075206], [-115.0213684, 49.507407], [-115.0213999, 49.5073809], [-115.0216409, 49.5073976], [-115.0216724, 49.5073697], [-115.0216208, 49.5073101], [-115.0216609, 49.5072896], [-115.0220826, 49.5072058], [-115.0220998, 49.507163], [-115.021856, 49.5071276], [-115.0218416, 49.5070792], [-115.022117, 49.506986], [-115.0224268, 49.5069115], [-115.0226333, 49.5068985], [-115.0228427, 49.5069302], [-115.0228943, 49.5069208], [-115.0228799, 49.5068948], [-115.0227251, 49.5068091], [-115.0226046, 49.5067644], [-115.0224813, 49.5067346], [-115.0224755, 49.5067029], [-115.0228398, 49.5066489], [-115.0228398, 49.5066247], [-115.0225587, 49.5065744], [-115.0228341, 49.5065055], [-115.0226161, 49.5064981], [-115.0223665, 49.5065148], [-115.0223379, 49.506485], [-115.022401, 49.5063584], [-115.0222289, 49.50612], [-115.0221858, 49.5060119], [-115.0220109, 49.5058108], [-115.0222604, 49.5058816], [-115.0221715, 49.505781], [-115.0220367, 49.5056618], [-115.0220166, 49.5055761], [-115.0220883, 49.505496], [-115.0222575, 49.5054196], [-115.022292, 49.5053843], [-115.0223292, 49.5052222], [-115.0224354, 49.5053228], [-115.0225185, 49.5052017], [-115.0225817, 49.5051961], [-115.0226401, 49.5052626], [-115.0227021, 49.5052781], [-115.0227824, 49.505211], [-115.0228226, 49.5051533], [-115.0229, 49.5051775], [-115.0230348, 49.5050155], [-115.0231955, 49.5050602], [-115.0231582, 49.5048404], [-115.0231553, 49.5046765], [-115.0231209, 49.5045927], [-115.0231696, 49.5044902], [-115.0232012, 49.5043971], [-115.0232471, 49.5043915], [-115.0233016, 49.5045778], [-115.0235482, 49.5042183], [-115.023663, 49.5044623], [-115.0237203, 49.5042686], [-115.0238236, 49.5040655], [-115.0239039, 49.5042462], [-115.0239555, 49.5040637], [-115.0239613, 49.5038066], [-115.0238523, 49.5035347], [-115.0238379, 49.5033], [-115.0239039, 49.503164], [-115.0239613, 49.5031678], [-115.0240645, 49.5032665], [-115.0241649, 49.5034006], [-115.0241936, 49.5032628], [-115.0242452, 49.5031696], [-115.0242424, 49.5030374], [-115.0243313, 49.5030318], [-115.0243915, 49.5027896], [-115.0244948, 49.5028623], [-115.0245234, 49.5026686], [-115.0246124, 49.5024897], [-115.0246124, 49.5023556], [-115.0247414, 49.5021675], [-115.024839, 49.5020241], [-115.0249393, 49.5019682], [-115.024991, 49.5019067], [-115.0251344, 49.5017894], [-115.0251631, 49.501631], [-115.0253151, 49.501333], [-115.0253323, 49.5011262], [-115.0252893, 49.5009474], [-115.0253093, 49.5007761], [-115.0253753, 49.5006662], [-115.0254441, 49.5006065], [-115.0254614, 49.5004762], [-115.0255388, 49.5003439], [-115.0255643, 49.5002219], [-115.0255512, 49.5001469], [-115.025577, 49.5000503], [-115.0255164, 49.499888], [-115.0255388, 49.4998335], [-115.0256478, 49.4998675], [-115.0256449, 49.4997571], [-115.0257052, 49.4996379], [-115.0258256, 49.4995448], [-115.02586, 49.4994889], [-115.0257912, 49.4993995], [-115.0257883, 49.4992728], [-115.0259633, 49.4994032], [-115.0261612, 49.4995317], [-115.0262014, 49.4995094], [-115.0260637, 49.4992803], [-115.0261067, 49.4992691], [-115.0262845, 49.4994125], [-115.0264882, 49.4994572], [-115.0266316, 49.4994572], [-115.0266459, 49.4994218], [-115.0265226, 49.4992635], [-115.0264308, 49.4991294], [-115.0264595, 49.4990921], [-115.0267951, 49.499107], [-115.0271221, 49.4990809], [-115.0274003, 49.4990586], [-115.0276756, 49.4990269], [-115.0276871, 49.4990008], [-115.0276527, 49.4989654], [-115.0272856, 49.4987643], [-115.0272827, 49.4987307], [-115.0276039, 49.4986413], [-115.0278305, 49.4986171], [-115.0278535, 49.4985742], [-115.0276642, 49.4984979], [-115.0273142, 49.4983898], [-115.0272253, 49.4983377], [-115.0271708, 49.498075], [-115.0271507, 49.4979465], [-115.0273458, 49.4980489], [-115.0272913, 49.4978217], [-115.0274806, 49.4979223], [-115.0274577, 49.4977807], [-115.0274003, 49.4975776], [-115.0274003, 49.4973243], [-115.0274577, 49.4971734], [-115.027538, 49.4972069], [-115.0275781, 49.4971119], [-115.0276241, 49.4970006], [-115.0275327, 49.4967606], [-115.0275535, 49.4966043], [-115.0275452, 49.4964155], [-115.0274788, 49.4963104], [-115.0273003, 49.4962187], [-115.0275244, 49.4962565], [-115.027678, 49.4963239], [-115.0277777, 49.4963266], [-115.0277818, 49.4962645], [-115.0276282, 49.4961243], [-115.0274788, 49.4961082], [-115.0274663, 49.496003], [-115.027235, 49.4958048], [-115.0270637, 49.4956579], [-115.0268644, 49.4955851], [-115.0267399, 49.4954126], [-115.0269059, 49.4955258], [-115.0270305, 49.4955474], [-115.0269433, 49.4954692], [-115.0268769, 49.4953155], [-115.0267108, 49.4952292], [-115.0265572, 49.4950863], [-115.0261802, 49.4949575], [-115.0259705, 49.4948148], [-115.0253413, 49.4946753], [-115.0256659, 49.4946202], [-115.0254219, 49.4945349]]]}}, {"type": "Feature", "properties": {"name": "Uprooted", "difficulty": "intermediate", "area": "Fernie", "osm_id": 1359875710, "highway": "path", "stroke": "#3b82f6"}, "geometry": {"type": "LineString", "coordinates": [[-115.0435124, 49.481337], [-115.0435256, 49.4815549], [-115.043551, 49.481663], [-115.04367, 49.481746], [-115.043826, 49.481801], [-115.044067, 49.48183], [-115.044519, 49.481854], [-115.044844, 49.481905], [-115.0449125, 49.481917], [-115.0449809, 49.4819536], [-115.0449787, 49.482014], [-115.0449978, 49.4820576], [-115.0450591, 49.4820938], [-115.0452179, 49.4821452], [-115.0452325, 49.4821799], [-115.045189, 49.4822673], [-115.0452666, 49.4823229], [-115.0455212, 49.4823679], [-115.0458577, 49.4823647], [-115.0459228, 49.4823947], [-115.0460306, 49.4825388], [-115.046264, 49.482697], [-115.046417, 49.482823], [-115.0465982, 49.4829379], [-115.046731, 49.483022], [-115.046904, 49.483108], [-115.0472146, 49.483192], [-115.0473628, 49.4832599], [-115.047523, 49.483482], [-115.0477738, 49.4836171], [-115.0478831, 49.4837889], [-115.0480748, 49.4838045], [-115.0481989, 49.4839453], [-115.0482276, 49.4840859], [-115.0481903, 49.4841805], [-115.04821, 49.4842532], [-115.0483363, 49.4843165], [-115.0482802, 49.4844287], [-115.0484888, 49.4844489], [-115.048471, 49.48451], [-115.048516, 49.484629], [-115.048586, 49.484733], [-115.0485447, 49.4848769], [-115.0485767, 49.484939], [-115.0486848, 49.4849966], [-115.0487091, 49.4850361], [-115.0486502, 49.485175], [-115.048796, 49.485267], [-115.0488, 49.485432], [-115.048828, 49.485515], [-115.048915, 49.485616], [-115.0489483, 49.4856943], [-115.048882, 49.485807], [-115.048879, 49.485874], [-115.0489665, 49.4859071], [-115.0491678, 49.4858783], [-115.0493249, 49.4858256], [-115.0493811, 49.485852], [-115.049379, 49.485925], [-115.0493044, 49.486053], [-115.049223, 49.486136], [-115.0491584, 49.4862007], [-115.0491762, 49.486256], [-115.0492951, 49.486271], [-115.049589, 49.486189], [-115.0497961, 49.4861275], [-115.0499348, 49.4864065]]}}, {"type": "Feature", "properties": {"name": "Verboten", "difficulty": "advanced", "area": "Fernie", "osm_id": 357021437, "highway": "path", "stroke": "#0a0a0a"}, "geometry": {"type": "LineString", "coordinates": [[-115.114108, 49.48574], [-115.114002, 49.48568], [-115.113879, 49.485654], [-115.113746, 49.485683], [-115.113348, 49.485891], [-115.113246, 49.485979], [-115.113041, 49.486264], [-115.112908, 49.48635], [-115.112745, 49.486389], [-115.112504, 49.486387], [-115.112325, 49.486366], [-115.111955, 49.486216], [-115.11186, 49.486157], [-115.111712, 49.486025], [-115.111626, 49.485991], [-115.111325, 49.48597], [-115.111166, 49.486006], [-115.110723, 49.486184], [-115.110515, 49.486307], [-115.110348, 49.486363], [-115.110232, 49.486374], [-115.10991, 49.486342], [-115.109505, 49.486377], [-115.108576, 49.486385], [-115.108265, 49.486424], [-115.107684, 49.486455], [-115.107514, 49.486449], [-115.107295, 49.486412], [-115.107206, 49.486429], [-115.107093, 49.486504], [-115.107046, 49.486565], [-115.107028, 49.486648], [-115.107073, 49.486745], [-115.107306, 49.487032], [-115.107335, 49.48716], [-115.107308, 49.487254], [-115.107272, 49.487298], [-115.107166, 49.487345], [-115.107102, 49.487353], [-115.106973, 49.487338], [-115.106484, 49.487171], [-115.105943, 49.487048], [-115.1057195, 49.4869687]]}}, {"type": "Feature", "properties": {"name": "Watering Hole", "difficulty": "intermediate", "area": "Fernie", "osm_id": [647647974, 1387406766], "highway": "path", "stroke": "#3b82f6"}, "geometry": {"type": "MultiLineString", "coordinates": [[[-115.0172442, 49.526317], [-115.0167654, 49.5260616], [-115.0167413, 49.5260285], [-115.0167305, 49.5259937], [-115.0166769, 49.5256855], [-115.0166635, 49.5256438], [-115.016634, 49.5256124], [-115.0165696, 49.5255828], [-115.0162156, 49.5254105], [-115.0161217, 49.5253635], [-115.0159742, 49.525313], [-115.0158374, 49.5252625], [-115.015663, 49.5252311], [-115.0155638, 49.5252276], [-115.0154592, 49.5252189], [-115.0153599, 49.5251981], [-115.0152741, 49.5251737], [-115.0151776, 49.5251667], [-115.0150488, 49.5251685], [-115.0144185, 49.5252155], [-115.0141798, 49.525212], [-115.013925, 49.525259], [-115.0138096, 49.5252764], [-115.0137265, 49.5252729], [-115.0136326, 49.5252416], [-115.0135146, 49.5251667], [-115.0134609, 49.5251284], [-115.0133966, 49.5251145], [-115.0132812, 49.5250971], [-115.0132303, 49.5250797], [-115.0132008, 49.5250466], [-115.0127099, 49.5242753], [-115.012667, 49.5242318], [-115.0125785, 49.524183], [-115.0125034, 49.5241691], [-115.012431, 49.524176], [-115.0122513, 49.52419], [-115.0120823, 49.5242004], [-115.0120233, 49.5241917], [-115.0119482, 49.5241726], [-115.0114332, 49.5239445], [-115.0113152, 49.5238766], [-115.0112481, 49.5238139], [-115.0111408, 49.523699], [-115.0110711, 49.5236415], [-115.0109665, 49.5235945], [-115.0108404, 49.5235806], [-115.0107251, 49.5235806], [-115.0105507, 49.5235893], [-115.0104274, 49.523591], [-115.0103496, 49.5235788], [-115.0102664, 49.5235545], [-115.0102101, 49.5234987], [-115.0101725, 49.5234047], [-115.0101377, 49.5233525], [-115.0100814, 49.5233264], [-115.0099902, 49.5233159], [-115.0099016, 49.5233177], [-115.0097005, 49.5233682], [-115.0092391, 49.523457], [-115.0091319, 49.523457], [-115.0090326, 49.5234413], [-115.0080751, 49.5231557], [-115.0079865, 49.523114], [-115.007713, 49.522959], [-115.0076781, 49.5229277], [-115.0076513, 49.5228772], [-115.0076566, 49.5228093], [-115.007713, 49.5225463], [-115.0077197, 49.5225124], [-115.0077116, 49.522488], [-115.0076861, 49.522475], [-115.0076446, 49.5224732], [-115.0075923, 49.5224758], [-115.0073656, 49.5225124], [-115.0072731, 49.5225176], [-115.007202, 49.5225141], [-115.0071242, 49.522488], [-115.0070411, 49.5224253], [-115.0069982, 49.5223348], [-115.0069713, 49.5223052], [-115.0069284, 49.5222843], [-115.0068909, 49.5222599], [-115.0068909, 49.5222321], [-115.0069445, 49.5221711], [-115.007151, 49.5220719], [-115.0072261, 49.5219813], [-115.007261, 49.5218804], [-115.0072771, 49.5217236], [-115.007253, 49.5215252], [-115.0072744, 49.5213998], [-115.0073334, 49.5212518], [-115.0073576, 49.5211856], [-115.0073968, 49.52099]], [[-115.0073968, 49.52099], [-115.007143, 49.521163], [-115.0070169, 49.5212222], [-115.0069579, 49.5212883], [-115.0068909, 49.5213249], [-115.0068131, 49.5213493], [-115.0062498, 49.5216244], [-115.0060165, 49.5217149], [-115.0055659, 49.5217846], [-115.0052708, 49.5218542], [-115.0050911, 49.5219326], [-115.004788, 49.5221363], [-115.00467, 49.5222268], [-115.0045868, 49.5222634], [-115.0044206, 49.5223069], [-115.0041416, 49.5223905], [-115.0040906, 49.5224166], [-115.0040531, 49.5224532], [-115.0038385, 49.5226064], [-115.0037285, 49.5226656], [-115.0036481, 49.522697], [-115.0035166, 49.5227179], [-115.0034094, 49.5227387], [-115.0033021, 49.5227544], [-115.0032484, 49.5227805], [-115.0032189, 49.5227997], [-115.0031626, 49.5228049], [-115.0031063, 49.5227945], [-115.0030178, 49.5227718], [-115.0022989, 49.5225977], [-115.0022238, 49.522596], [-115.0021192, 49.5226151], [-115.0018188, 49.52273], [-115.0009739, 49.5231462], [-115.0006923, 49.5232994], [-115.0005233, 49.5233534], [-115.000408, 49.5233656], [-115.0003141, 49.5233656], [-115.0002148, 49.5233586], [-115.0001263, 49.5233342], [-114.9998313, 49.5231514], [-114.9996972, 49.5230051], [-114.9996865, 49.5229703], [-114.9996972, 49.522939], [-114.9997374, 49.522892], [-114.9999144, 49.5226795], [-115.0001478, 49.5223035], [-115.000435, 49.521775]]]}}, {"type": "Feature", "properties": {"name": "Wayne's Trail", "difficulty": "intermediate", "area": "Fernie", "osm_id": 1377034855, "highway": "path", "stroke": "#3b82f6"}, "geometry": {"type": "LineString", "coordinates": [[-115.0626982, 49.5195467], [-115.0630944, 49.5193197], [-115.0635084, 49.519067], [-115.0640159, 49.5187234], [-115.0643615, 49.5183798], [-115.0646884, 49.5180524], [-115.0649561, 49.5178038], [-115.065118, 49.5176603], [-115.065227, 49.5175471], [-115.0653142, 49.5174986], [-115.0655165, 49.5174784], [-115.0655539, 49.5175087], [-115.065529, 49.517543], [-115.06542, 49.5176077], [-115.0653017, 49.5177512], [-115.0652083, 49.5179473], [-115.0650744, 49.5180504], [-115.065006, 49.5181373], [-115.0649904, 49.5181898], [-115.0650433, 49.5182505]]}}, {"type": "Feature", "properties": {"name": "West Fernie Riverside Trail", "difficulty": "easy", "area": "Fernie", "osm_id": 1388922281, "highway": "path", "stroke": "#22c55e"}, "geometry": {"type": "LineString", "coordinates": [[-115.0686837, 49.5016095], [-115.0688152, 49.5016477], [-115.0689217, 49.5016731], [-115.0690673, 49.5016576], [-115.0692217, 49.5016435], [-115.069376, 49.501635], [-115.0694695, 49.5016265], [-115.0695651, 49.5016675], [-115.0696368, 49.5017239], [-115.0698129, 49.5019088], [-115.0698803, 49.501971], [-115.0698825, 49.5020331], [-115.0698803, 49.5020881], [-115.0699238, 49.5022025], [-115.0699759, 49.5022872], [-115.0700585, 49.5023789], [-115.0701346, 49.5024693], [-115.0701933, 49.5025356], [-115.0702607, 49.5026203], [-115.0703085, 49.5027488], [-115.0703498, 49.5028871], [-115.0703803, 49.5030099], [-115.0703629, 49.5031384], [-115.0703368, 49.5033275], [-115.0703266, 49.5035668]]}}, {"type": "Feature", "properties": {"name": "Will Power", "difficulty": "intermediate", "area": "Fernie", "osm_id": 648385879, "highway": "path", "stroke": "#3b82f6"}, "geometry": {"type": "LineString", "coordinates": [[-115.1049393, 49.463654], [-115.1047411, 49.4635491], [-115.1046901, 49.4635404], [-115.1045909, 49.4635613], [-115.1043361, 49.4636555], [-115.104202, 49.4636712], [-115.1040276, 49.4636712], [-115.1037835, 49.4636642], [-115.1036414, 49.4636764], [-115.1035341, 49.4637182], [-115.1035019, 49.4637496], [-115.1034858, 49.4637932], [-115.1034536, 49.4638559], [-115.1033517, 49.4638891], [-115.1013588, 49.4640094], [-115.1010745, 49.4638908], [-115.1009887, 49.4640303], [-115.1003342, 49.4640547], [-115.1000606, 49.4639222], [-115.0999748, 49.4638716], [-115.0999185, 49.4638681], [-115.0998595, 49.4638786], [-115.0997253, 49.4638943], [-115.0996395, 49.4638751], [-115.0995671, 49.4638455], [-115.0995, 49.4638263], [-115.0994249, 49.4638176], [-115.0993686, 49.4638315], [-115.0993177, 49.4638716], [-115.0992238, 49.463896], [-115.0991379, 49.4638943], [-115.0990414, 49.4638734], [-115.0989609, 49.4638455], [-115.0988617, 49.4638298], [-115.0987732, 49.4638298], [-115.0986793, 49.4638368], [-115.09858, 49.4638455], [-115.0985184, 49.4638298], [-115.0984647, 49.4638106], [-115.0984137, 49.4637845], [-115.098344, 49.4637531], [-115.0982394, 49.4637113], [-115.0981053, 49.4636746], [-115.0980087, 49.4636241], [-115.0979444, 49.4635491], [-115.09788, 49.4634986], [-115.0978129, 49.4634864], [-115.0973179, 49.4635009], [-115.0971612, 49.4634933], [-115.0971236, 49.4634707], [-115.0970887, 49.463387], [-115.0970673, 49.4632876], [-115.097027, 49.4632458], [-115.096935, 49.4631694], [-115.0967701, 49.4631229], [-115.0965458, 49.4631477], [-115.0962458, 49.4631152], [-115.0959517, 49.4631175], [-115.0957584, 49.4631325], [-115.0956216, 49.4631726], [-115.0954763, 49.4631977], [-115.0950476, 49.4631569], [-115.0946077, 49.4631412], [-115.0943177, 49.4631307], [-115.0942156, 49.4631741], [-115.0940903, 49.4633067], [-115.0938838, 49.4635376], [-115.0938037, 49.4636753], [-115.0937126, 49.4637579]]}}, {"type": "Feature", "properties": {"name": "Y'Eddy", "difficulty": "intermediate", "area": "Fernie", "osm_id": 1355082419, "highway": "path", "stroke": "#3b82f6"}, "geometry": {"type": "LineString", "coordinates": [[-115.068962, 49.530142], [-115.0687896, 49.5302129], [-115.06867, 49.5302491], [-115.0685972, 49.5302991], [-115.0685556, 49.5303755], [-115.0684518, 49.5304249], [-115.0682926, 49.5304249], [-115.0682197, 49.5304279], [-115.0681056, 49.530407], [-115.0679949, 49.5303755], [-115.0678426, 49.530398], [-115.0677318, 49.5304339], [-115.0677733, 49.5304878], [-115.0678149, 49.5305463], [-115.0677387, 49.5305867], [-115.067628, 49.5305957], [-115.067538, 49.5305328], [-115.0674687, 49.5305058], [-115.0674341, 49.5305687], [-115.0673441, 49.5306856], [-115.0673303, 49.5307664], [-115.0674133, 49.5308249], [-115.0675518, 49.5308293], [-115.0676695, 49.5308743], [-115.0675795, 49.5309012], [-115.0673649, 49.5309102], [-115.0672195, 49.5309102], [-115.0671503, 49.5309417], [-115.0671779, 49.5309911], [-115.0672818, 49.5310271], [-115.067351, 49.531054], [-115.0674203, 49.5311034], [-115.0673441, 49.5311349], [-115.0672056, 49.5311394], [-115.0670395, 49.5311708], [-115.066901, 49.5311259], [-115.066811, 49.5310765], [-115.0666449, 49.5311259], [-115.0664856, 49.5311663], [-115.066271, 49.5311619], [-115.0660841, 49.5311439], [-115.0659802, 49.5311349], [-115.0657726, 49.5312203], [-115.0655787, 49.5313371], [-115.065371, 49.5314135], [-115.0652464, 49.5315213], [-115.0650595, 49.5315887], [-115.0650179, 49.5316561], [-115.0650595, 49.53171], [-115.0652049, 49.531737], [-115.0653779, 49.531746], [-115.0654541, 49.5317729], [-115.0654333, 49.5318089], [-115.0653226, 49.5318269], [-115.0652118, 49.5318673], [-115.0652118, 49.5319122], [-115.0652949, 49.5319302], [-115.0654264, 49.5319077], [-115.0656272, 49.5319617], [-115.0657795, 49.5319931], [-115.0659041, 49.532056], [-115.0659802, 49.5321054], [-115.0659318, 49.5321414], [-115.0657656, 49.5321459], [-115.0656133, 49.5322088], [-115.0654056, 49.5322717], [-115.0653364, 49.5323076], [-115.0653641, 49.5323571], [-115.0655372, 49.5323571], [-115.0656826, 49.5323571], [-115.0658487, 49.5323795], [-115.0659733, 49.5324155], [-115.0660979, 49.5324874], [-115.0661464, 49.5325458], [-115.0661033, 49.5325681], [-115.0660198, 49.5325376], [-115.0659154, 49.532497], [-115.0657328, 49.5324801], [-115.0655815, 49.5325139], [-115.0654458, 49.5325681], [-115.0652893, 49.5326426], [-115.0652267, 49.5326799], [-115.0652476, 49.5327171], [-115.0653154, 49.5327307], [-115.0653832, 49.5327916], [-115.0653154, 49.5328052], [-115.0652058, 49.5328052], [-115.0651119, 49.5328323], [-115.0648771, 49.5329271], [-115.0647467, 49.5329609], [-115.0645432, 49.5330727], [-115.0645067, 49.5331201], [-115.0645484, 49.5331404], [-115.064731, 49.533093], [-115.0648093, 49.533093], [-115.0649554, 49.5331201], [-115.0651223, 49.5331269], [-115.0652267, 49.5331472], [-115.0652632, 49.5331743], [-115.0652896, 49.5332172]]}}], "properties": {"note": " Includes Fernie BC OSM MTB/path ways.", "difficulty_source": "Trailforks official ratings + Tourism Fernie + Alberta Parks / 670 Collective. Mapped to easy/intermediate/advanced."}}