{"type": "FeatureCollection", "features": [{"type": "Feature", "properties": {"name": "Path 32415039", "difficulty": "intermediate", "area": "Medicine Hat", "osm_id": 32415039, "highway": "track"}, "geometry": {"type": "LineString", "coordinates": [[-110.2778525, 49.9570835], [-110.2804856, 49.957226], [-110.2892337, 49.9576758]]}}, {"type": "Feature", "properties": {"name": "Ross Glen Town Center Loop", "difficulty": "intermediate", "area": "Medicine Hat", "osm_id": 164069364, "highway": "cycleway"}, "geometry": {"type": "LineString", "coordinates": [[-110.6356896, 50.0019552], [-110.6361759, 50.0021983], [-110.6363151, 50.0024801], [-110.6365782, 50.0025982], [-110.6367821, 50.0027431], [-110.6369859, 50.0029568], [-110.6371951, 50.003043], [-110.6377642, 50.0032213], [-110.6380244, 50.0033133], [-110.6381617, 50.0033472], [-110.6383681, 50.0033722], [-110.6386551, 50.0034506], [-110.6389431, 50.0035742], [-110.6394198, 50.0038275], [-110.6394805, 50.0038637], [-110.6395224, 50.0038999], [-110.6395663, 50.003962], [-110.6395991, 50.004], [-110.6396282, 50.0040246], [-110.6396691, 50.0040492], [-110.6397726, 50.0040954], [-110.6402779, 50.0043171]]}}, {"type": "Feature", "properties": {"name": "Path 208133068", "difficulty": "intermediate", "area": "Redcliff", "osm_id": 208133068, "highway": "path"}, "geometry": {"type": "LineString", "coordinates": [[-110.7987116, 50.0703613], [-110.7988812, 50.0703005], [-110.7989797, 50.0702457], [-110.7990164, 50.0702118], [-110.7990412, 50.0701619], [-110.7990358, 50.0701024], [-110.7989484, 50.0699928], [-110.7988346, 50.069557], [-110.7988501, 50.0695271], [-110.798916, 50.0694661], [-110.7990309, 50.0693966], [-110.7991168, 50.0693621], [-110.7992107, 50.0693757], [-110.7996172, 50.0695009], [-110.7997229, 50.0695087], [-110.799918, 50.0694265], [-110.8002209, 50.0693391], [-110.8003205, 50.0692908], [-110.8003734, 50.069236], [-110.8003998, 50.0691799], [-110.8003815, 50.069103], [-110.8003429, 50.0688694], [-110.8002697, 50.0683906], [-110.8002453, 50.0683319], [-110.8001904, 50.0682771], [-110.8000929, 50.0682288], [-110.7999986, 50.0681632]]}}, {"type": "Feature", "properties": {"name": "Path 208173236", "difficulty": "intermediate", "area": "Redcliff", "osm_id": 208173236, "highway": "path"}, "geometry": {"type": "LineString", "coordinates": [[-110.7999986, 50.0681632], [-110.7995232, 50.0680794], [-110.7994318, 50.0680794], [-110.7993403, 50.0680937], [-110.799261, 50.0681368], [-110.7992, 50.0681603], [-110.7990618, 50.0681929], [-110.7989886, 50.0682477], [-110.7989114, 50.0683468], [-110.7988382, 50.0684238], [-110.7987528, 50.0684682], [-110.7982739, 50.0686089], [-110.7982845, 50.0686918], [-110.7982899, 50.0687499], [-110.7983073, 50.0688159], [-110.7983315, 50.0689025], [-110.7983414, 50.0689522], [-110.7983443, 50.0689947], [-110.7983335, 50.0690337], [-110.7983096, 50.0690999], [-110.7982993, 50.0691108]]}}, {"type": "Feature", "properties": {"name": "Path 208173237", "difficulty": "intermediate", "area": "Redcliff", "osm_id": 208173237, "highway": "path"}, "geometry": {"type": "LineString", "coordinates": [[-110.7999986, 50.0681632], [-110.800177, 50.0679432], [-110.8004466, 50.0678903], [-110.8005921, 50.0678213], [-110.8006659, 50.0677412], [-110.8006563, 50.0676577], [-110.800549, 50.0675957], [-110.8003929, 50.0675713], [-110.8002752, 50.0676254], [-110.8002502, 50.0677889], [-110.800177, 50.0679432]]}}, {"type": "Feature", "properties": {"name": "Path 211186701", "difficulty": "intermediate", "area": "Medicine Hat", "osm_id": 211186701, "highway": "track"}, "geometry": {"type": "LineString", "coordinates": [[-110.2745115, 49.9575649], [-110.2742687, 49.9574344], [-110.2738946, 49.9573718], [-110.2733484, 49.9573454], [-110.2723271, 49.957355], [-110.2711786, 49.9573045], [-110.2684739, 49.9572202], [-110.2681896, 49.9572491], [-110.2669962, 49.9574272], [-110.2665361, 49.9574176], [-110.2631056, 49.9571336], [-110.261979, 49.9569733], [-110.2603487, 49.9567573], [-110.2583473, 49.9565469], [-110.2576581, 49.9564503], [-110.2572428, 49.9563337], [-110.2558997, 49.9562087], [-110.2544682, 49.9560495], [-110.2484773, 49.9549608], [-110.2442624, 49.9541052], [-110.2378474, 49.9529084], [-110.2359123, 49.9525019], [-110.2305222, 49.9514842], [-110.2232898, 49.9500827], [-110.2175639, 49.948974], [-110.209446, 49.9474022], [-110.1989884, 49.9453744], [-110.1920957, 49.9440341], [-110.1750813, 49.940739], [-110.1735726, 49.9405541], [-110.1719442, 49.9404873], [-110.1697091, 49.9406363], [-110.1640055, 49.9414995]]}}, {"type": "Feature", "properties": {"name": "Path 211211719", "difficulty": "intermediate", "area": "Medicine Hat", "osm_id": 211211719, "highway": "track"}, "geometry": {"type": "LineString", "coordinates": [[-110.2551431, 49.9895713], [-110.2323218, 49.9896872], [-110.2196682, 49.9896342], [-110.2129956, 49.9896721], [-110.212592, 49.9897048], [-110.2122929, 49.9897284], [-110.2120586, 49.9897102], [-110.2116635, 49.9896776], [-110.2112938, 49.9896703], [-110.2098799, 49.9896939], [-110.2097585, 49.989732], [-110.2096654, 49.9897955]]}}, {"type": "Feature", "properties": {"name": "Path 211211723", "difficulty": "intermediate", "area": "Medicine Hat", "osm_id": 211211723, "highway": "track"}, "geometry": {"type": "LineString", "coordinates": [[-110.2096654, 49.9897955], [-110.2096259, 49.989908], [-110.2096146, 49.9900223], [-110.2096936, 49.9907282], [-110.2096598, 49.9920327], [-110.2094961, 49.9924954]]}}, {"type": "Feature", "properties": {"name": "Path 211985200", "difficulty": "intermediate", "area": "Redcliff", "osm_id": 211985200, "highway": "path"}, "geometry": {"type": "LineString", "coordinates": [[-110.7897083, 50.0625915], [-110.7897107, 50.0625397], [-110.7897386, 50.0619297], [-110.7896098, 50.0616094], [-110.7896036, 50.0612509], [-110.7896527, 50.0609138], [-110.7897119, 50.0606442], [-110.7897575, 50.0605564], [-110.7898911, 50.060495], [-110.7900154, 50.0604606], [-110.7901474, 50.0604452], [-110.790253, 50.0604786], [-110.7903821, 50.0605332], [-110.7905701, 50.0605729], [-110.7908758, 50.0605935], [-110.790975, 50.0606397], [-110.791063, 50.0607148], [-110.7911668, 50.0608583], [-110.7912471, 50.0609352], [-110.7913519, 50.0610004], [-110.7915059, 50.0610629], [-110.7916242, 50.0610731], [-110.7917752, 50.0610266], [-110.791842, 50.0609794], [-110.7919536, 50.0608763], [-110.7920136, 50.0607919], [-110.7920989, 50.0607411], [-110.7922136, 50.0607329], [-110.7923204, 50.0607595], [-110.7923686, 50.0608149], [-110.7923508, 50.0608828], [-110.7922633, 50.0609922], [-110.7922375, 50.0610641], [-110.7922345, 50.0611374], [-110.7922626, 50.0612082], [-110.7923188, 50.0612547], [-110.7924476, 50.0613098], [-110.7926246, 50.0613718], [-110.793322, 50.0613821], [-110.7934949, 50.061394], [-110.7937095, 50.0614034], [-110.793826, 50.0613852], [-110.7940113, 50.0613712], [-110.7940954, 50.0613607], [-110.7942506, 50.061298], [-110.7944326, 50.0612351], [-110.7946284, 50.0611526], [-110.7947885, 50.0610686], [-110.7950049, 50.0608934]]}}, {"type": "Feature", "properties": {"name": "Echo Dale Campground Chip", "difficulty": "intermediate", "area": "Medicine Hat", "osm_id": 212003779, "highway": "cycleway"}, "geometry": {"type": "LineString", "coordinates": [[-110.7249923, 50.0359094], [-110.725128, 50.0358867], [-110.7252168, 50.0358801], [-110.7253019, 50.0358801], [-110.7253889, 50.035885], [-110.7254685, 50.0358843], [-110.7256443, 50.0358633], [-110.7257373, 50.0358418], [-110.7259215, 50.0357885], [-110.7260447, 50.0357588], [-110.7261895, 50.0357123], [-110.726399, 50.0356361], [-110.7264899, 50.0356005], [-110.7265685, 50.0355639], [-110.7266517, 50.0355173], [-110.7267179, 50.0354689], [-110.7268319, 50.0353749], [-110.7268827, 50.0353135], [-110.7269274, 50.0352482], [-110.7269829, 50.0351621], [-110.7270306, 50.0350632], [-110.727103, 50.0348712], [-110.7271847, 50.0347643], [-110.7272864, 50.0346585], [-110.7274466, 50.0345239], [-110.727616, 50.0343952], [-110.7277069, 50.0343418], [-110.7278024, 50.0342943], [-110.7278995, 50.0342597], [-110.7279827, 50.03423], [-110.7280551, 50.0341954], [-110.7281136, 50.0341627], [-110.7281799, 50.0341073], [-110.7285265, 50.0336937], [-110.7288993, 50.0332939], [-110.7290272, 50.0332048], [-110.7291581, 50.0331257], [-110.7296834, 50.032809], [-110.7297743, 50.0327506], [-110.7298498, 50.0326942], [-110.7299037, 50.0326368], [-110.7300562, 50.0324251], [-110.730124, 50.0323657], [-110.7301918, 50.0323172], [-110.7302334, 50.0322925], [-110.7302827, 50.0322717], [-110.7306493, 50.0321777], [-110.7308188, 50.0321361], [-110.7309158, 50.0321035], [-110.730999, 50.032055], [-110.7310699, 50.0320025], [-110.7313179, 50.0318076], [-110.7314137, 50.0317483], [-110.7316678, 50.0316635], [-110.7319219, 50.0315956], [-110.7319815, 50.0315833], [-110.7320486, 50.0315773], [-110.7321143, 50.0315816], [-110.7321638, 50.0315969], [-110.7322001, 50.0316195], [-110.732231, 50.0316462], [-110.7322484, 50.0316746], [-110.7322532, 50.0317053], [-110.7322229, 50.0318624], [-110.7322146, 50.0319364], [-110.7322248, 50.0319742], [-110.7322451, 50.0320108], [-110.7322878, 50.0320395], [-110.7323346, 50.0320565], [-110.7324179, 50.0320604], [-110.7325073, 50.0320474], [-110.7325785, 50.0320212], [-110.7326415, 50.0319925], [-110.7328427, 50.0318306], [-110.733575, 50.031168], [-110.7337033, 50.0310574], [-110.7338581, 50.0309482], [-110.7339391, 50.0308927], [-110.733994, 50.0308431], [-110.7340856, 50.0307373], [-110.7341444, 50.0306659], [-110.7342072, 50.0306098], [-110.7342827, 50.0305535], [-110.7343632, 50.0304947], [-110.7344546, 50.0304442], [-110.7346923, 50.0303314], [-110.7347331, 50.0303145], [-110.7350417, 50.0301476], [-110.735135, 50.0301113], [-110.7352407, 50.0300875], [-110.7355405, 50.0300566], [-110.7356664, 50.0300577], [-110.7357171, 50.0300629], [-110.7358917, 50.0301121], [-110.7361545, 50.0302086], [-110.7363396, 50.0302982], [-110.736573, 50.0303947], [-110.7367929, 50.0304602], [-110.736985, 50.0305196], [-110.7371036, 50.0305394], [-110.7372161, 50.0305513], [-110.7373486, 50.0305582], [-110.7374734, 50.0305592], [-110.7387703, 50.0305555], [-110.7399757, 50.0305711], [-110.7400733, 50.0305777], [-110.7401627, 50.0305998], [-110.7407075, 50.0307239], [-110.7408864, 50.0307317], [-110.7421609, 50.03075], [-110.7424435, 50.03078], [-110.7427423, 50.0308244], [-110.7429171, 50.0308767], [-110.7430757, 50.0309668], [-110.743157, 50.0310321], [-110.7432301, 50.0311026], [-110.7432891, 50.0311874], [-110.7433379, 50.031271], [-110.7435452, 50.0320532], [-110.7436773, 50.0327752], [-110.7436756, 50.0330344], [-110.7436247, 50.0333105], [-110.7436184, 50.0336122], [-110.7436417, 50.0336588], [-110.7436802, 50.0336934], [-110.743751, 50.0337231], [-110.7438265, 50.033734], [-110.7439436, 50.033736], [-110.744435, 50.0337162], [-110.7445438, 50.0336916], [-110.7447154, 50.0336528], [-110.7449896, 50.0335786], [-110.7451318, 50.0335262], [-110.7452777, 50.033446], [-110.7454844, 50.0333552], [-110.7456228, 50.0332932], [-110.7458445, 50.0332151], [-110.7459545, 50.0331851], [-110.7460115, 50.0331764], [-110.7460993, 50.033181], [-110.7463954, 50.0332253], [-110.7470016, 50.0332887], [-110.7474961, 50.0333154], [-110.7477503, 50.033355], [-110.748311, 50.0334985], [-110.7488409, 50.0337102], [-110.7491614, 50.0337953], [-110.7494756, 50.0338567], [-110.7496851, 50.0338745], [-110.7498271, 50.0338841], [-110.7501465, 50.0338681], [-110.750398, 50.0338886], [-110.7504162, 50.0338907], [-110.7504847, 50.0339101], [-110.7505448, 50.0339547], [-110.7506, 50.0339961], [-110.7506598, 50.0340652], [-110.7507377, 50.0341772], [-110.7508278, 50.0343586], [-110.7510017, 50.0347478], [-110.7510241, 50.0347714], [-110.7510446, 50.0347974], [-110.7510716, 50.0348206], [-110.7513412, 50.0349726], [-110.752291, 50.0355082], [-110.7524535, 50.0355879], [-110.7526609, 50.0356627], [-110.7534186, 50.0358956], [-110.7536967, 50.0359946], [-110.753977, 50.0361039], [-110.7541088, 50.0361628], [-110.7546264, 50.0364492], [-110.7548443, 50.0365304], [-110.7549569, 50.0365631], [-110.7552152, 50.036634], [-110.7554328, 50.0366679], [-110.7558426, 50.0367035], [-110.7564172, 50.0367223], [-110.7567654, 50.0367094], [-110.7569317, 50.0366877], [-110.7573924, 50.0365768], [-110.7575757, 50.0365531], [-110.7577036, 50.03656], [-110.7578099, 50.0365937], [-110.7580209, 50.0366926], [-110.7580995, 50.0366956], [-110.7582982, 50.0366857], [-110.7584215, 50.0367025], [-110.7585385, 50.0367401], [-110.7586279, 50.0367846], [-110.7587049, 50.0368331], [-110.7587696, 50.0368846], [-110.7588282, 50.0369449], [-110.7588559, 50.0370122], [-110.7589036, 50.0370914], [-110.758993, 50.0371646], [-110.7591116, 50.0372299], [-110.7593828, 50.0373546], [-110.7596693, 50.0374594], [-110.7598927, 50.0375059], [-110.7600921, 50.0375163], [-110.7602765, 50.0375132], [-110.7605597, 50.0374842], [-110.7611359, 50.0374357], [-110.7615749, 50.037314], [-110.7617182, 50.0372843], [-110.761843, 50.0372833], [-110.7621927, 50.037317], [-110.7623606, 50.0373654], [-110.7624792, 50.0374129], [-110.7626148, 50.0375089], [-110.7628335, 50.0376366], [-110.7636762, 50.0380056], [-110.7639073, 50.0380887], [-110.7643093, 50.038254], [-110.7645266, 50.0383262], [-110.7651212, 50.0384044], [-110.7655864, 50.0384103], [-110.7660671, 50.0383955], [-110.7664892, 50.0383668], [-110.7672102, 50.0382936], [-110.7677432, 50.0382668], [-110.7678757, 50.0382649], [-110.7679943, 50.0382748], [-110.768116, 50.0382985], [-110.7682223, 50.0383341], [-110.7684333, 50.038443], [-110.7687045, 50.0385914], [-110.7689848, 50.0386933], [-110.769296, 50.0387774], [-110.7697813, 50.0389119], [-110.7703004, 50.0390366], [-110.770684, 50.0390742], [-110.770892, 50.0390762], [-110.7710769, 50.0390732], [-110.7720252, 50.0390559], [-110.7721792, 50.0390466], [-110.7730246, 50.038904], [-110.773539, 50.0387424], [-110.7736646, 50.0386958], [-110.7742523, 50.0384453], [-110.7743043, 50.0384203], [-110.7743342, 50.0383896], [-110.7744137, 50.0382279], [-110.7744887, 50.0380293], [-110.7746145, 50.037608], [-110.7746486, 50.0375176], [-110.774696, 50.0374385], [-110.7747656, 50.0373635], [-110.7748528, 50.0373083], [-110.7749433, 50.0372661], [-110.7751201, 50.0372223], [-110.7753058, 50.0372026], [-110.775527, 50.0371972], [-110.7756807, 50.0372156], [-110.7757791, 50.0372438], [-110.7758391, 50.0372719], [-110.7758626, 50.0372999], [-110.7758641, 50.037335], [-110.7758218, 50.0375369], [-110.7757745, 50.0378722], [-110.775747, 50.0379423], [-110.7756834, 50.0380654], [-110.7756341, 50.0381312], [-110.775523, 50.0382352], [-110.7754796, 50.0382775], [-110.7754671, 50.0383227], [-110.7754952, 50.0388542], [-110.7754818, 50.0390671], [-110.7754707, 50.039113], [-110.7754375, 50.0391631], [-110.7753137, 50.0392946], [-110.7752539, 50.0394077], [-110.7752339, 50.0395193], [-110.7752342, 50.0396044], [-110.7752434, 50.0396951], [-110.7755156, 50.0411798], [-110.7756185, 50.0418166], [-110.7757346, 50.0422886], [-110.7758636, 50.0427999]]}}, {"type": "Feature", "properties": {"name": "Path 225119630", "difficulty": "intermediate", "area": "Medicine Hat", "osm_id": 225119630, "highway": "path"}, "geometry": {"type": "LineString", "coordinates": [[-110.7211808, 50.033803], [-110.7214432, 50.0339547], [-110.7217098, 50.0341084], [-110.7222323, 50.0344094], [-110.7226099, 50.0348567], [-110.7229211, 50.0353528], [-110.7233373, 50.0358359], [-110.7234124, 50.0362632], [-110.72342, 50.0363363]]}}, {"type": "Feature", "properties": {"name": "Path 225119631", "difficulty": "intermediate", "area": "Medicine Hat", "osm_id": 225119631, "highway": "track"}, "geometry": {"type": "LineString", "coordinates": [[-110.7203227, 50.033224], [-110.7192744, 50.0329045], [-110.7179783, 50.0329938], [-110.7171534, 50.0330773], [-110.7168922, 50.0331711], [-110.716216, 50.0333327], [-110.7156352, 50.0335613]]}}, {"type": "Feature", "properties": {"name": "Path 232922792", "difficulty": "intermediate", "area": "Medicine Hat", "osm_id": 232922792, "highway": "track"}, "geometry": {"type": "LineString", "coordinates": [[-110.7161595, 50.0313318], [-110.7169967, 50.0316393], [-110.717383, 50.0318977], [-110.7177692, 50.0323353], [-110.7180696, 50.0325762], [-110.7192744, 50.0329045]]}}, {"type": "Feature", "properties": {"name": "Path 232922795", "difficulty": "intermediate", "area": "Medicine Hat", "osm_id": 232922795, "highway": "path"}, "geometry": {"type": "LineString", "coordinates": [[-110.7209983, 50.0348868], [-110.7209128, 50.0346781], [-110.7204723, 50.0343266], [-110.7202548, 50.0341148], [-110.7200347, 50.0338994]]}}, {"type": "Feature", "properties": {"name": "Path 232922796", "difficulty": "intermediate", "area": "Medicine Hat", "osm_id": 232922796, "highway": "track"}, "geometry": {"type": "LineString", "coordinates": [[-110.7226577, 50.0264258], [-110.7221144, 50.0265597], [-110.7210517, 50.0270901], [-110.7207304, 50.0275522], [-110.7206767, 50.0280416], [-110.7206553, 50.0286481], [-110.7204192, 50.0289169], [-110.7204085, 50.0290823], [-110.7202961, 50.0295038], [-110.7201118, 50.0297095], [-110.7198956, 50.029944], [-110.7198573, 50.0301527], [-110.7200445, 50.0304829], [-110.7201611, 50.0308357], [-110.720221, 50.0313205], [-110.7200764, 50.0321003], [-110.7200629, 50.0327961], [-110.7201634, 50.0330478], [-110.7203227, 50.033224], [-110.7207219, 50.0334714]]}}, {"type": "Feature", "properties": {"name": "Path 232922797", "difficulty": "intermediate", "area": "Medicine Hat", "osm_id": 232922797, "highway": "track"}, "geometry": {"type": "LineString", "coordinates": [[-110.7165337, 50.0300277], [-110.7158936, 50.0299129], [-110.7154376, 50.0298462], [-110.7148405, 50.0298476], [-110.7144287, 50.0299306], [-110.7137912, 50.0300748], [-110.7123744, 50.0303871], [-110.7117909, 50.0305813], [-110.7112395, 50.0308297], [-110.7107733, 50.0311219], [-110.7103015, 50.0315502]]}}, {"type": "Feature", "properties": {"name": "Path 232926452", "difficulty": "intermediate", "area": "Medicine Hat", "osm_id": 232926452, "highway": "track"}, "geometry": {"type": "LineString", "coordinates": [[-110.7305901, 50.0204526], [-110.7311297, 50.0200224], [-110.7314677, 50.019688], [-110.7318647, 50.0189849], [-110.7319827, 50.0184886], [-110.7319773, 50.017713], [-110.7318057, 50.0175131], [-110.7314999, 50.0174407], [-110.7313443, 50.0173924], [-110.731237, 50.0172511], [-110.7312156, 50.0170098], [-110.7312585, 50.0162101], [-110.7313068, 50.016055], [-110.7315053, 50.015893], [-110.7320041, 50.0157103], [-110.7320471, 50.014104], [-110.7318432, 50.0138626], [-110.7314087, 50.0135007], [-110.7313014, 50.0132939], [-110.7313443, 50.0130801], [-110.731516, 50.0128526], [-110.7318271, 50.0127354], [-110.732031, 50.0126148], [-110.7320363, 50.0120322], [-110.7320202, 50.0119804], [-110.7291986, 50.0120046], [-110.7282222, 50.0126216], [-110.7227022, 50.0162894], [-110.7103158, 50.0138006], [-110.7103158, 50.0144831], [-110.7103673, 50.0175857], [-110.7107519, 50.0177622], [-110.7124282, 50.0177831], [-110.7124133, 50.0183647], [-110.7122852, 50.0187932], [-110.7121632, 50.0194488], [-110.7120142, 50.0194926], [-110.7118822, 50.0206773], [-110.7122416, 50.0207324], [-110.7121397, 50.0213149], [-110.7115872, 50.023052], [-110.7111848, 50.0235414], [-110.7107557, 50.0235862], [-110.7107128, 50.0237826], [-110.7106967, 50.0244306], [-110.7108093, 50.0246167], [-110.7112492, 50.0249268], [-110.7112868, 50.0250406], [-110.710922, 50.0252887], [-110.7109453, 50.0253909], [-110.7153656, 50.0254357], [-110.7180352, 50.0253956], [-110.7184064, 50.024775], [-110.7184519, 50.0247172], [-110.7185044, 50.0246759], [-110.7186831, 50.0246279], [-110.7188057, 50.0248717], [-110.7188452, 50.0249234], [-110.7191939, 50.0251164], [-110.7193907, 50.0253264]]}}, {"type": "Feature", "properties": {"name": "Path 260374415", "difficulty": "intermediate", "area": "Medicine Hat", "osm_id": 260374415, "highway": "track"}, "geometry": {"type": "LineString", "coordinates": [[-110.5724904, 49.9655523], [-110.572369, 49.9655435], [-110.5671073, 49.9651647], [-110.5665913, 49.9651282], [-110.5664387, 49.9651148], [-110.5648913, 49.9649938], [-110.5637519, 49.9649021], [-110.5634732, 49.9648803]]}}, {"type": "Feature", "properties": {"name": "Southlands Trail", "difficulty": "intermediate", "area": "Medicine Hat", "osm_id": 260381057, "highway": "cycleway"}, "geometry": {"type": "LineString", "coordinates": [[-110.6502548, 49.9957001], [-110.6499559, 49.9960674], [-110.6515296, 49.9965331], [-110.6517656, 49.9966443], [-110.6519319, 49.9967227], [-110.6522752, 49.9968434], [-110.6526186, 49.9969124], [-110.652919, 49.9969227], [-110.6531979, 49.996902], [-110.6539436, 49.9968503], [-110.6542333, 49.9968538], [-110.654759, 49.9968814], [-110.655864, 49.9968986], [-110.6561215, 49.996871], [-110.6564702, 49.996871], [-110.6566033, 49.9968956], [-110.6568243, 49.9969365], [-110.6584358, 49.9969505], [-110.6587233, 49.99694], [-110.6590988, 49.9968917], [-110.6593402, 49.996871], [-110.6595226, 49.9968848], [-110.6598713, 49.99694], [-110.660177, 49.9969641], [-110.6616949, 49.9969683], [-110.6618931, 49.9969697], [-110.6627352, 49.9969041], [-110.6629807, 49.9968962], [-110.6631537, 49.9969078], [-110.6635244, 49.9969503], [-110.6637372, 49.9969858], [-110.6638828, 49.9969765], [-110.663997, 49.9969452], [-110.6640293, 49.9969086], [-110.6640512, 49.9968786], [-110.6640469, 49.9950321]]}}, {"type": "Feature", "properties": {"name": "Path 260381058", "difficulty": "intermediate", "area": "Medicine Hat", "osm_id": 260381058, "highway": "cycleway"}, "geometry": {"type": "LineString", "coordinates": [[-110.6566033, 49.9968956], [-110.6564273, 49.9971262], [-110.6565084, 49.9979425], [-110.656498, 49.9980592], [-110.6564459, 49.9981589], [-110.6563547, 49.9982629], [-110.6562275, 49.9983512], [-110.6560799, 49.9984129], [-110.6559133, 49.9984472], [-110.655743, 49.998475], [-110.6555323, 49.998495], [-110.6553322, 49.9984889], [-110.6551082, 49.998421], [-110.6545487, 49.9982057], [-110.6544371, 49.9981484], [-110.6543044, 49.9980487], [-110.653788, 49.9974952], [-110.6536324, 49.997409], [-110.6534715, 49.9973262], [-110.6533213, 49.9972296], [-110.6532623, 49.9971193], [-110.6531979, 49.996902]]}}, {"type": "Feature", "properties": {"name": "Path 260381059", "difficulty": "intermediate", "area": "Medicine Hat", "osm_id": 260381059, "highway": "cycleway"}, "geometry": {"type": "LineString", "coordinates": [[-110.6550594, 49.9963779], [-110.654759, 49.9968814]]}}, {"type": "Feature", "properties": {"name": "Path 260381060", "difficulty": "intermediate", "area": "Medicine Hat", "osm_id": 260381060, "highway": "cycleway"}, "geometry": {"type": "LineString", "coordinates": [[-110.6564273, 49.9971262], [-110.6563836, 49.9970587], [-110.6562951, 49.9969995], [-110.6561323, 49.9969494], [-110.655864, 49.9968986]]}}, {"type": "Feature", "properties": {"name": "Southlands Connection", "difficulty": "intermediate", "area": "Medicine Hat", "osm_id": 260381061, "highway": "cycleway"}, "geometry": {"type": "LineString", "coordinates": [[-110.6553322, 49.9984889], [-110.6550412, 49.9989911], [-110.6548527, 49.9992697], [-110.6547215, 49.9994277], [-110.6543514, 49.9997555], [-110.6542219, 49.9999067], [-110.654121, 50.0000338], [-110.6540162, 50.0002144], [-110.6539866, 50.0002597], [-110.6539218, 50.0003162], [-110.6538669, 50.0003398], [-110.6537645, 50.0003299]]}}, {"type": "Feature", "properties": {"name": "Path 260406884", "difficulty": "intermediate", "area": "Medicine Hat", "osm_id": 260406884, "highway": "cycleway"}, "geometry": {"type": "LineString", "coordinates": [[-110.6764219, 50.0009156], [-110.6764249, 50.0013936], [-110.6762985, 50.0021098], [-110.6761791, 50.0021179]]}}, {"type": "Feature", "properties": {"name": "Path 260406885", "difficulty": "intermediate", "area": "Medicine Hat", "osm_id": 260406885, "highway": "cycleway"}, "geometry": {"type": "LineString", "coordinates": [[-110.6723258, 50.0014065], [-110.6724505, 50.0014104], [-110.6729642, 50.0013714], [-110.6742811, 50.0013834], [-110.6749162, 50.0014014], [-110.6758035, 50.0013834], [-110.6764249, 50.0013936], [-110.6781105, 50.0013984], [-110.678532, 50.001458], [-110.6792266, 50.0014593], [-110.6806036, 50.001462]]}}, {"type": "Feature", "properties": {"name": "Path 260406886", "difficulty": "intermediate", "area": "Medicine Hat", "osm_id": 260406886, "highway": "cycleway"}, "geometry": {"type": "LineString", "coordinates": [[-110.6792266, 50.0014593], [-110.6792173, 50.0015335], [-110.6791846, 50.0016026], [-110.6791379, 50.0016836], [-110.6791239, 50.0017647], [-110.6791893, 50.0018367], [-110.6792827, 50.0019357], [-110.679292, 50.0020318], [-110.679278, 50.0022929], [-110.6791566, 50.002308], [-110.6790398, 50.002353], [-110.6789698, 50.002425], [-110.6789884, 50.0024821], [-110.6790632, 50.0027432], [-110.6790865, 50.0028993], [-110.6790678, 50.0030824], [-110.6790211, 50.0032415], [-110.6789417, 50.0033255], [-110.678825, 50.0034126], [-110.6785541, 50.0035506], [-110.6782739, 50.0036227], [-110.6780591, 50.0036197], [-110.6777135, 50.0035566], [-110.6771531, 50.0035266], [-110.6766908, 50.0035206], [-110.6764199, 50.0035686], [-110.6761713, 50.0035717]]}}, {"type": "Feature", "properties": {"name": "Path 260406887", "difficulty": "intermediate", "area": "Medicine Hat", "osm_id": 260406887, "highway": "cycleway"}, "geometry": {"type": "LineString", "coordinates": [[-110.679278, 50.0022929], [-110.6794321, 50.002299], [-110.6795862, 50.002368], [-110.6796563, 50.002455], [-110.6796983, 50.0026141], [-110.6796936, 50.0027582], [-110.6796329, 50.0029053], [-110.6794881, 50.0030434], [-110.679362, 50.0031184], [-110.679306, 50.0032024], [-110.6792827, 50.0033645], [-110.6792967, 50.0035867], [-110.6792453, 50.0037427], [-110.6791671, 50.0040199]]}}, {"type": "Feature", "properties": {"name": "Path 260406888", "difficulty": "intermediate", "area": "Medicine Hat", "osm_id": 260406888, "highway": "cycleway"}, "geometry": {"type": "LineString", "coordinates": [[-110.6796563, 50.002455], [-110.6796609, 50.002377], [-110.6797823, 50.002323], [-110.6800532, 50.002314], [-110.6805965, 50.0023208]]}}, {"type": "Feature", "properties": {"name": "Saamis Trail", "difficulty": "intermediate", "area": "Medicine Hat", "osm_id": 260408974, "highway": "cycleway"}, "geometry": {"type": "LineString", "coordinates": [[-110.6952199, 50.0021152], [-110.6950237, 50.0021617], [-110.6942648, 50.0025147], [-110.6938452, 50.0027099], [-110.6935727, 50.0029033], [-110.6932789, 50.0032763], [-110.693017, 50.0034697], [-110.6922773, 50.0038928], [-110.6918259, 50.0042369], [-110.6918136, 50.0042668], [-110.6918332, 50.004285], [-110.6918529, 50.0043033], [-110.6918989, 50.0043165], [-110.6919282, 50.004382], [-110.6919773, 50.0044823], [-110.6920329, 50.0045523], [-110.6921228, 50.0046245], [-110.6922554, 50.0047023], [-110.6923845, 50.0047425], [-110.6926146, 50.0048448], [-110.6928171, 50.0049117], [-110.6921924, 50.0055533], [-110.6919305, 50.0057717], [-110.6915907, 50.0057808], [-110.6913217, 50.0058354], [-110.6912247, 50.0058678], [-110.6911147, 50.0059247], [-110.6910021, 50.0059885], [-110.6908814, 50.0060523], [-110.6907553, 50.0060747], [-110.6906239, 50.0060592], [-110.6905247, 50.0060212], [-110.6904871, 50.0059747], [-110.6904522, 50.005923], [-110.6904308, 50.0058764], [-110.6904281, 50.0057713], [-110.6904748, 50.0056155], [-110.6904891, 50.0054665], [-110.6903967, 50.0054334], [-110.6902564, 50.0054265], [-110.6900016, 50.0053989], [-110.6890602, 50.0051869], [-110.6890199, 50.0051438], [-110.6889824, 50.0047835], [-110.6890387, 50.0046783], [-110.6894082, 50.0043913], [-110.689433, 50.0043491], [-110.6893874, 50.0042801], [-110.689315, 50.0042267], [-110.6892131, 50.0042077], [-110.6890494, 50.0042163], [-110.6886176, 50.0042801], [-110.6884674, 50.0043129], [-110.6883816, 50.0043439], [-110.6883065, 50.0043973], [-110.6882367, 50.0044732], [-110.6881536, 50.0045266], [-110.6880678, 50.0045783], [-110.6880087, 50.0045852], [-110.6879202, 50.0045663], [-110.6876547, 50.0044215], [-110.6873436, 50.0043111], [-110.6866757, 50.0041215], [-110.6866118, 50.0040706], [-110.6865622, 50.0039841], [-110.6865622, 50.0038749], [-110.6865976, 50.0037885], [-110.6867109, 50.0036202], [-110.6867604, 50.0034928], [-110.6867887, 50.0031652], [-110.6869515, 50.003006], [-110.6871497, 50.0028058], [-110.687444, 50.0025332]]}}, {"type": "Feature", "properties": {"name": "Path 260409375", "difficulty": "intermediate", "area": "Medicine Hat", "osm_id": 260409375, "highway": "cycleway"}, "geometry": {"type": "LineString", "coordinates": [[-110.6894082, 50.0043913], [-110.6897115, 50.0042954], [-110.6900466, 50.0041895]]}}, {"type": "Feature", "properties": {"name": "Path 260409446", "difficulty": "intermediate", "area": "Medicine Hat", "osm_id": 260409446, "highway": "cycleway"}, "geometry": {"type": "LineString", "coordinates": [[-110.6985017, 49.9993655], [-110.6996323, 49.9996778], [-110.6996486, 49.9996821], [-110.6998029, 49.9997316], [-110.6999878, 49.9997355], [-110.7002897, 49.9997118], [-110.7006286, 49.9997236], [-110.7008382, 49.9997514], [-110.7009121, 49.9998068], [-110.7009306, 49.9999098], [-110.7008936, 50.0000603], [-110.7009121, 50.0001791], [-110.7011711, 50.0003921], [-110.7016715, 50.0007758]]}}, {"type": "Feature", "properties": {"name": "Samis Heights", "difficulty": "intermediate", "area": "Medicine Hat", "osm_id": 260409579, "highway": "cycleway"}, "geometry": {"type": "LineString", "coordinates": [[-110.6951173, 49.9971175], [-110.695002, 49.9971269], [-110.6943596, 49.9971019], [-110.6936824, 49.9971017], [-110.6930008, 49.9971156], [-110.6923323, 49.9970994], [-110.6915892, 49.9970914], [-110.6914074, 49.9970786], [-110.6912744, 49.9970628], [-110.6909888, 49.9970468], [-110.6905494, 49.9970722], [-110.6902688, 49.9970812], [-110.6899222, 49.9970631], [-110.68959, 49.9970423], [-110.68938, 49.9970414], [-110.6892189, 49.9970566], [-110.689087, 49.9970797], [-110.6885489, 49.9970749], [-110.6872197, 49.9970872], [-110.6871532, 49.9970841]]}}, {"type": "Feature", "properties": {"name": "Path 260409829", "difficulty": "intermediate", "area": "Medicine Hat", "osm_id": 260409829, "highway": "path"}, "geometry": {"type": "LineString", "coordinates": [[-110.6707849, 49.9971241], [-110.6709164, 49.9970702], [-110.6709195, 49.9965589]]}}, {"type": "Feature", "properties": {"name": "Ross Glen Town Center Loop", "difficulty": "intermediate", "area": "Medicine Hat", "osm_id": 260873211, "highway": "cycleway"}, "geometry": {"type": "LineString", "coordinates": [[-110.6380538, 50.0053361], [-110.6379031, 50.0053643], [-110.6378166, 50.005446], [-110.6377424, 50.0055159], [-110.6376765, 50.005585], [-110.6376105, 50.0056672], [-110.6375676, 50.0057305], [-110.6375324, 50.0057912], [-110.6374586, 50.0059322], [-110.6374197, 50.0059867], [-110.6373666, 50.006043], [-110.6373139, 50.0060856], [-110.6372559, 50.0061231], [-110.6371851, 50.0061569], [-110.6370989, 50.0061988], [-110.6364644, 50.0064717], [-110.6363559, 50.0065248], [-110.6362664, 50.0065771], [-110.6361783, 50.0066354], [-110.6360641, 50.0067116], [-110.6360003, 50.0067616], [-110.6359659, 50.0067989], [-110.6359083, 50.0068748], [-110.6358553, 50.0069404], [-110.6358089, 50.0070216], [-110.6357788, 50.0070866], [-110.6357474, 50.0071714], [-110.6357843, 50.0072784], [-110.6359251, 50.0075987], [-110.6359547, 50.0077016], [-110.6359562, 50.0077779], [-110.6359363, 50.0078525], [-110.6358722, 50.0079725], [-110.6356481, 50.0083262], [-110.6356057, 50.0083758], [-110.6355526, 50.0084186], [-110.6347465, 50.0088257], [-110.6346852, 50.0088629]]}}, {"type": "Feature", "properties": {"name": "Path 260873214", "difficulty": "intermediate", "area": "Medicine Hat", "osm_id": 260873214, "highway": "cycleway"}, "geometry": {"type": "LineString", "coordinates": [[-110.6359659, 50.0067989], [-110.6355291, 50.0069273], [-110.6357474, 50.0071714]]}}, {"type": "Feature", "properties": {"name": "Path 260873215", "difficulty": "intermediate", "area": "Medicine Hat", "osm_id": 260873215, "highway": "cycleway"}, "geometry": {"type": "LineString", "coordinates": [[-110.6355291, 50.0069273], [-110.6342085, 50.006717]]}}, {"type": "Feature", "properties": {"name": "Path 260874213", "difficulty": "intermediate", "area": "Medicine Hat", "osm_id": 260874213, "highway": "path"}, "geometry": {"type": "LineString", "coordinates": [[-110.635487, 50.0090128], [-110.6351652, 50.0091686], [-110.6351411, 50.0093053]]}}, {"type": "Feature", "properties": {"name": "Path 260874214", "difficulty": "intermediate", "area": "Medicine Hat", "osm_id": 260874214, "highway": "path"}, "geometry": {"type": "LineString", "coordinates": [[-110.6358396, 50.0092021], [-110.6354604, 50.0094008], [-110.6353403, 50.0094637]]}}, {"type": "Feature", "properties": {"name": "Path 260875938", "difficulty": "intermediate", "area": "Medicine Hat", "osm_id": 260875938, "highway": "path"}, "geometry": {"type": "LineString", "coordinates": [[-110.6424347, 50.0076366], [-110.6417462, 50.0075661]]}}, {"type": "Feature", "properties": {"name": "Path 260875939", "difficulty": "intermediate", "area": "Medicine Hat", "osm_id": 260875939, "highway": "path"}, "geometry": {"type": "LineString", "coordinates": [[-110.6425672, 50.0066369], [-110.6421253, 50.0068762]]}}, {"type": "Feature", "properties": {"name": "Path 260875940", "difficulty": "intermediate", "area": "Medicine Hat", "osm_id": 260875940, "highway": "path"}, "geometry": {"type": "LineString", "coordinates": [[-110.6412816, 50.0072054], [-110.6417356, 50.0074546]]}}, {"type": "Feature", "properties": {"name": "Path 260876042", "difficulty": "intermediate", "area": "Medicine Hat", "osm_id": 260876042, "highway": "path"}, "geometry": {"type": "LineString", "coordinates": [[-110.6416062, 50.0067907], [-110.6407827, 50.0067726]]}}, {"type": "Feature", "properties": {"name": "Path 261019626", "difficulty": "intermediate", "area": "Medicine Hat", "osm_id": 261019626, "highway": "path"}, "geometry": {"type": "LineString", "coordinates": [[-110.625487, 49.9949448], [-110.6248385, 49.9949479]]}}, {"type": "Feature", "properties": {"name": "Path 261019627", "difficulty": "intermediate", "area": "Medicine Hat", "osm_id": 261019627, "highway": "cycleway"}, "geometry": {"type": "LineString", "coordinates": [[-110.6231832, 49.9945595], [-110.6243693, 49.9945645]]}}, {"type": "Feature", "properties": {"name": "Ross Glen / Southview Coulee Trail", "difficulty": "intermediate", "area": "Medicine Hat", "osm_id": 261019644, "highway": "cycleway"}, "geometry": {"type": "LineString", "coordinates": [[-110.6273788, 49.9916584], [-110.6272262, 49.99164], [-110.6268722, 49.9917664], [-110.6268537, 49.9917853], [-110.6267156, 49.9919703], [-110.6266797, 49.9919941], [-110.6266317, 49.991999], [-110.6258379, 49.9919967], [-110.6256605, 49.9919817], [-110.6249601, 49.9918072], [-110.6235123, 49.9913933], [-110.6234329, 49.9913903], [-110.6233581, 49.9914113], [-110.6233194, 49.9914567], [-110.623177, 49.991712], [-110.6231546, 49.9917695], [-110.6231521, 49.9918482], [-110.6231623, 49.9919585], [-110.6231991, 49.992107], [-110.6232455, 49.9922339], [-110.623224, 49.9923937], [-110.623196, 49.9924725], [-110.6231385, 49.9925775], [-110.6230885, 49.9926768], [-110.6230187, 49.992874], [-110.6229694, 49.9930174], [-110.6229345, 49.9931563], [-110.6229432, 49.9935164], [-110.62293, 49.9935944], [-110.6228859, 49.993672], [-110.6227987, 49.9937582], [-110.6224476, 49.9940526], [-110.6223508, 49.9941602], [-110.6222805, 49.9942657], [-110.6222289, 49.9943899], [-110.6222015, 49.9946034], [-110.6221973, 49.9947831], [-110.6222361, 49.9949734], [-110.6223118, 49.9951709], [-110.6224986, 49.9955285], [-110.6225288, 49.9955803], [-110.6225457, 49.9956831], [-110.6225597, 49.9957631], [-110.6225905, 49.9958309], [-110.6227718, 49.996054], [-110.6229014, 49.9962363], [-110.6229814, 49.9962899], [-110.6230481, 49.9963436], [-110.6230551, 49.9964239], [-110.6230555, 49.9965128], [-110.6230761, 49.9965883], [-110.6231148, 49.9966426], [-110.6231668, 49.9966904], [-110.6232352, 49.9967307], [-110.6233633, 49.9968328], [-110.6237218, 49.9971827], [-110.6240397, 49.9974628], [-110.6242189, 49.9976326], [-110.6242451, 49.9976941], [-110.6242482, 49.9977514], [-110.6242117, 49.997857], [-110.6242154, 49.9979077], [-110.6242388, 49.9979478], [-110.6242792, 49.9979811], [-110.6243599, 49.9980224], [-110.6244638, 49.9980593], [-110.6245203, 49.9981057], [-110.6245536, 49.9981628], [-110.6245696, 49.9983328], [-110.6245557, 49.998588], [-110.6245165, 49.9987106], [-110.6244507, 49.998846], [-110.6243656, 49.9989762], [-110.6238908, 49.9995327], [-110.6235907, 49.9998188], [-110.6235098, 49.9999331], [-110.6234752, 49.9999984], [-110.6234803, 50.0000872], [-110.6235052, 50.0001632], [-110.6235885, 50.0002524]]}}, {"type": "Feature", "properties": {"name": "Path 261020149", "difficulty": "intermediate", "area": "Medicine Hat", "osm_id": 261020149, "highway": "cycleway"}, "geometry": {"type": "LineString", "coordinates": [[-110.629325, 50.00056], [-110.6293491, 50.0010177], [-110.6293294, 50.0011658], [-110.6292886, 50.0014066]]}}, {"type": "Feature", "properties": {"name": "Path 261042896", "difficulty": "intermediate", "area": "Medicine Hat", "osm_id": 261042896, "highway": "path"}, "geometry": {"type": "LineString", "coordinates": [[-110.6847241, 50.016408], [-110.6847264, 50.0168236], [-110.6847222, 50.0170329], [-110.6846188, 50.0170998], [-110.6845127, 50.017101], [-110.6845129, 50.0171729]]}}, {"type": "Feature", "properties": {"name": "Path 261042897", "difficulty": "intermediate", "area": "Medicine Hat", "osm_id": 261042897, "highway": "path"}, "geometry": {"type": "LineString", "coordinates": [[-110.6839594, 50.0168084], [-110.6840137, 50.0168201], [-110.6840679, 50.0168245], [-110.6842563, 50.0168273], [-110.6846943, 50.0168278], [-110.6847264, 50.0168236], [-110.6849749, 50.0168245], [-110.6855147, 50.0168224], [-110.6856036, 50.0168218], [-110.6856482, 50.016821], [-110.6856528, 50.0168727], [-110.6864482, 50.0168617], [-110.6873056, 50.0168633], [-110.6878801, 50.0168635]]}}, {"type": "Feature", "properties": {"name": "Path 261042898", "difficulty": "intermediate", "area": "Medicine Hat", "osm_id": 261042898, "highway": "path"}, "geometry": {"type": "LineString", "coordinates": [[-110.6850056, 50.016409], [-110.6849777, 50.0164421], [-110.6849749, 50.0168245], [-110.6849762, 50.0168774]]}}, {"type": "Feature", "properties": {"name": "Path 261042899", "difficulty": "intermediate", "area": "Medicine Hat", "osm_id": 261042899, "highway": "path"}, "geometry": {"type": "LineString", "coordinates": [[-110.6856036, 50.0168218], [-110.6854246, 50.0170306], [-110.6854266, 50.0173937], [-110.6851502, 50.0173983]]}}, {"type": "Feature", "properties": {"name": "Path 261042901", "difficulty": "intermediate", "area": "Medicine Hat", "osm_id": 261042901, "highway": "cycleway"}, "geometry": {"type": "LineString", "coordinates": [[-110.6822658, 50.0183429], [-110.6822876, 50.0183321], [-110.6823346, 50.0182981], [-110.6823851, 50.0182663], [-110.6824563, 50.0182299], [-110.6825972, 50.0181821], [-110.6827599, 50.0181375], [-110.6828918, 50.0180974], [-110.6830469, 50.0180537], [-110.6831853, 50.0179988], [-110.6833422, 50.0179255], [-110.683394, 50.0178957], [-110.6834598, 50.017858], [-110.6836291, 50.017722], [-110.6836644, 50.0177131], [-110.6836579, 50.0176758], [-110.6836372, 50.0176658]]}}, {"type": "Feature", "properties": {"name": "Path 261043381", "difficulty": "intermediate", "area": "Medicine Hat", "osm_id": 261043381, "highway": "path"}, "geometry": {"type": "LineString", "coordinates": [[-110.6812438, 50.0201251], [-110.6811027, 50.0199445], [-110.6811173, 50.0199035], [-110.6809156, 50.019642], [-110.6807528, 50.0193631], [-110.6807162, 50.0190713]]}}, {"type": "Feature", "properties": {"name": "Path 261043382", "difficulty": "intermediate", "area": "Medicine Hat", "osm_id": 261043382, "highway": "path"}, "geometry": {"type": "LineString", "coordinates": [[-110.6813332, 50.0189572], [-110.6812847, 50.0190237], [-110.6814174, 50.0192061], [-110.6816258, 50.0194776], [-110.6818424, 50.0197627], [-110.6818946, 50.0198247], [-110.6818286, 50.0199456], [-110.6816667, 50.0199961], [-110.6812438, 50.0201251], [-110.6808734, 50.0200751], [-110.6808609, 50.0200228], [-110.6806306, 50.0197211], [-110.6804451, 50.0194074], [-110.6803997, 50.0190863], [-110.6807162, 50.0190713], [-110.6810149, 50.0191066]]}}, {"type": "Feature", "properties": {"name": "Southview Trail", "difficulty": "intermediate", "area": "Medicine Hat", "osm_id": 261182712, "highway": "cycleway"}, "geometry": {"type": "LineString", "coordinates": [[-110.6415638, 50.0172212], [-110.6415957, 50.017241], [-110.6416357, 50.0172538], [-110.6416834, 50.017257], [-110.6417625, 50.0172651], [-110.6418208, 50.0172854], [-110.6418912, 50.0173152], [-110.6421534, 50.0174846], [-110.6422655, 50.0175422], [-110.6424022, 50.0175953], [-110.6427552, 50.0177126], [-110.6428919, 50.0177424], [-110.6432046, 50.0177948], [-110.6432832, 50.017811], [-110.6433991, 50.0178423], [-110.6434974, 50.0178758], [-110.6438345, 50.0180021], [-110.6442308, 50.0181721], [-110.6446659, 50.0183399], [-110.6447811, 50.0183777], [-110.6449103, 50.0184133], [-110.6450734, 50.0184493], [-110.6452681, 50.0184807], [-110.6454715, 50.0184959], [-110.6458755, 50.0185176], [-110.646014, 50.0185351], [-110.6461417, 50.0185708], [-110.6462266, 50.0185988], [-110.6462901, 50.0186365], [-110.6463396, 50.0186742], [-110.6463743, 50.018731], [-110.6463879, 50.0187811], [-110.6464003, 50.0188569], [-110.6463987, 50.0189327], [-110.646384, 50.0193056], [-110.6463872, 50.0193393], [-110.6463974, 50.0193753], [-110.6464121, 50.0194113], [-110.6464408, 50.019445], [-110.6465032, 50.0195028], [-110.6465318, 50.019547], [-110.6465444, 50.0195776], [-110.6465428, 50.0196082], [-110.6465221, 50.0196872], [-110.6465012, 50.0197267], [-110.6464204, 50.0197549]]}}, {"type": "Feature", "properties": {"name": "Ross Creek Coulee Trail", "difficulty": "intermediate", "area": "Medicine Hat", "osm_id": 261483434, "highway": "cycleway"}, "geometry": {"type": "LineString", "coordinates": [[-110.6280117, 50.0153824], [-110.6279001, 50.0153154], [-110.6277369, 50.0151345], [-110.6276352, 50.015067], [-110.627505, 50.015008], [-110.6272173, 50.0149448], [-110.6271207, 50.0149259], [-110.6270361, 50.0149078], [-110.626837, 50.014837], [-110.62649, 50.014675], [-110.625715, 50.014266], [-110.625546, 50.014187], [-110.625313, 50.014109], [-110.625142, 50.014075], [-110.624663, 50.014036], [-110.624415, 50.014057], [-110.624086, 50.014121], [-110.623898, 50.014208], [-110.623316, 50.014619], [-110.622924, 50.014803], [-110.622829, 50.014836], [-110.622499, 50.01489], [-110.622294, 50.014964], [-110.622172, 50.014976], [-110.622112, 50.014952], [-110.622058, 50.014882], [-110.622021, 50.014595], [-110.622022, 50.014507], [-110.622063, 50.014386], [-110.622286, 50.014072], [-110.622406, 50.013717], [-110.622468, 50.01359], [-110.622661, 50.013306], [-110.622679, 50.013164], [-110.622658, 50.01304], [-110.622577, 50.012761], [-110.622439, 50.012435], [-110.62235, 50.012305], [-110.622226, 50.01221], [-110.621874, 50.012019], [-110.62143, 50.011722], [-110.621245, 50.011567], [-110.621047, 50.011442], [-110.620971, 50.011357], [-110.620986, 50.011302], [-110.621105, 50.01123], [-110.621271, 50.01118], [-110.621342, 50.011138], [-110.621353, 50.011104], [-110.621308, 50.011049], [-110.621164, 50.010975], [-110.620935, 50.010765], [-110.620563, 50.010499], [-110.619555, 50.009981], [-110.619381, 50.009853], [-110.6190034, 50.0094994], [-110.6188914, 50.0093469], [-110.6188533, 50.009167], [-110.6188696, 50.0090142], [-110.6189634, 50.0088765], [-110.6190934, 50.0087439], [-110.6193249, 50.0085822], [-110.6194408, 50.0084891], [-110.6195382, 50.0083818], [-110.6196141, 50.0082283], [-110.6196915, 50.0079873], [-110.619812, 50.0078508], [-110.6200599, 50.0076058], [-110.6202221, 50.0074457], [-110.6203633, 50.0072208], [-110.6204659, 50.0071133], [-110.620632, 50.0070318], [-110.6208909, 50.0069607], [-110.6212439, 50.0068753], [-110.6216594, 50.0067699], [-110.6218751, 50.0066919], [-110.6221243, 50.0065549], [-110.622301, 50.0064453], [-110.6224772, 50.0062278], [-110.6225719, 50.0060711], [-110.6225811, 50.0058884], [-110.6224979, 50.0056121], [-110.6225567, 50.0055235], [-110.6227036, 50.0054452], [-110.622962, 50.0053666], [-110.6231836, 50.0052525], [-110.6232485, 50.005225], [-110.6233336, 50.0051984], [-110.6234823, 50.0051436], [-110.6236853, 50.0050592], [-110.6238219, 50.0049619], [-110.6238952, 50.0048466], [-110.6239666, 50.0046378], [-110.6240125, 50.0045411], [-110.6240953, 50.0044468], [-110.6241498, 50.0044087], [-110.6242269, 50.0043932], [-110.6243167, 50.0043915], [-110.6244693, 50.004406], [-110.6245454, 50.004406], [-110.6246473, 50.0043894], [-110.6249312, 50.0042782], [-110.6250058, 50.0042682], [-110.6251279, 50.0042689]]}}, {"type": "Feature", "properties": {"name": "Path 261483440", "difficulty": "intermediate", "area": "Medicine Hat", "osm_id": 261483440, "highway": "cycleway"}, "geometry": {"type": "LineString", "coordinates": [[-110.6331102, 50.0139411], [-110.6337508, 50.014159], [-110.6338355, 50.0141879]]}}, {"type": "Feature", "properties": {"name": "Jefferies Trail", "difficulty": "intermediate", "area": "Medicine Hat", "osm_id": 261630350, "highway": "cycleway"}, "geometry": {"type": "LineString", "coordinates": [[-110.6821474, 50.0489046], [-110.6818546, 50.0489199], [-110.6817517, 50.0489392], [-110.6816549, 50.048986], [-110.6814526, 50.0490983], [-110.681315, 50.0491446], [-110.6811628, 50.0491769], [-110.6810077, 50.0492047], [-110.6807908, 50.0492286], [-110.6805758, 50.0492708], [-110.6803596, 50.0493223], [-110.6802812, 50.0493227], [-110.6797752, 50.0493064], [-110.6796704, 50.0493139], [-110.6795322, 50.0493387], [-110.6793878, 50.049385], [-110.6790931, 50.0494935], [-110.6789637, 50.0495523], [-110.6788867, 50.0495758], [-110.6788342, 50.0495954], [-110.6785668, 50.0496097], [-110.6782589, 50.0496097], [-110.6778802, 50.0496233], [-110.6776607, 50.0496438], [-110.6771688, 50.0497165], [-110.6770613, 50.0497239], [-110.6767972, 50.0497233], [-110.6765707, 50.0496915], [-110.6764503, 50.0496529], [-110.6762875, 50.0495824], [-110.6762284, 50.0495381], [-110.676153, 50.0495006], [-110.6760178, 50.0494051], [-110.6757516, 50.0490923], [-110.675388, 50.0487043], [-110.6752888, 50.0486742], [-110.6751925, 50.0486629], [-110.6751472, 50.0486638], [-110.675041, 50.0486675], [-110.6749795, 50.0486615], [-110.6749052, 50.0486456], [-110.6748595, 50.0486418], [-110.6748011, 50.0486461], [-110.6745136, 50.0486989], [-110.6743207, 50.0487154], [-110.6741534, 50.0487211], [-110.6740436, 50.0487295], [-110.6738487, 50.0487872], [-110.6737895, 50.0488012], [-110.673648, 50.0488135], [-110.673423, 50.0488607], [-110.6732768, 50.0489041], [-110.6731562, 50.0489557], [-110.6730897, 50.0489884], [-110.6730295, 50.0490333], [-110.6729548, 50.0491158], [-110.6728908, 50.0491982], [-110.6726904, 50.0494802], [-110.6726431, 50.0495162], [-110.6725837, 50.0495432], [-110.6724378, 50.0495957]]}}, {"type": "Feature", "properties": {"name": "Path 261630421", "difficulty": "intermediate", "area": "Medicine Hat", "osm_id": 261630421, "highway": "cycleway"}, "geometry": {"type": "LineString", "coordinates": [[-110.6762284, 50.0495381], [-110.6762801, 50.049381], [-110.6763067, 50.0492799], [-110.6763004, 50.0492274], [-110.6762819, 50.0491474], [-110.6762693, 50.0490909], [-110.6762717, 50.0490459], [-110.6763047, 50.0489892], [-110.6764144, 50.0488747], [-110.6764944, 50.0488131], [-110.6765879, 50.048728], [-110.6766333, 50.0486428], [-110.6766305, 50.048561], [-110.6765932, 50.0483648], [-110.6765993, 50.0482874], [-110.676618, 50.0482312], [-110.6766738, 50.0481433], [-110.676738, 50.0480331], [-110.676752, 50.0478953], [-110.676752, 50.0475017], [-110.6767227, 50.0474566], [-110.6766013, 50.0473666], [-110.6763495, 50.0472476], [-110.6762454, 50.0472062], [-110.6760709, 50.0471667], [-110.6759111, 50.0471374], [-110.6758364, 50.0471114], [-110.6757815, 50.0470694], [-110.6757468, 50.0470318], [-110.6757304, 50.0469863], [-110.6756205, 50.0469499], [-110.6754958, 50.0469058], [-110.6753911, 50.0468648], [-110.6752701, 50.0468836]]}}, {"type": "Feature", "properties": {"name": "Path 261630422", "difficulty": "intermediate", "area": "Medicine Hat", "osm_id": 261630422, "highway": "cycleway"}, "geometry": {"type": "LineString", "coordinates": [[-110.6760178, 50.0494051], [-110.6756933, 50.0495013]]}}, {"type": "Feature", "properties": {"name": "Path 261630423", "difficulty": "intermediate", "area": "Medicine Hat", "osm_id": 261630423, "highway": "cycleway"}, "geometry": {"type": "LineString", "coordinates": [[-110.6788342, 50.0495954], [-110.6788521, 50.0497388]]}}, {"type": "Feature", "properties": {"name": "Path 261630424", "difficulty": "intermediate", "area": "Medicine Hat", "osm_id": 261630424, "highway": "cycleway"}, "geometry": {"type": "LineString", "coordinates": [[-110.6805758, 50.0492708], [-110.6805172, 50.0497811]]}}, {"type": "Feature", "properties": {"name": "Path 261630425", "difficulty": "intermediate", "area": "Medicine Hat", "osm_id": 261630425, "highway": "cycleway"}, "geometry": {"type": "LineString", "coordinates": [[-110.6750871, 50.0487879], [-110.675388, 50.0487043], [-110.6755734, 50.0486463], [-110.6756398, 50.0486215], [-110.6757295, 50.048568], [-110.6758217, 50.0484736], [-110.6758264, 50.0484324], [-110.6758062, 50.0483243]]}}, {"type": "Feature", "properties": {"name": "Path 261630426", "difficulty": "intermediate", "area": "Medicine Hat", "osm_id": 261630426, "highway": "path"}, "geometry": {"type": "LineString", "coordinates": [[-110.6758217, 50.0484736], [-110.6758283, 50.0487005], [-110.6757981, 50.0488488], [-110.6757516, 50.0490923]]}}, {"type": "Feature", "properties": {"name": "Path 261630428", "difficulty": "intermediate", "area": "Medicine Hat", "osm_id": 261630428, "highway": "path"}, "geometry": {"type": "LineString", "coordinates": [[-110.6823536, 50.0483272], [-110.6829206, 50.048559], [-110.6831673, 50.048624], [-110.6834726, 50.0486811], [-110.684172, 50.0487201], [-110.6845962, 50.0487163]]}}, {"type": "Feature", "properties": {"name": "Ross Glen Town Center Loop", "difficulty": "intermediate", "area": "Medicine Hat", "osm_id": 298002385, "highway": "cycleway"}, "geometry": {"type": "LineString", "coordinates": [[-110.6397726, 50.0040954], [-110.6395855, 50.0041797], [-110.6395391, 50.0042241], [-110.6392796, 50.0044753], [-110.6392233, 50.0045101], [-110.6391627, 50.0045315], [-110.6390849, 50.0045474], [-110.6389299, 50.0045699], [-110.6388917, 50.0045792], [-110.6388681, 50.0045878], [-110.6388394, 50.0045995], [-110.6388156, 50.0046152], [-110.6387892, 50.0046341], [-110.6385963, 50.0048932]]}}, {"type": "Feature", "properties": {"name": "Path 298002386", "difficulty": "intermediate", "area": "Medicine Hat", "osm_id": 298002386, "highway": "cycleway"}, "geometry": {"type": "LineString", "coordinates": [[-110.6395224, 50.0038999], [-110.6395855, 50.0041797]]}}, {"type": "Feature", "properties": {"name": "Sierra Coulee Trails", "difficulty": "intermediate", "area": "Medicine Hat", "osm_id": 304456525, "highway": "cycleway"}, "geometry": {"type": "LineString", "coordinates": [[-110.6993604, 50.0034887], [-110.6994381, 50.0035234], [-110.6995215, 50.0035719], [-110.6996449, 50.0036724], [-110.6998106, 50.0037395], [-110.7002001, 50.0038429], [-110.7005141, 50.0038568], [-110.70086, 50.0039715], [-110.7012409, 50.0040551], [-110.7014979, 50.0040715], [-110.701685, 50.0040696], [-110.7018626, 50.004078], [-110.7022404, 50.0041403], [-110.7024655, 50.0041865], [-110.7026356, 50.0043506], [-110.7028395, 50.0044225], [-110.7031285, 50.0044498], [-110.7033818, 50.0044406], [-110.7034484, 50.0044309], [-110.7035212, 50.0044092], [-110.7035585, 50.004363], [-110.703562, 50.0042813], [-110.7035469, 50.0042231], [-110.7034736, 50.0041304], [-110.7034439, 50.0040238], [-110.7034385, 50.0038773], [-110.7034621, 50.0036958], [-110.7034818, 50.0036787], [-110.7035163, 50.0036833], [-110.7035545, 50.0037065], [-110.7035873, 50.0037158], [-110.7036162, 50.0036848], [-110.703609, 50.0036398], [-110.7036356, 50.0036051], [-110.7036711, 50.0036149], [-110.7036921, 50.0036432], [-110.7037378, 50.0036685], [-110.7037577, 50.0036478], [-110.7037594, 50.0036155], [-110.7037862, 50.0035877], [-110.7038347, 50.0035995], [-110.7038774, 50.0036352], [-110.703912, 50.0036427], [-110.7039382, 50.003628], [-110.7039471, 50.0035741], [-110.7039471, 50.0033879], [-110.7039096, 50.00325], [-110.7037011, 50.0030067], [-110.7034645, 50.0027103], [-110.7033695, 50.0025301], [-110.7033415, 50.002284], [-110.7033664, 50.0020904], [-110.7034332, 50.0019103], [-110.7036591, 50.0015576], [-110.7037431, 50.0013114], [-110.703881, 50.0008623], [-110.703978, 50.0005007], [-110.7039287, 50.000374], [-110.7034974, 49.9996689], [-110.7032346, 49.9992229], [-110.7031672, 49.9990273], [-110.7029058, 49.9987342], [-110.702625, 49.9984638], [-110.7025557, 49.9983655], [-110.7025441, 49.9982503], [-110.7025602, 49.9980385], [-110.7025436, 49.9979143], [-110.7025038, 49.9978292], [-110.702462, 49.9977762], [-110.702391, 49.9977495], [-110.7019559, 49.9976423], [-110.7014898, 49.9975235], [-110.7011811, 49.9974725], [-110.7010023, 49.9974581], [-110.7008536, 49.9974143], [-110.7003641, 49.9972072], [-110.7002154, 49.9971275]]}}, {"type": "Feature", "properties": {"name": "Sammis Trail", "difficulty": "intermediate", "area": "Medicine Hat", "osm_id": 304456527, "highway": "cycleway"}, "geometry": {"type": "LineString", "coordinates": [[-110.7009977, 50.0052335], [-110.7009923, 50.0053264], [-110.7009469, 50.0056708], [-110.6992514, 50.0057539], [-110.699036, 50.0058022], [-110.6983609, 50.0059876], [-110.6980385, 50.0060388], [-110.6976867, 50.0060523], [-110.6965595, 50.006011], [-110.6962268, 50.0060199], [-110.695876, 50.0060293], [-110.6952249, 50.0060833], [-110.6944793, 50.0062001], [-110.6942729, 50.0062239], [-110.6941219, 50.0062179], [-110.6940541, 50.0061704], [-110.6940141, 50.0060734], [-110.6939679, 50.0058635], [-110.6939247, 50.005709], [-110.6939093, 50.00561], [-110.6939494, 50.0054061], [-110.6940018, 50.0052595], [-110.6940233, 50.0050357], [-110.6940614, 50.0048638], [-110.6931567, 50.0048072], [-110.6930394, 50.0048087], [-110.6929239, 50.0048486], [-110.6928171, 50.0049117]]}}, {"type": "Feature", "properties": {"name": "Path 304456528", "difficulty": "intermediate", "area": "Medicine Hat", "osm_id": 304456528, "highway": "cycleway"}, "geometry": {"type": "LineString", "coordinates": [[-110.6867887, 50.0031652], [-110.6863419, 50.0033952], [-110.6860201, 50.0035779], [-110.6858806, 50.0036365], [-110.6854783, 50.0036813], [-110.6851993, 50.003702], [-110.685151, 50.003702], [-110.6851028, 50.0038468], [-110.6851081, 50.0040399], [-110.6852047, 50.0042916], [-110.6853549, 50.0046502], [-110.6854617, 50.004868], [-110.6859611, 50.004764], [-110.6864331, 50.0047709], [-110.6869481, 50.0048329], [-110.6872432, 50.0049398], [-110.6874846, 50.0052398], [-110.6878128, 50.0056258], [-110.6880039, 50.0058087], [-110.6882722, 50.0059628], [-110.68863, 50.0060778], [-110.6889471, 50.0061823], [-110.6891984, 50.0063588], [-110.6893494, 50.0065073], [-110.6894141, 50.006634], [-110.6895342, 50.0067865], [-110.689676, 50.0068855], [-110.689944, 50.0069885], [-110.6901084, 50.0070115], [-110.6903254, 50.0070267], [-110.6907636, 50.0070023], [-110.6912196, 50.0069825], [-110.6913751, 50.0069766], [-110.6914897, 50.0069865], [-110.6915604, 50.0070135], [-110.6916333, 50.0070552], [-110.6916948, 50.0071171], [-110.6917205, 50.0071853], [-110.6917429, 50.0073072], [-110.6917898, 50.0073738], [-110.6918586, 50.0074286], [-110.6920007, 50.0074911], [-110.6921147, 50.0075486], [-110.6922329, 50.0076271], [-110.6922838, 50.0076952], [-110.692306, 50.0077606], [-110.6923425, 50.0080289], [-110.6923545, 50.0080938], [-110.6924442, 50.0083611], [-110.6924585, 50.0084395], [-110.6924482, 50.008552], [-110.6924483, 50.008693], [-110.6924699, 50.0088216], [-110.6925079, 50.0089712], [-110.6925324, 50.0091279], [-110.6925587, 50.0092114], [-110.6926177, 50.0093107], [-110.6927191, 50.0094567], [-110.6927783, 50.0096018], [-110.692813, 50.0097625], [-110.6928434, 50.0098789], [-110.6929024, 50.0100293], [-110.6930732, 50.0102907], [-110.6930935, 50.0103561], [-110.693065, 50.0104161], [-110.693012, 50.0104656], [-110.6929265, 50.0104786], [-110.6928411, 50.0104812], [-110.6925025, 50.0104326], [-110.6921721, 50.0103788], [-110.6917998, 50.0103139], [-110.6916622, 50.0102852], [-110.6914996, 50.0102682], [-110.6913451, 50.0102723], [-110.6911581, 50.0103036], [-110.6909588, 50.0103533], [-110.6908511, 50.0103885], [-110.6907597, 50.010429], [-110.6905769, 50.0105336], [-110.6904548, 50.0105963], [-110.6903205, 50.0106537]]}}, {"type": "Feature", "properties": {"name": "Sunrise Trail", "difficulty": "intermediate", "area": "Medicine Hat", "osm_id": 304456529, "highway": "cycleway"}, "geometry": {"type": "LineString", "coordinates": [[-110.6903205, 50.0106537], [-110.6901418, 50.0106955], [-110.6900073, 50.0107008], [-110.6899056, 50.0107008], [-110.6898084, 50.0106851], [-110.6896741, 50.0106354], [-110.689589, 50.0105884], [-110.6895307, 50.0105293], [-110.6893246, 50.0102512], [-110.6892455, 50.0101494], [-110.6891173, 50.0100476], [-110.6889486, 50.0099443], [-110.688788, 50.0098673], [-110.6886316, 50.0098307], [-110.6884383, 50.0098019], [-110.6881172, 50.0097654], [-110.6876704, 50.009742], [-110.6874951, 50.0097367], [-110.6873689, 50.0097498], [-110.6872269, 50.0097811], [-110.6870527, 50.0098358], [-110.6869203, 50.0098905], [-110.6867816, 50.0099597], [-110.6866536, 50.0100633], [-110.6865072, 50.0102019], [-110.686369, 50.0102984], [-110.6860926, 50.0104447], [-110.6856424, 50.0106114]]}}, {"type": "Feature", "properties": {"name": "Path 304460038", "difficulty": "intermediate", "area": "Medicine Hat", "osm_id": 304460038, "highway": "cycleway"}, "geometry": {"type": "LineString", "coordinates": [[-110.6888142, 50.0121228], [-110.68911, 50.0121501], [-110.689227, 50.0121737], [-110.6893625, 50.0122155], [-110.6894329, 50.0122373], [-110.6895253, 50.0122497], [-110.6896385, 50.0122701], [-110.689709, 50.0122867], [-110.6897978, 50.0123102], [-110.690055, 50.0124544], [-110.6902372, 50.0125903], [-110.6903206, 50.0126711], [-110.6903859, 50.0127635], [-110.6904242, 50.0128835], [-110.6904424, 50.0130268], [-110.6904442, 50.0132114], [-110.6904221, 50.0140527], [-110.6904139, 50.0144459], [-110.6904104, 50.0145527], [-110.6904018, 50.0145867], [-110.6903828, 50.0146206], [-110.6903292, 50.0146963], [-110.6903057, 50.0147435], [-110.6902989, 50.0148018], [-110.690298, 50.0151682], [-110.6903013, 50.0152146], [-110.6903287, 50.0152622], [-110.6903454, 50.0152832], [-110.6904137, 50.0153221], [-110.690482, 50.0153351], [-110.6905729, 50.0153448], [-110.690688, 50.0153468], [-110.6910301, 50.0153355], [-110.6911724, 50.0154478], [-110.6916156, 50.0158501], [-110.6918595, 50.01608], [-110.6922169, 50.0164302], [-110.6923469, 50.0165479], [-110.6925985, 50.016767], [-110.6928303, 50.016942], [-110.6932052, 50.0172111], [-110.6936322, 50.0174601], [-110.6939991, 50.0177328], [-110.694334, 50.0180465], [-110.6945583, 50.0182795], [-110.6946603, 50.0183503], [-110.6948596, 50.0184862], [-110.6949368, 50.018557], [-110.6949791, 50.0186487], [-110.6949934, 50.0187893], [-110.6949736, 50.0189535], [-110.6947667, 50.0189585], [-110.694401, 50.0189793], [-110.6940828, 50.018995], [-110.6939795, 50.0190093], [-110.6938842, 50.0190417], [-110.6937857, 50.0191076], [-110.6936893, 50.0191907], [-110.693597, 50.0192482], [-110.6935387, 50.0192744]]}}, {"type": "Feature", "properties": {"name": "Saratoga Park Trail", "difficulty": "intermediate", "area": "Medicine Hat", "osm_id": 304460039, "highway": "cycleway"}, "geometry": {"type": "LineString", "coordinates": [[-110.6806097, 50.0238233], [-110.6804316, 50.0237559], [-110.680352, 50.0237457], [-110.6802529, 50.0237207], [-110.6801485, 50.023707], [-110.6798777, 50.0237298], [-110.6795486, 50.0237548], [-110.6794088, 50.0237616], [-110.679315, 50.0237559], [-110.6791894, 50.0237104], [-110.6790673, 50.0236684], [-110.678931, 50.0236434], [-110.6787063, 50.0236104], [-110.6784532, 50.0236002], [-110.6780241, 50.0236314], [-110.6779416, 50.0236477], [-110.6778209, 50.0236583], [-110.6777399, 50.0236565], [-110.6774513, 50.0236481], [-110.6774161, 50.0236502], [-110.6767857, 50.0236874], [-110.6763994, 50.0237003], [-110.6763025, 50.0237088], [-110.6762011, 50.0237201], [-110.6754611, 50.0237942], [-110.6752972, 50.023815], [-110.6749348, 50.023896], [-110.6748618, 50.0239107], [-110.6747744, 50.0238902], [-110.6747399, 50.0238767], [-110.6747131, 50.0238499], [-110.6746546, 50.0237772]]}}, {"type": "Feature", "properties": {"name": "Ross Creek Coulee Trail", "difficulty": "intermediate", "area": "Medicine Hat", "osm_id": 304460040, "highway": "cycleway"}, "geometry": {"type": "LineString", "coordinates": [[-110.6234273, 50.0039535], [-110.6234064, 50.0038507], [-110.6233638, 50.003771], [-110.6230386, 50.0033725], [-110.6229349, 50.0031907], [-110.6227668, 50.0028365], [-110.6227135, 50.0027494], [-110.622654, 50.002652], [-110.6226088, 50.002578], [-110.6224586, 50.0023322], [-110.6223465, 50.0022061], [-110.6223091, 50.00199], [-110.6223465, 50.0018459], [-110.6226174, 50.0016779], [-110.6230892, 50.0014717], [-110.6232326, 50.0014152], [-110.6233373, 50.001388], [-110.6234401, 50.0013681], [-110.6235647, 50.0013617], [-110.6236705, 50.0013121]]}}, {"type": "Feature", "properties": {"name": "Ross Glen Town Center Loop", "difficulty": "intermediate", "area": "Medicine Hat", "osm_id": 304460041, "highway": "cycleway"}, "geometry": {"type": "LineString", "coordinates": [[-110.6253441, 50.0013041], [-110.6258507, 50.0013043], [-110.6258903, 50.0013066], [-110.6259587, 50.0013181], [-110.6261026, 50.0013482], [-110.626216, 50.0013679], [-110.6263383, 50.001376], [-110.6268098, 50.0013713], [-110.6268655, 50.0013667], [-110.6269375, 50.0013447], [-110.6269843, 50.0013193], [-110.6272686, 50.0010926], [-110.6273208, 50.0010626], [-110.6273765, 50.0010452], [-110.6274557, 50.0010325], [-110.6276266, 50.0010244], [-110.6279433, 50.0010175], [-110.628116, 50.0010186], [-110.6282258, 50.0010267], [-110.6283391, 50.0010406], [-110.6284813, 50.001066], [-110.6285632, 50.0010707], [-110.6288294, 50.0010699], [-110.6289475, 50.0010783], [-110.6290449, 50.0010933], [-110.6292241, 50.0011351], [-110.6293294, 50.0011658], [-110.6295701, 50.0013017], [-110.6296332, 50.0013437], [-110.6296894, 50.0013611], [-110.6297712, 50.0013715], [-110.6302356, 50.0013708], [-110.6303267, 50.0013888], [-110.6304551, 50.0014758], [-110.6305742, 50.0015869], [-110.6307119, 50.0016574], [-110.6309104, 50.0017235], [-110.6311112, 50.001794], [-110.6311229, 50.001803], [-110.6313307, 50.0018855], [-110.6315175, 50.0019081], [-110.6315245, 50.0019111], [-110.6317767, 50.0018195], [-110.6319845, 50.0017084], [-110.6321129, 50.0016334], [-110.632127, 50.0016274], [-110.6324562, 50.0015779], [-110.6326944, 50.0015899], [-110.6330773, 50.0015809], [-110.6334019, 50.0015659], [-110.633647, 50.0015599], [-110.6336797, 50.0015644], [-110.634051, 50.0016424], [-110.6341841, 50.0016379], [-110.6344223, 50.0016334], [-110.6346768, 50.0016349], [-110.6348285, 50.0016634], [-110.6353796, 50.0018225], [-110.6356896, 50.0019552]]}}, {"type": "Feature", "properties": {"name": "Ross Glen Finger Park Loop", "difficulty": "intermediate", "area": "Medicine Hat", "osm_id": 304460042, "highway": "cycleway"}, "geometry": {"type": "LineString", "coordinates": [[-110.6253825, 50.0039885], [-110.6257709, 50.0040226], [-110.6262628, 50.0040501], [-110.6265921, 50.0040814], [-110.6269596, 50.0041629], [-110.627193, 50.0041994], [-110.6273066, 50.004203], [-110.6274085, 50.0041969], [-110.6278319, 50.0041426], [-110.6279287, 50.0041344], [-110.6280197, 50.0041356], [-110.6282082, 50.0041501], [-110.6282792, 50.004164], [-110.6283205, 50.004192], [-110.6283792, 50.004241], [-110.6285028, 50.0043669], [-110.6286724, 50.004552], [-110.6287619, 50.0046366], [-110.6288584, 50.0047189], [-110.62893, 50.0047795], [-110.6290004, 50.0048313], [-110.6292632, 50.0049581], [-110.6295396, 50.0050848], [-110.6295898, 50.0051049]]}}, {"type": "Feature", "properties": {"name": "South Ridge PUL Trail", "difficulty": "intermediate", "area": "Medicine Hat", "osm_id": 304460501, "highway": "cycleway"}, "geometry": {"type": "LineString", "coordinates": [[-110.6645289, 49.9978478], [-110.6645651, 49.9978406], [-110.6655056, 49.9978271], [-110.6655612, 49.9978147], [-110.6655821, 49.9977596], [-110.6655765, 49.9972407], [-110.6656051, 49.9971761], [-110.6656953, 49.9971176], [-110.6658274, 49.9970862], [-110.6660922, 49.9970743], [-110.6664744, 49.9970756], [-110.6671335, 49.9970684], [-110.6677068, 49.997071], [-110.6709164, 49.9970702], [-110.671025, 49.997072], [-110.6711214, 49.9970816], [-110.671254, 49.9971047], [-110.6713863, 49.9971121], [-110.6730445, 49.9971113], [-110.674431, 49.9971055], [-110.6745225, 49.9970965], [-110.6746583, 49.997079], [-110.6748015, 49.9970695], [-110.675439, 49.9970693], [-110.6826747, 49.9970302], [-110.6864211, 49.997025], [-110.6867443, 49.9970371], [-110.6869556, 49.9970652], [-110.687033, 49.997073]]}}, {"type": "Feature", "properties": {"name": "Path 304460502", "difficulty": "intermediate", "area": "Medicine Hat", "osm_id": 304460502, "highway": "path"}, "geometry": {"type": "LineString", "coordinates": [[-110.675439, 49.9970693], [-110.6754058, 49.9971337], [-110.6753987, 49.9972803], [-110.675394, 49.9974169], [-110.6753333, 49.9974889], [-110.6752306, 49.997564], [-110.6751652, 49.997618], [-110.6750811, 49.9977096], [-110.6750087, 49.9978267], [-110.6749857, 49.9978778]]}}, {"type": "Feature", "properties": {"name": "Path 304460503", "difficulty": "intermediate", "area": "Medicine Hat", "osm_id": 304460503, "highway": "cycleway"}, "geometry": {"type": "LineString", "coordinates": [[-110.6651947, 50.0017547], [-110.6651981, 50.0017047], [-110.6651733, 50.001666], [-110.6650955, 50.0015636], [-110.6649327, 50.0013794], [-110.6648123, 50.0012042], [-110.6647309, 50.0010586], [-110.664646, 50.0009221], [-110.6646425, 50.0008493], [-110.6646566, 50.0007083], [-110.6646141, 50.0005126], [-110.6645858, 50.0003011], [-110.6645575, 49.9998734], [-110.6645646, 49.9994343], [-110.6645823, 49.9990999], [-110.6645717, 49.9985926], [-110.6645717, 49.9983537], [-110.6645681, 49.9978998], [-110.6645289, 49.9978478], [-110.6644761, 49.9977781], [-110.6644938, 49.9975187], [-110.6645209, 49.9970327], [-110.664535, 49.9966292], [-110.6645303, 49.9959601], [-110.6644938, 49.9957737], [-110.6645214, 49.9952468], [-110.6645143, 49.995162], [-110.6645208, 49.994794], [-110.664545, 49.9943368], [-110.6645459, 49.9936752]]}}, {"type": "Feature", "properties": {"name": "Southview Trail", "difficulty": "intermediate", "area": "Medicine Hat", "osm_id": 304460504, "highway": "cycleway"}, "geometry": {"type": "LineString", "coordinates": [[-110.6464029, 50.020276], [-110.6464428, 50.0203401], [-110.6465194, 50.0203806], [-110.6465171, 50.0205128], [-110.6464946, 50.0206323], [-110.6464454, 50.0207482], [-110.6464231, 50.020818], [-110.6464119, 50.0209119], [-110.6464261, 50.0210028], [-110.6464944, 50.0214176], [-110.6464886, 50.021548], [-110.6464516, 50.021695], [-110.6463638, 50.0219256], [-110.6463408, 50.0220018], [-110.6463269, 50.0220781], [-110.6463238, 50.0222186], [-110.6463276, 50.022291], [-110.6463131, 50.0223635], [-110.6462801, 50.0224699], [-110.6462648, 50.0225577], [-110.6462587, 50.0226574], [-110.6462627, 50.0227429], [-110.646292, 50.02288], [-110.6463201, 50.0229918], [-110.6463758, 50.0231405], [-110.646423, 50.023257], [-110.6464349, 50.023326], [-110.6464422, 50.0233892], [-110.6464494, 50.0235729], [-110.6464251, 50.0236475], [-110.6463692, 50.0237527], [-110.6463364, 50.0238476], [-110.6463096, 50.0239456], [-110.6463023, 50.0240161], [-110.646286, 50.0240636], [-110.646256, 50.0240963], [-110.6461232, 50.0242608], [-110.6460845, 50.0243073], [-110.646072, 50.0243395], [-110.6460596, 50.0243893], [-110.6460573, 50.0244412], [-110.6460756, 50.0247463], [-110.6460882, 50.0248048], [-110.6461099, 50.0248603], [-110.6461369, 50.0249274], [-110.646244, 50.0251015], [-110.646279, 50.0251682], [-110.6463025, 50.0252392], [-110.6463, 50.0253562], [-110.6462476, 50.0254691], [-110.646077, 50.0255692], [-110.645859, 50.0255769], [-110.6456022, 50.0255559], [-110.6452216, 50.0255274], [-110.6449414, 50.0255229], [-110.6447476, 50.0255454], [-110.6445491, 50.0256729], [-110.6443273, 50.0258904], [-110.6442545, 50.0260248], [-110.6441848, 50.026177], [-110.6442339, 50.026252], [-110.6443156, 50.0263075], [-110.644444, 50.026375], [-110.6449533, 50.026536], [-110.645893, 50.0267886], [-110.6464455, 50.0269373], [-110.6473966, 50.0271099], [-110.6492649, 50.0274053], [-110.6505268, 50.0276378], [-110.6513877, 50.027792]]}}, {"type": "Feature", "properties": {"name": "South Boundary Trail", "difficulty": "intermediate", "area": "Medicine Hat", "osm_id": 304462071, "highway": "cycleway"}, "geometry": {"type": "LineString", "coordinates": [[-110.6492844, 49.9959021], [-110.6514698, 49.9931154], [-110.6516123, 49.9930046]]}}, {"type": "Feature", "properties": {"name": "Path 304462072", "difficulty": "intermediate", "area": "Medicine Hat", "osm_id": 304462072, "highway": "cycleway"}, "geometry": {"type": "LineString", "coordinates": [[-110.6973646, 50.00224], [-110.6973646, 50.0021277], [-110.6973436, 50.0020481], [-110.6972689, 50.0019971], [-110.6971614, 50.0019431], [-110.6971007, 50.0018951], [-110.697047, 50.001835], [-110.6969233, 50.0017735], [-110.6968182, 50.00173], [-110.6967544, 50.0017021]]}}, {"type": "Feature", "properties": {"name": "Path 304462073", "difficulty": "intermediate", "area": "Medicine Hat", "osm_id": 304462073, "highway": "cycleway"}, "geometry": {"type": "LineString", "coordinates": [[-110.696164, 50.001857], [-110.6960757, 50.001775], [-110.6960617, 50.0017119], [-110.6960593, 50.0016519], [-110.696085, 50.0015919], [-110.6961107, 50.0015063], [-110.6961177, 50.0014583], [-110.69612, 50.0014118], [-110.6961014, 50.0013788], [-110.696043, 50.0013367], [-110.6959356, 50.0012872], [-110.6958562, 50.0012437], [-110.6957908, 50.0011716], [-110.6957161, 50.0010711], [-110.69566, 50.000996], [-110.6955736, 50.0009375], [-110.6954406, 50.000882], [-110.6952818, 50.0008474], [-110.695137, 50.0008354], [-110.6949806, 50.0008174], [-110.6948708, 50.0007844], [-110.694503, 50.0006379], [-110.6943415, 50.0005785], [-110.6942268, 50.0005303], [-110.6941318, 50.0004893], [-110.6939521, 50.0004108], [-110.6938408, 50.0003315], [-110.6934854, 50.0000867], [-110.6931971, 49.9998936], [-110.6929852, 49.9997402], [-110.6927438, 49.9996083], [-110.6925815, 49.9995272], [-110.6922972, 49.9994083], [-110.692096, 49.9993436], [-110.691978, 49.9993246], [-110.6919217, 49.9993212]]}}, {"type": "Feature", "properties": {"name": "Path 304462074", "difficulty": "intermediate", "area": "Medicine Hat", "osm_id": 304462074, "highway": "cycleway"}, "geometry": {"type": "LineString", "coordinates": [[-110.6917826, 49.9997432], [-110.6918422, 49.9996206], [-110.6918959, 49.9994482], [-110.6919217, 49.9993212], [-110.6919227, 49.9991947], [-110.6919415, 49.9991051], [-110.6920032, 49.9989689], [-110.6920649, 49.9988241], [-110.6920702, 49.9987103], [-110.6920032, 49.9986154], [-110.6919227, 49.9985603], [-110.6917564, 49.9984361], [-110.6915418, 49.9983223], [-110.6913112, 49.9982361], [-110.6911849, 49.9981986], [-110.6909926, 49.9981472], [-110.6908592, 49.9981242], [-110.6907797, 49.9981176], [-110.6906796, 49.9981274], [-110.6906103, 49.9981472], [-110.690559, 49.9981753], [-110.690441, 49.9982528], [-110.6903435, 49.9983221], [-110.6902562, 49.9983551], [-110.6901279, 49.9983765], [-110.6899458, 49.998388], [-110.6898072, 49.998388], [-110.6896841, 49.9983814], [-110.6895404, 49.99836], [-110.68943, 49.9983485], [-110.6893531, 49.9983452], [-110.6892655, 49.9983533], [-110.6891581, 49.9983683], [-110.6891221, 49.9983716], [-110.6890798, 49.9983697], [-110.6890411, 49.9983646]]}}, {"type": "Feature", "properties": {"name": "Path 304462076", "difficulty": "intermediate", "area": "Medicine Hat", "osm_id": 304462076, "highway": "cycleway"}, "geometry": {"type": "LineString", "coordinates": [[-110.6925168, 49.9986547], [-110.692426, 49.9986504], [-110.6923886, 49.9986433], [-110.6923788, 49.998568], [-110.6923654, 49.9985188], [-110.692308, 49.9984841], [-110.6922062, 49.9984673], [-110.6921336, 49.9984785], [-110.692088, 49.9985035], [-110.6920495, 49.9985643], [-110.6920032, 49.9986154]]}}, {"type": "Feature", "properties": {"name": "Path 304462078", "difficulty": "intermediate", "area": "Medicine Hat", "osm_id": 304462078, "highway": "path"}, "geometry": {"type": "LineString", "coordinates": [[-110.6962222, 50.0057099], [-110.6962268, 50.0060199]]}}, {"type": "Feature", "properties": {"name": "Sammis Trail", "difficulty": "intermediate", "area": "Medicine Hat", "osm_id": 304462079, "highway": "cycleway"}, "geometry": {"type": "LineString", "coordinates": [[-110.6940614, 50.0048638], [-110.6940986, 50.004759], [-110.6942193, 50.0045849], [-110.694472, 50.0042467], [-110.694619, 50.0040797], [-110.6947102, 50.0039539], [-110.6949536, 50.0035479], [-110.6950337, 50.0034351], [-110.6950768, 50.0033796], [-110.6950799, 50.0033103], [-110.6950737, 50.003239], [-110.694895, 50.0030033], [-110.6947841, 50.0028667], [-110.6946917, 50.0027776], [-110.6944668, 50.0026409], [-110.6942648, 50.0025147]]}}, {"type": "Feature", "properties": {"name": "Path 304462081", "difficulty": "intermediate", "area": "Medicine Hat", "osm_id": 304462081, "highway": "cycleway"}, "geometry": {"type": "LineString", "coordinates": [[-110.685151, 50.003702], [-110.6851199, 50.0036226], [-110.6851092, 50.0033058], [-110.6850762, 50.0032222]]}}, {"type": "Feature", "properties": {"name": "Path 304462082", "difficulty": "intermediate", "area": "Medicine Hat", "osm_id": 304462082, "highway": "cycleway"}, "geometry": {"type": "LineString", "coordinates": [[-110.6854617, 50.004868], [-110.6851972, 50.0049524]]}}, {"type": "Feature", "properties": {"name": "Sunrise Trail", "difficulty": "intermediate", "area": "Medicine Hat", "osm_id": 304462083, "highway": "cycleway"}, "geometry": {"type": "LineString", "coordinates": [[-110.6856424, 50.0106114], [-110.6855793, 50.010479], [-110.685514, 50.0104107], [-110.6854367, 50.0103454], [-110.6853246, 50.0102748], [-110.68518, 50.0102108], [-110.6849913, 50.0101425], [-110.6844522, 50.009996], [-110.6842859, 50.0099633]]}}, {"type": "Feature", "properties": {"name": "Path 304462084", "difficulty": "intermediate", "area": "Medicine Hat", "osm_id": 304462084, "highway": "cycleway"}, "geometry": {"type": "LineString", "coordinates": [[-110.6949736, 50.0189535], [-110.6951668, 50.0189898], [-110.6954767, 50.0190534], [-110.6957312, 50.0190879], [-110.6957791, 50.0191126], [-110.6960092, 50.0192263], [-110.6961684, 50.0193059], [-110.6962357, 50.01934], [-110.696362, 50.0193634], [-110.6964872, 50.019356], [-110.6965697, 50.0193114], [-110.6966778, 50.0191841], [-110.6967266, 50.0191263], [-110.6967777, 50.0190935], [-110.6968615, 50.0190755]]}}, {"type": "Feature", "properties": {"name": "Path 304462085", "difficulty": "intermediate", "area": "Medicine Hat", "osm_id": 304462085, "highway": "cycleway"}, "geometry": {"type": "LineString", "coordinates": [[-110.6973195, 50.0183962], [-110.6973745, 50.0183738], [-110.6974413, 50.0183602], [-110.6975063, 50.0183558], [-110.69758, 50.0183677], [-110.6976679, 50.0183968], [-110.6981191, 50.018612], [-110.6981733, 50.0186265], [-110.6982406, 50.0186242], [-110.6982794, 50.0186134], [-110.6983927, 50.0185882], [-110.6984831, 50.0185727], [-110.6986077, 50.0185619], [-110.6988149, 50.0185571], [-110.6989436, 50.0185737], [-110.6990785, 50.0185846], [-110.6991294, 50.0185762], [-110.6992128, 50.0185643], [-110.6993262, 50.0185581], [-110.6997642, 50.0185388], [-110.6998781, 50.0185287], [-110.700022, 50.018511], [-110.7004217, 50.0184042], [-110.700608, 50.0183749], [-110.7006612, 50.0183442], [-110.7006836, 50.0183086], [-110.7006815, 50.0182343], [-110.7006853, 50.0181754], [-110.7007231, 50.0181313], [-110.7007949, 50.0180833], [-110.7010858, 50.01795], [-110.7011379, 50.0179299], [-110.7012276, 50.0179189], [-110.7014525, 50.0179505], [-110.7016259, 50.0179915], [-110.7017285, 50.0179869], [-110.7019479, 50.0179414], [-110.702086, 50.0178573], [-110.7021249, 50.0178163], [-110.7021692, 50.0177674]]}}, {"type": "Feature", "properties": {"name": "Path 304462086", "difficulty": "intermediate", "area": "Medicine Hat", "osm_id": 304462086, "highway": "cycleway"}, "geometry": {"type": "LineString", "coordinates": [[-110.7011379, 50.0179299], [-110.7009999, 50.0177902], [-110.7008955, 50.0176122], [-110.7006918, 50.0173334], [-110.7006078, 50.0171891], [-110.7005686, 50.0170755], [-110.7005405, 50.0169268], [-110.7005467, 50.0166983], [-110.7005709, 50.0165313], [-110.7006222, 50.0163299], [-110.7006863, 50.0161816], [-110.7007802, 50.0160492], [-110.7009862, 50.0158116], [-110.7012255, 50.0155746], [-110.7015303, 50.015302], [-110.7017967, 50.0151038], [-110.7020871, 50.0149172], [-110.7022973, 50.014812], [-110.7024899, 50.0147203], [-110.7026285, 50.014671], [-110.7028311, 50.0146074], [-110.7028938, 50.0145815], [-110.7037809, 50.0139945], [-110.7038259, 50.0139471], [-110.7038617, 50.0138392], [-110.703872, 50.0137881], [-110.7039091, 50.0137447], [-110.703956, 50.0137176], [-110.7040188, 50.0136954], [-110.7041159, 50.0136759], [-110.7042363, 50.0136549], [-110.7043264, 50.0136322], [-110.7044452, 50.0135838], [-110.7052582, 50.0130559], [-110.7054743, 50.012925], [-110.7055841, 50.0128357], [-110.7056439, 50.0127694], [-110.7056932, 50.0127001], [-110.7058001, 50.0125196], [-110.7058854, 50.0123602], [-110.7058932, 50.0122383], [-110.7058917, 50.0118181], [-110.7058858, 50.0117387], [-110.7058679, 50.0116505]]}}, {"type": "Feature", "properties": {"name": "Path 304462087", "difficulty": "intermediate", "area": "Medicine Hat", "osm_id": 304462087, "highway": "cycleway"}, "geometry": {"type": "LineString", "coordinates": [[-110.706052, 50.0115084], [-110.7059749, 50.0115074], [-110.705951, 50.0115081], [-110.7059031, 50.0116044], [-110.7058679, 50.0116505], [-110.7058027, 50.0116769], [-110.7057421, 50.0116874], [-110.7047896, 50.0116995], [-110.7047397, 50.0116925], [-110.7046955, 50.011672], [-110.704676, 50.0116457], [-110.7046366, 50.0114966], [-110.7046106, 50.0114493], [-110.7045691, 50.011377], [-110.7045423, 50.0113163], [-110.7045312, 50.0112641], [-110.7045397, 50.0111961], [-110.7045863, 50.0110964], [-110.7046478, 50.0110206], [-110.7047296, 50.0109217], [-110.7048343, 50.0108165], [-110.7049726, 50.0106802], [-110.7050943, 50.0105983], [-110.7051894, 50.0105338], [-110.7053549, 50.0104498], [-110.705886, 50.0102041], [-110.7061787, 50.0100623], [-110.7061985, 50.0100519], [-110.7067143, 50.0098048], [-110.7068076, 50.0097506], [-110.7068737, 50.0096842], [-110.7069262, 50.0096406], [-110.7069624, 50.0096149], [-110.7070267, 50.009597], [-110.7070891, 50.0095859], [-110.7071576, 50.009585], [-110.7085195, 50.0095919], [-110.7091718, 50.0095875], [-110.7093026, 50.0095848], [-110.7094786, 50.0095686], [-110.7096582, 50.0095674], [-110.7097263, 50.0095669]]}}, {"type": "Feature", "properties": {"name": "Path 304462088", "difficulty": "intermediate", "area": "Medicine Hat", "osm_id": 304462088, "highway": "cycleway"}, "geometry": {"type": "LineString", "coordinates": [[-110.7097296, 50.0092935], [-110.7097144, 50.0091553], [-110.7097267, 50.009088], [-110.7097668, 50.0090088], [-110.7098438, 50.0089672], [-110.7099824, 50.0089216], [-110.7101704, 50.0088662], [-110.7102166, 50.0088306], [-110.7102104, 50.0088028], [-110.7101272, 50.008789], [-110.7099239, 50.0087573], [-110.7098376, 50.0087414], [-110.709853, 50.0087216], [-110.710041, 50.0086207], [-110.710118, 50.0085593], [-110.7100656, 50.0085434], [-110.7098992, 50.0084722], [-110.7098438, 50.0084345], [-110.7098345, 50.0083771], [-110.7098345, 50.008286]]}}, {"type": "Feature", "properties": {"name": "Path 304462089", "difficulty": "intermediate", "area": "Medicine Hat", "osm_id": 304462089, "highway": "cycleway"}, "geometry": {"type": "LineString", "coordinates": [[-110.6727254, 50.0226303], [-110.6727179, 50.0225217], [-110.6727098, 50.0222719], [-110.6726788, 50.0221675], [-110.6726031, 50.0221018], [-110.6725435, 50.0220636], [-110.6724735, 50.0220254], [-110.6723767, 50.0219842], [-110.6723007, 50.0219636], [-110.6721836, 50.02194], [-110.6720836, 50.0219165], [-110.6720068, 50.0218886], [-110.671907, 50.0218395], [-110.6715686, 50.0216476], [-110.6714887, 50.0215919], [-110.6714226, 50.0215118], [-110.6713875, 50.0214332], [-110.6713803, 50.0213806], [-110.6713869, 50.0213303], [-110.6713925, 50.0212897], [-110.6714084, 50.0212514], [-110.6714866, 50.0211061], [-110.6715578, 50.0210167], [-110.6716038, 50.0209709], [-110.6716617, 50.0209295], [-110.6718978, 50.0207904], [-110.6719538, 50.0207451], [-110.6720064, 50.0206998], [-110.6722049, 50.0204944], [-110.6722434, 50.0204367], [-110.6722648, 50.0203901], [-110.6722755, 50.0203424], [-110.6722586, 50.0202439]]}}, {"type": "Feature", "properties": {"name": "Ross Creek Coulee Trail", "difficulty": "intermediate", "area": "Medicine Hat", "osm_id": 304462322, "highway": "cycleway"}, "geometry": {"type": "LineString", "coordinates": [[-110.6234752, 49.9999984], [-110.6233047, 50.0001992], [-110.623052, 50.0004527], [-110.6228013, 50.0007554], [-110.6227525, 50.0008218], [-110.6227311, 50.0008778], [-110.6227316, 50.0009339], [-110.622988, 50.0012697], [-110.6230104, 50.0012918], [-110.6230211, 50.0013291], [-110.6230403, 50.0013818], [-110.6230892, 50.0014717]]}}, {"type": "Feature", "properties": {"name": "Path 304462830", "difficulty": "intermediate", "area": "Medicine Hat", "osm_id": 304462830, "highway": "cycleway"}, "geometry": {"type": "LineString", "coordinates": [[-110.6325261, 50.0164125], [-110.6326672, 50.0163646], [-110.6327639, 50.0163375], [-110.633179, 50.0162401]]}}, {"type": "Feature", "properties": {"name": "Ross Creek Coulee Trail", "difficulty": "intermediate", "area": "Medicine Hat", "osm_id": 304462831, "highway": "cycleway"}, "geometry": {"type": "LineString", "coordinates": [[-110.6308649, 50.0171852], [-110.6310485, 50.0172419], [-110.6311723, 50.0173079], [-110.6313281, 50.017433], [-110.6315333, 50.0175717], [-110.631643, 50.0176513], [-110.6318412, 50.0178605], [-110.6320005, 50.0180015], [-110.6321881, 50.0180993], [-110.6324854, 50.018188], [-110.6326376, 50.0182426], [-110.632719, 50.0183085], [-110.6328464, 50.0184518], [-110.6331118, 50.0186473], [-110.6334551, 50.0188975], [-110.6337843, 50.019159], [-110.633986, 50.019275], [-110.6342267, 50.0194683], [-110.6344496, 50.0196616], [-110.6347469, 50.0199526], [-110.6348779, 50.0200663], [-110.6350796, 50.0201982], [-110.6353734, 50.0203392], [-110.6356971, 50.0205133], [-110.63584, 50.0205453], [-110.6359303, 50.0205355], [-110.6359981, 50.0205124], [-110.6361283, 50.0204181], [-110.6363388, 50.0202749], [-110.6364558, 50.0202038], [-110.6367331, 50.0200457], [-110.6370661, 50.0198607], [-110.6372391, 50.0197462], [-110.6373452, 50.0196669], [-110.6374194, 50.0195852], [-110.6374524, 50.0194908], [-110.6374324, 50.0193965], [-110.6374124, 50.0193693], [-110.6373305, 50.019275], [-110.6373341, 50.01925], [-110.6373612, 50.0192184], [-110.6373702, 50.0191898], [-110.6374027, 50.0191654]]}}, {"type": "Feature", "properties": {"name": "Path 304462832", "difficulty": "intermediate", "area": "Medicine Hat", "osm_id": 304462832, "highway": "cycleway"}, "geometry": {"type": "LineString", "coordinates": [[-110.6313233, 50.0170855], [-110.63122, 50.0171658], [-110.6311793, 50.0172416], [-110.6311723, 50.0173079]]}}, {"type": "Feature", "properties": {"name": "Path 306781114", "difficulty": "intermediate", "area": "Medicine Hat", "osm_id": 306781114, "highway": "cycleway"}, "geometry": {"type": "LineString", "coordinates": [[-110.6465444, 50.0327558], [-110.6467579, 50.0327682]]}}, {"type": "Feature", "properties": {"name": "Path 306781120", "difficulty": "intermediate", "area": "Medicine Hat", "osm_id": 306781120, "highway": "cycleway"}, "geometry": {"type": "LineString", "coordinates": [[-110.6746546, 50.0237772], [-110.6745069, 50.0235745]]}}, {"type": "Feature", "properties": {"name": "Path 306781124", "difficulty": "intermediate", "area": "Medicine Hat", "osm_id": 306781124, "highway": "cycleway"}, "geometry": {"type": "LineString", "coordinates": [[-110.6697839, 50.0252567], [-110.6697139, 50.0253062], [-110.6695857, 50.0253809], [-110.6694257, 50.0254423], [-110.6693203, 50.0254764]]}}, {"type": "Feature", "properties": {"name": "Path 306781126", "difficulty": "intermediate", "area": "Medicine Hat", "osm_id": 306781126, "highway": "cycleway"}, "geometry": {"type": "LineString", "coordinates": [[-110.6607262, 50.0260237], [-110.6605633, 50.0258454]]}}, {"type": "Feature", "properties": {"name": "Saratoga Park Trail", "difficulty": "intermediate", "area": "Medicine Hat", "osm_id": 306781130, "highway": "cycleway"}, "geometry": {"type": "LineString", "coordinates": [[-110.6745069, 50.0235745], [-110.6744398, 50.0234751], [-110.6743995, 50.0234415], [-110.6743455, 50.0234048], [-110.6742864, 50.0233868], [-110.6742272, 50.0233818], [-110.6741441, 50.0233881], [-110.6739566, 50.0234119], [-110.6739023, 50.0234104], [-110.673848, 50.0234011], [-110.6736802, 50.0233497], [-110.673637, 50.0233382], [-110.6735928, 50.0233317], [-110.6733884, 50.0233164], [-110.6733353, 50.0233067], [-110.6732911, 50.0232956], [-110.6728037, 50.0231501], [-110.6727228, 50.023124], [-110.6726694, 50.0231174], [-110.6726071, 50.0231187], [-110.6725449, 50.0231268], [-110.6724074, 50.0231497]]}}, {"type": "Feature", "properties": {"name": "Seven Persons Creek Trail", "difficulty": "intermediate", "area": "Medicine Hat", "osm_id": 306781133, "highway": "cycleway"}, "geometry": {"type": "LineString", "coordinates": [[-110.6526528, 50.0283561], [-110.6524943, 50.0285758], [-110.6524673, 50.0286282], [-110.6524968, 50.0287626], [-110.652418, 50.0288691], [-110.6522189, 50.0289918], [-110.6521158, 50.0290588], [-110.6520056, 50.0291031], [-110.651806, 50.029164], [-110.6516226, 50.0292081], [-110.6514172, 50.0292412], [-110.6511788, 50.0292691], [-110.6508916, 50.0292659], [-110.6505549, 50.0292536], [-110.6501625, 50.029235], [-110.6498473, 50.0292101], [-110.6490524, 50.0291504], [-110.6487026, 50.0291437], [-110.6480202, 50.0291144], [-110.6474538, 50.0290554], [-110.6469868, 50.0290359], [-110.6466715, 50.0290734], [-110.646511, 50.029103], [-110.6463914, 50.0291395], [-110.6463119, 50.0291753], [-110.64624, 50.0292238], [-110.6461745, 50.0292669], [-110.646118, 50.0293179], [-110.6460747, 50.0293575], [-110.6460653, 50.0293908], [-110.646072, 50.0294911], [-110.6460574, 50.0295234], [-110.6460171, 50.0295921], [-110.6459875, 50.029616], [-110.6458302, 50.0296832], [-110.6457819, 50.0297138], [-110.6457518, 50.0297456], [-110.6457337, 50.0297833], [-110.6456395, 50.0299149], [-110.6453172, 50.0302389], [-110.6451188, 50.0304174], [-110.6450767, 50.0305509], [-110.6450183, 50.0308314], [-110.645016, 50.0311884], [-110.6451001, 50.0314478], [-110.6452635, 50.0315768], [-110.6454667, 50.0317253], [-110.6455881, 50.0319083], [-110.6456021, 50.0320913], [-110.6455717, 50.0322263], [-110.6455204, 50.0323598], [-110.6455274, 50.0324393], [-110.6456745, 50.0325308], [-110.645894, 50.0326433], [-110.6460924, 50.0327348], [-110.6463003, 50.0327408], [-110.6465444, 50.0327558]]}}, {"type": "Feature", "properties": {"name": "Path 306781134", "difficulty": "intermediate", "area": "Medicine Hat", "osm_id": 306781134, "highway": "cycleway"}, "geometry": {"type": "LineString", "coordinates": [[-110.6467579, 50.0327682], [-110.6469074, 50.0327783], [-110.6469891, 50.0328383], [-110.6469914, 50.0328848], [-110.6469167, 50.0330107], [-110.6467929, 50.0333527], [-110.6467766, 50.0335177], [-110.6468163, 50.0336092], [-110.6469494, 50.0336872], [-110.6471362, 50.0337367], [-110.647302, 50.0337997], [-110.6473611, 50.0338829], [-110.6474061, 50.0339412], [-110.6475314, 50.03396], [-110.6476943, 50.0339714], [-110.647775, 50.0339945], [-110.6478002, 50.0342497], [-110.6478771, 50.0349802], [-110.6478645, 50.0351888], [-110.6478741, 50.035349], [-110.6479386, 50.035499], [-110.6479293, 50.035676], [-110.6478976, 50.0358407], [-110.6478445, 50.0360149], [-110.6478203, 50.0361349]]}}, {"type": "Feature", "properties": {"name": "Ridgetop Trail", "difficulty": "intermediate", "area": "Cypress Hills / Elkwater", "osm_id": 370924932, "highway": "path"}, "geometry": {"type": "LineString", "coordinates": [[-110.2400278, 49.6687446], [-110.239466, 49.6682927], [-110.2391549, 49.6679594], [-110.2382859, 49.6674594], [-110.2381035, 49.6672372], [-110.2376529, 49.6669108], [-110.2371915, 49.6663484], [-110.2367838, 49.6660498], [-110.2363547, 49.66589], [-110.2354105, 49.6645706], [-110.2348741, 49.6634873], [-110.2341404, 49.6626059], [-110.2325859, 49.6610514], [-110.2324494, 49.6606539], [-110.2322455, 49.6600635], [-110.2322026, 49.6597788], [-110.2321812, 49.6593274], [-110.2328785, 49.6585912], [-110.2331897, 49.6582648], [-110.2341123, 49.6569312], [-110.2339836, 49.6565701], [-110.2328356, 49.6563548], [-110.2321597, 49.6564381], [-110.2317091, 49.6562784], [-110.2316876, 49.6556255], [-110.2307113, 49.6547712], [-110.2300461, 49.6532778], [-110.2296492, 49.6526249], [-110.2298423, 49.6522081], [-110.2301105, 49.6521456], [-110.230486, 49.6521248], [-110.2311941, 49.6521942], [-110.2320417, 49.6520067], [-110.2323421, 49.6517149], [-110.2327391, 49.6514857], [-110.2331682, 49.6513607], [-110.2334793, 49.6513537], [-110.2336832, 49.6514024], [-110.2353032, 49.6513259], [-110.2370842, 49.6512565], [-110.2376529, 49.6509856], [-110.2376743, 49.6507147], [-110.2374812, 49.6502145], [-110.2368375, 49.6494504], [-110.2363869, 49.6490892], [-110.2358397, 49.6489642], [-110.2356144, 49.6489781], [-110.2353032, 49.6488461], [-110.2353784, 49.6484432], [-110.2357217, 49.6480125], [-110.2357217, 49.6477624], [-110.2354213, 49.6474915], [-110.235314, 49.6472136], [-110.235432, 49.6469079], [-110.235829, 49.6461993], [-110.2360221, 49.6458798], [-110.2362688, 49.6455533], [-110.2365585, 49.6453032], [-110.2371701, 49.6450044], [-110.2378353, 49.6450948], [-110.2383717, 49.6452059], [-110.238876, 49.6453935], [-110.2406569, 49.6455463], [-110.2420302, 49.6456575], [-110.2425881, 49.6452545], [-110.2424057, 49.6446849], [-110.2420946, 49.6439068], [-110.2417727, 49.6426771], [-110.241526, 49.642024], [-110.2416118, 49.6416141], [-110.2417835, 49.6413362], [-110.2416547, 49.640836], [-110.2409573, 49.6402732], [-110.2409681, 49.6400439], [-110.2414401, 49.6395645], [-110.2419766, 49.6394672], [-110.2422984, 49.6397938], [-110.2424379, 49.6403079], [-110.2424701, 49.640433], [-110.2435645, 49.6412876], [-110.2437898, 49.6416905], [-110.2438434, 49.6420032], [-110.2443477, 49.6422811], [-110.2455278, 49.6424131], [-110.2463539, 49.6423228], [-110.2469118, 49.6419962], [-110.2469762, 49.6418851], [-110.2473303, 49.6418642], [-110.2474054, 49.6419476], [-110.2475985, 49.6428021], [-110.2477058, 49.6442055], [-110.2480384, 49.6446154], [-110.248843, 49.644664], [-110.249519, 49.6446501], [-110.2499052, 49.6447266], [-110.2510854, 49.6452893], [-110.2514716, 49.645588], [-110.2517398, 49.645713], [-110.2527805, 49.6459076], [-110.2529415, 49.6457339], [-110.2529307, 49.6451712], [-110.2533706, 49.644539], [-110.253671, 49.6439415], [-110.2539822, 49.6435594], [-110.2545508, 49.642955], [-110.2546903, 49.6427605], [-110.2544971, 49.6421421], [-110.2537032, 49.6407109], [-110.2530058, 49.639502], [-110.2520402, 49.6379387], [-110.2520724, 49.6376538], [-110.2528556, 49.6365629], [-110.2532097, 49.6356805], [-110.2532848, 49.6354651], [-110.2533062, 49.6351663], [-110.253274, 49.6349717], [-110.2530273, 49.6347146], [-110.2523943, 49.6342838], [-110.2522226, 49.6341587], [-110.2521153, 49.6339711], [-110.2520939, 49.6331095], [-110.2520407, 49.6329022]]}}, {"type": "Feature", "properties": {"name": "Spruce Coulee East", "difficulty": "intermediate", "area": "Cypress Hills / Elkwater", "osm_id": 370925258, "highway": "path"}, "geometry": {"type": "LineString", "coordinates": [[-110.2259836, 49.6687361], [-110.225533, 49.6687639], [-110.2251146, 49.6688889], [-110.2247605, 49.6689097], [-110.2243528, 49.6690278], [-110.2239022, 49.6690139], [-110.2229044, 49.6692569], [-110.2225826, 49.6693819], [-110.2223465, 49.669611], [-110.2223251, 49.6698332], [-110.2224431, 49.670236], [-110.2225289, 49.6703401], [-110.2226469, 49.670604], [-110.2227113, 49.6709234], [-110.2227864, 49.6714025], [-110.2226791, 49.6716663], [-110.2227542, 49.6718191], [-110.2229581, 49.6720065], [-110.2232263, 49.6726037], [-110.2232585, 49.6733466], [-110.2231834, 49.6734785], [-110.2231083, 49.6737979], [-110.223001, 49.6739367], [-110.2229473, 49.6744644], [-110.2231405, 49.6746935], [-110.223237, 49.6749226], [-110.223634, 49.6751934], [-110.2236876, 49.675367], [-110.2237949, 49.6754711], [-110.2238915, 49.675971], [-110.2240202, 49.6762487], [-110.224031, 49.676457], [-110.2237305, 49.6767902], [-110.2235589, 49.6770957], [-110.2236125, 49.6774081], [-110.223516, 49.6775331], [-110.2232156, 49.6776581], [-110.2227542, 49.6777969], [-110.2226147, 49.6778872], [-110.2223358, 49.6785536], [-110.2220354, 49.6786508], [-110.2218637, 49.6786508], [-110.2213809, 49.6787411], [-110.2209625, 49.6786092], [-110.2204904, 49.6784009], [-110.2202329, 49.6783662], [-110.2197823, 49.6784356], [-110.2195034, 49.6785675], [-110.2192459, 49.6786994], [-110.2189777, 49.6787688], [-110.2187846, 49.6788452], [-110.2183554, 49.6789077], [-110.2180443, 49.6790396], [-110.2176366, 49.6790396], [-110.2171752, 49.6791437], [-110.2166924, 49.6791715], [-110.2163706, 49.6791715], [-110.2160487, 49.6792062], [-110.2155659, 49.6791229], [-110.2150187, 49.6789077], [-110.2149436, 49.6788174], [-110.2142784, 49.6785675], [-110.2138278, 49.6784148], [-110.2134309, 49.6783662], [-110.2131305, 49.6784564], [-110.2128515, 49.6784078], [-110.2127013, 49.6784495], [-110.2124975, 49.6783523], [-110.2121327, 49.6782204], [-110.2118752, 49.6782204], [-110.2114246, 49.6783245], [-110.2109632, 49.6783384], [-110.2106306, 49.678269], [-110.2103946, 49.6781579], [-110.2101478, 49.6781232], [-110.2098367, 49.6781649], [-110.2095792, 49.6782204], [-110.2093324, 49.6781301], [-110.2090535, 49.6779358], [-110.2089248, 49.6776858], [-110.2087424, 49.6775262], [-110.208442, 49.6773942], [-110.2082488, 49.6773109], [-110.208045, 49.6771443], [-110.2079592, 49.6770193], [-110.2076158, 49.6767694], [-110.2074013, 49.6764917], [-110.2070472, 49.6762695], [-110.2066395, 49.6761932], [-110.2062425, 49.6762071], [-110.205631, 49.6762904], [-110.2053199, 49.6765542], [-110.2050087, 49.6766028], [-110.2048585, 49.6766722], [-110.2042577, 49.676825], [-110.2038393, 49.6770818], [-110.2036462, 49.6772346], [-110.2036247, 49.6774151], [-110.2031205, 49.6782135], [-110.2023694, 49.6785189], [-110.2020583, 49.6788869], [-110.201597, 49.6792479], [-110.2015862, 49.6794631], [-110.2017257, 49.6799768], [-110.2013824, 49.6803031], [-110.2006957, 49.6807057], [-110.2004597, 49.6807404], [-110.2001271, 49.6809487], [-110.1993332, 49.6812333], [-110.1987967, 49.6813305], [-110.1981805, 49.681466]]}}, {"type": "Feature", "properties": {"name": "Shoreline", "difficulty": "intermediate", "area": "Cypress Hills / Elkwater", "osm_id": 370925777, "highway": "path"}, "geometry": {"type": "LineString", "coordinates": [[-110.2821597, 49.6629138], [-110.2822279, 49.6630117], [-110.2822456, 49.6631878], [-110.2822671, 49.6633405], [-110.2818594, 49.6635419], [-110.2814195, 49.6636253], [-110.281162, 49.6637017], [-110.2810762, 49.6638267], [-110.280765, 49.6638544], [-110.280321, 49.6639679], [-110.2802034, 49.6641276], [-110.2801138, 49.6641901], [-110.2798216, 49.6642608], [-110.2795534, 49.6643111], [-110.2790733, 49.6644222], [-110.278911, 49.6644344], [-110.2787018, 49.6644153], [-110.2782565, 49.6643441], [-110.278113, 49.6642912], [-110.2779561, 49.6642026], [-110.2778944, 49.6641722], [-110.2777858, 49.6641436], [-110.2776651, 49.6641158], [-110.2775833, 49.6640698], [-110.2774653, 49.663983], [-110.277413, 49.6639587], [-110.2773151, 49.6639457], [-110.2771233, 49.6639552], [-110.277016, 49.6639439], [-110.2769141, 49.6639118], [-110.2764338, 49.6637225], [-110.2763186, 49.6636774]]}}, {"type": "Feature", "properties": {"name": "Rodeo Loop", "difficulty": "intermediate", "area": "Cypress Hills / Elkwater", "osm_id": 370926482, "highway": "path"}, "geometry": {"type": "LineString", "coordinates": [[-110.2547438, 49.6663891], [-110.2544849, 49.6665364], [-110.2542166, 49.666585], [-110.2540772, 49.6667239], [-110.2541737, 49.6669253], [-110.254045, 49.667078], [-110.2537982, 49.6671058], [-110.2536588, 49.6671128], [-110.2534656, 49.6671405], [-110.2532403, 49.6672169], [-110.2530579, 49.6673766], [-110.2529077, 49.6676475], [-110.2529077, 49.6677377], [-110.2528112, 49.6678835], [-110.2525966, 49.6679599], [-110.2524571, 49.6680224], [-110.2524142, 49.6682655], [-110.2524786, 49.6685293], [-110.2524786, 49.6686126], [-110.2522962, 49.6687376], [-110.2521889, 49.6689737], [-110.2521674, 49.6691265], [-110.2519851, 49.6692792], [-110.2518348, 49.6694528], [-110.2515023, 49.6696403], [-110.2510624, 49.6697792], [-110.2506869, 49.6698486], [-110.2504294, 49.6697653], [-110.2502148, 49.6697931], [-110.2499573, 49.6696959], [-110.2497213, 49.6696542], [-110.2495711, 49.6697306], [-110.2494316, 49.6699458], [-110.2493243, 49.6700917], [-110.2490668, 49.670168], [-110.24882, 49.6702027], [-110.2487342, 49.6703138], [-110.2487449, 49.6704666], [-110.2485947, 49.6706055], [-110.2483802, 49.6706819], [-110.2481119, 49.6707513], [-110.247951, 49.6708138], [-110.2478759, 49.6710013], [-110.2475648, 49.6711609], [-110.2469532, 49.6714248], [-110.246803, 49.6714942], [-110.2465241, 49.6716123], [-110.24617, 49.6716539], [-110.2458696, 49.6718206], [-110.2456872, 49.6721122], [-110.2460091, 49.6724941], [-110.2462022, 49.6727926], [-110.2463095, 49.6728343], [-110.2465348, 49.673119], [-110.246567, 49.6732995], [-110.2461056, 49.6737508], [-110.2458803, 49.6738549], [-110.2456336, 49.6739799], [-110.2451937, 49.6739313], [-110.244904, 49.6738133], [-110.2445929, 49.6738966], [-110.2445071, 49.6738549], [-110.2443998, 49.6739174], [-110.244035, 49.6740077], [-110.243756, 49.6741743], [-110.2437024, 49.674327], [-110.2435736, 49.6747158], [-110.2432303, 49.6747367], [-110.242887, 49.6746186], [-110.2428012, 49.6745006], [-110.2428012, 49.6744242], [-110.2424149, 49.6742576], [-110.2423076, 49.674084], [-110.2420072, 49.6738827], [-110.2421682, 49.6737022], [-110.2426188, 49.6735425], [-110.2428334, 49.6734939], [-110.2429943, 49.6733411], [-110.2431981, 49.67323], [-110.2432518, 49.6730217], [-110.2431552, 49.6726885], [-110.2431552, 49.6725635], [-110.2430694, 49.6722997], [-110.2430694, 49.6722025], [-110.2429621, 49.672008], [-110.2428119, 49.6718345], [-110.2425329, 49.6717164], [-110.2420287, 49.6712582], [-110.241621, 49.6711471], [-110.2414493, 49.6711887], [-110.2411918, 49.6710429], [-110.2408592, 49.6710013], [-110.2405855, 49.6707637]]}}, {"type": "Feature", "properties": {"name": "Spruce Coulee West", "difficulty": "intermediate", "area": "Cypress Hills / Elkwater", "osm_id": 370926780, "highway": "path"}, "geometry": {"type": "LineString", "coordinates": [[-110.2480047, 49.6662239], [-110.2474146, 49.6665711], [-110.2468245, 49.6666475], [-110.2462988, 49.6668281], [-110.245934, 49.6669531], [-110.2454297, 49.6672239], [-110.2448718, 49.6675016], [-110.244432, 49.6675502], [-110.2440457, 49.6676891], [-110.2436917, 49.6677169], [-110.2431016, 49.6682169], [-110.2427475, 49.6689459], [-110.2427153, 49.6691612], [-110.2422647, 49.6697445], [-110.2417176, 49.6701333], [-110.2413099, 49.6703624], [-110.2408056, 49.6705916], [-110.2405855, 49.6707637]]}}, {"type": "Feature", "properties": {"name": "Highline", "difficulty": "intermediate", "area": "Cypress Hills / Elkwater", "osm_id": 370926909, "highway": "path"}, "geometry": {"type": "LineString", "coordinates": [[-110.2480047, 49.6662239], [-110.2478276, 49.6658767], [-110.2477525, 49.6656337], [-110.2476131, 49.6655712], [-110.2467762, 49.6654323], [-110.246508, 49.665349], [-110.246111, 49.6652795], [-110.2460359, 49.665224], [-110.245714, 49.6651545], [-110.2454566, 49.6650087], [-110.2449952, 49.6649879], [-110.2446734, 49.6650573], [-110.244448, 49.6651267], [-110.2440511, 49.665224], [-110.2435468, 49.6652309], [-110.2430104, 49.6652726], [-110.2426241, 49.6652865], [-110.2417766, 49.6651684], [-110.2415083, 49.6652379], [-110.2412616, 49.6651823], [-110.2409504, 49.6651129], [-110.2408324, 49.6651476], [-110.2400278, 49.6651406], [-110.2399312, 49.6652795], [-110.2400707, 49.6657309], [-110.2400707, 49.6664114], [-110.24006, 49.6672516], [-110.240017, 49.667453], [-110.2401136, 49.6676336], [-110.2400707, 49.6681335], [-110.2400385, 49.668328], [-110.2401136, 49.6685363], [-110.2400278, 49.6687446]]}}, {"type": "Feature", "properties": {"name": "Horseshoe Canyon Trail", "difficulty": "intermediate", "area": "Cypress Hills / Elkwater", "osm_id": 370927059, "highway": "path"}, "geometry": {"type": "LineString", "coordinates": [[-110.3295695, 49.6368223], [-110.3294156, 49.636987], [-110.3289913, 49.6374412], [-110.3287357, 49.6376729], [-110.3286606, 49.637798], [-110.3285962, 49.6381037], [-110.3284729, 49.6388367], [-110.3283495, 49.6391564], [-110.3277467, 49.6401522], [-110.3275429, 49.6410206], [-110.3275214, 49.6418405], [-110.3277038, 49.6425491], [-110.3280471, 49.643355], [-110.327972, 49.6437927], [-110.3274892, 49.6440845], [-110.3266631, 49.6442234], [-110.3257082, 49.6444596], [-110.325086, 49.6449112], [-110.3245281, 49.6454809], [-110.3245388, 49.6460297], [-110.3242706, 49.6466063], [-110.3234767, 49.6474399], [-110.3222214, 49.6486973], [-110.3213953, 49.6489543], [-110.3205262, 49.6490446], [-110.3188311, 49.6497532], [-110.3167711, 49.6503992], [-110.3161987, 49.65086], [-110.3160197, 49.650941], [-110.3156925, 49.6509977], [-110.3154944, 49.6510452], [-110.3152992, 49.6512675], [-110.3152081, 49.6514781], [-110.3151697, 49.6516281], [-110.3150991, 49.6516784], [-110.3149508, 49.651668], [-110.3144317, 49.6515868], [-110.3142059, 49.6515542], [-110.3140548, 49.651554], [-110.313967, 49.6515997], [-110.3139774, 49.6516773], [-110.3140777, 49.6518278], [-110.3142745, 49.651969], [-110.3145181, 49.6521635], [-110.3148936, 49.6526011], [-110.3149287, 49.6531846], [-110.3149913, 49.6533328], [-110.3149976, 49.6534787], [-110.314922, 49.6536025], [-110.3146247, 49.6538144], [-110.3140024, 49.6540968], [-110.3128973, 49.6546571], [-110.3127381, 49.6547034], [-110.3126442, 49.6547428], [-110.3126147, 49.6548192], [-110.3126561, 49.6548585], [-110.3131882, 49.6552556], [-110.3132411, 49.6553656], [-110.3132411, 49.6554628], [-110.3131872, 49.6555716], [-110.3129422, 49.6557163], [-110.3123573, 49.6559791], [-110.311639, 49.6563148], [-110.3113512, 49.6564676], [-110.311092, 49.6565463], [-110.3106089, 49.6565579], [-110.3096092, 49.6565267], [-110.3093497, 49.6565625], [-110.3090528, 49.6566691], [-110.3087138, 49.6568728], [-110.3078696, 49.6576715], [-110.3076279, 49.6578822], [-110.3074642, 49.6579991], [-110.3072929, 49.6580437], [-110.3070858, 49.6580743], [-110.3069466, 49.6581588], [-110.3060423, 49.6587897], [-110.3049909, 49.6590189], [-110.304695, 49.6590025], [-110.3028666, 49.6589008], [-110.3018131, 49.6588661], [-110.3007709, 49.6589494], [-110.3004894, 49.6589628], [-110.3001541, 49.6589142], [-110.2987137, 49.6584888], [-110.2985474, 49.6584575], [-110.2981351, 49.6584771], [-110.2980566, 49.6584948], [-110.2979476, 49.6585332], [-110.2976905, 49.6586207], [-110.2975443, 49.6586476], [-110.2973995, 49.6586581], [-110.2973096, 49.6586598], [-110.2971567, 49.6588187], [-110.2967624, 49.6591859], [-110.2958767, 49.659863], [-110.2954577, 49.6601494]]}}, {"type": "Feature", "properties": {"name": "Spring Creek Trails", "difficulty": "intermediate", "area": "Cypress Hills / Elkwater", "osm_id": 370927660, "highway": "path"}, "geometry": {"type": "LineString", "coordinates": [[-110.2816701, 49.6271351], [-110.2820522, 49.6275554], [-110.2825886, 49.6279168], [-110.2832216, 49.6282157], [-110.2837688, 49.6283824], [-110.2853566, 49.6286813], [-110.286215, 49.6290148], [-110.2862257, 49.6290148], [-110.2876633, 49.6295499], [-110.2879208, 49.629682], [-110.2892941, 49.6305923], [-110.2895087, 49.6307105], [-110.291118, 49.630912], [-110.2916974, 49.630919], [-110.2923948, 49.6308217], [-110.292781, 49.6307939], [-110.2931887, 49.6305298], [-110.2932638, 49.6303978], [-110.2933067, 49.6299183], [-110.2933282, 49.6297167], [-110.2934784, 49.6293693], [-110.293693, 49.6290913], [-110.2938002, 49.6289523], [-110.2938539, 49.6285701], [-110.293811, 49.6282643], [-110.2937037, 49.6277292], [-110.2937144, 49.6271107], [-110.2937359, 49.6268535], [-110.2936393, 49.6260265], [-110.293693, 49.6257833], [-110.293811, 49.625679], [-110.2937573, 49.6253732], [-110.2939934, 49.6250257], [-110.2940255, 49.6248172], [-110.2941436, 49.6244767], [-110.2939934, 49.6242612], [-110.294047, 49.6240388], [-110.2940255, 49.6238789], [-110.2941114, 49.6236426], [-110.2941114, 49.6233855], [-110.2941114, 49.623316], [-110.2944869, 49.6231214], [-110.2946156, 49.6229824], [-110.2948195, 49.6222317], [-110.294959, 49.621766], [-110.295313, 49.6212448], [-110.2956456, 49.6208972], [-110.2956992, 49.6207096], [-110.2956456, 49.6205636], [-110.2955383, 49.6203898], [-110.2952379, 49.6200423], [-110.2948624, 49.6198129], [-110.294916, 49.6194098], [-110.2952057, 49.6188676], [-110.2953559, 49.6186035], [-110.2954632, 49.6183393], [-110.2954418, 49.6181656], [-110.29571, 49.6177138], [-110.2957636, 49.6174288], [-110.2959567, 49.6170465], [-110.2958387, 49.6167962], [-110.2959551, 49.6166197]]}}, {"type": "Feature", "properties": {"name": "Ressler Trail", "difficulty": "intermediate", "area": "Cypress Hills / Elkwater", "osm_id": 370928071, "highway": "path"}, "geometry": {"type": "LineString", "coordinates": [[-110.2913371, 49.6147739], [-110.2912617, 49.6149229], [-110.2909398, 49.615194], [-110.2906287, 49.6153609], [-110.2905321, 49.6156042], [-110.2904248, 49.6157432], [-110.2904785, 49.6160074], [-110.2901566, 49.6167442], [-110.2902746, 49.6171891], [-110.2901566, 49.6175297], [-110.2903068, 49.61819], [-110.2902425, 49.6183846], [-110.290103, 49.6186279], [-110.2900386, 49.6189477], [-110.2896416, 49.6192257], [-110.2892125, 49.6194968], [-110.2885258, 49.6201154], [-110.2882898, 49.6205046], [-110.2881289, 49.6210676], [-110.2879358, 49.6215472], [-110.2879679, 49.6219295], [-110.2879795, 49.6221082], [-110.2877247, 49.6225426], [-110.2872062, 49.6230277], [-110.2870131, 49.6233404], [-110.2870023, 49.6235072], [-110.2872706, 49.6239451], [-110.2873242, 49.6241814], [-110.2872384, 49.624369], [-110.2867127, 49.6247652], [-110.2866054, 49.6249389], [-110.2864552, 49.6250432], [-110.2863372, 49.6251335], [-110.2862513, 49.6254185], [-110.2857578, 49.6257451], [-110.2851999, 49.6259745], [-110.2847922, 49.6260509], [-110.284363, 49.6260718], [-110.2838266, 49.6261621], [-110.2833438, 49.626315], [-110.2830005, 49.6265583], [-110.2824319, 49.6268363], [-110.2817774, 49.6270864], [-110.2816701, 49.6271351]]}}, {"type": "Feature", "properties": {"name": "Spring Creek Trails", "difficulty": "intermediate", "area": "Cypress Hills / Elkwater", "osm_id": 370928100, "highway": "path"}, "geometry": {"type": "LineString", "coordinates": [[-110.2816701, 49.6271351], [-110.2810371, 49.6266625], [-110.2799106, 49.6262177], [-110.2786124, 49.6258841], [-110.2782798, 49.6255783], [-110.2782583, 49.6251683], [-110.2781296, 49.6250154], [-110.2770311, 49.6243516]]}}, {"type": "Feature", "properties": {"name": "Spring Creek Trails", "difficulty": "intermediate", "area": "Cypress Hills / Elkwater", "osm_id": 370928271, "highway": "path"}, "geometry": {"type": "LineString", "coordinates": [[-110.2757763, 49.618873], [-110.2756511, 49.6189407], [-110.2754885, 49.6189596], [-110.2748716, 49.6190169], [-110.2742708, 49.6190656], [-110.2736941, 49.6191507], [-110.2735305, 49.6192411], [-110.2732301, 49.6198006], [-110.2730531, 49.6199614], [-110.2727191, 49.6201004], [-110.272454, 49.6202197], [-110.2721331, 49.6203645], [-110.2717106, 49.6204853], [-110.2713592, 49.6206973], [-110.2711433, 49.6208363], [-110.2710655, 49.6208884]]}}, {"type": "Feature", "properties": {"name": "Spring Creek Trails", "difficulty": "intermediate", "area": "Cypress Hills / Elkwater", "osm_id": 370929680, "highway": "path"}, "geometry": {"type": "LineString", "coordinates": [[-110.2706422, 49.6230817], [-110.2704598, 49.6231807], [-110.2703203, 49.6232989], [-110.2698822, 49.6232724], [-110.2696444, 49.6233059], [-110.2689685, 49.6233198], [-110.2681209, 49.6233128], [-110.2673591, 49.6233615], [-110.2664794, 49.6236186], [-110.2660395, 49.623841], [-110.2658142, 49.6240634], [-110.2657391, 49.6243762], [-110.2657283, 49.6246959], [-110.2654279, 49.6249461], [-110.2652777, 49.6251059], [-110.2652348, 49.6253909], [-110.2648271, 49.625926], [-110.2645374, 49.6263222], [-110.2642799, 49.6267183], [-110.2642048, 49.6271422], [-110.2642478, 49.6275175], [-110.263892, 49.6278015]]}}, {"type": "Feature", "properties": {"name": "Path 385918942", "difficulty": "intermediate", "area": "Medicine Hat", "osm_id": 385918942, "highway": "path"}, "geometry": {"type": "LineString", "coordinates": [[-110.6815634, 50.0198522], [-110.6818424, 50.0197627]]}}, {"type": "Feature", "properties": {"name": "Path 385918943", "difficulty": "intermediate", "area": "Medicine Hat", "osm_id": 385918943, "highway": "path"}, "geometry": {"type": "LineString", "coordinates": [[-110.6808609, 50.0200228], [-110.6811027, 50.0199445], [-110.6815268, 50.0198096]]}}, {"type": "Feature", "properties": {"name": "Path 385918944", "difficulty": "intermediate", "area": "Medicine Hat", "osm_id": 385918944, "highway": "path"}, "geometry": {"type": "LineString", "coordinates": [[-110.6812847, 50.0190237], [-110.6810149, 50.0191066]]}}, {"type": "Feature", "properties": {"name": "Path 404418122", "difficulty": "intermediate", "area": "Redcliff", "osm_id": 404418122, "highway": "path"}, "geometry": {"type": "LineString", "coordinates": [[-110.7982739, 50.0686089], [-110.7982182, 50.0686013], [-110.7981285, 50.0685756], [-110.797822, 50.0683836], [-110.7977267, 50.0683328], [-110.7976524, 50.0683083], [-110.7975468, 50.0683015], [-110.7974175, 50.0683168], [-110.79728, 50.0683427], [-110.7968364, 50.0684133], [-110.7967785, 50.0684347], [-110.7967276, 50.0684694], [-110.7964377, 50.0687142], [-110.796364, 50.0687462], [-110.7962886, 50.0687666], [-110.7962016, 50.0687758], [-110.7947285, 50.0688775], [-110.7946933, 50.0688855], [-110.7946633, 50.0689108], [-110.7943176, 50.0693434], [-110.7942324, 50.0694018], [-110.7941804, 50.0694185], [-110.794051, 50.0694244], [-110.7937997, 50.0694197], [-110.7937112, 50.0693885], [-110.7936765, 50.0693454], [-110.7936199, 50.0690428], [-110.7935609, 50.0688342], [-110.7934069, 50.0687015], [-110.7932588, 50.068617], [-110.7931411, 50.068591], [-110.7928887, 50.0685933], [-110.7927162, 50.0685832], [-110.7925579, 50.0685748], [-110.7924263, 50.0685916], [-110.7923071, 50.0686539], [-110.7922559, 50.0687371], [-110.7923501, 50.0690189], [-110.7922849, 50.0692419], [-110.7923422, 50.0693962], [-110.7924293, 50.0695614], [-110.7924607, 50.0696478], [-110.7924531, 50.0697369], [-110.7923795, 50.0698229], [-110.7922849, 50.0698708], [-110.7919676, 50.0699163]]}}, {"type": "Feature", "properties": {"name": "Path 404418124", "difficulty": "intermediate", "area": "Redcliff", "osm_id": 404418124, "highway": "path"}, "geometry": {"type": "LineString", "coordinates": [[-110.7928862, 50.0690551], [-110.7927468, 50.0690085], [-110.7927337, 50.0690041], [-110.7926164, 50.0689747], [-110.7923501, 50.0690189]]}}, {"type": "Feature", "properties": {"name": "Path 404418126", "difficulty": "intermediate", "area": "Redcliff", "osm_id": 404418126, "highway": "path"}, "geometry": {"type": "LineString", "coordinates": [[-110.7919777, 50.0703569], [-110.7919824, 50.0702996], [-110.7920007, 50.0700794], [-110.7919676, 50.0699163], [-110.7918991, 50.0698017], [-110.7916916, 50.0695981], [-110.7916386, 50.0694894], [-110.7916633, 50.0693894], [-110.7917027, 50.0692467], [-110.7917096, 50.0691252], [-110.7916232, 50.0688627], [-110.791571, 50.0687388], [-110.7915778, 50.0686359], [-110.7916307, 50.0685211], [-110.791661, 50.0683818], [-110.7916891, 50.0683005], [-110.7917735, 50.0682028], [-110.7918442, 50.0680965], [-110.7918781, 50.067964], [-110.7918088, 50.0679065], [-110.7916906, 50.0678628], [-110.7915241, 50.0678504], [-110.7912983, 50.067835], [-110.791052, 50.0677867], [-110.7907167, 50.0676662], [-110.7905863, 50.0676837], [-110.7904968, 50.0677505], [-110.7903729, 50.0677601], [-110.7902516, 50.0677417], [-110.7901402, 50.0676994], [-110.7900231, 50.0676116], [-110.7900177, 50.0671531], [-110.7901615, 50.0670808], [-110.7905772, 50.066919], [-110.7911244, 50.0668742], [-110.7915143, 50.0668762], [-110.7916838, 50.0669157], [-110.791897, 50.0670408], [-110.791973, 50.0670829], [-110.7920747, 50.0670862], [-110.7922455, 50.0670585], [-110.7926582, 50.066929], [-110.7927901, 50.0669136], [-110.793561, 50.0669148], [-110.7938981, 50.0669555], [-110.7941645, 50.0671662], [-110.7944235, 50.0673942]]}}, {"type": "Feature", "properties": {"name": "Path 413194622", "difficulty": "intermediate", "area": "Medicine Hat", "osm_id": 413194622, "highway": "cycleway"}, "geometry": {"type": "LineString", "coordinates": [[-110.6922123, 50.0014955], [-110.6921947, 50.0012717], [-110.6921595, 50.0011533], [-110.6921162, 50.0010645], [-110.6919808, 50.00092], [-110.6918968, 50.0008556], [-110.6916856, 50.0007407], [-110.6915258, 50.0006972], [-110.6914012, 50.0006798], [-110.6911521, 50.0006781], [-110.6910139, 50.0006694], [-110.690846, 50.0006363], [-110.6906835, 50.0006032], [-110.6904994, 50.0005736], [-110.6903125, 50.0005788], [-110.6901608, 50.0006154], [-110.6900065, 50.0006902], [-110.6898737, 50.000786], [-110.689825, 50.00088], [-110.6897898, 50.0009966], [-110.6897898, 50.0011916], [-110.6897924, 50.0012886], [-110.6897681, 50.0014249], [-110.6896751, 50.0015605]]}}, {"type": "Feature", "properties": {"name": "Ajax Trail", "difficulty": "intermediate", "area": "Medicine Hat", "osm_id": 413194623, "highway": "cycleway"}, "geometry": {"type": "LineString", "coordinates": [[-110.688346, 50.0241017], [-110.6882454, 50.0241714]]}}, {"type": "Feature", "properties": {"name": "Viterra Trail", "difficulty": "intermediate", "area": "Medicine Hat", "osm_id": 413194624, "highway": "cycleway"}, "geometry": {"type": "LineString", "coordinates": [[-110.6644932, 50.067045], [-110.6655733, 50.0670288], [-110.6660533, 50.0669928], [-110.6666854, 50.0669209], [-110.6669414, 50.0669004], [-110.6675014, 50.0669363], [-110.6678294, 50.066962], [-110.6683735, 50.0669877], [-110.6687415, 50.0670082], [-110.6692616, 50.0670493], [-110.6695816, 50.0670596], [-110.6700616, 50.0669877], [-110.6707177, 50.0668747], [-110.6709497, 50.0668285], [-110.6710937, 50.066772], [-110.6718778, 50.0663303], [-110.6719524, 50.0662955], [-110.6720632, 50.0662701], [-110.6740277, 50.0662888], [-110.6741456, 50.0662972], [-110.6744729, 50.0663548], [-110.6746629, 50.0663887], [-110.6748081, 50.066404], [-110.6749875, 50.0664057], [-110.6760588, 50.0664], [-110.676192, 50.0663764], [-110.676516, 50.0662539], [-110.6769193, 50.0660894], [-110.6771283, 50.0660447], [-110.6779606, 50.0659151], [-110.6780825, 50.0658704], [-110.6783227, 50.0657251], [-110.6784377, 50.0656468], [-110.6784864, 50.0655663], [-110.6785839, 50.0651528], [-110.6786492, 50.06453], [-110.6786624, 50.0644681], [-110.6788335, 50.064178], [-110.6790046, 50.0639245], [-110.6791389, 50.0637092], [-110.6792677, 50.0635415], [-110.6794244, 50.0633985], [-110.6801488, 50.0627613], [-110.6805736, 50.0624459], [-110.6809178, 50.0622114], [-110.6812271, 50.062019], [-110.6813864, 50.0619188], [-110.6820232, 50.0617467], [-110.6831684, 50.0617738], [-110.6832826, 50.0617736], [-110.683456, 50.0617682], [-110.6838761, 50.0617202], [-110.6839576, 50.0617015], [-110.6840208, 50.0616691], [-110.6844986, 50.061152], [-110.6845825, 50.0610889], [-110.6850298, 50.0608653], [-110.6858332, 50.0608122], [-110.6865676, 50.06074], [-110.6866105, 50.0607232], [-110.6866319, 50.0606883], [-110.6866024, 50.060378], [-110.6865831, 50.0600258], [-110.686592, 50.0599794], [-110.6867025, 50.0599195]]}}, {"type": "Feature", "properties": {"name": "Path 413194625", "difficulty": "intermediate", "area": "Medicine Hat", "osm_id": 413194625, "highway": "cycleway"}, "geometry": {"type": "LineString", "coordinates": [[-110.6740277, 50.0662888], [-110.6740307, 50.0661424]]}}, {"type": "Feature", "properties": {"name": "Path 413194626", "difficulty": "intermediate", "area": "Medicine Hat", "osm_id": 413194626, "highway": "cycleway"}, "geometry": {"type": "LineString", "coordinates": [[-110.6775912, 50.064754], [-110.6783943, 50.0650844], [-110.6785839, 50.0651528], [-110.6788438, 50.0652286], [-110.6790095, 50.0652611], [-110.6793547, 50.0652739], [-110.6794366, 50.0652672], [-110.6795046, 50.0652552], [-110.6802132, 50.0651491]]}}, {"type": "Feature", "properties": {"name": "Path 413194627", "difficulty": "intermediate", "area": "Medicine Hat", "osm_id": 413194627, "highway": "cycleway"}, "geometry": {"type": "LineString", "coordinates": [[-110.6794244, 50.0633985], [-110.6790672, 50.0632606]]}}, {"type": "Feature", "properties": {"name": "Path 413194628", "difficulty": "intermediate", "area": "Medicine Hat", "osm_id": 413194628, "highway": "cycleway"}, "geometry": {"type": "LineString", "coordinates": [[-110.6809393, 50.0614338], [-110.6809178, 50.0622114], [-110.6810547, 50.0623706], [-110.6811724, 50.0624537], [-110.6813254, 50.0625368], [-110.6817902, 50.0627188], [-110.6820675, 50.0627886], [-110.6823628, 50.06281], [-110.6826663, 50.0628035], [-110.6828255, 50.0627765], [-110.6829503, 50.0627024], [-110.6830232, 50.0625903], [-110.6830989, 50.0624801], [-110.683113, 50.0623874], [-110.6830723, 50.0622192], [-110.683056, 50.0620797], [-110.6830777, 50.0619945], [-110.6831471, 50.0619083], [-110.6831684, 50.0617738]]}}, {"type": "Feature", "properties": {"name": "Path 413194629", "difficulty": "intermediate", "area": "Medicine Hat", "osm_id": 413194629, "highway": "cycleway"}, "geometry": {"type": "LineString", "coordinates": [[-110.683348, 50.0614383], [-110.6833244, 50.0615497], [-110.6832826, 50.0617736]]}}, {"type": "Feature", "properties": {"name": "Path 413194630", "difficulty": "intermediate", "area": "Medicine Hat", "osm_id": 413194630, "highway": "path"}, "geometry": {"type": "LineString", "coordinates": [[-110.6850556, 50.0606414], [-110.6850597, 50.0607688], [-110.6850298, 50.0608653]]}}, {"type": "Feature", "properties": {"name": "Path 413194631", "difficulty": "intermediate", "area": "Medicine Hat", "osm_id": 413194631, "highway": "cycleway"}, "geometry": {"type": "LineString", "coordinates": [[-110.6642629, 50.0653666], [-110.6641641, 50.0653672], [-110.6638959, 50.0653687], [-110.663746, 50.0653928], [-110.6636591, 50.0654164], [-110.6635895, 50.0654428], [-110.6634795, 50.0654947], [-110.6633664, 50.0655379], [-110.6632252, 50.0655713], [-110.6631522, 50.0655791], [-110.6630225, 50.0655931]]}}, {"type": "Feature", "properties": {"name": "Path 413194632", "difficulty": "intermediate", "area": "Medicine Hat", "osm_id": 413194632, "highway": "cycleway"}, "geometry": {"type": "LineString", "coordinates": [[-110.6588014, 50.0657736], [-110.6587337, 50.0657623], [-110.6582885, 50.0656771], [-110.6581711, 50.0656511], [-110.6580733, 50.0656226], [-110.6579823, 50.0655865], [-110.6579108, 50.0655429], [-110.6578521, 50.0655012], [-110.6577123, 50.0653653], [-110.6576816, 50.0653384], [-110.657612, 50.0652829], [-110.6575698, 50.0652692], [-110.6571826, 50.0650765], [-110.657018, 50.0649771], [-110.6569497, 50.0649002], [-110.6569032, 50.0648477]]}}, {"type": "Feature", "properties": {"name": "Path 413194633", "difficulty": "intermediate", "area": "Medicine Hat", "osm_id": 413194633, "highway": "cycleway"}, "geometry": {"type": "LineString", "coordinates": [[-110.659669, 50.0623868], [-110.6595793, 50.0623504], [-110.6587663, 50.0620201], [-110.6584044, 50.0618505], [-110.6583729, 50.0618293], [-110.6583547, 50.0617679], [-110.6586839, 50.0607484], [-110.6587017, 50.0606933]]}}, {"type": "Feature", "properties": {"name": "Path 413194634", "difficulty": "intermediate", "area": "Medicine Hat", "osm_id": 413194634, "highway": "cycleway"}, "geometry": {"type": "LineString", "coordinates": [[-110.6583547, 50.0617679], [-110.6580346, 50.0617068], [-110.6579674, 50.0617065], [-110.6579098, 50.0617172], [-110.6578614, 50.0617339], [-110.6577461, 50.0618151], [-110.6577144, 50.0618319], [-110.6574484, 50.0619202], [-110.6574224, 50.061931], [-110.6573852, 50.0619537], [-110.6573629, 50.0619608], [-110.6570448, 50.0620026], [-110.6569313, 50.0620098], [-110.6568048, 50.0620098], [-110.6567453, 50.0620122], [-110.656669, 50.0620229], [-110.6566095, 50.0620301], [-110.656576, 50.0620277], [-110.6565351, 50.0620169], [-110.6565016, 50.0619919], [-110.6564793, 50.0619427], [-110.6564684, 50.061877], [-110.6564725, 50.0618183], [-110.6564889, 50.0617676], [-110.6565203, 50.0617247], [-110.6565584, 50.0616792], [-110.6566252, 50.0616275], [-110.6566675, 50.0615899], [-110.656688, 50.061554], [-110.6566921, 50.061526], [-110.6566771, 50.0614945], [-110.6566443, 50.0614708], [-110.656373, 50.0613553], [-110.6563034, 50.0613334], [-110.6562612, 50.0613281], [-110.6562039, 50.0613308], [-110.6561384, 50.0613439], [-110.6560975, 50.0613693], [-110.656073, 50.0613929], [-110.6559803, 50.061498], [-110.6559421, 50.061526], [-110.6559012, 50.0615391], [-110.6558616, 50.0615426], [-110.6558153, 50.0615365], [-110.6557771, 50.0615251], [-110.6557202, 50.0615053]]}}, {"type": "Feature", "properties": {"name": "Path 413194635", "difficulty": "intermediate", "area": "Medicine Hat", "osm_id": 413194635, "highway": "cycleway"}, "geometry": {"type": "LineString", "coordinates": [[-110.6828255, 50.0627765], [-110.6840308, 50.0633905], [-110.6841333, 50.0634427]]}}, {"type": "Feature", "properties": {"name": "Path 413194636", "difficulty": "intermediate", "area": "Medicine Hat", "osm_id": 413194636, "highway": "cycleway"}, "geometry": {"type": "LineString", "coordinates": [[-110.6820675, 50.0627886], [-110.681909, 50.0633462]]}}, {"type": "Feature", "properties": {"name": "Path 413194637", "difficulty": "intermediate", "area": "Medicine Hat", "osm_id": 413194637, "highway": "cycleway"}, "geometry": {"type": "LineString", "coordinates": [[-110.6596469, 50.0593593], [-110.6596201, 50.0593072], [-110.659602, 50.0592722], [-110.6596062, 50.0592547], [-110.6596191, 50.0592253], [-110.6596642, 50.0592012], [-110.6597174, 50.0591828], [-110.6597599, 50.0591554], [-110.6597865, 50.0591182], [-110.6598033, 50.0590722], [-110.6598117, 50.0590322], [-110.6598001, 50.0586176], [-110.6598027, 50.0585237], [-110.6598128, 50.0584584], [-110.6598457, 50.0583537], [-110.659914, 50.0582191], [-110.6599443, 50.0581644], [-110.6600115, 50.0580753], [-110.6605211, 50.0575721], [-110.6605512, 50.0575206], [-110.6605575, 50.0574723], [-110.6604584, 50.0572851], [-110.6604343, 50.057246], [-110.6604119, 50.0571807], [-110.6604119, 50.0571341], [-110.6604255, 50.0570996], [-110.6604995, 50.0570213], [-110.6605554, 50.0569892], [-110.6606164, 50.0569822], [-110.6606699, 50.0569924], [-110.6607286, 50.0570178], [-110.6619293, 50.0575645], [-110.6622563, 50.0576935], [-110.6643392, 50.0582755], [-110.6644483, 50.0582829], [-110.6648765, 50.0581624]]}}, {"type": "Feature", "properties": {"name": "Path 413194638", "difficulty": "intermediate", "area": "Medicine Hat", "osm_id": 413194638, "highway": "path"}, "geometry": {"type": "LineString", "coordinates": [[-110.6728208, 50.0589086], [-110.6732821, 50.0589038], [-110.674294, 50.0586929], [-110.674477, 50.0586595], [-110.6746641, 50.0586211], [-110.6749665, 50.0586066]]}}, {"type": "Feature", "properties": {"name": "Path 413194639", "difficulty": "intermediate", "area": "Medicine Hat", "osm_id": 413194639, "highway": "path"}, "geometry": {"type": "LineString", "coordinates": [[-110.6807111, 50.056252], [-110.6805411, 50.056255], [-110.6803292, 50.0562914], [-110.6799733, 50.05643], [-110.6794736, 50.0565053], [-110.6788565, 50.0566633], [-110.6786218, 50.0566706], [-110.6783038, 50.0566293], [-110.6780615, 50.0564713], [-110.6779972, 50.056413], [-110.6771975, 50.0564097]]}}, {"type": "Feature", "properties": {"name": "Path 413194640", "difficulty": "intermediate", "area": "Medicine Hat", "osm_id": 413194640, "highway": "path"}, "geometry": {"type": "LineString", "coordinates": [[-110.6799733, 50.05643], [-110.6801285, 50.0564543], [-110.6803935, 50.0565102], [-110.6805033, 50.0565466], [-110.6807059, 50.0566331]]}}, {"type": "Feature", "properties": {"name": "Path 413194641", "difficulty": "intermediate", "area": "Medicine Hat", "osm_id": 413194641, "highway": "path"}, "geometry": {"type": "LineString", "coordinates": [[-110.6783038, 50.0566293], [-110.6780956, 50.0566463], [-110.6777183, 50.0567873], [-110.6775883, 50.0568359], [-110.6774445, 50.0568723], [-110.6771992, 50.0568965]]}}, {"type": "Feature", "properties": {"name": "Path 413194642", "difficulty": "intermediate", "area": "Medicine Hat", "osm_id": 413194642, "highway": "path"}, "geometry": {"type": "LineString", "coordinates": [[-110.6771967, 50.0561985], [-110.6771975, 50.0564097], [-110.6771979, 50.0565219], [-110.6771992, 50.0568965], [-110.6771993, 50.0569315]]}}, {"type": "Feature", "properties": {"name": "Path 413194643", "difficulty": "intermediate", "area": "Medicine Hat", "osm_id": 413194643, "highway": "path"}, "geometry": {"type": "LineString", "coordinates": [[-110.6771979, 50.0565219], [-110.6773915, 50.0565272], [-110.6775315, 50.0565782], [-110.6776754, 50.0567411], [-110.6777183, 50.0567873]]}}, {"type": "Feature", "properties": {"name": "Meadowlands Trail", "difficulty": "intermediate", "area": "Medicine Hat", "osm_id": 413209518, "highway": "cycleway"}, "geometry": {"type": "LineString", "coordinates": [[-110.6642278, 50.0077358], [-110.6641858, 50.0077311], [-110.6626236, 50.0072607], [-110.6625407, 50.0072421], [-110.6624579, 50.007231], [-110.6621192, 50.0071937], [-110.6620664, 50.0071841], [-110.6620195, 50.0071727], [-110.6605282, 50.0066946], [-110.6604823, 50.0066742], [-110.6604505, 50.0066545], [-110.6604246, 50.006633], [-110.6599559, 50.0061281], [-110.6599161, 50.0060934], [-110.6598762, 50.0060691], [-110.6598141, 50.0060406], [-110.659752, 50.0060188], [-110.6565933, 50.0049955], [-110.6564641, 50.0049662], [-110.6541657, 50.0042232], [-110.6540916, 50.0042092], [-110.6540394, 50.0042171], [-110.6539952, 50.0042388], [-110.6539456, 50.0042965], [-110.6534339, 50.0049522], [-110.6533993, 50.0049821], [-110.6533487, 50.0050119], [-110.6502433, 50.0066433], [-110.6500408, 50.0067506], [-110.6499989, 50.0067815], [-110.6499205, 50.0068443], [-110.64985, 50.0068907], [-110.649766, 50.0069293], [-110.6496716, 50.0069565], [-110.6494871, 50.0070059], [-110.6493475, 50.0070531], [-110.6492007, 50.0071119], [-110.6490959, 50.0071614], [-110.649054, 50.007193], [-110.6490305, 50.0072229], [-110.649029, 50.0072433], [-110.6490397, 50.0072703], [-110.6490791, 50.0073044], [-110.6498575, 50.0079171], [-110.6499622, 50.0080401], [-110.6500265, 50.0080973], [-110.6501114, 50.0081566], [-110.6501475, 50.0081794], [-110.6502108, 50.0082193], [-110.6502842, 50.008257], [-110.6503105, 50.0082647], [-110.6503694, 50.0082819], [-110.6504297, 50.0082961], [-110.6505216, 50.008308], [-110.6506221, 50.0083134], [-110.6507272, 50.0083108]]}}, {"type": "Feature", "properties": {"name": "Meadowlands Trail", "difficulty": "intermediate", "area": "Medicine Hat", "osm_id": 413209519, "highway": "cycleway"}, "geometry": {"type": "LineString", "coordinates": [[-110.6552389, 50.0065585], [-110.6564641, 50.0049662]]}}, {"type": "Feature", "properties": {"name": "Path 413209521", "difficulty": "intermediate", "area": "Medicine Hat", "osm_id": 413209521, "highway": "cycleway"}, "geometry": {"type": "LineString", "coordinates": [[-110.6570513, 50.0072766], [-110.6561099, 50.0076224], [-110.6560227, 50.0076452], [-110.6559615, 50.0076557], [-110.6558915, 50.0076567], [-110.6550074, 50.0076574]]}}, {"type": "Feature", "properties": {"name": "Path 413209522", "difficulty": "intermediate", "area": "Medicine Hat", "osm_id": 413209522, "highway": "cycleway"}, "geometry": {"type": "LineString", "coordinates": [[-110.6556069, 50.0066812], [-110.6554725, 50.0068502], [-110.6554256, 50.0069353], [-110.6554007, 50.007009], [-110.6553729, 50.007109], [-110.6553472, 50.0071848], [-110.6553043, 50.0072609], [-110.6552526, 50.0073333], [-110.6551867, 50.0074004], [-110.6550973, 50.0074676], [-110.6550494, 50.0075139], [-110.6550284, 50.0075446], [-110.6550147, 50.0075801], [-110.6550081, 50.0076168], [-110.6550074, 50.0076574], [-110.6550074, 50.0077441], [-110.6550001, 50.0077826], [-110.6549782, 50.0078267], [-110.6549331, 50.0078726], [-110.6548959, 50.0079012], [-110.654844, 50.0079298], [-110.6544719, 50.0080945], [-110.6543254, 50.0081577]]}}, {"type": "Feature", "properties": {"name": "Path 413209523", "difficulty": "intermediate", "area": "Medicine Hat", "osm_id": 413209523, "highway": "cycleway"}, "geometry": {"type": "LineString", "coordinates": [[-110.6536552, 50.0079377], [-110.65361, 50.0081447], [-110.6535279, 50.0083466], [-110.6535095, 50.0083888], [-110.6534824, 50.0084224], [-110.6534362, 50.0084603], [-110.6527535, 50.0088623], [-110.652705, 50.008876], [-110.6526647, 50.0088833], [-110.6526214, 50.0088849], [-110.6524791, 50.0088693], [-110.6523001, 50.0088347]]}}, {"type": "Feature", "properties": {"name": "Path 413209524", "difficulty": "intermediate", "area": "Medicine Hat", "osm_id": 413209524, "highway": "cycleway"}, "geometry": {"type": "LineString", "coordinates": [[-110.6521748, 50.0086857], [-110.6523001, 50.0088347], [-110.6525044, 50.0090612], [-110.6534289, 50.0096783]]}}, {"type": "Feature", "properties": {"name": "Path 413209525", "difficulty": "intermediate", "area": "Medicine Hat", "osm_id": 413209525, "highway": "cycleway"}, "geometry": {"type": "LineString", "coordinates": [[-110.6521748, 50.0086857], [-110.652034, 50.0087532], [-110.6520088, 50.0087568], [-110.6519895, 50.0087528], [-110.6511906, 50.0082224]]}}, {"type": "Feature", "properties": {"name": "Ross Glen Town Center Loop", "difficulty": "intermediate", "area": "Medicine Hat", "osm_id": 413209526, "highway": "cycleway"}, "geometry": {"type": "LineString", "coordinates": [[-110.6345522, 50.008942], [-110.6345188, 50.0089634], [-110.6344919, 50.008972], [-110.6343208, 50.0090217], [-110.6341573, 50.0090714], [-110.6337571, 50.0092501], [-110.6334102, 50.0094701], [-110.6333256, 50.0095008], [-110.6332459, 50.009512], [-110.6331498, 50.0095134], [-110.63303, 50.0095095], [-110.6329581, 50.0095048], [-110.63289, 50.0095163], [-110.6327708, 50.0095436], [-110.632667, 50.0095515], [-110.6325708, 50.0095513], [-110.6320058, 50.0095244], [-110.6316135, 50.0094604], [-110.6305539, 50.0094567]]}}, {"type": "Feature", "properties": {"name": "Path 413209527", "difficulty": "intermediate", "area": "Medicine Hat", "osm_id": 413209527, "highway": "cycleway"}, "geometry": {"type": "LineString", "coordinates": [[-110.63289, 50.0095163], [-110.6327963, 50.0090937]]}}, {"type": "Feature", "properties": {"name": "Ross Glen Finger Park Loop", "difficulty": "intermediate", "area": "Medicine Hat", "osm_id": 413209529, "highway": "cycleway"}, "geometry": {"type": "LineString", "coordinates": [[-110.6313717, 50.0057076], [-110.6312923, 50.0058897], [-110.6306104, 50.0066226], [-110.6304539, 50.0067304], [-110.6302891, 50.0069625], [-110.6300626, 50.0072333], [-110.6298236, 50.007616], [-110.6297915, 50.0079008], [-110.6295475, 50.0080535], [-110.6295411, 50.0081401], [-110.6297081, 50.0084207], [-110.6297915, 50.0086147], [-110.6300227, 50.0089283], [-110.6302153, 50.0090232], [-110.6303437, 50.009081], [-110.630485, 50.0092584], [-110.6305539, 50.0094567], [-110.6305151, 50.0098356], [-110.6303969, 50.0101216]]}}, {"type": "Feature", "properties": {"name": "Ross Glen Finger Park Loop", "difficulty": "intermediate", "area": "Medicine Hat", "osm_id": 413209530, "highway": "cycleway"}, "geometry": {"type": "LineString", "coordinates": [[-110.6303969, 50.0101216], [-110.6303786, 50.0101906], [-110.6303691, 50.0102595], [-110.6303599, 50.010595], [-110.6303509, 50.0107], [-110.6303346, 50.0107578], [-110.6303094, 50.0108], [-110.6302393, 50.0108757], [-110.6301672, 50.0109499], [-110.6301093, 50.0110205], [-110.6300809, 50.0110804], [-110.6300707, 50.0111267], [-110.6300828, 50.0111789], [-110.6301009, 50.011235], [-110.6300991, 50.0113596]]}}, {"type": "Feature", "properties": {"name": "Path 413209531", "difficulty": "intermediate", "area": "Medicine Hat", "osm_id": 413209531, "highway": "cycleway"}, "geometry": {"type": "LineString", "coordinates": [[-110.6304319, 50.0114196], [-110.6301482, 50.0121772], [-110.6301212, 50.0121982], [-110.6300823, 50.0122153], [-110.6299832, 50.0122514], [-110.6297467, 50.012384], [-110.6295815, 50.0124821], [-110.629541, 50.012532], [-110.6295652, 50.0129558], [-110.6295727, 50.0130295], [-110.6296012, 50.0131031], [-110.6296543, 50.0131503], [-110.6297225, 50.0131955], [-110.629796, 50.013233], [-110.6298475, 50.0132509], [-110.629905, 50.0132688], [-110.6300352, 50.0133006], [-110.6301078, 50.0132516], [-110.6302203, 50.0131596], [-110.6303073, 50.0130647], [-110.6303665, 50.0130201], [-110.6303982, 50.0129743], [-110.6305167, 50.0128348], [-110.6305886, 50.0127228], [-110.6306274, 50.0126185], [-110.6306435, 50.0125227], [-110.630637, 50.0124568], [-110.630612, 50.0124045], [-110.6305583, 50.012356], [-110.6304604, 50.0122953], [-110.6303881, 50.0122617], [-110.6302282, 50.012206], [-110.6301482, 50.0121772], [-110.6301048, 50.0121441], [-110.6299047, 50.0120897], [-110.6297223, 50.0120587]]}}, {"type": "Feature", "properties": {"name": "Path 413209532", "difficulty": "intermediate", "area": "Medicine Hat", "osm_id": 413209532, "highway": "cycleway"}, "geometry": {"type": "LineString", "coordinates": [[-110.6309431, 50.0132231], [-110.6306834, 50.0131352], [-110.6303665, 50.0130201]]}}, {"type": "Feature", "properties": {"name": "Path 413209533", "difficulty": "intermediate", "area": "Medicine Hat", "osm_id": 413209533, "highway": "cycleway"}, "geometry": {"type": "LineString", "coordinates": [[-110.6303982, 50.0129743], [-110.6302734, 50.0129321], [-110.630228, 50.0129258], [-110.6301861, 50.0129383], [-110.6301536, 50.0129619], [-110.6301485, 50.012991], [-110.6301669, 50.013023], [-110.6302175, 50.0130492], [-110.6303073, 50.0130647]]}}, {"type": "Feature", "properties": {"name": "Path 413209534", "difficulty": "intermediate", "area": "Medicine Hat", "osm_id": 413209534, "highway": "cycleway"}, "geometry": {"type": "LineString", "coordinates": [[-110.6287772, 50.0123775], [-110.6294534, 50.0124826], [-110.6295815, 50.0124821]]}}, {"type": "Feature", "properties": {"name": "Path 413209535", "difficulty": "intermediate", "area": "Medicine Hat", "osm_id": 413209535, "highway": "cycleway"}, "geometry": {"type": "LineString", "coordinates": [[-110.6294534, 50.0124826], [-110.629541, 50.012532]]}}, {"type": "Feature", "properties": {"name": "Path 413209537", "difficulty": "intermediate", "area": "Medicine Hat", "osm_id": 413209537, "highway": "cycleway"}, "geometry": {"type": "LineString", "coordinates": [[-110.6294883, 50.014054], [-110.629328, 50.0141789], [-110.6292258, 50.0142242], [-110.629105, 50.0142665], [-110.6288726, 50.0143245], [-110.6287024, 50.0143715], [-110.6285603, 50.0144275], [-110.628378, 50.0145062], [-110.6280766, 50.0146251], [-110.6279819, 50.0146531], [-110.6278685, 50.014684], [-110.6277596, 50.0147108], [-110.6275947, 50.0147435], [-110.6274926, 50.0147688], [-110.6273905, 50.0148032], [-110.6273421, 50.0148279], [-110.6272875, 50.0148669], [-110.6272173, 50.0149448]]}}, {"type": "Feature", "properties": {"name": "Path 413209538", "difficulty": "intermediate", "area": "Medicine Hat", "osm_id": 413209538, "highway": "cycleway"}, "geometry": {"type": "LineString", "coordinates": [[-110.6271207, 50.0149259], [-110.6272064, 50.0149038], [-110.6272875, 50.0148669]]}}, {"type": "Feature", "properties": {"name": "Path 413209539", "difficulty": "intermediate", "area": "Medicine Hat", "osm_id": 413209539, "highway": "cycleway"}, "geometry": {"type": "LineString", "coordinates": [[-110.6252318, 50.0023316], [-110.6243199, 50.0023303], [-110.6238672, 50.0023864], [-110.6237599, 50.0024775], [-110.6237113, 50.0024967], [-110.6235992, 50.0024991], [-110.6232929, 50.0025471], [-110.623065, 50.002612], [-110.622826, 50.0026528], [-110.6227624, 50.002696], [-110.6227135, 50.0027494]]}}, {"type": "Feature", "properties": {"name": "Path 413209540", "difficulty": "intermediate", "area": "Medicine Hat", "osm_id": 413209540, "highway": "cycleway"}, "geometry": {"type": "LineString", "coordinates": [[-110.622826, 50.0026528], [-110.6226088, 50.002578]]}}, {"type": "Feature", "properties": {"name": "Path 413240927", "difficulty": "intermediate", "area": "Medicine Hat", "osm_id": 413240927, "highway": "cycleway"}, "geometry": {"type": "LineString", "coordinates": [[-110.6238069, 49.9927246], [-110.6231385, 49.9925775]]}}, {"type": "Feature", "properties": {"name": "Path 413240928", "difficulty": "intermediate", "area": "Medicine Hat", "osm_id": 413240928, "highway": "cycleway"}, "geometry": {"type": "LineString", "coordinates": [[-110.6230138, 49.9945374], [-110.6224679, 49.9944295], [-110.6222289, 49.9943899]]}}, {"type": "Feature", "properties": {"name": "Path 413240929", "difficulty": "intermediate", "area": "Medicine Hat", "osm_id": 413240929, "highway": "cycleway"}, "geometry": {"type": "LineString", "coordinates": [[-110.6254122, 49.9962527], [-110.6241697, 49.996258], [-110.6234916, 49.9962609], [-110.6230481, 49.9963436]]}}, {"type": "Feature", "properties": {"name": "Path 413240930", "difficulty": "intermediate", "area": "Medicine Hat", "osm_id": 413240930, "highway": "cycleway"}, "geometry": {"type": "LineString", "coordinates": [[-110.6254669, 49.9969653], [-110.6241588, 49.9969653], [-110.6237218, 49.9971827]]}}, {"type": "Feature", "properties": {"name": "Path 413240931", "difficulty": "intermediate", "area": "Medicine Hat", "osm_id": 413240931, "highway": "cycleway"}, "geometry": {"type": "LineString", "coordinates": [[-110.6252097, 49.9995563], [-110.6241753, 49.9995704], [-110.6240265, 49.9995622], [-110.6238908, 49.9995327]]}}, {"type": "Feature", "properties": {"name": "Path 413240932", "difficulty": "intermediate", "area": "Medicine Hat", "osm_id": 413240932, "highway": "cycleway"}, "geometry": {"type": "LineString", "coordinates": [[-110.6526758, 50.017559], [-110.6526663, 50.0175911], [-110.6525884, 50.0176852], [-110.6525426, 50.0177844], [-110.6525102, 50.0181203], [-110.6525163, 50.0183134], [-110.6525532, 50.0184788], [-110.652541, 50.0188532], [-110.6524904, 50.0190299], [-110.6524985, 50.0194942], [-110.6525741, 50.0195854], [-110.6526701, 50.0196632], [-110.6527228, 50.0197034], [-110.652736, 50.0197393], [-110.6527229, 50.0197753], [-110.652699, 50.0198059], [-110.6526879, 50.01982], [-110.6526161, 50.0198477], [-110.6525509, 50.0198521], [-110.6524208, 50.0198514]]}}, {"type": "Feature", "properties": {"name": "Path 413240933", "difficulty": "intermediate", "area": "Medicine Hat", "osm_id": 413240933, "highway": "cycleway"}, "geometry": {"type": "LineString", "coordinates": [[-110.6524194, 50.019989], [-110.6526284, 50.0199899], [-110.6526711, 50.0200094], [-110.6526919, 50.0200162], [-110.6527205, 50.0200422], [-110.652745, 50.0200848], [-110.6527399, 50.0201189], [-110.6526926, 50.0201905], [-110.6526525, 50.0208331], [-110.6524979, 50.0209552], [-110.652537, 50.0213128], [-110.6525367, 50.0213262], [-110.6525188, 50.0221649], [-110.6524746, 50.0225185], [-110.6524929, 50.0228407], [-110.6525893, 50.0231979], [-110.6528186, 50.0233866]]}}, {"type": "Feature", "properties": {"name": "Path 413240934", "difficulty": "intermediate", "area": "Medicine Hat", "osm_id": 413240934, "highway": "cycleway"}, "geometry": {"type": "LineString", "coordinates": [[-110.6528186, 50.0233866], [-110.6525991, 50.0236362], [-110.6525889, 50.0240245], [-110.6526401, 50.0243799], [-110.6527425, 50.0246037], [-110.6527575, 50.0247979], [-110.6527575, 50.0249594], [-110.6527051, 50.0252276], [-110.6527262, 50.0253146], [-110.6527832, 50.0253843], [-110.6529269, 50.0254593]]}}, {"type": "Feature", "properties": {"name": "Path 413240935", "difficulty": "intermediate", "area": "Medicine Hat", "osm_id": 413240935, "highway": "cycleway"}, "geometry": {"type": "LineString", "coordinates": [[-110.6532364, 50.0252982], [-110.6529986, 50.0253869], [-110.6529269, 50.0254593], [-110.6526913, 50.0257226], [-110.6525889, 50.0258147], [-110.6523123, 50.0259134], [-110.6520049, 50.0260516], [-110.6516566, 50.0261043], [-110.6510317, 50.0261569], [-110.65054, 50.0261569], [-110.6497, 50.0260911], [-110.6488907, 50.026045], [-110.647897, 50.0259924], [-110.6469237, 50.0259134], [-110.6466471, 50.0258608], [-110.6464832, 50.0257752], [-110.6463121, 50.0256028], [-110.6462476, 50.0254691]]}}, {"type": "Feature", "properties": {"name": "Path 413240936", "difficulty": "intermediate", "area": "Medicine Hat", "osm_id": 413240936, "highway": "cycleway"}, "geometry": {"type": "LineString", "coordinates": [[-110.6463121, 50.0256028], [-110.646077, 50.0255692]]}}, {"type": "Feature", "properties": {"name": "Path 413240937", "difficulty": "intermediate", "area": "Medicine Hat", "osm_id": 413240937, "highway": "cycleway"}, "geometry": {"type": "LineString", "coordinates": [[-110.6776962, 50.0240099], [-110.6777279, 50.0240291], [-110.6777424, 50.024046], [-110.6777362, 50.0240845], [-110.6777252, 50.024211], [-110.6777351, 50.0244264], [-110.6778971, 50.0248346], [-110.6779676, 50.0249526], [-110.6783265, 50.0252075], [-110.6785247, 50.0253894], [-110.6787795, 50.0257714], [-110.6792221, 50.0264506], [-110.6792689, 50.0265453], [-110.6792797, 50.0266983]]}}, {"type": "Feature", "properties": {"name": "Path 413240938", "difficulty": "intermediate", "area": "Medicine Hat", "osm_id": 413240938, "highway": "cycleway"}, "geometry": {"type": "LineString", "coordinates": [[-110.6951587, 50.0263985], [-110.6953143, 50.0263726], [-110.6957366, 50.0262378]]}}, {"type": "Feature", "properties": {"name": "Path 413240941", "difficulty": "intermediate", "area": "Medicine Hat", "osm_id": 413240941, "highway": "cycleway"}, "geometry": {"type": "LineString", "coordinates": [[-110.6996253, 50.0271756], [-110.6995985, 50.0271403], [-110.6995765, 50.027018], [-110.6995624, 50.026999]]}}, {"type": "Feature", "properties": {"name": "Path 413240942", "difficulty": "intermediate", "area": "Medicine Hat", "osm_id": 413240942, "highway": "path"}, "geometry": {"type": "LineString", "coordinates": [[-110.6871422, 50.026787], [-110.6871507, 50.0266915], [-110.6871509, 50.0265032], [-110.6871269, 50.0264186], [-110.6870941, 50.0263574], [-110.6869978, 50.0262554], [-110.6869011, 50.0261912], [-110.686791, 50.0261351], [-110.686653, 50.0260848], [-110.6865554, 50.0260544], [-110.6862667, 50.0260336], [-110.68593, 50.0259794], [-110.6839886, 50.0256917], [-110.68377, 50.0256162]]}}, {"type": "Feature", "properties": {"name": "Path 413240943", "difficulty": "intermediate", "area": "Medicine Hat", "osm_id": 413240943, "highway": "path"}, "geometry": {"type": "LineString", "coordinates": [[-110.6870941, 50.0263574], [-110.6871082, 50.025893], [-110.6869396, 50.0259654], [-110.686653, 50.0260848]]}}, {"type": "Feature", "properties": {"name": "Path 413240944", "difficulty": "intermediate", "area": "Medicine Hat", "osm_id": 413240944, "highway": "path"}, "geometry": {"type": "LineString", "coordinates": [[-110.68593, 50.0259794], [-110.6859799, 50.0256904], [-110.6859058, 50.025538]]}}, {"type": "Feature", "properties": {"name": "Path 413240945", "difficulty": "intermediate", "area": "Medicine Hat", "osm_id": 413240945, "highway": "cycleway"}, "geometry": {"type": "LineString", "coordinates": [[-110.6705594, 50.0280437], [-110.6705687, 50.0281086], [-110.6706396, 50.0282594], [-110.6708003, 50.0285499], [-110.6708538, 50.0286137], [-110.670938, 50.0286995], [-110.6710677, 50.0288209], [-110.6711006, 50.0288568], [-110.6711762, 50.0290251], [-110.6713497, 50.0292713], [-110.6713671, 50.0293054], [-110.6713689, 50.029337], [-110.6713574, 50.0294152], [-110.6713439, 50.0294871], [-110.6713441, 50.0295886], [-110.6713525, 50.0296547], [-110.6713843, 50.0297232], [-110.6713981, 50.0297604], [-110.6714001, 50.0298251], [-110.6714098, 50.0298613], [-110.6714273, 50.0298975], [-110.6714875, 50.0299899], [-110.6715575, 50.0300722], [-110.6716623, 50.0301544], [-110.6717816, 50.0302835], [-110.6719009, 50.030375], [-110.6719504, 50.0304187], [-110.6719902, 50.0304687], [-110.6720659, 50.0306157], [-110.6720873, 50.0306655], [-110.6721077, 50.0307753], [-110.6721101, 50.0308234], [-110.6721008, 50.0308839], [-110.6720426, 50.0311818], [-110.6719651, 50.0313102], [-110.6719475, 50.0313862], [-110.671965, 50.0315085], [-110.6719572, 50.0315608], [-110.6719398, 50.0316244], [-110.6719286, 50.0316583], [-110.6719175, 50.0317347], [-110.6718737, 50.0319212], [-110.6718746, 50.0319523], [-110.6718794, 50.031986], [-110.6718812, 50.0320158], [-110.6718051, 50.0323139], [-110.6718001, 50.0325333], [-110.6717962, 50.0325675], [-110.6717612, 50.0326318], [-110.671751, 50.0326707], [-110.6717543, 50.0327033], [-110.6718505, 50.0328636], [-110.6719105, 50.0329321], [-110.6720562, 50.033093], [-110.6721406, 50.0331894], [-110.6721627, 50.0332354], [-110.6721789, 50.0332839], [-110.6722061, 50.033359], [-110.6722233, 50.0334407], [-110.672225, 50.0334617], [-110.6722324, 50.0334775]]}}, {"type": "Feature", "properties": {"name": "Path 413240947", "difficulty": "intermediate", "area": "Medicine Hat", "osm_id": 413240947, "highway": "cycleway"}, "geometry": {"type": "LineString", "coordinates": [[-110.6731205, 50.0336326], [-110.673011, 50.0334981], [-110.672976, 50.0334507], [-110.6729585, 50.0334369], [-110.6729196, 50.0334282], [-110.6728651, 50.0334282], [-110.6728165, 50.0334344], [-110.6727135, 50.0334519], [-110.6726005, 50.0334819], [-110.672274, 50.0335785], [-110.67221, 50.0335969], [-110.6720582, 50.0336404], [-110.6713051, 50.0338898], [-110.6707354, 50.0341661], [-110.6704939, 50.0343302], [-110.6703882, 50.0344589], [-110.6703461, 50.0345656], [-110.6703346, 50.0347276], [-110.6704964, 50.0358056], [-110.670407, 50.0359164], [-110.6703476, 50.0359756], [-110.6702838, 50.0360391], [-110.6702051, 50.0360719], [-110.6701452, 50.0360972]]}}, {"type": "Feature", "properties": {"name": "Path 413240948", "difficulty": "intermediate", "area": "Medicine Hat", "osm_id": 413240948, "highway": "path"}, "geometry": {"type": "LineString", "coordinates": [[-110.6689634, 50.037758], [-110.668841, 50.0377447], [-110.668515, 50.0377091], [-110.6677889, 50.037707], [-110.6677179, 50.0377381], [-110.6675379, 50.0379014], [-110.6674926, 50.0379425]]}}, {"type": "Feature", "properties": {"name": "Path 413240949", "difficulty": "intermediate", "area": "Medicine Hat", "osm_id": 413240949, "highway": "path"}, "geometry": {"type": "LineString", "coordinates": [[-110.6677889, 50.037707], [-110.6675534, 50.0375536], [-110.6673791, 50.0374542], [-110.6670629, 50.0372966], [-110.6668661, 50.0372448], [-110.6666841, 50.0372514], [-110.6665867, 50.037255]]}}, {"type": "Feature", "properties": {"name": "Path 413240950", "difficulty": "intermediate", "area": "Medicine Hat", "osm_id": 413240950, "highway": "path"}, "geometry": {"type": "LineString", "coordinates": [[-110.6675534, 50.0375536], [-110.667853, 50.0373731], [-110.6678914, 50.0373627], [-110.6679809, 50.0373456], [-110.6680273, 50.0373336], [-110.6681647, 50.0372643], [-110.6682277, 50.0372325]]}}, {"type": "Feature", "properties": {"name": "Path 413240951", "difficulty": "intermediate", "area": "Medicine Hat", "osm_id": 413240951, "highway": "cycleway"}, "geometry": {"type": "LineString", "coordinates": [[-110.6942497, 50.0365776], [-110.6941989, 50.0365112], [-110.6941617, 50.0364678], [-110.6941448, 50.0364547], [-110.6941253, 50.0364493], [-110.6940982, 50.0364487], [-110.6940373, 50.0364509], [-110.6939874, 50.0364471], [-110.6939485, 50.0364346], [-110.6939189, 50.0364107], [-110.6938986, 50.0363841], [-110.6938859, 50.0363634], [-110.6937395, 50.036358], [-110.6937082, 50.0363553], [-110.6936202, 50.0363384], [-110.6935745, 50.0363308], [-110.6935262, 50.0363275], [-110.6934763, 50.0363297], [-110.6934239, 50.0363368], [-110.6933858, 50.0363422], [-110.693346, 50.0363444], [-110.6933079, 50.0363417], [-110.6932546, 50.0363319], [-110.6931396, 50.0363091], [-110.6931108, 50.0363042], [-110.6930744, 50.036302], [-110.6930355, 50.0363053], [-110.6929737, 50.0363161], [-110.6929111, 50.0363324], [-110.6928696, 50.0363411], [-110.6928256, 50.0363444], [-110.6927926, 50.0363417], [-110.6927537, 50.0363341], [-110.692719, 50.0363205], [-110.6926852, 50.0363091], [-110.6926446, 50.0363009], [-110.6925752, 50.0362911], [-110.6925354, 50.0362879], [-110.6924973, 50.0362879], [-110.6924423, 50.0362922], [-110.6924161, 50.0362955], [-110.692389, 50.036296], [-110.6923577, 50.0362906], [-110.6923323, 50.0362824], [-110.6923019, 50.0362716], [-110.6922629, 50.0362547], [-110.6922316, 50.0362439], [-110.6921944, 50.0362362], [-110.6921606, 50.0362314], [-110.6921259, 50.0362286], [-110.6920861, 50.0362297], [-110.6920362, 50.0362281], [-110.6919871, 50.036221], [-110.6919406, 50.0362091], [-110.6919118, 50.0361998], [-110.6918141, 50.0361929]]}}, {"type": "Feature", "properties": {"name": "Devonian Trail", "difficulty": "intermediate", "area": "Medicine Hat", "osm_id": 413240952, "highway": "cycleway"}, "geometry": {"type": "LineString", "coordinates": [[-110.6817654, 50.0403674], [-110.6817985, 50.0404196], [-110.6818323, 50.0404997], [-110.6818496, 50.0405737], [-110.6818406, 50.0406819], [-110.681815, 50.0407736], [-110.6817461, 50.0408604], [-110.6816382, 50.0409441], [-110.6815088, 50.041016], [-110.6813768, 50.0410633], [-110.6795079, 50.0417406], [-110.6786176, 50.0420169], [-110.6764449, 50.0426556], [-110.6745749, 50.0432045], [-110.6744264, 50.0432528], [-110.6741257, 50.043368], [-110.6734199, 50.0435905], [-110.6721675, 50.0440171], [-110.6719782, 50.0440807], [-110.6714947, 50.0442703], [-110.6713384, 50.0443332], [-110.6712394, 50.0443659], [-110.6712121, 50.0443755], [-110.6711725, 50.0443851], [-110.6708638, 50.0444429], [-110.6707933, 50.0444606], [-110.6706933, 50.0444913], [-110.6706157, 50.0445237], [-110.6704326, 50.0446004], [-110.6703839, 50.0446159], [-110.6703413, 50.04463], [-110.6703097, 50.0446386], [-110.670291, 50.0446437], [-110.6702491, 50.044649], [-110.6701888, 50.0446569], [-110.670141, 50.0446678], [-110.6699541, 50.0447358], [-110.669674, 50.0448303], [-110.6694067, 50.044949], [-110.6692645, 50.0450192], [-110.668211, 50.0453966], [-110.6678347, 50.0455342], [-110.6673504, 50.0457917], [-110.6669163, 50.0459088], [-110.6668263, 50.0459187], [-110.6664979, 50.0459549], [-110.6656168, 50.0459534], [-110.6649916, 50.0458507], [-110.664811, 50.0458426], [-110.6642276, 50.0458434], [-110.6636453, 50.0458321], [-110.663213, 50.0457984], [-110.66242, 50.0457437]]}}, {"type": "Feature", "properties": {"name": "Path 413240953", "difficulty": "intermediate", "area": "Medicine Hat", "osm_id": 413240953, "highway": "path"}, "geometry": {"type": "LineString", "coordinates": [[-110.7070342, 50.035614], [-110.7071799, 50.0358008], [-110.7075487, 50.0361364], [-110.707815, 50.0364522], [-110.7082453, 50.0368536], [-110.7083784, 50.0369128], [-110.7084939, 50.0369266], [-110.7091359, 50.0368928]]}}, {"type": "Feature", "properties": {"name": "Path 413240954", "difficulty": "intermediate", "area": "Medicine Hat", "osm_id": 413240954, "highway": "path"}, "geometry": {"type": "LineString", "coordinates": [[-110.707815, 50.0364522], [-110.7079937, 50.0363696]]}}, {"type": "Feature", "properties": {"name": "Path 413240957", "difficulty": "intermediate", "area": "Medicine Hat", "osm_id": 413240957, "highway": "cycleway"}, "geometry": {"type": "LineString", "coordinates": [[-110.709675, 50.0415994], [-110.7097546, 50.0416228], [-110.7098152, 50.0416309], [-110.7098959, 50.0416342], [-110.7099994, 50.0416277], [-110.7101861, 50.0416082], [-110.7102745, 50.0416082], [-110.7104032, 50.0416196], [-110.7110037, 50.041686], [-110.7111577, 50.0417022], [-110.7114075, 50.0417168], [-110.7116599, 50.041733], [-110.7117684, 50.0417411], [-110.7117849, 50.0417432], [-110.7126844, 50.041853], [-110.7128282, 50.0418675], [-110.7157126, 50.0420199], [-110.7158009, 50.0420231], [-110.7159675, 50.0420134], [-110.7161062, 50.0419923], [-110.7161592, 50.0419745], [-110.7161939, 50.041947], [-110.7162021, 50.0419405], [-110.7162223, 50.0419113], [-110.7162122, 50.0418773], [-110.7161888, 50.0418456], [-110.7160694, 50.0417604], [-110.7160165, 50.0417205], [-110.7159867, 50.0416805], [-110.71591, 50.0415686], [-110.7154438, 50.0410651], [-110.7150732, 50.040793], [-110.7143141, 50.0400599], [-110.7142259, 50.0400145], [-110.7139082, 50.0399579], [-110.7128174, 50.0396966], [-110.7120302, 50.0396969], [-110.7120073, 50.0396969], [-110.7119085, 50.0396918]]}}, {"type": "Feature", "properties": {"name": "Path 413240959", "difficulty": "intermediate", "area": "Medicine Hat", "osm_id": 413240959, "highway": "track"}, "geometry": {"type": "LineString", "coordinates": [[-110.6749119, 50.0459811], [-110.6747863, 50.0459018], [-110.6746026, 50.0457135], [-110.6745749, 50.0456781], [-110.6745581, 50.0456408], [-110.6745297, 50.0455897], [-110.6744912, 50.0455564], [-110.6743374, 50.0454687], [-110.6742797, 50.0454428], [-110.6741549, 50.0453911], [-110.6741143, 50.0453761]]}}, {"type": "Feature", "properties": {"name": "Path 413240963", "difficulty": "intermediate", "area": "Medicine Hat", "osm_id": 413240963, "highway": "cycleway"}, "geometry": {"type": "LineString", "coordinates": [[-110.6590862, 50.0478238], [-110.6588185, 50.0478219], [-110.6584849, 50.0477963], [-110.6581981, 50.0477174], [-110.6577832, 50.0475693], [-110.6575783, 50.0474476], [-110.6573084, 50.047231], [-110.6571957, 50.0471274], [-110.6570267, 50.0470282], [-110.6559494, 50.046576], [-110.6554577, 50.0463227], [-110.6549199, 50.0459806], [-110.6541919, 50.0455154], [-110.6536765, 50.0451651], [-110.6533056, 50.0448763], [-110.6529557, 50.0445286], [-110.6525592, 50.0440875], [-110.652403, 50.043946], [-110.6520822, 50.0437373], [-110.6518857, 50.043664], [-110.6514867, 50.0435451], [-110.6513716, 50.0435444], [-110.6511705, 50.043655], [-110.651068, 50.0436945], [-110.6508939, 50.0437734], [-110.6506429, 50.0437965], [-110.6505046, 50.0438656], [-110.6504124, 50.0439675], [-110.6502792, 50.0441221], [-110.6500999, 50.0443458], [-110.6499206, 50.0446188], [-110.6497516, 50.0447175], [-110.6495723, 50.0447603], [-110.649347, 50.0447701], [-110.6492035, 50.044803], [-110.6491165, 50.0448557], [-110.6490761, 50.0449089], [-110.6491062, 50.0449708], [-110.6493009, 50.0450629], [-110.649726, 50.0452767], [-110.6499975, 50.0454708], [-110.650228, 50.045678], [-110.6504585, 50.0459379], [-110.6505968, 50.0461155], [-110.650689, 50.0463128], [-110.6507402, 50.0465859], [-110.6506991, 50.0468145], [-110.6506377, 50.0470809], [-110.6505697, 50.047691], [-110.6504687, 50.0484344], [-110.6503714, 50.0490593], [-110.6503868, 50.0493619], [-110.6504103, 50.0496212], [-110.6503521, 50.0496975]]}}, {"type": "Feature", "properties": {"name": "Path 413240965", "difficulty": "intermediate", "area": "Medicine Hat", "osm_id": 413240965, "highway": "cycleway"}, "geometry": {"type": "LineString", "coordinates": [[-110.661848, 50.0438247], [-110.6617634, 50.0439062], [-110.6617262, 50.0439293], [-110.6616788, 50.0439516], [-110.6616172, 50.0439647], [-110.6615338, 50.0439746], [-110.6614427, 50.043982], [-110.6612657, 50.0439853], [-110.6611964, 50.0439862], [-110.660596, 50.0439689], [-110.6605177, 50.0439647], [-110.6604343, 50.0439581], [-110.6603343, 50.0439441], [-110.660197, 50.0439178], [-110.6600777, 50.0438865], [-110.6599186, 50.0438329], [-110.6598211, 50.0437925], [-110.6597762, 50.0437695], [-110.6597095, 50.0437497], [-110.6595773, 50.04372], [-110.6595414, 50.0437126], [-110.6595017, 50.0437102], [-110.6594606, 50.0437118], [-110.6594261, 50.0437166], [-110.6593477, 50.0437275], [-110.6592656, 50.0437373], [-110.6591912, 50.0437423], [-110.6591155, 50.0437431], [-110.6590475, 50.0437373], [-110.6589661, 50.0437301], [-110.6588951, 50.0437292], [-110.6587728, 50.0437316], [-110.6585912, 50.0437351], [-110.6585696, 50.0427788], [-110.6585591, 50.0423719]]}}, {"type": "Feature", "properties": {"name": "Path 413241380", "difficulty": "intermediate", "area": "Medicine Hat", "osm_id": 413241380, "highway": "path"}, "geometry": {"type": "LineString", "coordinates": [[-110.6735729, 50.040828], [-110.6737388, 50.0410187], [-110.6730636, 50.0412511], [-110.672919, 50.0410791]]}}, {"type": "Feature", "properties": {"name": "Path 434958549", "difficulty": "intermediate", "area": "Medicine Hat", "osm_id": 434958549, "highway": "path"}, "geometry": {"type": "LineString", "coordinates": [[-110.6525476, 50.0365895], [-110.6524844, 50.0365329], [-110.6524078, 50.0365092], [-110.6522709, 50.0365119], [-110.6520844, 50.0365366], [-110.6519521, 50.0365677]]}}, {"type": "Feature", "properties": {"name": "NW Riverside Trail", "difficulty": "intermediate", "area": "Medicine Hat", "osm_id": 434958552, "highway": "cycleway"}, "geometry": {"type": "LineString", "coordinates": [[-110.6984714, 50.0428834], [-110.6985151, 50.0427404], [-110.6986434, 50.042713], [-110.6992422, 50.0426924], [-110.6998837, 50.042658], [-110.7001403, 50.0426512], [-110.7006642, 50.0426718], [-110.7011346, 50.0427473], [-110.7016371, 50.0427954], [-110.7022466, 50.0428846], [-110.7029843, 50.0430288], [-110.703444, 50.0431455], [-110.7039358, 50.0432073], [-110.7044704, 50.0433309], [-110.7048767, 50.0434202], [-110.7053151, 50.0435026], [-110.7055289, 50.0435301], [-110.7061383, 50.0436262], [-110.7067798, 50.0437292], [-110.7071434, 50.0438047], [-110.7079346, 50.0438459], [-110.7088861, 50.0438528], [-110.7092496, 50.0438871], [-110.7096559, 50.0439352], [-110.7097842, 50.0439626], [-110.7107572, 50.0441137], [-110.7111741, 50.0441892], [-110.7115163, 50.0442373], [-110.712393, 50.0442716], [-110.713259, 50.0442373], [-110.713727, 50.0442001], [-110.7138891, 50.0441784], [-110.7140399, 50.0441317], [-110.7141592, 50.0441214], [-110.7142528, 50.0441169], [-110.7143511, 50.0441387], [-110.7144493, 50.0441665], [-110.7146883, 50.0442402], [-110.7147541, 50.0442472], [-110.7148226, 50.0442369], [-110.7148895, 50.0442169], [-110.7150163, 50.0441828], [-110.715106, 50.044166], [-110.7153596, 50.0441655], [-110.715834, 50.0441554], [-110.7161218, 50.0441073], [-110.7162552, 50.0440921], [-110.7163916, 50.0441073], [-110.7165991, 50.0441545], [-110.7167339, 50.0441737], [-110.7170609, 50.0441807], [-110.7171953, 50.0441856], [-110.717351, 50.0441957], [-110.7175193, 50.0442159], [-110.7179231, 50.0442974], [-110.7181364, 50.0443327]]}}, {"type": "Feature", "properties": {"name": "Harlow Berm Trails", "difficulty": "intermediate", "area": "Medicine Hat", "osm_id": 434958553, "highway": "cycleway"}, "geometry": {"type": "LineString", "coordinates": [[-110.7181257, 50.042051], [-110.7182045, 50.0421068], [-110.7182261, 50.0421296], [-110.7182317, 50.0421533], [-110.718217, 50.0421814], [-110.71813, 50.0422517], [-110.7180741, 50.0423146], [-110.7180487, 50.042332], [-110.7176906, 50.0424878], [-110.717584, 50.0425286], [-110.7174833, 50.0425523], [-110.7173894, 50.0425585], [-110.7172631, 50.0425527], [-110.7171695, 50.0425465], [-110.7170403, 50.0425229], [-110.7169561, 50.0424968], [-110.7169072, 50.0424718], [-110.7168666, 50.0424337], [-110.7168092, 50.0423652], [-110.7164446, 50.0423217], [-110.7163492, 50.0423087], [-110.7158012, 50.0422], [-110.7157305, 50.0421905], [-110.7155087, 50.0421783], [-110.7152135, 50.0421579], [-110.7149182, 50.0421375], [-110.7147417, 50.0421207], [-110.7137733, 50.0420716], [-110.7136213, 50.0420636], [-110.7135199, 50.0420661], [-110.7134049, 50.042073], [-110.713175, 50.0421161], [-110.7130973, 50.0421267], [-110.7130145, 50.0421287], [-110.71273, 50.0421059], [-110.711834, 50.0420453], [-110.7110625, 50.04195], [-110.7106548, 50.0418957], [-110.7103919, 50.0418689], [-110.7099446, 50.0418158], [-110.7098568, 50.0418109], [-110.7097604, 50.0418041], [-110.7097046, 50.0417907], [-110.7096637, 50.0417721], [-110.7096396, 50.0417448], [-110.709637, 50.0417172], [-110.7096389, 50.0416818], [-110.7096509, 50.0416485], [-110.709675, 50.0415994], [-110.7094981, 50.041535], [-110.7093847, 50.0415034], [-110.7092478, 50.0414789], [-110.7083854, 50.0413686], [-110.7073294, 50.0412061], [-110.7071998, 50.0411726], [-110.7070966, 50.04114], [-110.7070119, 50.0410965], [-110.7069362, 50.0410525], [-110.7067614, 50.0409508], [-110.706714, 50.0409041], [-110.7066954, 50.0408704], [-110.7066937, 50.0408475], [-110.7067055, 50.0408117], [-110.7067242, 50.040779]]}}, {"type": "Feature", "properties": {"name": "Harlow Berm Trails", "difficulty": "intermediate", "area": "Medicine Hat", "osm_id": 434958554, "highway": "cycleway"}, "geometry": {"type": "LineString", "coordinates": [[-110.7069362, 50.0410525], [-110.7069025, 50.041067], [-110.7068777, 50.041068], [-110.7068528, 50.0410617], [-110.7066194, 50.0409904], [-110.7065846, 50.040984], [-110.7065416, 50.0409872], [-110.7065068, 50.0410021], [-110.7064969, 50.0410191], [-110.7065051, 50.0410436], [-110.7065316, 50.0410606], [-110.7065863, 50.0410819], [-110.7066724, 50.0411212], [-110.7067585, 50.0411829], [-110.7068446, 50.0412573], [-110.7069124, 50.0413456], [-110.7069422, 50.0414104], [-110.7069555, 50.0414817], [-110.7069638, 50.0415263], [-110.7069886, 50.0415667], [-110.7070333, 50.0416135], [-110.7070863, 50.0416454], [-110.7072403, 50.0417114], [-110.7074108, 50.041773], [-110.7074969, 50.04179], [-110.7076211, 50.0418017], [-110.7077038, 50.0418177], [-110.7077817, 50.0418411], [-110.7078512, 50.0418751], [-110.7079539, 50.041924], [-110.7080052, 50.04194], [-110.7080499, 50.0419474], [-110.7081327, 50.0419506], [-110.7082022, 50.0419549], [-110.70829, 50.0419751], [-110.7084804, 50.0420229], [-110.7085416, 50.0420325], [-110.7086012, 50.0420378], [-110.7087039, 50.0420357], [-110.7087651, 50.042042], [-110.7089357, 50.0420739], [-110.7090069, 50.0420878], [-110.7090665, 50.042092], [-110.7091425, 50.0420884], [-110.7092352, 50.0420756], [-110.7093369, 50.0420756], [-110.7094318, 50.0420855], [-110.7095423, 50.042104], [-110.7096152, 50.0421139], [-110.7096758, 50.0421145], [-110.7098025, 50.042102], [-110.709916, 50.0420812], [-110.710011, 50.0420551], [-110.7100947, 50.0420223], [-110.7103919, 50.0418689]]}}, {"type": "Feature", "properties": {"name": "Path 434958555", "difficulty": "intermediate", "area": "Medicine Hat", "osm_id": 434958555, "highway": "cycleway"}, "geometry": {"type": "LineString", "coordinates": [[-110.7096001, 50.0447927], [-110.7095777, 50.0448483], [-110.7095558, 50.0449397], [-110.7094839, 50.0449693], [-110.709335, 50.045006], [-110.7091946, 50.0450188], [-110.7090771, 50.0450187], [-110.7089222, 50.0450228], [-110.7087731, 50.0450343], [-110.7085291, 50.0450805], [-110.7082867, 50.0451497], [-110.7081131, 50.0452243], [-110.7079894, 50.0452818], [-110.7076939, 50.0455541], [-110.7073685, 50.0459739], [-110.7073134, 50.0461023], [-110.7071854, 50.0463856], [-110.7070891, 50.0465676], [-110.7066228, 50.0474096], [-110.7065481, 50.0475085], [-110.7064795, 50.0475471], [-110.7063558, 50.0475785], [-110.7062555, 50.0475814], [-110.7061507, 50.0475578], [-110.7060549, 50.0475167], [-110.7059153, 50.0474562]]}}, {"type": "Feature", "properties": {"name": "Path 434958556", "difficulty": "intermediate", "area": "Medicine Hat", "osm_id": 434958556, "highway": "cycleway"}, "geometry": {"type": "LineString", "coordinates": [[-110.7059153, 50.0474562], [-110.7058428, 50.0474554], [-110.7057732, 50.0474672], [-110.7056886, 50.0474916], [-110.705642, 50.0475187], [-110.7056043, 50.0475545], [-110.705575, 50.0476048], [-110.7055534, 50.0476479], [-110.705539, 50.0476964]]}}, {"type": "Feature", "properties": {"name": "McCutcheon Trail", "difficulty": "intermediate", "area": "Medicine Hat", "osm_id": 434958557, "highway": "cycleway"}, "geometry": {"type": "LineString", "coordinates": [[-110.705539, 50.0476964], [-110.7052427, 50.0474426], [-110.7050776, 50.0473322], [-110.7050419, 50.0473098], [-110.7047267, 50.0471124], [-110.7046252, 50.0470594], [-110.7045496, 50.0470262], [-110.7044171, 50.0469787], [-110.7042331, 50.0469047], [-110.7041437, 50.0468782], [-110.7040628, 50.0468661], [-110.703982, 50.046865], [-110.7039115, 50.0468727], [-110.7034471, 50.0469688], [-110.7033749, 50.0469765], [-110.7033026, 50.0469776], [-110.7027237, 50.0469806], [-110.7022139, 50.0469831], [-110.7014778, 50.0470041], [-110.7011638, 50.0470098], [-110.7006866, 50.0470185], [-110.7004733, 50.047024], [-110.7003134, 50.0470362], [-110.700076, 50.0470726], [-110.6998335, 50.0471212], [-110.6997166, 50.047151], [-110.6996082, 50.0471908], [-110.699321, 50.0472946], [-110.6992298, 50.0473189], [-110.6991559, 50.0473277], [-110.6990475, 50.0473233], [-110.6989302, 50.0473152], [-110.6988084, 50.0473068], [-110.6986863, 50.0473023], [-110.6985694, 50.0473034], [-110.6984627, 50.047309], [-110.6982942, 50.0473266], [-110.6981686, 50.0473421], [-110.6980568, 50.0473642], [-110.697921, 50.0473918], [-110.6978539, 50.0473995], [-110.6977851, 50.0474006], [-110.6977539, 50.0473981], [-110.697718, 50.0473951], [-110.6973998, 50.047352], [-110.696987, 50.0473023], [-110.6968787, 50.0472946], [-110.6967996, 50.0472979], [-110.6967119, 50.047309], [-110.6966173, 50.0473277], [-110.6965158, 50.0473553], [-110.696373, 50.0474084], [-110.6958966, 50.0475796], [-110.6956885, 50.0476414], [-110.6955853, 50.0476613], [-110.6954924, 50.0476712], [-110.6954168, 50.0476723], [-110.6950934, 50.0476668], [-110.6949317, 50.0476712], [-110.6947907, 50.0476812], [-110.6947358, 50.047685], [-110.6946342, 50.0476922], [-110.6943836, 50.0477315], [-110.694184, 50.0477742], [-110.6937939, 50.0478803], [-110.6935575, 50.0479422], [-110.6934772, 50.0479525], [-110.6925547, 50.0479982], [-110.6924101, 50.0479952], [-110.6923091, 50.0479849], [-110.691979, 50.0479464], [-110.69175, 50.0479181], [-110.6916696, 50.0479168], [-110.6916113, 50.0479284], [-110.6915672, 50.047949], [-110.691529, 50.0479877], [-110.6915258, 50.0480023], [-110.6915189, 50.0480341], [-110.691531, 50.048069], [-110.6915451, 50.0480909], [-110.6915852, 50.0481283], [-110.6916467, 50.0481665]]}}, {"type": "Feature", "properties": {"name": "Parkview Street Side Trail", "difficulty": "intermediate", "area": "Medicine Hat", "osm_id": 434958559, "highway": "cycleway"}, "geometry": {"type": "LineString", "coordinates": [[-110.6640125, 50.0673366], [-110.6640728, 50.0673829], [-110.6640666, 50.0674592], [-110.664066, 50.06757], [-110.6640018, 50.0677029], [-110.6638887, 50.0677268], [-110.6634118, 50.0677268], [-110.6620103, 50.0676913], [-110.6598984, 50.0677314], [-110.6592354, 50.0677049], [-110.6586286, 50.0676352], [-110.658132, 50.0675523], [-110.6576691, 50.0674406], [-110.6571713, 50.067303], [-110.6567184, 50.0671366], [-110.6560474, 50.0667826], [-110.6555761, 50.0664409], [-110.655031, 50.0659511], [-110.6547988, 50.0656913], [-110.6544995, 50.0653563], [-110.654326, 50.0651325], [-110.6541682, 50.0649245], [-110.6540739, 50.0647702], [-110.6540355, 50.0647038], [-110.6540137, 50.0646608], [-110.6540148, 50.0646145], [-110.6540237, 50.0645662], [-110.6540779, 50.0644111], [-110.6540746, 50.0643499], [-110.654056, 50.0642854], [-110.6539164, 50.0640126], [-110.6538949, 50.063956], [-110.653886, 50.0639125], [-110.6538883, 50.0638781], [-110.6539083, 50.0638176], [-110.6539332, 50.0637096], [-110.6539362, 50.0633667], [-110.6539433, 50.0632843], [-110.6539554, 50.0632083], [-110.6540381, 50.0627583], [-110.654063, 50.0626395], [-110.6540995, 50.0625394], [-110.6541412, 50.0624588], [-110.6548993, 50.0614243]]}}, {"type": "Feature", "properties": {"name": "Path 434958560", "difficulty": "intermediate", "area": "Medicine Hat", "osm_id": 434958560, "highway": "path"}, "geometry": {"type": "LineString", "coordinates": [[-110.6518857, 50.043664], [-110.6517226, 50.0435158], [-110.6515857, 50.0434393], [-110.6514709, 50.0434017], [-110.6509969, 50.0431108], [-110.6508406, 50.0428908], [-110.6507684, 50.0427754], [-110.650491, 50.0423248], [-110.6501483, 50.0420104], [-110.6497241, 50.0417589], [-110.6494303, 50.0412873], [-110.6491529, 50.0410148], [-110.6486307, 50.0407947], [-110.6482881, 50.0406375], [-110.6482263, 50.040578], [-110.6480922, 50.0404488], [-110.6477822, 50.0402183], [-110.6474885, 50.0401554], [-110.6470616, 50.0401453], [-110.6467868, 50.0400191], [-110.6463299, 50.0398619], [-110.6459219, 50.0397047], [-110.6456119, 50.039537], [-110.6452528, 50.0394217], [-110.6447959, 50.0394113], [-110.6441922, 50.0395161], [-110.643621, 50.0395999], [-110.6431967, 50.0396628], [-110.6430499, 50.0396628], [-110.6428825, 50.0396091]]}}, {"type": "Feature", "properties": {"name": "Brier Run Trail", "difficulty": "intermediate", "area": "Medicine Hat", "osm_id": 435086167, "highway": "cycleway"}, "geometry": {"type": "LineString", "coordinates": [[-110.7044957, 50.0556414], [-110.7044886, 50.0557045], [-110.7043456, 50.0558147], [-110.703988, 50.0558698], [-110.7026147, 50.0559065], [-110.701481, 50.0559157], [-110.699296, 50.0558973], [-110.697136, 50.0558882], [-110.6962205, 50.055879], [-110.6930408, 50.0559057], [-110.6908419, 50.055879], [-110.6904986, 50.0557996], [-110.6899404, 50.0558053], [-110.6892086, 50.0558055], [-110.6890956, 50.0558169], [-110.6889932, 50.0558498], [-110.6888394, 50.0559364], [-110.6887531, 50.0559659], [-110.6886911, 50.0559693], [-110.688184, 50.0559745], [-110.6878064, 50.0559832], [-110.6877147, 50.0560057], [-110.6876392, 50.0560594], [-110.6874639, 50.0562343], [-110.6874072, 50.0563295], [-110.6873857, 50.0564005], [-110.6873857, 50.0564646], [-110.687383, 50.0572282], [-110.6873803, 50.0595537], [-110.6873614, 50.0595661], [-110.687325, 50.0595817]]}}, {"type": "Feature", "properties": {"name": "Path 435088235", "difficulty": "intermediate", "area": "Redcliff", "osm_id": 435088235, "highway": "cycleway"}, "geometry": {"type": "LineString", "coordinates": [[-110.7779204, 50.0462336], [-110.7779944, 50.0462926], [-110.7780259, 50.0463151], [-110.7780711, 50.0463411], [-110.7789038, 50.0467579], [-110.7801981, 50.0474902], [-110.7803834, 50.0475951], [-110.7804516, 50.0476337], [-110.7814653, 50.0481214], [-110.7819606, 50.0483367], [-110.7820189, 50.0483542], [-110.7820566, 50.0483634], [-110.7821253, 50.0483759]]}}, {"type": "Feature", "properties": {"name": "Path 438331142", "difficulty": "intermediate", "area": "Medicine Hat", "osm_id": 438331142, "highway": "path"}, "geometry": {"type": "LineString", "coordinates": [[-110.672919, 50.0410791], [-110.6728867, 50.0410909], [-110.6727764, 50.0411311]]}}, {"type": "Feature", "properties": {"name": "Path 441986373", "difficulty": "intermediate", "area": "Redcliff", "osm_id": 441986373, "highway": "path"}, "geometry": {"type": "LineString", "coordinates": [[-110.7940954, 50.0613607], [-110.794566, 50.061531], [-110.794721, 50.061607], [-110.794813, 50.061673], [-110.794941, 50.061858], [-110.795116, 50.062228], [-110.795153, 50.062275], [-110.795227, 50.062324], [-110.795311, 50.062345], [-110.795447, 50.062345], [-110.795712, 50.062299], [-110.795835, 50.062244], [-110.796061, 50.0621], [-110.796289, 50.061983], [-110.796483, 50.061916], [-110.797082, 50.061861], [-110.797259, 50.061814], [-110.7976, 50.061644], [-110.797732, 50.061624], [-110.797852, 50.061637], [-110.797946, 50.061672], [-110.798031, 50.061731], [-110.798147, 50.061874], [-110.7981654, 50.0625001]]}}, {"type": "Feature", "properties": {"name": "River Valley Trail", "difficulty": "intermediate", "area": "Redcliff", "osm_id": 441989584, "highway": "path"}, "geometry": {"type": "LineString", "coordinates": [[-110.8002652, 50.0532682], [-110.8002632, 50.05331], [-110.8002469, 50.053353], [-110.8002225, 50.0533843], [-110.8001636, 50.0534052], [-110.8001027, 50.0534312], [-110.8000682, 50.0534639], [-110.800066, 50.0535163], [-110.7999721, 50.0535158], [-110.7998054, 50.0535067], [-110.7995919, 50.0534258], [-110.7993309, 50.0533038], [-110.7991749, 50.0532417], [-110.7989075, 50.0532228], [-110.7984887, 50.0533389], [-110.7974565, 50.0536433], [-110.7962161, 50.0539786], [-110.7952934, 50.0542129], [-110.7950574, 50.054268], [-110.794081, 50.054392], [-110.793609, 50.0544264], [-110.7928472, 50.0546468], [-110.7924824, 50.0547915], [-110.7919782, 50.0549155], [-110.7914525, 50.055005], [-110.7906371, 50.0551635], [-110.7903367, 50.0551635], [-110.7900041, 50.0552944], [-110.7893389, 50.0554735], [-110.7885879, 50.0555837], [-110.7881909, 50.0556526], [-110.7877296, 50.0556939], [-110.7873433, 50.055811], [-110.7873326, 50.0558799], [-110.7874935, 50.0560107], [-110.7876473, 50.0560426], [-110.7879012, 50.0560039], [-110.7882016, 50.055997], [-110.7884913, 50.056059], [-110.7889366, 50.0561563], [-110.7891298, 50.0562196], [-110.7892909, 50.0563408], [-110.789833, 50.056486], [-110.790283, 50.0565136], [-110.790798, 50.056437], [-110.7911521, 50.0563827], [-110.7913666, 50.0563689], [-110.7915705, 50.0563689], [-110.7917207, 50.0564447], [-110.7918494, 50.0565687], [-110.7919674, 50.0566651], [-110.7922464, 50.0567271], [-110.7926648, 50.0569613], [-110.792976, 50.0571542], [-110.7930081, 50.0572162], [-110.7930511, 50.0573333], [-110.7929702, 50.0574707], [-110.7931476, 50.0575124], [-110.7933944, 50.0576088], [-110.7935231, 50.0576915], [-110.793648, 50.057718], [-110.7937484, 50.0577397], [-110.7940596, 50.0578223], [-110.7942634, 50.0579532], [-110.7943492, 50.0580496], [-110.7944565, 50.0581048], [-110.7947569, 50.0580979], [-110.7951003, 50.0580428], [-110.7954114, 50.0580979], [-110.7957547, 50.0582218], [-110.7960766, 50.0583252], [-110.7963341, 50.0584629], [-110.796892, 50.0588142], [-110.7973, 50.058958], [-110.7976001, 50.0589589], [-110.7977825, 50.0589244], [-110.7981365, 50.0589175], [-110.7982975, 50.0589589], [-110.7984691, 50.0591104], [-110.7988554, 50.0593033], [-110.799313, 50.059653], [-110.7995205, 50.059813], [-110.799778, 50.0599438], [-110.7999068, 50.0600334], [-110.7999068, 50.0601049], [-110.7999068, 50.0601573], [-110.7998102, 50.0603226], [-110.7997244, 50.0605224], [-110.7995635, 50.0608323], [-110.7993289, 50.061017], [-110.7993176, 50.061131], [-110.7993495, 50.0612408], [-110.7993523, 50.0613501], [-110.7992949, 50.0614279], [-110.7991956, 50.0615333], [-110.7990954, 50.0616249], [-110.7990615, 50.0617008], [-110.7990595, 50.0618149], [-110.7990235, 50.061893], [-110.7989564, 50.0619678], [-110.798807, 50.0620772], [-110.7986369, 50.062188], [-110.7981654, 50.0625001], [-110.7981408, 50.0626036], [-110.7980225, 50.0627047], [-110.7979196, 50.0627521], [-110.7978024, 50.062783], [-110.7976893, 50.0627925], [-110.7975568, 50.062793], [-110.7974353, 50.062812], [-110.797335, 50.0628436], [-110.7972486, 50.0628789], [-110.7971694, 50.0629142], [-110.7970557, 50.0629383], [-110.7969425, 50.0629466], [-110.7968229, 50.062941], [-110.7968157, 50.0629416], [-110.7967176, 50.0629491], [-110.7966614, 50.0629719], [-110.796528, 50.0630362], [-110.7964444, 50.0630586], [-110.7963642, 50.0630715], [-110.7962849, 50.0630719], [-110.796208, 50.0630724], [-110.7961209, 50.0630825], [-110.7960567, 50.0630962], [-110.7959663, 50.0631254], [-110.7958989, 50.0631525], [-110.795848, 50.063187], [-110.7958085, 50.0632172], [-110.7957555, 50.0632579], [-110.7957051, 50.0632849], [-110.7956552, 50.0633096], [-110.7955967, 50.0633292], [-110.7955203, 50.0633468], [-110.7954648, 50.0633588], [-110.7953961, 50.0633821], [-110.7953, 50.0634266], [-110.7952169, 50.0634949], [-110.7951734, 50.0635532], [-110.7951507, 50.0635964], [-110.795132, 50.0636237], [-110.7950996, 50.0636583], [-110.7950546, 50.0636971], [-110.7950102, 50.0637253], [-110.7949313, 50.063764], [-110.7948792, 50.0637829], [-110.7948117, 50.0638161], [-110.7947379, 50.0638711], [-110.794709, 50.0639031], [-110.7946792, 50.063945], [-110.7946558, 50.0639761], [-110.7946253, 50.0639983], [-110.7945913, 50.0640112], [-110.7945637, 50.0640202], [-110.7945266, 50.0640322]]}}, {"type": "Feature", "properties": {"name": "Path 461263228", "difficulty": "intermediate", "area": "Medicine Hat", "osm_id": 461263228, "highway": "path"}, "geometry": {"type": "LineString", "coordinates": [[-110.6516523, 50.0376161], [-110.6517437, 50.0376496], [-110.6517835, 50.0376689], [-110.6518159, 50.0376837], [-110.6518559, 50.0377065], [-110.6518852, 50.0377312], [-110.6519176, 50.0377689], [-110.6519389, 50.0378011], [-110.651944, 50.0378328], [-110.6519202, 50.0378829], [-110.6518665, 50.0379815], [-110.6518268, 50.0380632], [-110.6517852, 50.0381151], [-110.651618, 50.0383686], [-110.6512837, 50.0382931], [-110.6508168, 50.0381798], [-110.6508823, 50.0380617], [-110.6506096, 50.0380043], [-110.6505218, 50.0379835], [-110.6504417, 50.0379548], [-110.650357, 50.0379192], [-110.6503185, 50.037908]]}}, {"type": "Feature", "properties": {"name": "Path 461264872", "difficulty": "intermediate", "area": "Medicine Hat", "osm_id": 461264872, "highway": "path"}, "geometry": {"type": "LineString", "coordinates": [[-110.6979597, 50.0517472], [-110.6980804, 50.0517071], [-110.6985568, 50.0515486], [-110.69915, 50.0513512], [-110.6997093, 50.0511652]]}}, {"type": "Feature", "properties": {"name": "Path 461266928", "difficulty": "intermediate", "area": "Medicine Hat", "osm_id": 461266928, "highway": "cycleway"}, "geometry": {"type": "LineString", "coordinates": [[-110.655024, 50.0285259], [-110.6550732, 50.0285253], [-110.6550977, 50.028521], [-110.6551266, 50.0285067], [-110.6551821, 50.0284696], [-110.6552487, 50.0284397], [-110.6553386, 50.0284052], [-110.6553194, 50.0283727], [-110.6552823, 50.0283443], [-110.6552402, 50.028338], [-110.6550982, 50.0283351], [-110.6549668, 50.0283294], [-110.6548273, 50.0283109], [-110.6545963, 50.0282558], [-110.65445, 50.0282218], [-110.6542751, 50.0281878], [-110.6542581, 50.0281844], [-110.6540556, 50.0281435], [-110.653767, 50.0281069], [-110.6535257, 50.0280995], [-110.653468, 50.0281164], [-110.6534276, 50.0281408], [-110.6534, 50.0281995]]}}, {"type": "Feature", "properties": {"name": "Path 461266930", "difficulty": "intermediate", "area": "Medicine Hat", "osm_id": 461266930, "highway": "cycleway"}, "geometry": {"type": "LineString", "coordinates": [[-110.6563138, 50.0280299], [-110.6562376, 50.0279983], [-110.6561767, 50.0279878], [-110.65564, 50.0280949], [-110.6554397, 50.0281438], [-110.6553674, 50.0281634], [-110.6553129, 50.0281858], [-110.6552609, 50.0282121], [-110.6552223, 50.0282383], [-110.6550982, 50.0283351]]}}, {"type": "Feature", "properties": {"name": "Path 461266931", "difficulty": "intermediate", "area": "Medicine Hat", "osm_id": 461266931, "highway": "cycleway"}, "geometry": {"type": "LineString", "coordinates": [[-110.65564, 50.0280949], [-110.6555262, 50.0279957], [-110.6553875, 50.0279201], [-110.6553234, 50.0278807], [-110.6552571, 50.0278585], [-110.6551693, 50.0278406], [-110.6550815, 50.0278399], [-110.6548137, 50.0278625], [-110.6546946, 50.0278617], [-110.6546193, 50.027852], [-110.6545708, 50.0278337], [-110.6545108, 50.0278085], [-110.6544554, 50.027799], [-110.6542252, 50.0278128], [-110.6540082, 50.0278344], [-110.6539391, 50.0278468], [-110.6538741, 50.0278678], [-110.6537602, 50.0279201], [-110.6537046, 50.0279416], [-110.653549, 50.0279888], [-110.6535273, 50.0280176], [-110.6535224, 50.0280533], [-110.6535257, 50.0280995]]}}, {"type": "Feature", "properties": {"name": "Path 461266932", "difficulty": "intermediate", "area": "Medicine Hat", "osm_id": 461266932, "highway": "cycleway"}, "geometry": {"type": "LineString", "coordinates": [[-110.6553875, 50.0279201], [-110.6552319, 50.0279828], [-110.6551679, 50.0280006], [-110.6547375, 50.0280583], [-110.6545722, 50.0280664], [-110.6545159, 50.0280752], [-110.6544755, 50.0280909], [-110.654424, 50.0281167], [-110.6543915, 50.0281281], [-110.6543183, 50.0281238], [-110.6542686, 50.0280896], [-110.6542344, 50.0280553], [-110.6542293, 50.0280192], [-110.6542252, 50.0278128]]}}, {"type": "Feature", "properties": {"name": "Path 461266933", "difficulty": "intermediate", "area": "Medicine Hat", "osm_id": 461266933, "highway": "cycleway"}, "geometry": {"type": "LineString", "coordinates": [[-110.6543183, 50.0281238], [-110.6542895, 50.0281537], [-110.6542581, 50.0281844]]}}, {"type": "Feature", "properties": {"name": "Path 474803460", "difficulty": "intermediate", "area": "Medicine Hat", "osm_id": 474803460, "highway": "cycleway"}, "geometry": {"type": "LineString", "coordinates": [[-110.6709857, 50.0286117], [-110.6708885, 50.0286132], [-110.6708538, 50.0286137]]}}, {"type": "Feature", "properties": {"name": "Path 474803461", "difficulty": "intermediate", "area": "Medicine Hat", "osm_id": 474803461, "highway": "path"}, "geometry": {"type": "LineString", "coordinates": [[-110.6705594, 50.0280437], [-110.6705056, 50.027851], [-110.6703389, 50.0276145], [-110.67022, 50.0274919], [-110.6701488, 50.0273524], [-110.6699503, 50.0271054], [-110.6698804, 50.0268889]]}}, {"type": "Feature", "properties": {"name": "Path 474803465", "difficulty": "intermediate", "area": "Medicine Hat", "osm_id": 474803465, "highway": "track"}, "geometry": {"type": "LineString", "coordinates": [[-110.6703232, 50.0292789], [-110.6703564, 50.0296475], [-110.670317, 50.0296914], [-110.6702559, 50.0297066], [-110.669226, 50.0297223], [-110.6691119, 50.0297221]]}}, {"type": "Feature", "properties": {"name": "Path 478868152", "difficulty": "intermediate", "area": "Medicine Hat", "osm_id": 478868152, "highway": "path"}, "geometry": {"type": "LineString", "coordinates": [[-110.6910301, 50.0153355], [-110.6911761, 50.0152195], [-110.6914911, 50.0152218]]}}, {"type": "Feature", "properties": {"name": "Path 478875575", "difficulty": "intermediate", "area": "Medicine Hat", "osm_id": 478875575, "highway": "path"}, "geometry": {"type": "LineString", "coordinates": [[-110.6473532, 50.0463169], [-110.6473649, 50.0463571], [-110.6474999, 50.0465725], [-110.6472721, 50.0466685], [-110.6472095, 50.0467548], [-110.6470849, 50.0468341], [-110.6470964, 50.0469821], [-110.6471448, 50.0471123], [-110.6471176, 50.0472225], [-110.6471998, 50.0473322], [-110.6472202, 50.0474268], [-110.64739, 50.0475259], [-110.6474303, 50.0475734], [-110.6473333, 50.0478104], [-110.6473103, 50.0480592], [-110.6471709, 50.0481634], [-110.6469699, 50.0482082], [-110.6468447, 50.0481873], [-110.6466135, 50.048084], [-110.6460663, 50.047871], [-110.6461093, 50.0476628], [-110.6460893, 50.0475761], [-110.6460015, 50.047517]]}}, {"type": "Feature", "properties": {"name": "Path 478875578", "difficulty": "intermediate", "area": "Medicine Hat", "osm_id": 478875578, "highway": "path"}, "geometry": {"type": "LineString", "coordinates": [[-110.6477543, 50.0439289], [-110.6475374, 50.043771]]}}, {"type": "Feature", "properties": {"name": "Path 478875579", "difficulty": "intermediate", "area": "Medicine Hat", "osm_id": 478875579, "highway": "path"}, "geometry": {"type": "LineString", "coordinates": [[-110.6461107, 50.0458568], [-110.6459611, 50.0457429], [-110.645776, 50.0453624], [-110.6456581, 50.0452397], [-110.6450727, 50.0450804], [-110.6449507, 50.0449864], [-110.6449354, 50.0445813], [-110.6448654, 50.0442163], [-110.6447271, 50.0440204], [-110.6443206, 50.0436654], [-110.6442962, 50.0433964], [-110.6442653, 50.0431713]]}}, {"type": "Feature", "properties": {"name": "Path 478875580", "difficulty": "intermediate", "area": "Medicine Hat", "osm_id": 478875580, "highway": "path"}, "geometry": {"type": "LineString", "coordinates": [[-110.6438328, 50.0430412], [-110.643914, 50.0427803], [-110.6440441, 50.0426132], [-110.6444547, 50.0424748], [-110.6445889, 50.0423364], [-110.6447109, 50.0420962], [-110.644719, 50.0419291], [-110.6441539, 50.0411798], [-110.6437677, 50.0409291], [-110.6431888, 50.0406539], [-110.6429465, 50.0405348], [-110.6426293, 50.0403808], [-110.6425846, 50.0402398], [-110.6426009, 50.0399735], [-110.6428825, 50.0396091]]}}, {"type": "Feature", "properties": {"name": "Path 478875581", "difficulty": "intermediate", "area": "Medicine Hat", "osm_id": 478875581, "highway": "path"}, "geometry": {"type": "LineString", "coordinates": [[-110.6425846, 50.0402398], [-110.6423732, 50.0402868], [-110.6421496, 50.0403938], [-110.6418488, 50.0404774], [-110.6415773, 50.0405067], [-110.6411089, 50.0406027], [-110.6407755, 50.0406393], [-110.640495, 50.0409082], [-110.6402104, 50.041386], [-110.6398811, 50.0416445], [-110.6398038, 50.0419082], [-110.639873, 50.0420727], [-110.6398242, 50.0423416], [-110.6399014, 50.0426367], [-110.6401616, 50.0427724], [-110.64044, 50.0428583]]}}, {"type": "Feature", "properties": {"name": "Path 478875582", "difficulty": "intermediate", "area": "Medicine Hat", "osm_id": 478875582, "highway": "path"}, "geometry": {"type": "LineString", "coordinates": [[-110.644719, 50.0419291], [-110.6449629, 50.0420257], [-110.6451418, 50.0420623], [-110.6455321, 50.0420153], [-110.6461948, 50.0421119], [-110.6467192, 50.0418638], [-110.6471054, 50.0417333], [-110.6476746, 50.0416315], [-110.647638, 50.0414435], [-110.6477118, 50.0412627], [-110.6477291, 50.04122], [-110.647825, 50.0410231], [-110.6478982, 50.0408247], [-110.6482263, 50.040578]]}}, {"type": "Feature", "properties": {"name": "Path 478875583", "difficulty": "intermediate", "area": "Medicine Hat", "osm_id": 478875583, "highway": "path"}, "geometry": {"type": "LineString", "coordinates": [[-110.6476746, 50.0416315], [-110.6476461, 50.0418064], [-110.6476909, 50.0419369], [-110.6478453, 50.0420048], [-110.6481381, 50.0420231], [-110.6486097, 50.0419787], [-110.6487845, 50.0419291], [-110.649004, 50.0420466], [-110.6489349, 50.0421745], [-110.648882, 50.0422894], [-110.6489959, 50.0423625], [-110.6492764, 50.0424696], [-110.6495366, 50.0428899], [-110.6497052, 50.0433614]]}}, {"type": "Feature", "properties": {"name": "Path 478875584", "difficulty": "intermediate", "area": "Medicine Hat", "osm_id": 478875584, "highway": "path"}, "geometry": {"type": "LineString", "coordinates": [[-110.6495755, 50.0434411], [-110.6492928, 50.0437196]]}}, {"type": "Feature", "properties": {"name": "Sunrise Rotary Trail", "difficulty": "intermediate", "area": "Medicine Hat", "osm_id": 490969805, "highway": "cycleway"}, "geometry": {"type": "LineString", "coordinates": [[-110.6873362, 50.0204932], [-110.6873693, 50.0204747], [-110.6880103, 50.0197687], [-110.6880502, 50.0197184], [-110.6880645, 50.0196656], [-110.6880902, 50.0196232], [-110.6884803, 50.0192448], [-110.6890344, 50.0187778], [-110.6892387, 50.0186605], [-110.6900705, 50.0182416], [-110.6901456, 50.018185], [-110.6901697, 50.0181353], [-110.6901952, 50.0176418], [-110.6901912, 50.0175793], [-110.690161, 50.0175225], [-110.6898078, 50.0172174], [-110.6897641, 50.0171916], [-110.689676, 50.0171632], [-110.6896155, 50.0171377], [-110.6895189, 50.0170769], [-110.6894486, 50.0170105], [-110.6890195, 50.0166193], [-110.6888905, 50.0165337], [-110.6886567, 50.0163807], [-110.6885914, 50.0163198], [-110.6885698, 50.0162701], [-110.6885441, 50.0162101], [-110.6885015, 50.0161659], [-110.688355, 50.0160691], [-110.687746, 50.015626], [-110.687456, 50.015433], [-110.687276, 50.01535], [-110.68704, 50.015276], [-110.6868848, 50.0152255], [-110.6868266, 50.0150442], [-110.6865456, 50.0149217], [-110.686453, 50.01484], [-110.6863482, 50.0147249], [-110.686208, 50.014675], [-110.6859332, 50.0146017], [-110.6857962, 50.0145339], [-110.6855077, 50.0143141], [-110.6854216, 50.014256], [-110.6853524, 50.0142288], [-110.6848882, 50.0141158], [-110.6847686, 50.0140724], [-110.6846453, 50.0140216], [-110.6844439, 50.0139081], [-110.6843889, 50.0138847], [-110.6843169, 50.0138674], [-110.6842188, 50.0138611], [-110.6840156, 50.0138558], [-110.682861, 50.013838], [-110.6826904, 50.0138438], [-110.6825386, 50.0138569], [-110.6823293, 50.0138846], [-110.6821558, 50.0139219], [-110.6819272, 50.0139873], [-110.6818833, 50.0139932], [-110.6818191, 50.0139824]]}}, {"type": "Feature", "properties": {"name": "Path 499097801", "difficulty": "intermediate", "area": "Medicine Hat", "osm_id": 499097801, "highway": "track"}, "geometry": {"type": "LineString", "coordinates": [[-110.7094686, 49.931303], [-110.7092325, 49.9315591], [-110.709144, 49.9330715], [-110.7090421, 49.9332286], [-110.7078134, 49.934052], [-110.70754, 49.9342352]]}}, {"type": "Feature", "properties": {"name": "Path 499097804", "difficulty": "intermediate", "area": "Medicine Hat", "osm_id": 499097804, "highway": "track"}, "geometry": {"type": "LineString", "coordinates": [[-110.7165429, 49.9239893], [-110.7104274, 49.9239203], [-110.7100305, 49.9239064], [-110.709773, 49.92401], [-110.7098266, 49.9248458], [-110.7097274, 49.9312241], [-110.7098762, 49.9313053]]}}, {"type": "Feature", "properties": {"name": "Path 500176937", "difficulty": "intermediate", "area": "Medicine Hat", "osm_id": 500176937, "highway": "track"}, "geometry": {"type": "LineString", "coordinates": [[-110.7165337, 50.0300277], [-110.717137, 50.0300342], [-110.7180456, 50.0300356], [-110.7191003, 50.029998], [-110.7195236, 50.0299796], [-110.7198956, 50.029944]]}}, {"type": "Feature", "properties": {"name": "Path 500176939", "difficulty": "intermediate", "area": "Medicine Hat", "osm_id": 500176939, "highway": "path"}, "geometry": {"type": "LineString", "coordinates": [[-110.7209577, 50.0354631], [-110.7209233, 50.0350572], [-110.7209983, 50.0348868], [-110.7210628, 50.0347402], [-110.7212023, 50.0343749], [-110.7211486, 50.0340373], [-110.7211808, 50.033803], [-110.7207219, 50.0334714]]}}, {"type": "Feature", "properties": {"name": "Path 500179794", "difficulty": "intermediate", "area": "Medicine Hat", "osm_id": 500179794, "highway": "track"}, "geometry": {"type": "LineString", "coordinates": [[-110.7212304, 50.0368383], [-110.7212452, 50.0366284], [-110.7213768, 50.0364098], [-110.7214094, 50.0363565], [-110.721327, 50.0358154], [-110.7211601, 50.0356279], [-110.7209577, 50.0354631], [-110.7202603, 50.0354562], [-110.7196573, 50.035257], [-110.7191316, 50.0350227], [-110.7181682, 50.0348635], [-110.7177068, 50.0344225], [-110.7175958, 50.0342492], [-110.7174232, 50.0339773], [-110.7172584, 50.033848], [-110.717023, 50.0333894], [-110.7168922, 50.0331711], [-110.7163375, 50.0326115], [-110.7163838, 50.0319131], [-110.7163011, 50.0315846], [-110.7161595, 50.0313318], [-110.7160798, 50.0312905], [-110.7159668, 50.0310534], [-110.7158273, 50.0305297], [-110.7158345, 50.0304926], [-110.7158702, 50.0303091], [-110.7165337, 50.0300277]]}}, {"type": "Feature", "properties": {"name": "Path 510274849", "difficulty": "intermediate", "area": "Medicine Hat", "osm_id": 510274849, "highway": "path"}, "geometry": {"type": "LineString", "coordinates": [[-110.6428825, 50.0396091], [-110.6427561, 50.0395685], [-110.6423482, 50.0393379], [-110.6422176, 50.0392855], [-110.6420708, 50.0392855], [-110.6418423, 50.0393693], [-110.6415975, 50.0394637], [-110.641467, 50.0395265], [-110.6414344, 50.0396942], [-110.6414017, 50.0399353], [-110.6414017, 50.0401344], [-110.6415649, 50.0403231], [-110.6415975, 50.0404384], [-110.6415773, 50.0405067], [-110.6415323, 50.0406584], [-110.6411896, 50.0410148], [-110.6409285, 50.0414025], [-110.6406837, 50.0416121], [-110.6405532, 50.0417484], [-110.6404226, 50.0422305], [-110.64039, 50.0426077], [-110.6404226, 50.0428173], [-110.64044, 50.0428583], [-110.6404716, 50.0429326], [-110.6406021, 50.0430584], [-110.6409774, 50.0431946], [-110.6411569, 50.043268], [-110.641467, 50.0434461], [-110.6417281, 50.0434776], [-110.6419239, 50.0434671], [-110.6421197, 50.0433937], [-110.6422829, 50.0432261], [-110.6426256, 50.0430793], [-110.6431641, 50.0430165], [-110.6435721, 50.0429955], [-110.6438328, 50.0430412], [-110.6439311, 50.0430584], [-110.6441432, 50.0431003], [-110.6442653, 50.0431713], [-110.6444859, 50.0432994], [-110.6449591, 50.0433833], [-110.6451549, 50.0433937], [-110.6453018, 50.0433937], [-110.6457424, 50.0434461], [-110.6461667, 50.0435404], [-110.6466562, 50.0435824], [-110.6471621, 50.0436557], [-110.6475374, 50.043771], [-110.6478801, 50.0438653], [-110.6480922, 50.0438444], [-110.6482228, 50.04375], [-110.6483952, 50.0436689], [-110.6484917, 50.0434716], [-110.6485914, 50.0434218], [-110.6487336, 50.0434047], [-110.648862, 50.0434685], [-110.6490763, 50.0433258], [-110.6492431, 50.0432662], [-110.6495755, 50.0434411], [-110.6497052, 50.0433614], [-110.649944, 50.0432928], [-110.6501941, 50.0431314], [-110.6505039, 50.0430575], [-110.6506911, 50.0429304], [-110.6508406, 50.0428908]]}}, {"type": "Feature", "properties": {"name": "Path 510274850", "difficulty": "intermediate", "area": "Medicine Hat", "osm_id": 510274850, "highway": "path"}, "geometry": {"type": "LineString", "coordinates": [[-110.6998837, 50.042658], [-110.699443, 50.042587], [-110.699207, 50.042513], [-110.699045, 50.042486], [-110.6985, 50.042435], [-110.69808, 50.042351], [-110.697325, 50.042293], [-110.69702, 50.042235], [-110.696799, 50.042219], [-110.696643, 50.042191], [-110.6965, 50.042127], [-110.696389, 50.0421], [-110.695959, 50.042102], [-110.695591, 50.042061], [-110.695148, 50.04204], [-110.695013, 50.042024], [-110.694704, 50.041945], [-110.694388, 50.041888], [-110.694073, 50.041877], [-110.693518, 50.04192], [-110.693384, 50.041909], [-110.692993, 50.041778], [-110.692829, 50.041739], [-110.692366, 50.04168], [-110.692201, 50.041672], [-110.692024, 50.041693], [-110.691712, 50.041765], [-110.691591, 50.041776], [-110.690795, 50.041778], [-110.690461, 50.041739], [-110.690162, 50.041665], [-110.689981, 50.041659], [-110.689399, 50.041672], [-110.689279, 50.041685], [-110.688856, 50.041807], [-110.688542, 50.041819], [-110.688033, 50.041892], [-110.687577, 50.04189], [-110.687458, 50.04191], [-110.687378, 50.0419208], [-110.6871362, 50.0419518], [-110.6869385, 50.0419839], [-110.6865259, 50.0420419], [-110.6864552, 50.0420419], [-110.686421, 50.0420372], [-110.6863246, 50.0420215], [-110.6862159, 50.041991], [-110.6861476, 50.0419698], [-110.6860988, 50.0419612], [-110.6860744, 50.0419612], [-110.6860475, 50.0419627], [-110.6860109, 50.0419706], [-110.6859682, 50.0419823], [-110.6859267, 50.0419902], [-110.6857961, 50.0420066], [-110.6857558, 50.0420066], [-110.6857314, 50.0420027], [-110.6857046, 50.0419917], [-110.6856777, 50.0419847], [-110.6856387, 50.0419815], [-110.6854922, 50.0420011], [-110.6854519, 50.0420192], [-110.6853946, 50.042049], [-110.6853567, 50.042078], [-110.6853116, 50.0421218], [-110.6852884, 50.0421524], [-110.6852738, 50.0421665], [-110.6852445, 50.0421806], [-110.6852176, 50.0421908], [-110.6851847, 50.0422002], [-110.6848466, 50.0422543], [-110.6847746, 50.0422621], [-110.6846672, 50.0422637], [-110.6846123, 50.0422621], [-110.6845708, 50.0422669], [-110.6845476, 50.0422763], [-110.6845256, 50.0422927], [-110.6845036, 50.0423053], [-110.6844744, 50.0423147], [-110.6844548, 50.042317], [-110.6844414, 50.042317], [-110.6844145, 50.04231], [-110.6843962, 50.0423045], [-110.6843621, 50.0422974], [-110.6843194, 50.0422935], [-110.6842705, 50.0422943], [-110.6842156, 50.0422974], [-110.6841839, 50.0423021], [-110.6841399, 50.0423115], [-110.6840875, 50.042339], [-110.6840533, 50.0423601], [-110.6840203, 50.0423758], [-110.6839959, 50.0423876], [-110.6839788, 50.042397], [-110.6839691, 50.0424079], [-110.6839605, 50.0424299], [-110.683952, 50.0424518], [-110.6839215, 50.0425122], [-110.6839007, 50.0425412], [-110.683872, 50.0425655], [-110.683829, 50.0425911], [-110.6837963, 50.0425989], [-110.6837565, 50.0426042], [-110.6837023, 50.0426068], [-110.6836359, 50.0426068], [-110.6835878, 50.0426075], [-110.6835347, 50.0426134], [-110.6834744, 50.0426239], [-110.6834335, 50.042635], [-110.6833896, 50.0426508], [-110.6833497, 50.0426692], [-110.683316, 50.0426816], [-110.6832807, 50.0426961]]}}, {"type": "Feature", "properties": {"name": "Path 510274851", "difficulty": "intermediate", "area": "Medicine Hat", "osm_id": 510274851, "highway": "cycleway"}, "geometry": {"type": "LineString", "coordinates": [[-110.717262, 50.0400418], [-110.717432, 50.0398526], [-110.7176086, 50.0396268], [-110.7176995, 50.03945], [-110.7178178, 50.0391826], [-110.7178214, 50.0390631], [-110.717799, 50.038983], [-110.717702, 50.038919], [-110.717549, 50.03886], [-110.7172658, 50.0387948], [-110.717098, 50.03875], [-110.7170187, 50.0387073], [-110.7169638, 50.0386331], [-110.7169443, 50.038551], [-110.7169869, 50.0384137], [-110.7172745, 50.0380346], [-110.717436, 50.0378933], [-110.7177786, 50.0377159], [-110.7179237, 50.0376116], [-110.7180211, 50.0374824], [-110.7180575, 50.0373743], [-110.718068, 50.0370554], [-110.718059, 50.0368903]]}}, {"type": "Feature", "properties": {"name": "Path 510274852", "difficulty": "intermediate", "area": "Medicine Hat", "osm_id": 510274852, "highway": "path"}, "geometry": {"type": "LineString", "coordinates": [[-110.7512782, 50.0370245], [-110.750477, 50.036842], [-110.750343, 50.036781], [-110.750232, 50.036693], [-110.750167, 50.036606], [-110.750098, 50.036517], [-110.750007, 50.036468], [-110.749518, 50.036404], [-110.749131, 50.036331], [-110.749021, 50.036297], [-110.748883, 50.036198], [-110.748842, 50.036134], [-110.74885, 50.036071], [-110.748916, 50.036018], [-110.749093, 50.035942], [-110.749208, 50.035855], [-110.749242, 50.035789], [-110.749203, 50.035693], [-110.749119, 50.035652], [-110.748997, 50.03564], [-110.748788, 50.035657], [-110.748482, 50.035651], [-110.747632, 50.035476], [-110.747374, 50.035447], [-110.747083, 50.035453], [-110.746881, 50.03543], [-110.7467, 50.035382], [-110.746459, 50.035279], [-110.746246, 50.035215], [-110.746098, 50.035201], [-110.74564, 50.035203], [-110.745288, 50.035254], [-110.744523, 50.035224], [-110.744301, 50.035236], [-110.743706, 50.035327], [-110.743502, 50.035344], [-110.743252, 50.035328], [-110.742861, 50.035271], [-110.74275, 50.035274], [-110.742596, 50.035311], [-110.742366, 50.035396], [-110.742155, 50.035433], [-110.741983, 50.03541], [-110.741777, 50.035284], [-110.741687, 50.035245], [-110.741595, 50.035229], [-110.741143, 50.035182], [-110.74084, 50.035173], [-110.740481, 50.035104], [-110.739355, 50.035062], [-110.739129, 50.035099], [-110.738878, 50.035175], [-110.738446, 50.035244], [-110.738091, 50.03534], [-110.737863, 50.035373], [-110.737518, 50.035499], [-110.737269, 50.035502], [-110.736955, 50.035391], [-110.736826, 50.035357], [-110.73661, 50.035325], [-110.736514, 50.035323], [-110.736254, 50.035353], [-110.736111, 50.035388], [-110.73586, 50.035484], [-110.735587, 50.035619], [-110.735379, 50.035691], [-110.735261, 50.035763], [-110.735118, 50.035882], [-110.734975, 50.035953], [-110.734833, 50.036052], [-110.734689, 50.036205], [-110.734528, 50.036469], [-110.734139, 50.0367], [-110.733888, 50.036776], [-110.7337, 50.036892], [-110.733582, 50.036938], [-110.733217, 50.03705], [-110.732084, 50.037489], [-110.731903, 50.037529], [-110.73174, 50.037518], [-110.731405, 50.037463], [-110.731269, 50.037468], [-110.730907, 50.03752], [-110.730466, 50.037668], [-110.730349, 50.037692], [-110.730166, 50.037701], [-110.730055, 50.037674], [-110.730019, 50.037642], [-110.73001, 50.037445], [-110.729945, 50.037403], [-110.729878, 50.037403], [-110.729807, 50.037443], [-110.729693, 50.037602], [-110.729433, 50.037786], [-110.729293, 50.037834], [-110.728967, 50.037864], [-110.728677, 50.037846], [-110.728303, 50.037854], [-110.728169, 50.037842], [-110.728069, 50.037816], [-110.727553, 50.037561], [-110.727137, 50.037382], [-110.726781, 50.037264], [-110.726261, 50.036947], [-110.726001, 50.036828], [-110.725883, 50.036753], [-110.72556, 50.036496], [-110.725364, 50.036411], [-110.7252608, 50.0363684], [-110.7251359, 50.0363356], [-110.7250569, 50.0363623], [-110.7249886, 50.0364617], [-110.7248885, 50.036505], [-110.7247857, 50.0365188], [-110.7246997, 50.0364961], [-110.7245871, 50.0364358], [-110.724474, 50.036433], [-110.7239729, 50.0365017], [-110.723841, 50.0365001]]}}, {"type": "Feature", "properties": {"name": "Smithers Trail", "difficulty": "easy", "area": "Medicine Hat", "osm_id": 510274853, "highway": "path"}, "geometry": {"type": "LineString", "coordinates": [[-110.760456, 50.046617], [-110.760206, 50.0463927], [-110.760015, 50.046254], [-110.759906, 50.046199], [-110.75961, 50.046124], [-110.758929, 50.045818], [-110.758846, 50.045742], [-110.758767, 50.045575], [-110.758648, 50.04549], [-110.758445, 50.04538], [-110.758277, 50.04532], [-110.757978, 50.045259], [-110.757848, 50.045194], [-110.757332, 50.044894], [-110.756858, 50.044579], [-110.75645, 50.044254], [-110.755899, 50.043858], [-110.755523, 50.043611], [-110.755354, 50.04337], [-110.755092, 50.042908], [-110.754854, 50.042662], [-110.754578, 50.042463], [-110.754267, 50.042277], [-110.754118, 50.042212], [-110.753406, 50.042002], [-110.752539, 50.041712], [-110.752339, 50.041632], [-110.752024, 50.041473], [-110.751629, 50.041224], [-110.751425, 50.041014], [-110.750673, 50.040394], [-110.75034, 50.040141], [-110.749395, 50.039582], [-110.748551, 50.039142], [-110.748217, 50.038996], [-110.746917, 50.038513], [-110.745942, 50.038248], [-110.7452447, 50.0380792], [-110.74497, 50.038045], [-110.7446722, 50.0379812], [-110.744449, 50.037956], [-110.74395, 50.037935], [-110.74356, 50.037945], [-110.742541, 50.03804], [-110.7417499, 50.0381655], [-110.7413374, 50.0382691], [-110.7408776, 50.0384567], [-110.7406893, 50.038551], [-110.7402901, 50.0386211], [-110.7398411, 50.0387645], [-110.7391762, 50.0390995], [-110.7386212, 50.0394058], [-110.7382606, 50.0395826], [-110.738009, 50.0396315], [-110.7368674, 50.039633], [-110.7362744, 50.0396501], [-110.7358138, 50.039737], [-110.7355145, 50.0398409], [-110.7347354, 50.0401592], [-110.7341869, 50.0404703], [-110.7334706, 50.040922], [-110.7317926, 50.0419996], [-110.7297013, 50.0433971], [-110.7287945, 50.0439197], [-110.7286125, 50.0440027], [-110.728442, 50.0440711]]}}, {"type": "Feature", "properties": {"name": "The Choker", "difficulty": "intermediate", "area": "Redcliff", "osm_id": 510274854, "highway": "path"}, "geometry": {"type": "LineString", "coordinates": [[-110.7644211, 50.0435213], [-110.7643083, 50.0434831], [-110.7642115, 50.0434442], [-110.7638952, 50.0433077], [-110.7637189, 50.0432122], [-110.763603, 50.0431523], [-110.7634909, 50.0430914], [-110.7634018, 50.0430231], [-110.7633274, 50.0429703], [-110.7632694, 50.0429247], [-110.7632593, 50.0428614], [-110.7632492, 50.0428169], [-110.7631808, 50.042725], [-110.7631423, 50.042667], [-110.7631332, 50.042628], [-110.7631376, 50.0425806], [-110.7631477, 50.0425554], [-110.7631622, 50.0425312], [-110.7631796, 50.0425154], [-110.7631955, 50.0424931], [-110.7632057, 50.0424558]]}}, {"type": "Feature", "properties": {"name": "Path 510274855", "difficulty": "intermediate", "area": "Redcliff", "osm_id": 510274855, "highway": "cycleway"}, "geometry": {"type": "LineString", "coordinates": [[-110.7818246, 50.0496366], [-110.781951, 50.0495853], [-110.7820106, 50.0495625], [-110.7820211, 50.0495554], [-110.7821032, 50.0494997], [-110.7821333, 50.0494799], [-110.7821565, 50.0494647], [-110.7821958, 50.0494468], [-110.782239, 50.049428], [-110.7823004, 50.0494077], [-110.7823177, 50.049402], [-110.7825327, 50.0493531], [-110.7825955, 50.0493299], [-110.7826437, 50.0492911], [-110.7826582, 50.0492632], [-110.7826582, 50.0492245], [-110.7826413, 50.049178], [-110.7825448, 50.0490648], [-110.7824289, 50.0489268], [-110.7823179, 50.0487765], [-110.7822527, 50.048654], [-110.782202, 50.0484789], [-110.7821875, 50.0484339], [-110.782143, 50.0483924], [-110.7821253, 50.0483759], [-110.7820813, 50.0483332], [-110.7815719, 50.0479503], [-110.7815068, 50.0478821], [-110.7814826, 50.0478263], [-110.7814874, 50.0477798], [-110.7815137, 50.047687], [-110.7815255, 50.0476145], [-110.7815192, 50.0475351], [-110.7814305, 50.0472921], [-110.7814141, 50.0472103], [-110.7813878, 50.046962], [-110.7813537, 50.046886], [-110.7812955, 50.0468254], [-110.7811823, 50.0467697], [-110.7809678, 50.0466581], [-110.7808581, 50.0465727], [-110.7807874, 50.0464809], [-110.7807505, 50.0463954], [-110.7806609, 50.0460486], [-110.7805669, 50.0457536], [-110.7805435, 50.0457101], [-110.7805467, 50.0456759], [-110.7805609, 50.0455894], [-110.7805655, 50.0455154], [-110.7805582, 50.0454757], [-110.7805454, 50.0454064], [-110.780528, 50.0453121], [-110.7805248, 50.0452491], [-110.780544, 50.045192], [-110.7805923, 50.0451457], [-110.7806829, 50.0451019], [-110.780776, 50.0450702], [-110.78088, 50.045106], [-110.781024, 50.045176], [-110.781169, 50.045306], [-110.781266, 50.045423], [-110.781429, 50.045699], [-110.7814537, 50.0458102], [-110.7814566, 50.0458896], [-110.7814484, 50.0459547], [-110.7813848, 50.0461415], [-110.7813662, 50.0461705], [-110.7813519, 50.0461931], [-110.7813768, 50.0461904], [-110.7814126, 50.0461795], [-110.781728, 50.046107]]}}, {"type": "Feature", "properties": {"name": "Path 510285800", "difficulty": "intermediate", "area": "Redcliff", "osm_id": 510285800, "highway": "path"}, "geometry": {"type": "LineString", "coordinates": [[-110.7922626, 50.0612082], [-110.792076, 50.0611341], [-110.7918753, 50.0610887], [-110.7916242, 50.0610731]]}}, {"type": "Feature", "properties": {"name": "Death Valley", "difficulty": "easy", "area": "Redcliff", "osm_id": 510285806, "highway": "path"}, "geometry": {"type": "LineString", "coordinates": [[-110.7782362, 50.0626068], [-110.777907, 50.062572], [-110.777535, 50.062539], [-110.776122, 50.062001], [-110.775914, 50.0619], [-110.7758, 50.061752], [-110.775682, 50.06146], [-110.775561, 50.06127], [-110.775527, 50.061166], [-110.7756, 50.060855], [-110.775578, 50.060742], [-110.775199, 50.060159], [-110.775079, 50.059915], [-110.775031, 50.05974], [-110.77493, 50.059508], [-110.774742, 50.059289], [-110.774614, 50.059199], [-110.774519, 50.059165], [-110.774385, 50.059146], [-110.774052, 50.059167], [-110.773841, 50.059233], [-110.773393, 50.05942], [-110.77328, 50.059453], [-110.773106, 50.05947], [-110.772898, 50.059428], [-110.772679, 50.05935], [-110.772456, 50.059232], [-110.771952, 50.059116], [-110.771843, 50.059069], [-110.771717, 50.058954], [-110.771626, 50.058901], [-110.771426, 50.058822], [-110.771182, 50.058667], [-110.770948, 50.058561], [-110.770765, 50.058506], [-110.77066, 50.058494], [-110.770219, 50.058518], [-110.7698461, 50.0585958], [-110.7695699, 50.0585941], [-110.769586, 50.0585579], [-110.769999, 50.0584985], [-110.770051, 50.0584751], [-110.770075, 50.058436], [-110.7700818, 50.0583796], [-110.770109, 50.0583289], [-110.7701717, 50.0583159], [-110.7703018, 50.0583296], [-110.7703571, 50.0583237], [-110.7704198, 50.0583047], [-110.7704319, 50.0582694], [-110.7703581, 50.0582384], [-110.7702565, 50.0582213], [-110.770054, 50.058246], [-110.769912, 50.058237], [-110.7697187, 50.0582135], [-110.769833, 50.058153], [-110.769896, 50.058041], [-110.769962, 50.057852], [-110.769964, 50.057785], [-110.769895, 50.057678], [-110.769787, 50.057574], [-110.769554, 50.057449], [-110.769434, 50.057359], [-110.769328, 50.057188], [-110.769315, 50.056932], [-110.769266, 50.056777], [-110.769269, 50.056664], [-110.769346, 50.056484], [-110.7693863, 50.0564124], [-110.7694238, 50.0563443], [-110.7694437, 50.0562918], [-110.7694702, 50.0562237], [-110.7695298, 50.0560252], [-110.769599, 50.056], [-110.769725, 50.055984], [-110.769795, 50.055998], [-110.769866, 50.056047], [-110.769894, 50.056115], [-110.769855, 50.056392], [-110.769829, 50.056479], [-110.769747, 50.05661], [-110.769744, 50.056678], [-110.7697419, 50.0567216], [-110.7697795, 50.0567499], [-110.7698434, 50.0567215], [-110.769923, 50.056685], [-110.770116, 50.056565], [-110.770299, 50.056498], [-110.770406, 50.056492], [-110.770791, 50.056521], [-110.770883, 50.056501], [-110.77094, 50.056458], [-110.770973, 50.056383], [-110.770958, 50.056338], [-110.770902, 50.056296], [-110.77067, 50.056202], [-110.770421, 50.056013], [-110.77031, 50.055843], [-110.7702437, 50.0557309], [-110.7701782, 50.0557683], [-110.7701054, 50.0558641], [-110.7700435, 50.0558875], [-110.769988, 50.055826], [-110.769952, 50.055755], [-110.769984, 50.055623], [-110.769961, 50.055566], [-110.769822, 50.055527], [-110.76956, 50.055499], [-110.769276, 50.055427], [-110.769139, 50.055373], [-110.768976, 50.055195], [-110.7689301, 50.0551165], [-110.7689228, 50.0550558], [-110.7689446, 50.054974], [-110.7689847, 50.0548992], [-110.7690647, 50.0547707], [-110.768997, 50.054694], [-110.768641, 50.054367], [-110.768007, 50.054049], [-110.76764, 50.054009], [-110.767527, 50.053963], [-110.767436, 50.053866], [-110.767421, 50.053797], [-110.767446, 50.053731], [-110.767503, 50.053663], [-110.7678208, 50.0536137], [-110.767486, 50.05357], [-110.767413, 50.053532], [-110.767271, 50.053509], [-110.766774, 50.053494], [-110.766631, 50.053464], [-110.766498, 50.053417], [-110.766081, 50.053187], [-110.765967, 50.053079], [-110.765938, 50.05302]]}}, {"type": "Feature", "properties": {"name": "Tequila Sunrise", "difficulty": "intermediate", "area": "Redcliff", "osm_id": 510320494, "highway": "path"}, "geometry": {"type": "LineString", "coordinates": [[-110.770295, 50.051289], [-110.770018, 50.051452], [-110.769858, 50.051522], [-110.7696353, 50.0517201], [-110.7696832, 50.0515892], [-110.769725, 50.051467], [-110.769749, 50.051393], [-110.7698091, 50.0512352], [-110.769667, 50.05135], [-110.769614, 50.051378], [-110.769518, 50.051459], [-110.769402, 50.051485], [-110.769247, 50.05148], [-110.769187, 50.051495], [-110.76904, 50.051574], [-110.768902, 50.051589], [-110.768588, 50.051484], [-110.76841, 50.051474], [-110.768301, 50.051485], [-110.768117, 50.051544], [-110.767889, 50.051685], [-110.767738, 50.051821], [-110.767379, 50.052217], [-110.767247, 50.052305], [-110.767035, 50.052388], [-110.766645, 50.052439], [-110.76634, 50.052563], [-110.7662129, 50.0526706], [-110.766117, 50.052763], [-110.7660511, 50.0528246], [-110.7659852, 50.0529092], [-110.765938, 50.05302]]}}, {"type": "Feature", "properties": {"name": "DMZ", "difficulty": "easy", "area": "Redcliff", "osm_id": 510320495, "highway": "path"}, "geometry": {"type": "LineString", "coordinates": [[-110.765699, 50.052238], [-110.765922, 50.052055], [-110.766204, 50.051908], [-110.766364, 50.051786], [-110.76644, 50.051702], [-110.766466, 50.051621], [-110.7664476, 50.0515643], [-110.7663323, 50.0514093], [-110.7663242, 50.0513464], [-110.7664355, 50.0514101], [-110.7665697, 50.0515393], [-110.7666394, 50.051554], [-110.7667024, 50.0515583], [-110.7667829, 50.0515057], [-110.7667909, 50.0514808], [-110.7667829, 50.0514532], [-110.7667494, 50.0514394], [-110.76671, 50.051443], [-110.7666407, 50.0514145], [-110.766615, 50.051372], [-110.7665965, 50.0513352], [-110.76662, 50.051306], [-110.766697, 50.05126], [-110.7668057, 50.051231], [-110.766884, 50.051192], [-110.766923, 50.051158], [-110.767087, 50.050928], [-110.767186, 50.050686], [-110.767236, 50.050222], [-110.767196, 50.050109], [-110.767142, 50.050037], [-110.767044, 50.049964], [-110.76687, 50.049892], [-110.766781, 50.049878], [-110.766688, 50.049883], [-110.766383, 50.049949]]}}, {"type": "Feature", "properties": {"name": "Tequila Sunrise", "difficulty": "easy", "area": "Redcliff", "osm_id": 510320497, "highway": "path"}, "geometry": {"type": "LineString", "coordinates": [[-110.7873326, 50.0558799], [-110.786931, 50.055938], [-110.786614, 50.056037], [-110.786163, 50.056122], [-110.785612, 50.056319], [-110.785211, 50.05643], [-110.784925, 50.056446], [-110.784772, 50.0564112], [-110.7846231, 50.0563889], [-110.7845324, 50.0563644], [-110.784426, 50.0563781], [-110.7842133, 50.0564382], [-110.7840303, 50.0564518], [-110.7838984, 50.0564573], [-110.7838048, 50.0564163], [-110.7836772, 50.0563754], [-110.7835751, 50.0562825], [-110.7834729, 50.0561677], [-110.7831368, 50.0561104], [-110.7829751, 50.0560421], [-110.7828433, 50.0559492], [-110.7825071, 50.05587], [-110.7822147, 50.0558804], [-110.782043, 50.055884], [-110.7818995, 50.0558804], [-110.7817761, 50.0558485], [-110.7816259, 50.0558761], [-110.781359, 50.055788], [-110.781231, 50.055764], [-110.781037, 50.055759], [-110.78085, 50.055726], [-110.780645, 50.055668], [-110.779821, 50.055372], [-110.779158, 50.055226], [-110.778995, 50.055221], [-110.778541, 50.055295], [-110.77839, 50.055301], [-110.778211, 50.055267], [-110.777949, 50.055177], [-110.7775688, 50.0552502], [-110.777974, 50.055004], [-110.777911, 50.054928], [-110.777791, 50.054885], [-110.777699, 50.054869], [-110.777566, 50.054874], [-110.77737, 50.054916], [-110.777277, 50.054921], [-110.777157, 50.054888], [-110.776743, 50.054562], [-110.776477, 50.05431], [-110.776407, 50.0542097], [-110.776301, 50.054195], [-110.776311, 50.054029], [-110.776233, 50.053943], [-110.775975, 50.053843], [-110.775822, 50.053732], [-110.775756, 50.05366], [-110.775718, 50.053558], [-110.77567, 50.053496], [-110.775577, 50.053446], [-110.775368, 50.053397], [-110.775183, 50.053322], [-110.775107, 50.053272], [-110.775066, 50.053213], [-110.7749699, 50.0531326], [-110.7748886, 50.053099], [-110.7747843, 50.0530454], [-110.774502, 50.052971], [-110.774201, 50.052887], [-110.773979, 50.052842], [-110.773505, 50.052654], [-110.7731672, 50.0525735], [-110.772977, 50.05258], [-110.772899, 50.052552], [-110.77278, 50.052454], [-110.7726777, 50.0523669], [-110.7725771, 50.052304], [-110.7725396, 50.0523548], [-110.772562, 50.052433], [-110.7725717, 50.0525589], [-110.772407, 50.05254], [-110.772375, 50.052508], [-110.772252, 50.052427], [-110.772178, 50.052343], [-110.772141, 50.05215], [-110.772055, 50.052034], [-110.771865, 50.051892], [-110.771656, 50.051793], [-110.771394, 50.051624], [-110.771028, 50.0515], [-110.770819, 50.051398], [-110.770673, 50.05135], [-110.770295, 50.051289]]}}, {"type": "Feature", "properties": {"name": "Path 510320498", "difficulty": "intermediate", "area": "Redcliff", "osm_id": 510320498, "highway": "path"}, "geometry": {"type": "LineString", "coordinates": [[-110.7901474, 50.0604452], [-110.7901492, 50.0603904], [-110.7900814, 50.0602583], [-110.7899854, 50.0601145], [-110.7899059, 50.0600178]]}}, {"type": "Feature", "properties": {"name": "Falcon Punch", "difficulty": "intermediate", "area": "Redcliff", "osm_id": 510320500, "highway": "path"}, "geometry": {"type": "LineString", "coordinates": [[-110.790253, 50.0604786], [-110.7904052, 50.060433], [-110.7904784, 50.0603307], [-110.7904796, 50.0602239], [-110.7904334, 50.0600904], [-110.7903378, 50.0597724], [-110.790323, 50.059701], [-110.790107, 50.059547], [-110.790052, 50.059488], [-110.7899841, 50.0593995], [-110.7899297, 50.0591779], [-110.789941, 50.058948], [-110.789964, 50.058809], [-110.7899645, 50.0586931], [-110.789923, 50.058583], [-110.7898742, 50.0585401], [-110.7898998, 50.0584526], [-110.7900153, 50.0583236], [-110.7901175, 50.0582112], [-110.7902661, 50.0580705], [-110.7902534, 50.0578598], [-110.7903373, 50.0578957], [-110.7904683, 50.0579023], [-110.7905135, 50.0579887], [-110.7903414, 50.0581181], [-110.7902638, 50.0581725], [-110.7902125, 50.0582706], [-110.7901333, 50.0583497], [-110.7900514, 50.0584097], [-110.790054, 50.058483], [-110.7901912, 50.0585235], [-110.790374, 50.05855], [-110.790452, 50.058586], [-110.7904809, 50.05862], [-110.790476, 50.058683], [-110.7904379, 50.0587758], [-110.7902904, 50.0589136], [-110.7902569, 50.0589583], [-110.7902703, 50.0589988], [-110.790344, 50.059031], [-110.7904138, 50.0590642], [-110.7904151, 50.0591521], [-110.790627, 50.059178], [-110.790848, 50.059158], [-110.791017, 50.059121], [-110.791132, 50.059116], [-110.7913242, 50.0591464], [-110.791404, 50.059308], [-110.7915, 50.05939], [-110.791736, 50.059499], [-110.791797, 50.059544], [-110.791916, 50.059699], [-110.791983, 50.059748], [-110.792114, 50.059809], [-110.792239, 50.059842], [-110.792463, 50.059873], [-110.792903, 50.060042], [-110.793162, 50.060119], [-110.7933031, 50.0601309], [-110.7933213, 50.0600842], [-110.7932667, 50.0599861], [-110.793318, 50.059936], [-110.7933504, 50.059874], [-110.7934377, 50.0598833], [-110.7935068, 50.0599534], [-110.7935177, 50.0600398], [-110.7935068, 50.0601473], [-110.7935626, 50.0601834], [-110.79365, 50.06007], [-110.793725, 50.059992], [-110.793807, 50.059845], [-110.7945508, 50.0592328]]}}, {"type": "Feature", "properties": {"name": "Path 510320501", "difficulty": "intermediate", "area": "Medicine Hat", "osm_id": 510320501, "highway": "path"}, "geometry": {"type": "LineString", "coordinates": [[-110.6487845, 50.0419291], [-110.648397, 50.041636], [-110.6477291, 50.04122], [-110.647507, 50.040928], [-110.647461, 50.040836], [-110.647435, 50.040523], [-110.647402, 50.04039], [-110.6471997, 50.04024], [-110.6471152, 50.040178], [-110.6470616, 50.0401453], [-110.6469207, 50.0401436], [-110.646656, 50.04015], [-110.646228, 50.040176], [-110.645944, 50.040218], [-110.645611, 50.040234], [-110.645131, 50.040188], [-110.644761, 50.040174], [-110.644543, 50.04019], [-110.643903, 50.040338], [-110.643688, 50.040399], [-110.643501, 50.040476], [-110.6431888, 50.0406539], [-110.642144, 50.041249]]}}, {"type": "Feature", "properties": {"name": "Slow Burn", "difficulty": "easy", "area": "Redcliff", "osm_id": 510530658, "highway": "path"}, "geometry": {"type": "LineString", "coordinates": [[-110.7876473, 50.0560426], [-110.7879522, 50.0560948], [-110.7881047, 50.0561118], [-110.7882107, 50.05616], [-110.7882262, 50.0562678], [-110.7883653, 50.0563416], [-110.788382, 50.056441], [-110.7882107, 50.0565472], [-110.7881444, 50.0566323], [-110.7882814, 50.0566125], [-110.7885266, 50.0564579], [-110.7886591, 50.0564267], [-110.7886547, 50.0564891], [-110.7886066, 50.0565475], [-110.788627, 50.05668], [-110.788725, 50.056808], [-110.78882, 50.056888], [-110.788905, 50.056914], [-110.789041, 50.056917], [-110.7892476, 50.0568967], [-110.789336, 50.056888], [-110.789437, 50.056899], [-110.789484, 50.056921], [-110.789532, 50.05698], [-110.7896, 50.057174], [-110.78964, 50.057232], [-110.789693, 50.057254], [-110.789798, 50.05723], [-110.789865, 50.057138], [-110.789921, 50.056983], [-110.789999, 50.05689], [-110.790065, 50.056849], [-110.790145, 50.056833], [-110.790241, 50.056854], [-110.790397, 50.056931], [-110.790764, 50.057028], [-110.79088, 50.057039], [-110.791151, 50.056976], [-110.791224, 50.056982], [-110.791311, 50.057021], [-110.791475, 50.057187], [-110.791529, 50.057286], [-110.791507, 50.057462], [-110.791519, 50.057522], [-110.79156, 50.05754], [-110.791646, 50.057522], [-110.791712, 50.057484], [-110.791923, 50.057312], [-110.792038, 50.057305], [-110.792219, 50.057378], [-110.7924654, 50.0573567], [-110.7926153, 50.0574221], [-110.7927287, 50.0574589], [-110.7928666, 50.0575205], [-110.7930164, 50.0575551], [-110.7931123, 50.0576244], [-110.793394, 50.0577206], [-110.7934599, 50.0579746], [-110.793352, 50.0580977], [-110.793406, 50.0582208], [-110.793343, 50.058416], [-110.793272, 50.058506], [-110.7931822, 50.0585879], [-110.7931567, 50.0586674], [-110.793348, 50.058578], [-110.793558, 50.058475], [-110.793701, 50.058314], [-110.793857, 50.058217], [-110.794038, 50.058178], [-110.79429, 50.058172], [-110.794393, 50.058188], [-110.794493, 50.05823], [-110.794709, 50.058414], [-110.794795, 50.058525], [-110.794867, 50.058658], [-110.794882, 50.058728], [-110.794874, 50.058879], [-110.794833, 50.058964], [-110.7945508, 50.0592328], [-110.794877, 50.05912], [-110.79497, 50.059079], [-110.79514, 50.058963], [-110.795203, 50.058897], [-110.795285, 50.058753], [-110.795364, 50.058711], [-110.795514, 50.058665], [-110.795804, 50.058523], [-110.795909, 50.058505], [-110.795988, 50.058507], [-110.796081, 50.058533], [-110.796117, 50.058565], [-110.796129, 50.058619], [-110.796056, 50.058727], [-110.795707, 50.058986], [-110.795756, 50.059048], [-110.795934, 50.059068], [-110.796069, 50.059047], [-110.796398, 50.058932], [-110.796513, 50.058911], [-110.796614, 50.05892], [-110.796711, 50.058962], [-110.796757, 50.059003], [-110.796793, 50.05907], [-110.796808, 50.059187], [-110.79679, 50.059293], [-110.796724, 50.059456], [-110.7970918, 50.0595041], [-110.797174, 50.059515], [-110.797323, 50.059504], [-110.797389, 50.059457], [-110.797431, 50.059392], [-110.7975655, 50.0591251], [-110.7977394, 50.0590289], [-110.7978892, 50.0590404], [-110.798039, 50.0590828], [-110.798154, 50.059212], [-110.798187, 50.059333], [-110.798056, 50.059604], [-110.798165, 50.059597], [-110.798674, 50.059631], [-110.7992857, 50.0597638], [-110.7999068, 50.0601049], [-110.8005207, 50.0603377]]}}, {"type": "Feature", "properties": {"name": "Moose Knuckle", "difficulty": "intermediate", "area": "Redcliff", "osm_id": 510557773, "highway": "path"}, "geometry": {"type": "LineString", "coordinates": [[-110.796724, 50.059456], [-110.796704, 50.059506], [-110.796533, 50.059833], [-110.796523, 50.0599], [-110.796561, 50.059956], [-110.796664, 50.059989], [-110.7967473, 50.0599997], [-110.796871, 50.0598829], [-110.7969624, 50.0599504], [-110.797037, 50.059986], [-110.797103, 50.060091], [-110.797073, 50.060202], [-110.797004, 50.060298], [-110.7969341, 50.0603668], [-110.7969394, 50.0604158], [-110.7970159, 50.0604348], [-110.7971138, 50.0604012], [-110.797187, 50.06034], [-110.797442, 50.060149], [-110.797557, 50.060084], [-110.797652, 50.06001], [-110.79781, 50.059753], [-110.797926, 50.059647], [-110.798056, 50.059604]]}}, {"type": "Feature", "properties": {"name": "Path 510557775", "difficulty": "intermediate", "area": "Redcliff", "osm_id": 510557775, "highway": "cycleway"}, "geometry": {"type": "LineString", "coordinates": [[-110.7760156, 50.0479054], [-110.7758092, 50.0476413], [-110.7757686, 50.0475632], [-110.7757579, 50.0474802], [-110.7757646, 50.0474415], [-110.7757791, 50.0474013], [-110.7758392, 50.047331]]}}, {"type": "Feature", "properties": {"name": "Path 510557776", "difficulty": "intermediate", "area": "Medicine Hat", "osm_id": 510557776, "highway": "path"}, "geometry": {"type": "LineString", "coordinates": [[-110.7600983, 50.0418178], [-110.7599175, 50.0417793], [-110.7598657, 50.0417507], [-110.7597806, 50.0417234], [-110.7597325, 50.0416985], [-110.759653, 50.0416676], [-110.759557, 50.0416006], [-110.7594797, 50.0415623], [-110.759415, 50.041509], [-110.759184, 50.041317], [-110.759076, 50.041267], [-110.758856, 50.041222], [-110.758787, 50.041172], [-110.758593, 50.040782], [-110.758381, 50.040511], [-110.758189, 50.040358], [-110.757975, 50.040139], [-110.757919, 50.040059], [-110.757919, 50.039946], [-110.758065, 50.039639], [-110.758113, 50.039354], [-110.758103, 50.039275], [-110.758025, 50.039182], [-110.757942, 50.039135], [-110.757829, 50.039102], [-110.757717, 50.039096], [-110.757594, 50.039126], [-110.757536, 50.03917], [-110.757379, 50.039629], [-110.757324, 50.039871], [-110.757278, 50.03991], [-110.757213, 50.039926], [-110.757127, 50.039904], [-110.756965, 50.039714], [-110.756843, 50.039642], [-110.756375, 50.039435], [-110.755876, 50.039238], [-110.755802, 50.039186], [-110.755741, 50.039088], [-110.755711, 50.038973], [-110.755656, 50.038882], [-110.75553, 50.038803], [-110.755273, 50.038697], [-110.755056, 50.038637], [-110.754893, 50.038623], [-110.754714, 50.038637], [-110.75451, 50.038619], [-110.75421, 50.038526], [-110.753717, 50.03825], [-110.753271, 50.038066], [-110.752987, 50.037863], [-110.752449, 50.037566], [-110.751778, 50.037283], [-110.7512782, 50.0370245]]}}, {"type": "Feature", "properties": {"name": "Path 510833462", "difficulty": "intermediate", "area": "Redcliff", "osm_id": 510833462, "highway": "cycleway"}, "geometry": {"type": "LineString", "coordinates": [[-110.7878332, 50.0525059], [-110.7878099, 50.052548], [-110.7877711, 50.052582], [-110.7877103, 50.0526191], [-110.7876006, 50.0526419], [-110.7875078, 50.0526568], [-110.787426, 50.0526583], [-110.78731, 50.0526332], [-110.7871757, 50.052594], [-110.7870707, 50.0525776], [-110.7869448, 50.0525651], [-110.786741, 50.0525313], [-110.7866238, 50.0525039], [-110.7864639, 50.0524467], [-110.7863564, 50.0523957], [-110.7861965, 50.0523228], [-110.7860927, 50.0522813], [-110.785946, 50.0521947]]}}, {"type": "Feature", "properties": {"name": "Sunrise Rotary Trail", "difficulty": "intermediate", "area": "Medicine Hat", "osm_id": 510833472, "highway": "cycleway"}, "geometry": {"type": "LineString", "coordinates": [[-110.6873362, 50.0204932], [-110.6872898, 50.0204991], [-110.6855271, 50.0204862], [-110.6849557, 50.0204831], [-110.6846854, 50.0204927], [-110.6811116, 50.0205199], [-110.6810278, 50.0205116], [-110.6809504, 50.0204923], [-110.680916, 50.0204729], [-110.6808881, 50.0204495], [-110.6801962, 50.0195618], [-110.680179, 50.0195342], [-110.680179, 50.0195135], [-110.6801833, 50.0194927], [-110.6801984, 50.019461], [-110.6802005, 50.0194403], [-110.6801984, 50.019421], [-110.6801576, 50.0192084], [-110.6801447, 50.0191186], [-110.680164, 50.0190593], [-110.6802242, 50.0189764], [-110.6802843, 50.0189088], [-110.6803681, 50.0188273], [-110.680482, 50.0187555], [-110.6806474, 50.0186741], [-110.6809332, 50.0185609], [-110.6809654, 50.0185388], [-110.6809697, 50.0185208], [-110.6809719, 50.0185001]]}}, {"type": "Feature", "properties": {"name": "Path 511130320", "difficulty": "intermediate", "area": "Medicine Hat", "osm_id": 511130320, "highway": "track"}, "geometry": {"type": "LineString", "coordinates": [[-110.7160798, 50.0312905], [-110.7157494, 50.0311511], [-110.7146913, 50.0305721], [-110.7140244, 50.0301334], [-110.7137912, 50.0300748]]}}, {"type": "Feature", "properties": {"name": "Path 511130322", "difficulty": "intermediate", "area": "Medicine Hat", "osm_id": 511130322, "highway": "path"}, "geometry": {"type": "LineString", "coordinates": [[-110.7156352, 50.0335613], [-110.7155113, 50.0330081], [-110.7145178, 50.0324325], [-110.7136574, 50.0324703]]}}, {"type": "Feature", "properties": {"name": "Path 511161287", "difficulty": "intermediate", "area": "Medicine Hat", "osm_id": 511161287, "highway": "path"}, "geometry": {"type": "LineString", "coordinates": [[-110.6706368, 50.0175375], [-110.670967, 50.017633], [-110.671332, 50.017689], [-110.6722744, 50.0177643], [-110.672472, 50.017797], [-110.6727028, 50.017819], [-110.6729808, 50.017808], [-110.6732959, 50.0178194], [-110.6735258, 50.0178455], [-110.6735787, 50.0175637], [-110.673612, 50.0173117], [-110.6735832, 50.0171443], [-110.6735318, 50.01702], [-110.6734215, 50.0168587], [-110.6732818, 50.01629], [-110.6732377, 50.0160704], [-110.6731611, 50.0159507], [-110.673027, 50.0158844], [-110.6727884, 50.0157994], [-110.6727088, 50.0157387], [-110.6726791, 50.015678], [-110.672716, 50.015584], [-110.6729787, 50.0153527], [-110.6730662, 50.0152626], [-110.6730913, 50.0151706], [-110.6730716, 50.0150726], [-110.6729914, 50.0149044], [-110.6728617, 50.014803], [-110.6724837, 50.0143223], [-110.6724456, 50.0142311], [-110.6724409, 50.0141485], [-110.6724685, 50.0139143], [-110.6724298, 50.0138248], [-110.6721431, 50.0135991]]}}, {"type": "Feature", "properties": {"name": "Path 511161288", "difficulty": "intermediate", "area": "Medicine Hat", "osm_id": 511161288, "highway": "path"}, "geometry": {"type": "LineString", "coordinates": [[-110.666438, 50.0146375], [-110.6663665, 50.0145831], [-110.666327, 50.0145384], [-110.6663007, 50.0144937], [-110.66628, 50.0144296], [-110.6662762, 50.0141541], [-110.6662743, 50.0140924], [-110.6662894, 50.0140501], [-110.6663025, 50.0140259], [-110.6663402, 50.0139993], [-110.6663797, 50.0139715], [-110.6664549, 50.0139159], [-110.6665546, 50.0138156], [-110.666596, 50.0137866], [-110.6666373, 50.0137661], [-110.6669684, 50.0136476], [-110.6670004, 50.0136307], [-110.6670399, 50.0136041], [-110.6670605, 50.013586], [-110.6670888, 50.0135533], [-110.6671999, 50.0133548], [-110.6672472, 50.0132447], [-110.6672901, 50.0130751], [-110.667297, 50.0130589], [-110.6675027, 50.0129686], [-110.6694808, 50.0118549], [-110.6696611, 50.0118086], [-110.6699075, 50.0118009], [-110.6710014, 50.0119901], [-110.6712478, 50.0120017], [-110.6714779, 50.0119556], [-110.6715904, 50.0119747], [-110.671933, 50.0119438], [-110.6721734, 50.0119631], [-110.6723657, 50.0119708], [-110.6726926, 50.0119226], [-110.6728178, 50.0119152], [-110.672992, 50.0119233], [-110.6734295, 50.0119863], [-110.6734797, 50.0119822], [-110.6735372, 50.0119664], [-110.6738769, 50.011853], [-110.6739814, 50.0118326], [-110.6740515, 50.0118352], [-110.6741215, 50.0118448], [-110.6745474, 50.0119129], [-110.675231, 50.0119874], [-110.6757735, 50.0120944], [-110.6769715, 50.0123631], [-110.6783738, 50.0126682], [-110.6785876, 50.012716], [-110.6788163, 50.0127632], [-110.6791411, 50.0128122], [-110.6793731, 50.0128797], [-110.6795416, 50.0129371], [-110.6797726, 50.0130145], [-110.6798581, 50.0130576], [-110.6799088, 50.0131125], [-110.6799178, 50.0131802], [-110.6798996, 50.0132512], [-110.6798417, 50.0132883], [-110.6797965, 50.0133121], [-110.6797549, 50.0133337], [-110.6796976, 50.0133946], [-110.6796137, 50.0134752], [-110.6795779, 50.0134909], [-110.6792565, 50.0135501], [-110.6791548, 50.0135765], [-110.6790822, 50.0136087], [-110.6790244, 50.0136539], [-110.6789065, 50.0138009], [-110.678849, 50.0138742], [-110.6787884, 50.0139204], [-110.6787484, 50.0139567], [-110.6786762, 50.0140371], [-110.6786287, 50.0140533], [-110.6785493, 50.0140449], [-110.6784522, 50.0140169], [-110.6783819, 50.0140078], [-110.6783314, 50.0140103], [-110.6782639, 50.0140285], [-110.6782253, 50.0140688], [-110.6782006, 50.014117], [-110.6782026, 50.0141713], [-110.6782047, 50.0142756], [-110.6781591, 50.0144849], [-110.6781552, 50.0145573], [-110.6781713, 50.0148053], [-110.6781744, 50.0149002], [-110.6781486, 50.0149835], [-110.6780309, 50.0151998], [-110.6779955, 50.015294], [-110.6779855, 50.0153835], [-110.6780009, 50.0156588], [-110.677985, 50.0157005], [-110.6779256, 50.0157539], [-110.6777414, 50.0158956], [-110.6776547, 50.0159734], [-110.6775336, 50.0161059], [-110.6772775, 50.0164088], [-110.6768443, 50.0169216], [-110.6768287, 50.0169356], [-110.6766943, 50.0171037], [-110.6766041, 50.0171491], [-110.6765327, 50.017205], [-110.6764757, 50.0172609], [-110.6762812, 50.0174277], [-110.6762184, 50.0174616], [-110.6761447, 50.0174815], [-110.6759266, 50.0175211], [-110.6757865, 50.017548], [-110.675711, 50.0175579], [-110.675675, 50.0175544], [-110.6756502, 50.0175494], [-110.6756205, 50.0175365], [-110.675531, 50.017495], [-110.6754951, 50.0174728], [-110.6754858, 50.0174506], [-110.6754147, 50.0170513], [-110.6753995, 50.016987], [-110.6753774, 50.0169204], [-110.6753134, 50.0167468]]}}, {"type": "Feature", "properties": {"name": "Path 511170388", "difficulty": "intermediate", "area": "Redcliff", "osm_id": 511170388, "highway": "cycleway"}, "geometry": {"type": "LineString", "coordinates": [[-110.780776, 50.0450702], [-110.7806625, 50.0450333], [-110.7805103, 50.0450027], [-110.7803811, 50.0449968], [-110.780171, 50.0450128], [-110.7799591, 50.0450737], [-110.7796504, 50.0452253], [-110.779558, 50.0452538], [-110.7794774, 50.0452495], [-110.7794266, 50.0452025], [-110.779379, 50.0451266], [-110.779274, 50.044902], [-110.7792285, 50.0448492], [-110.7791541, 50.0447964], [-110.7790781, 50.0447871], [-110.7790215, 50.0447871], [-110.778905, 50.0448088], [-110.7786068, 50.0449466], [-110.7784079, 50.0450613], [-110.7780945, 50.0452667], [-110.7778968, 50.0454267], [-110.7777154, 50.0455461], [-110.777687, 50.0455812], [-110.7776829, 50.0456132], [-110.7776953, 50.0456573], [-110.7777287, 50.0456921], [-110.777777, 50.045714], [-110.7778382, 50.0457207], [-110.7779286, 50.0457202], [-110.7779864, 50.0457242], [-110.7780378, 50.0457418], [-110.7780542, 50.0457685], [-110.7780512, 50.045817], [-110.7780159, 50.0459936], [-110.7779753, 50.046129], [-110.7779204, 50.0462336]]}}, {"type": "Feature", "properties": {"name": "Echo Dale River Trail", "difficulty": "intermediate", "area": "Redcliff", "osm_id": 512144793, "highway": "path"}, "geometry": {"type": "LineString", "coordinates": [[-110.7635824, 50.0436946], [-110.7632359, 50.0437638], [-110.7631576, 50.0438144], [-110.7631218, 50.0438673], [-110.7631097, 50.0439342], [-110.7631374, 50.0440244], [-110.7631934, 50.0441111], [-110.7632972, 50.0441883], [-110.7636047, 50.0443587], [-110.7637702, 50.0444466], [-110.7642354, 50.0447532], [-110.7648857, 50.0451257], [-110.7655125, 50.0454575], [-110.7660501, 50.0457704], [-110.7662224, 50.0459074], [-110.7663976, 50.0460727], [-110.7665948, 50.0461984], [-110.7668733, 50.0463605], [-110.7673135, 50.0465616], [-110.7674816, 50.0466541], [-110.7676125, 50.0467334], [-110.7677046, 50.0468153], [-110.7678728, 50.0469844], [-110.7682766, 50.0472371], [-110.7683947, 50.0472899], [-110.7687562, 50.0474392], [-110.7689212, 50.0475607], [-110.769151, 50.047714], [-110.7691983, 50.0477445], [-110.7692223, 50.0477884], [-110.769202, 50.0478248], [-110.7691377, 50.0478651], [-110.7691192, 50.0478862], [-110.7691432, 50.047935], [-110.7692378, 50.0480153], [-110.7694345, 50.0481402], [-110.769537, 50.0481923], [-110.7697614, 50.048343], [-110.7698306, 50.0483816], [-110.7699441, 50.0484322], [-110.7700504, 50.0485008], [-110.7701401, 50.0485932], [-110.7702542, 50.0486789], [-110.7703808, 50.0487486], [-110.7707359, 50.0488381], [-110.7708331, 50.048852], [-110.7709165, 50.0488712], [-110.7711266, 50.0489601], [-110.7712802, 50.0490877], [-110.7713253, 50.0491116], [-110.7713896, 50.0491262], [-110.7714667, 50.0491448], [-110.7715039, 50.049168], [-110.7715837, 50.0492481], [-110.7716361, 50.0492827], [-110.7716956, 50.0493104], [-110.7718778, 50.0493687], [-110.771926, 50.0493921], [-110.7720755, 50.0494677], [-110.7721332, 50.0494914], [-110.7722037, 50.0495019], [-110.7722886, 50.0495101], [-110.772412, 50.0495141], [-110.7724828, 50.0495293], [-110.7725377, 50.049561], [-110.772741, 50.049731], [-110.7729256, 50.0498371], [-110.7733014, 50.0500557], [-110.7738698, 50.0503336], [-110.7741022, 50.0504879], [-110.774334, 50.0506313], [-110.7745897, 50.0507919], [-110.77525, 50.0511641], [-110.7756635, 50.0513531], [-110.77585, 50.051522], [-110.7760753, 50.0516511], [-110.7761939, 50.0516856], [-110.776512, 50.051711], [-110.7767194, 50.0517493], [-110.7768784, 50.0517991], [-110.7770366, 50.0518546], [-110.7772275, 50.0518858], [-110.7773359, 50.0518906], [-110.778544, 50.052068], [-110.7785706, 50.0520723], [-110.7786506, 50.0520912], [-110.7787339, 50.0521287], [-110.778818, 50.052178], [-110.7791941, 50.0526223], [-110.7792829, 50.0527113], [-110.779466, 50.0528109], [-110.779722, 50.0529187], [-110.780121, 50.0530404], [-110.7806941, 50.0531906], [-110.781237, 50.053284], [-110.781903, 50.0533518], [-110.7824991, 50.0533941], [-110.7830742, 50.0533833], [-110.784722, 50.0532324], [-110.7850326, 50.0531105], [-110.7857032, 50.0530067], [-110.78662, 50.052823], [-110.7868748, 50.0527668], [-110.7869402, 50.0527513], [-110.7869649, 50.0527291], [-110.7869532, 50.0526457], [-110.7869448, 50.0525651]]}}, {"type": "Feature", "properties": {"name": "Path 512144794", "difficulty": "intermediate", "area": "Medicine Hat", "osm_id": 512144794, "highway": "path"}, "geometry": {"type": "LineString", "coordinates": [[-110.7585691, 50.0385141], [-110.758419, 50.038519], [-110.758274, 50.038565], [-110.757813, 50.038826], [-110.757704, 50.038906], [-110.757652, 50.038958], [-110.7573758, 50.0392572], [-110.757239, 50.039415], [-110.757131, 50.039465], [-110.757024, 50.039482], [-110.756864, 50.039464], [-110.756255, 50.039213], [-110.755656, 50.038882]]}}, {"type": "Feature", "properties": {"name": "Path 512144795", "difficulty": "intermediate", "area": "Medicine Hat", "osm_id": 512144795, "highway": "path"}, "geometry": {"type": "LineString", "coordinates": [[-110.755056, 50.038637], [-110.754821, 50.03846], [-110.753923, 50.037873], [-110.75382, 50.037813], [-110.753028, 50.037451], [-110.752437, 50.037], [-110.752062, 50.036801], [-110.751896, 50.036736], [-110.751738, 50.03671], [-110.75139, 50.036761], [-110.751254, 50.036757], [-110.750975, 50.036699], [-110.750575, 50.036663], [-110.750167, 50.036606]]}}, {"type": "Feature", "properties": {"name": "Path 543713270", "difficulty": "intermediate", "area": "Medicine Hat", "osm_id": 543713270, "highway": "cycleway"}, "geometry": {"type": "LineString", "coordinates": [[-110.6535351, 50.0658172], [-110.6534666, 50.0657656], [-110.6534339, 50.0657376], [-110.6534214, 50.0657136], [-110.6534246, 50.0656896], [-110.6534324, 50.0656726], [-110.6534791, 50.0655897], [-110.6534822, 50.0655687], [-110.6534744, 50.0655507], [-110.6534479, 50.0655397], [-110.653423, 50.0655377], [-110.6533887, 50.0655387], [-110.6533202, 50.0655537], [-110.6532003, 50.0655847], [-110.6531068, 50.0656167], [-110.6529993, 50.0656676], [-110.6528716, 50.0657316], [-110.6528482, 50.0657426], [-110.6528186, 50.0657476], [-110.6528077, 50.0657396], [-110.6528077, 50.0657246], [-110.6528264, 50.0656876], [-110.6528981, 50.0655937], [-110.6529245, 50.0655687], [-110.6529339, 50.0655497], [-110.6529277, 50.0655377], [-110.6529043, 50.0655407], [-110.6528202, 50.0655777], [-110.6527392, 50.0656207], [-110.652666, 50.0656776], [-110.6526333, 50.0657096], [-110.6526114, 50.0657276], [-110.6525974, 50.0657336], [-110.6525803, 50.0657316], [-110.6525756, 50.0657156], [-110.6525803, 50.0656786], [-110.652641, 50.0655157], [-110.652641, 50.0654927], [-110.6526317, 50.0654797], [-110.652613, 50.0654817], [-110.6525881, 50.0654987], [-110.6524728, 50.0655817], [-110.6524463, 50.0655957], [-110.6524167, 50.0656027], [-110.6523949, 50.0655987], [-110.6523747, 50.0655847], [-110.6522096, 50.0654307], [-110.6521722, 50.0654007], [-110.6521265, 50.0653738], [-110.6519878, 50.0653084], [-110.6518904, 50.0652751], [-110.6516483, 50.065234], [-110.6514801, 50.0651869], [-110.651403, 50.0651752], [-110.6511211, 50.0651794], [-110.6510151, 50.0651679], [-110.6509197, 50.0651496], [-110.6508438, 50.065125], [-110.6506531, 50.0650339], [-110.6504868, 50.0649303], [-110.6503425, 50.0648832], [-110.6501409, 50.0648575], [-110.6500222, 50.0648424], [-110.6496896, 50.0647498], [-110.6495331, 50.064687], [-110.6491846, 50.0646172], [-110.6490313, 50.0645943]]}}, {"type": "Feature", "properties": {"name": "Path 544045762", "difficulty": "intermediate", "area": "Medicine Hat", "osm_id": 544045762, "highway": "cycleway"}, "geometry": {"type": "LineString", "coordinates": [[-110.66242, 50.0457437], [-110.6623696, 50.0457801], [-110.6623029, 50.0458247], [-110.6621672, 50.0458873], [-110.6619654, 50.0459239], [-110.6616616, 50.0459414], [-110.6613143, 50.0459445], [-110.6607274, 50.0458754], [-110.659852, 50.0457435], [-110.6594118, 50.0456493], [-110.6589374, 50.0454483], [-110.6582233, 50.045153], [-110.6576413, 50.0449551], [-110.6574799, 50.044908], [-110.6572598, 50.0448075], [-110.6571375, 50.0447039], [-110.6569419, 50.0444872], [-110.6566507, 50.0440383], [-110.6566074, 50.0439791], [-110.6565501, 50.0439485], [-110.6564981, 50.043933], [-110.656423, 50.0439328], [-110.6563379, 50.0439326], [-110.6562859, 50.0439213]]}}, {"type": "Feature", "properties": {"name": "Path 544045763", "difficulty": "intermediate", "area": "Medicine Hat", "osm_id": 544045763, "highway": "cycleway"}, "geometry": {"type": "LineString", "coordinates": [[-110.6559157, 50.041689], [-110.6558967, 50.0414826], [-110.6559821, 50.041177], [-110.6558991, 50.0409546], [-110.6558047, 50.0407257], [-110.6557339, 50.0406098], [-110.6556313, 50.0405234], [-110.6551726, 50.0402077], [-110.6552266, 50.0401757], [-110.6552903, 50.0401397], [-110.6553355, 50.0401031], [-110.6553678, 50.0400678], [-110.6553779, 50.040037], [-110.6553783, 50.0400108], [-110.6553778, 50.0399815], [-110.6553746, 50.0399494], [-110.6553656, 50.0399168], [-110.6553572, 50.039898], [-110.6553475, 50.0398734], [-110.6553297, 50.0398494], [-110.6553052, 50.0398172], [-110.6552721, 50.0397851], [-110.65522, 50.0397496], [-110.6551171, 50.039691], [-110.6550163, 50.0396436], [-110.6549297, 50.0396127], [-110.6548712, 50.0395974], [-110.6548136, 50.0395808], [-110.6547564, 50.0395515], [-110.6531341, 50.0384458], [-110.6530458, 50.0383729], [-110.6529413, 50.0382745], [-110.6528757, 50.0382102], [-110.6526945, 50.0379952], [-110.652392, 50.0376426], [-110.6523573, 50.0375947], [-110.6523155, 50.0375492], [-110.6522201, 50.0374264]]}}, {"type": "Feature", "properties": {"name": "Path 544045764", "difficulty": "intermediate", "area": "Medicine Hat", "osm_id": 544045764, "highway": "cycleway"}, "geometry": {"type": "LineString", "coordinates": [[-110.6570943, 50.0417417], [-110.65661, 50.0417372], [-110.6564005, 50.0416901], [-110.6562696, 50.0416423], [-110.6561834, 50.0415745], [-110.656104, 50.0415222], [-110.6560387, 50.0414301], [-110.656034, 50.0413747], [-110.6560259, 50.0412807], [-110.6559821, 50.041177]]}}, {"type": "Feature", "properties": {"name": "Path 544047661", "difficulty": "intermediate", "area": "Medicine Hat", "osm_id": 544047661, "highway": "path"}, "geometry": {"type": "LineString", "coordinates": [[-110.6522201, 50.0374264], [-110.6521875, 50.0371241], [-110.6521645, 50.0369945], [-110.652099, 50.0368093], [-110.6520088, 50.0366434], [-110.6519521, 50.0365677], [-110.6519284, 50.0365444], [-110.6516441, 50.036354], [-110.6515093, 50.0362564], [-110.6513589, 50.0361366], [-110.6511827, 50.036008], [-110.6510289, 50.0358995], [-110.6508736, 50.0358277], [-110.6506843, 50.0357771], [-110.6505459, 50.035753], [-110.6504112, 50.0357617], [-110.6499791, 50.0358325], [-110.6498721, 50.0358434], [-110.6498099, 50.0358396], [-110.6495682, 50.0357943], [-110.6494766, 50.0357662], [-110.6490447, 50.0356261]]}}, {"type": "Feature", "properties": {"name": "Path 544047663", "difficulty": "intermediate", "area": "Medicine Hat", "osm_id": 544047663, "highway": "path"}, "geometry": {"type": "LineString", "coordinates": [[-110.651618, 50.0383686], [-110.6517367, 50.0384598], [-110.6518712, 50.0385416], [-110.6519986, 50.0386462], [-110.652091, 50.0387382], [-110.6521619, 50.0388512], [-110.6522105, 50.0389553], [-110.6522524, 50.0391434], [-110.6522686, 50.0392554], [-110.6522545, 50.0393921]]}}, {"type": "Feature", "properties": {"name": "Path 544047669", "difficulty": "intermediate", "area": "Medicine Hat", "osm_id": 544047669, "highway": "cycleway"}, "geometry": {"type": "LineString", "coordinates": [[-110.647495, 50.037054], [-110.647315, 50.0370042], [-110.647156, 50.0369689], [-110.6469487, 50.0369445], [-110.6467574, 50.0369025], [-110.6466436, 50.0368671], [-110.6464435, 50.0367713], [-110.6462289, 50.036664], [-110.6460622, 50.0365882], [-110.6459228, 50.0365328], [-110.6457455, 50.0364534], [-110.6457275, 50.0364203], [-110.6457122, 50.0362624], [-110.645719, 50.0361899], [-110.6457464, 50.0361401], [-110.6458216, 50.0360718], [-110.6459629, 50.0359916], [-110.646112, 50.0358958], [-110.6462341, 50.0358148]]}}, {"type": "Feature", "properties": {"name": "Path 544047670", "difficulty": "intermediate", "area": "Medicine Hat", "osm_id": 544047670, "highway": "path"}, "geometry": {"type": "LineString", "coordinates": [[-110.6492842, 50.0377565], [-110.6493354, 50.0379112], [-110.6496068, 50.0380357], [-110.6497369, 50.038099], [-110.6499114, 50.0381746], [-110.6500565, 50.0382223], [-110.6501839, 50.0382473], [-110.650342, 50.0383014]]}}, {"type": "Feature", "properties": {"name": "Path 544047672", "difficulty": "intermediate", "area": "Medicine Hat", "osm_id": 544047672, "highway": "path"}, "geometry": {"type": "LineString", "coordinates": [[-110.650342, 50.0383014], [-110.6504918, 50.0383633], [-110.6506546, 50.0384178], [-110.6508988, 50.0384678], [-110.651143, 50.0385247], [-110.6513872, 50.0385951], [-110.6515606, 50.0386269], [-110.6517376, 50.0386406], [-110.6518756, 50.0386383], [-110.6519986, 50.0386462]]}}, {"type": "Feature", "properties": {"name": "Path 544047674", "difficulty": "intermediate", "area": "Medicine Hat", "osm_id": 544047674, "highway": "path"}, "geometry": {"type": "LineString", "coordinates": [[-110.6512837, 50.0382931], [-110.651143, 50.0385247], [-110.6510158, 50.0387528]]}}, {"type": "Feature", "properties": {"name": "Path 544897379", "difficulty": "intermediate", "area": "Medicine Hat", "osm_id": 544897379, "highway": "cycleway"}, "geometry": {"type": "LineString", "coordinates": [[-110.649891, 50.0372306], [-110.6497281, 50.03719], [-110.6495844, 50.0371389], [-110.6495029, 50.0371202], [-110.6492801, 50.0371198], [-110.6489954, 50.0371242], [-110.6487275, 50.0371197], [-110.6484829, 50.0370848], [-110.648146, 50.0370188]]}}, {"type": "Feature", "properties": {"name": "Path 545404311", "difficulty": "intermediate", "area": "Medicine Hat", "osm_id": 545404311, "highway": "path"}, "geometry": {"type": "LineString", "coordinates": [[-110.6784685, 50.0417915], [-110.6788457, 50.0416599], [-110.6784541, 50.0410925]]}}, {"type": "Feature", "properties": {"name": "Path 545411558", "difficulty": "intermediate", "area": "Medicine Hat", "osm_id": 545411558, "highway": "path"}, "geometry": {"type": "LineString", "coordinates": [[-110.6753186, 50.0424432], [-110.6753317, 50.0424424], [-110.6760609, 50.042244]]}}, {"type": "Feature", "properties": {"name": "Path 545411559", "difficulty": "intermediate", "area": "Medicine Hat", "osm_id": 545411559, "highway": "path"}, "geometry": {"type": "LineString", "coordinates": [[-110.6761542, 50.0423841], [-110.6761051, 50.0423097], [-110.6760609, 50.042244]]}}, {"type": "Feature", "properties": {"name": "Path 545411560", "difficulty": "intermediate", "area": "Medicine Hat", "osm_id": 545411560, "highway": "path"}, "geometry": {"type": "LineString", "coordinates": [[-110.6763419, 50.0423243], [-110.6762916, 50.0422516], [-110.6762529, 50.0421922]]}}, {"type": "Feature", "properties": {"name": "Path 545411561", "difficulty": "intermediate", "area": "Medicine Hat", "osm_id": 545411561, "highway": "path"}, "geometry": {"type": "LineString", "coordinates": [[-110.6769289, 50.0414929], [-110.6768869, 50.0415597], [-110.676829, 50.0416525]]}}, {"type": "Feature", "properties": {"name": "Path 545411563", "difficulty": "intermediate", "area": "Medicine Hat", "osm_id": 545411563, "highway": "path"}, "geometry": {"type": "LineString", "coordinates": [[-110.6766753, 50.0422068], [-110.6766007, 50.0421052]]}}, {"type": "Feature", "properties": {"name": "Path 545411564", "difficulty": "intermediate", "area": "Medicine Hat", "osm_id": 545411564, "highway": "path"}, "geometry": {"type": "LineString", "coordinates": [[-110.6770167, 50.0419478], [-110.6769917, 50.0419476], [-110.6769726, 50.0419372], [-110.6769671, 50.0419268], [-110.6769703, 50.041916], [-110.6769864, 50.0419047], [-110.6770089, 50.0419018], [-110.6770297, 50.0419079], [-110.6770413, 50.0419221], [-110.6770385, 50.0419366], [-110.6770167, 50.0419478]]}}, {"type": "Feature", "properties": {"name": "Path 545411565", "difficulty": "intermediate", "area": "Medicine Hat", "osm_id": 545411565, "highway": "path"}, "geometry": {"type": "LineString", "coordinates": [[-110.6769726, 50.0419372], [-110.6766424, 50.0420313]]}}, {"type": "Feature", "properties": {"name": "Path 545411566", "difficulty": "intermediate", "area": "Medicine Hat", "osm_id": 545411566, "highway": "path"}, "geometry": {"type": "LineString", "coordinates": [[-110.6773409, 50.0420076], [-110.6770385, 50.0419366]]}}, {"type": "Feature", "properties": {"name": "Path 545411568", "difficulty": "intermediate", "area": "Medicine Hat", "osm_id": 545411568, "highway": "path"}, "geometry": {"type": "LineString", "coordinates": [[-110.6753186, 50.0424432], [-110.6752749, 50.0423761]]}}, {"type": "Feature", "properties": {"name": "Path 545411569", "difficulty": "intermediate", "area": "Medicine Hat", "osm_id": 545411569, "highway": "path"}, "geometry": {"type": "LineString", "coordinates": [[-110.6762529, 50.0421922], [-110.6765636, 50.0421085]]}}, {"type": "Feature", "properties": {"name": "Path 545411570", "difficulty": "intermediate", "area": "Medicine Hat", "osm_id": 545411570, "highway": "path"}, "geometry": {"type": "LineString", "coordinates": [[-110.6763419, 50.0423243], [-110.6763517, 50.0423443], [-110.6763513, 50.0423654], [-110.6763409, 50.0423853], [-110.6763213, 50.0424022], [-110.6762946, 50.0424144], [-110.6762633, 50.0424207], [-110.6762306, 50.0424205], [-110.6761995, 50.0424138], [-110.6761732, 50.0424012], [-110.6761542, 50.0423841]]}}, {"type": "Feature", "properties": {"name": "Path 545411571", "difficulty": "intermediate", "area": "Medicine Hat", "osm_id": 545411571, "highway": "path"}, "geometry": {"type": "LineString", "coordinates": [[-110.6765762, 50.0420036], [-110.6766011, 50.0420078], [-110.6766228, 50.0420167], [-110.6766424, 50.0420313], [-110.676649, 50.0420468], [-110.6766492, 50.0420651], [-110.6766395, 50.0420824], [-110.6766212, 50.0420965], [-110.6766007, 50.0421052], [-110.6765636, 50.0421085]]}}, {"type": "Feature", "properties": {"name": "Path 545411572", "difficulty": "intermediate", "area": "Medicine Hat", "osm_id": 545411572, "highway": "path"}, "geometry": {"type": "LineString", "coordinates": [[-110.6764861, 50.042051], [-110.6764926, 50.042035], [-110.6765065, 50.042021], [-110.6765265, 50.0420106], [-110.6765505, 50.0420045], [-110.6765762, 50.0420036]]}}, {"type": "Feature", "properties": {"name": "Path 545411573", "difficulty": "intermediate", "area": "Medicine Hat", "osm_id": 545411573, "highway": "path"}, "geometry": {"type": "LineString", "coordinates": [[-110.6762946, 50.0424144], [-110.6763224, 50.0424997], [-110.6763861, 50.0425846], [-110.6764449, 50.0426556]]}}, {"type": "Feature", "properties": {"name": "Path 545411574", "difficulty": "intermediate", "area": "Medicine Hat", "osm_id": 545411574, "highway": "path"}, "geometry": {"type": "LineString", "coordinates": [[-110.6762633, 50.0424207], [-110.6759723, 50.042513], [-110.6759572, 50.0425166], [-110.6759305, 50.0425337], [-110.6759165, 50.0425535], [-110.6759122, 50.0425788], [-110.6759078, 50.0425841]]}}, {"type": "Feature", "properties": {"name": "Path 545411578", "difficulty": "intermediate", "area": "Medicine Hat", "osm_id": 545411578, "highway": "path"}, "geometry": {"type": "LineString", "coordinates": [[-110.6769703, 50.041916], [-110.6767737, 50.0418724]]}}, {"type": "Feature", "properties": {"name": "Path 545411581", "difficulty": "intermediate", "area": "Medicine Hat", "osm_id": 545411581, "highway": "path"}, "geometry": {"type": "LineString", "coordinates": [[-110.6766705, 50.0419027], [-110.6766011, 50.0420078]]}}, {"type": "Feature", "properties": {"name": "Path 545411582", "difficulty": "intermediate", "area": "Medicine Hat", "osm_id": 545411582, "highway": "path"}, "geometry": {"type": "LineString", "coordinates": [[-110.6752749, 50.0423761], [-110.6759912, 50.0421838], [-110.6761866, 50.0421314], [-110.6764861, 50.042051]]}}, {"type": "Feature", "properties": {"name": "Path 545411583", "difficulty": "intermediate", "area": "Medicine Hat", "osm_id": 545411583, "highway": "path"}, "geometry": {"type": "LineString", "coordinates": [[-110.6761866, 50.0421314], [-110.6761573, 50.0421027], [-110.6761327, 50.0420893], [-110.6761029, 50.0420815], [-110.6760708, 50.0420799], [-110.6760395, 50.0420848], [-110.676012, 50.0420957], [-110.6759912, 50.0421115], [-110.675979, 50.0421306], [-110.6759766, 50.0421513], [-110.6759912, 50.0421838]]}}, {"type": "Feature", "properties": {"name": "Path 545780191", "difficulty": "intermediate", "area": "Medicine Hat", "osm_id": 545780191, "highway": "cycleway"}, "geometry": {"type": "LineString", "coordinates": [[-110.6235052, 50.0001632], [-110.6233047, 50.0001992]]}}, {"type": "Feature", "properties": {"name": "Path 545780607", "difficulty": "intermediate", "area": "Medicine Hat", "osm_id": 545780607, "highway": "path"}, "geometry": {"type": "LineString", "coordinates": [[-110.6200599, 50.0076058], [-110.620456, 50.0074969], [-110.6206472, 50.0074591], [-110.6207972, 50.0074478], [-110.6209414, 50.0074591], [-110.6209488, 50.0074599], [-110.6211032, 50.0074761], [-110.6212415, 50.0074988], [-110.6213974, 50.0075007], [-110.6215474, 50.0074875], [-110.6217269, 50.0074516], [-110.6218946, 50.00741], [-110.6221329, 50.0073419], [-110.6224065, 50.0072492], [-110.6225859, 50.0071717], [-110.6227271, 50.0070904], [-110.6228154, 50.006977], [-110.6229331, 50.0068333], [-110.6230037, 50.0067406], [-110.6230977, 50.0065986], [-110.6231786, 50.0064235], [-110.6232723, 50.0062539], [-110.6234, 50.0060897], [-110.6235618, 50.0059501], [-110.6237066, 50.0058707], [-110.6239649, 50.0057975], [-110.6241641, 50.0057557], [-110.6244344, 50.0057704]]}}, {"type": "Feature", "properties": {"name": "Path 545780610", "difficulty": "intermediate", "area": "Medicine Hat", "osm_id": 545780610, "highway": "path"}, "geometry": {"type": "LineString", "coordinates": [[-110.6230037, 50.0067406], [-110.6243279, 50.006784]]}}, {"type": "Feature", "properties": {"name": "Path 545780612", "difficulty": "intermediate", "area": "Medicine Hat", "osm_id": 545780612, "highway": "path"}, "geometry": {"type": "LineString", "coordinates": [[-110.6212415, 50.0074988], [-110.6213003, 50.0075442], [-110.6214949, 50.0080038]]}}, {"type": "Feature", "properties": {"name": "Path 545787497", "difficulty": "intermediate", "area": "Medicine Hat", "osm_id": 545787497, "highway": "path"}, "geometry": {"type": "LineString", "coordinates": [[-110.6855293, 50.0211456], [-110.6855084, 50.0210352], [-110.6854786, 50.0209093], [-110.6855084, 50.0207616], [-110.6855211, 50.0206303], [-110.6855334, 50.0205628], [-110.6855271, 50.0204862]]}}, {"type": "Feature", "properties": {"name": "Path 545787498", "difficulty": "intermediate", "area": "Medicine Hat", "osm_id": 545787498, "highway": "path"}, "geometry": {"type": "LineString", "coordinates": [[-110.6855293, 50.0211456], [-110.6853175, 50.0209648], [-110.6852443, 50.0209204], [-110.6849923, 50.0208029], [-110.6846854, 50.0204927]]}}, {"type": "Feature", "properties": {"name": "Path 546002479", "difficulty": "intermediate", "area": "Medicine Hat", "osm_id": 546002479, "highway": "path"}, "geometry": {"type": "LineString", "coordinates": [[-110.676694, 50.0418109], [-110.6766704, 50.041815], [-110.6766502, 50.0418237], [-110.6766354, 50.0418362], [-110.6766276, 50.041851], [-110.6766276, 50.0418667], [-110.6766354, 50.0418815], [-110.6766503, 50.041894], [-110.6766705, 50.0419027], [-110.6766953, 50.0419069], [-110.6767208, 50.0419054], [-110.6767441, 50.0418986], [-110.6767624, 50.0418871], [-110.6767737, 50.0418724], [-110.6767767, 50.0418568], [-110.6767717, 50.0418415], [-110.6767563, 50.041826]]}}, {"type": "Feature", "properties": {"name": "Path 546002480", "difficulty": "intermediate", "area": "Medicine Hat", "osm_id": 546002480, "highway": "path"}, "geometry": {"type": "LineString", "coordinates": [[-110.676694, 50.0418109], [-110.6767877, 50.0416636], [-110.6767928, 50.0416581], [-110.6768003, 50.041654], [-110.6768095, 50.0416515], [-110.6768193, 50.041651], [-110.676829, 50.0416525], [-110.6768374, 50.0416558], [-110.6768438, 50.0416606], [-110.6768477, 50.0416664], [-110.6768485, 50.0416727], [-110.6768462, 50.0416789], [-110.6767563, 50.041826]]}}, {"type": "Feature", "properties": {"name": "Path 546142514", "difficulty": "intermediate", "area": "Medicine Hat", "osm_id": 546142514, "highway": "path"}, "geometry": {"type": "LineString", "coordinates": [[-110.6902761, 50.022803], [-110.690198, 50.0228659]]}}, {"type": "Feature", "properties": {"name": "Path 546142516", "difficulty": "intermediate", "area": "Medicine Hat", "osm_id": 546142516, "highway": "path"}, "geometry": {"type": "LineString", "coordinates": [[-110.690198, 50.0228659], [-110.6900088, 50.0230183]]}}, {"type": "Feature", "properties": {"name": "Path 546142517", "difficulty": "intermediate", "area": "Medicine Hat", "osm_id": 546142517, "highway": "path"}, "geometry": {"type": "LineString", "coordinates": [[-110.6900088, 50.0230183], [-110.6898543, 50.0231428]]}}, {"type": "Feature", "properties": {"name": "Ajax Trail", "difficulty": "intermediate", "area": "Medicine Hat", "osm_id": 546142518, "highway": "path"}, "geometry": {"type": "LineString", "coordinates": [[-110.6882454, 50.0241714], [-110.6879857, 50.0243489]]}}, {"type": "Feature", "properties": {"name": "Ajax Trail", "difficulty": "intermediate", "area": "Medicine Hat", "osm_id": 546142519, "highway": "cycleway"}, "geometry": {"type": "LineString", "coordinates": [[-110.6934031, 50.0261336], [-110.6934425, 50.0261326], [-110.6934916, 50.0261397], [-110.6935391, 50.0261559], [-110.6936688, 50.0262044], [-110.6937219, 50.026214], [-110.6937939, 50.0262155], [-110.6939632, 50.0261997], [-110.6940448, 50.0261935], [-110.6941169, 50.0262004], [-110.6942335, 50.0262274], [-110.6945425, 50.0263073], [-110.6946467, 50.0263288], [-110.6947012, 50.0263384], [-110.6947652, 50.0263439], [-110.6948931, 50.0263356], [-110.6949752, 50.0263308], [-110.6950431, 50.0263401], [-110.6951064, 50.0263647], [-110.6951587, 50.0263985], [-110.6952241, 50.0264586], [-110.6952548, 50.0264821], [-110.6953288, 50.0265131], [-110.6955125, 50.0265515], [-110.6960175, 50.0266517], [-110.6961363, 50.0266738], [-110.6962898, 50.0266909], [-110.6964496, 50.0267068], [-110.6966716, 50.0267442], [-110.6967406, 50.026756], [-110.6967874, 50.02677], [-110.6969048, 50.0268409]]}}, {"type": "Feature", "properties": {"name": "Path 546149804", "difficulty": "intermediate", "area": "Medicine Hat", "osm_id": 546149804, "highway": "cycleway"}, "geometry": {"type": "LineString", "coordinates": [[-110.6482579, 49.9907192], [-110.6481617, 49.9907645], [-110.6481294, 49.9907797], [-110.6480629, 49.990811], [-110.6479987, 49.9908218], [-110.6479041, 49.9907979], [-110.6476642, 49.9907306], [-110.6475594, 49.9907241], [-110.6474209, 49.9907371], [-110.6473093, 49.9907675], [-110.6471944, 49.9908153], [-110.64711, 49.9908762], [-110.647039, 49.9909479], [-110.6470086, 49.9910195], [-110.6469883, 49.9911021], [-110.6469849, 49.9911934], [-110.6470052, 49.9912824], [-110.6470457, 49.9913541], [-110.6470863, 49.9914258], [-110.6471235, 49.9914867], [-110.6471404, 49.9915475], [-110.6471336, 49.9916192], [-110.6471066, 49.9916996], [-110.6470694, 49.9917734], [-110.6470086, 49.9918473], [-110.646914, 49.9919125], [-110.6467991, 49.9919733], [-110.6466431, 49.9920365], [-110.6465342, 49.9920716], [-110.6464504, 49.9920847], [-110.64633, 49.9920991], [-110.6462393, 49.9921009], [-110.6461144, 49.9920894], [-110.6460184, 49.9920733], [-110.6459137, 49.9920472], [-110.6458021, 49.9920016], [-110.6457143, 49.9919711], [-110.6455994, 49.9919646], [-110.6455081, 49.9919516], [-110.6453932, 49.9919125], [-110.6453155, 49.9918734], [-110.6452412, 49.9918147], [-110.6451972, 49.9917561], [-110.645177, 49.9916952], [-110.645177, 49.9916518], [-110.645204, 49.9915888], [-110.6452479, 49.9915562], [-110.6453155, 49.9915279], [-110.6453797, 49.991504], [-110.6454405, 49.9914693], [-110.6454946, 49.991415], [-110.6455622, 49.9913628], [-110.6456264, 49.9913042], [-110.6456839, 49.9912498], [-110.6457413, 49.9912086], [-110.6458157, 49.9911673], [-110.6458832, 49.9911304], [-110.6459542, 49.9910826], [-110.6459948, 49.9910456], [-110.6460083, 49.991], [-110.6459779, 49.9909522], [-110.64589, 49.9909022], [-110.6457819, 49.9908414], [-110.6457003, 49.9907419], [-110.645585, 49.9906552], [-110.6455816, 49.9906526], [-110.6454571, 49.9905735]]}}, {"type": "Feature", "properties": {"name": "Path 546149805", "difficulty": "intermediate", "area": "Medicine Hat", "osm_id": 546149805, "highway": "cycleway"}, "geometry": {"type": "LineString", "coordinates": [[-110.6475831, 49.9924613], [-110.6473217, 49.9923712], [-110.6471527, 49.9923126], [-110.6470614, 49.9922648], [-110.6469939, 49.9922148], [-110.6468823, 49.9921562], [-110.6467607, 49.9921236], [-110.6466317, 49.9920911], [-110.6465342, 49.9920716]]}}, {"type": "Feature", "properties": {"name": "Path 546149806", "difficulty": "intermediate", "area": "Medicine Hat", "osm_id": 546149806, "highway": "cycleway"}, "geometry": {"type": "LineString", "coordinates": [[-110.6460251, 49.9922757], [-110.6460274, 49.9922106], [-110.6460113, 49.9921577], [-110.6459742, 49.992111], [-110.6459137, 49.9920472]]}}, {"type": "Feature", "properties": {"name": "Path 546164524", "difficulty": "intermediate", "area": "Medicine Hat", "osm_id": 546164524, "highway": "cycleway"}, "geometry": {"type": "LineString", "coordinates": [[-110.6927366, 50.0002471], [-110.6925079, 50.0003768], [-110.6924379, 50.0004008], [-110.6922721, 50.0004189], [-110.6921366, 50.0004384], [-110.6920199, 50.0004714], [-110.6919475, 50.0004999], [-110.6918784, 50.0005115], [-110.6917784, 50.0005219], [-110.691709, 50.0005292], [-110.6916526, 50.0005406], [-110.6916025, 50.0005665], [-110.6915719, 50.000609], [-110.6915258, 50.0006972]]}}, {"type": "Feature", "properties": {"name": "Path 546164525", "difficulty": "intermediate", "area": "Medicine Hat", "osm_id": 546164525, "highway": "cycleway"}, "geometry": {"type": "LineString", "coordinates": [[-110.6916526, 50.0005406], [-110.6916542, 50.000498], [-110.6916461, 50.0004472], [-110.6916316, 50.0004037], [-110.6915945, 50.0003778], [-110.6915735, 50.0003446], [-110.6915638, 50.0002906], [-110.6915751, 50.0002533], [-110.6918588, 49.9997648]]}}, {"type": "Feature", "properties": {"name": "Path 546252746", "difficulty": "intermediate", "area": "Medicine Hat", "osm_id": 546252746, "highway": "cycleway"}, "geometry": {"type": "LineString", "coordinates": [[-110.6713918, 50.0440924], [-110.671395, 50.0440282], [-110.6713912, 50.0440075], [-110.6713673, 50.0439396], [-110.6713629, 50.043911], [-110.6713801, 50.0438209], [-110.6713824, 50.0437917], [-110.6713798, 50.0437728], [-110.6713618, 50.0437149], [-110.671362, 50.0436874], [-110.6713679, 50.0436699], [-110.671401, 50.0436361], [-110.6715225, 50.0435545], [-110.6715847, 50.0435134], [-110.6716159, 50.0435003], [-110.6716472, 50.0434928]]}}, {"type": "Feature", "properties": {"name": "Path 546273674", "difficulty": "intermediate", "area": "Medicine Hat", "osm_id": 546273674, "highway": "track"}, "geometry": {"type": "LineString", "coordinates": [[-110.6709819, 50.0266217], [-110.6716648, 50.0262029], [-110.6722731, 50.026127], [-110.6725705, 50.026077], [-110.6725659, 50.0257598], [-110.672564, 50.0256173]]}}, {"type": "Feature", "properties": {"name": "Path 548043571", "difficulty": "intermediate", "area": "Medicine Hat", "osm_id": 548043571, "highway": "cycleway"}, "geometry": {"type": "LineString", "coordinates": [[-110.6489564, 50.0678056], [-110.6489003, 50.0678059], [-110.648763, 50.0677911], [-110.6486459, 50.0677655], [-110.6485234, 50.0677296], [-110.6483929, 50.0676903], [-110.6482145, 50.0676509], [-110.6480548, 50.0676253], [-110.6478859, 50.0676266], [-110.6478111, 50.0676505], [-110.6476982, 50.0677022], [-110.6475448, 50.0677862], [-110.6474318, 50.0678736], [-110.6473809, 50.0679361], [-110.6472942, 50.0680141], [-110.6472146, 50.0680818]]}}, {"type": "Feature", "properties": {"name": "Path 548043572", "difficulty": "intermediate", "area": "Medicine Hat", "osm_id": 548043572, "highway": "cycleway"}, "geometry": {"type": "LineString", "coordinates": [[-110.6520831, 50.0686479], [-110.6519564, 50.0686804], [-110.6518, 50.0687187], [-110.6517225, 50.0687445], [-110.6516495, 50.0687741], [-110.6515511, 50.0688229], [-110.6514706, 50.0688641], [-110.6514289, 50.0688918], [-110.6513976, 50.0689224], [-110.6513634, 50.0689559], [-110.6513455, 50.0689664], [-110.6513231, 50.0689683], [-110.6513052, 50.0689568], [-110.6512769, 50.06891], [-110.6512546, 50.0688478], [-110.6512455, 50.06884], [-110.6512289, 50.0688342], [-110.6512166, 50.0688337], [-110.6511997, 50.0688405], [-110.6511926, 50.0688466], [-110.6511831, 50.068861], [-110.6511799, 50.0688762], [-110.6511807, 50.0689324], [-110.651179, 50.0689656], [-110.6511668, 50.0690065], [-110.6511569, 50.0690265], [-110.6511389, 50.0690386], [-110.6511193, 50.0690381], [-110.6511062, 50.0690318], [-110.6510972, 50.0690218], [-110.6510923, 50.0690018], [-110.6510227, 50.0688258], [-110.6510112, 50.0688142], [-110.6509997, 50.0688116], [-110.6509842, 50.0688168], [-110.6509744, 50.0688263], [-110.6509376, 50.0688913], [-110.6508661, 50.0690051], [-110.6507662, 50.0691342], [-110.6507513, 50.0691467], [-110.6507334, 50.0691505], [-110.6507111, 50.0691476], [-110.6506977, 50.0691409], [-110.6506873, 50.0691275], [-110.6506455, 50.0690348], [-110.6506098, 50.068986], [-110.6505904, 50.0689659], [-110.6505666, 50.0689582], [-110.6505472, 50.0689582], [-110.6505338, 50.0689668], [-110.6505293, 50.0689802], [-110.6505248, 50.0691046], [-110.6505204, 50.0691161], [-110.650507, 50.0691247], [-110.650492, 50.0691256], [-110.6504757, 50.0691208], [-110.6503326, 50.0690357], [-110.6503088, 50.0690233], [-110.6502894, 50.0690185], [-110.6502551, 50.0690204], [-110.6501761, 50.0690357], [-110.6501404, 50.0690491], [-110.6500912, 50.0690663], [-110.6497634, 50.0692117], [-110.649677, 50.0692452], [-110.6496233, 50.0692586], [-110.6495786, 50.0692643], [-110.6495332, 50.0692643], [-110.6494952, 50.0692538], [-110.6494579, 50.0692366], [-110.6494251, 50.0692165], [-110.6492981, 50.0691169], [-110.6492697, 50.0691013], [-110.6492564, 50.069094], [-110.6492028, 50.0690777], [-110.6491563, 50.0690719], [-110.6490737, 50.0690677], [-110.6488587, 50.0690691], [-110.6487327, 50.0690635], [-110.6486305, 50.0690621], [-110.6484285, 50.0690677], [-110.6483594, 50.0690634], [-110.648245, 50.0690459], [-110.6481179, 50.0690217], [-110.6479652, 50.0689993], [-110.6478714, 50.0689757], [-110.6478015, 50.0689473], [-110.6477592, 50.0689096], [-110.6477113, 50.0688576], [-110.6476635, 50.0688245], [-110.6475954, 50.0687832], [-110.6474023, 50.068684], [-110.6473655, 50.0686545], [-110.6473544, 50.0686179], [-110.6473544, 50.0685777], [-110.6473673, 50.0685411], [-110.6474096, 50.0684549], [-110.6474096, 50.0684101], [-110.6474059, 50.0683546], [-110.6473912, 50.0683073], [-110.6473783, 50.068266], [-110.6473416, 50.0682211], [-110.6472459, 50.0681137], [-110.6472146, 50.0680818], [-110.6471576, 50.0680487], [-110.647073, 50.0680275], [-110.6470067, 50.0680239], [-110.6469368, 50.068031], [-110.6468816, 50.0680523], [-110.6468246, 50.0680818], [-110.6467786, 50.0681054], [-110.6466885, 50.0681207], [-110.6465284, 50.0681266], [-110.6464474, 50.0681172], [-110.6463941, 50.0681007], [-110.646315, 50.0680629], [-110.6462543, 50.0680334], [-110.6461807, 50.0679968], [-110.6460924, 50.0679649], [-110.6459507, 50.0679176], [-110.6458176, 50.0678838]]}}, {"type": "Feature", "properties": {"name": "Path 548045963", "difficulty": "intermediate", "area": "Medicine Hat", "osm_id": 548045963, "highway": "path"}, "geometry": {"type": "LineString", "coordinates": [[-110.6475176, 50.0463215], [-110.6473791, 50.0463183], [-110.6473532, 50.0463169], [-110.6472807, 50.0463129], [-110.6471939, 50.0463132], [-110.6470448, 50.0462527], [-110.646941, 50.0462049], [-110.6468069, 50.0461726], [-110.6466436, 50.0460023], [-110.6465285, 50.0459213], [-110.6461107, 50.0458568], [-110.6459533, 50.0460482], [-110.6458776, 50.046166], [-110.6457095, 50.046268], [-110.6454134, 50.0463581], [-110.6450133, 50.0465777], [-110.6447413, 50.0467342], [-110.644685, 50.0468519], [-110.6447027, 50.046938], [-110.6451331, 50.04718], [-110.6453695, 50.0472512], [-110.645752, 50.0474267], [-110.6460015, 50.047517]]}}, {"type": "Feature", "properties": {"name": "Path 548049774", "difficulty": "intermediate", "area": "Medicine Hat", "osm_id": 548049774, "highway": "cycleway"}, "geometry": {"type": "LineString", "coordinates": [[-110.6549088, 50.0544657], [-110.6554163, 50.0544586]]}}, {"type": "Feature", "properties": {"name": "Path 548945912", "difficulty": "intermediate", "area": "Medicine Hat", "osm_id": 548945912, "highway": "path"}, "geometry": {"type": "LineString", "coordinates": [[-110.6864482, 50.0168617], [-110.6864827, 50.0174642], [-110.6864845, 50.0175665], [-110.6864621, 50.0176866], [-110.6864597, 50.0177566], [-110.6864523, 50.0177874], [-110.6864319, 50.0178055], [-110.6864007, 50.0178169], [-110.6863555, 50.017821]]}}, {"type": "Feature", "properties": {"name": "Path 548945913", "difficulty": "intermediate", "area": "Medicine Hat", "osm_id": 548945913, "highway": "path"}, "geometry": {"type": "LineString", "coordinates": [[-110.6866328, 50.0178709], [-110.6864612, 50.0180161], [-110.6864337, 50.018016], [-110.6862391, 50.0180152], [-110.6859542, 50.0180142]]}}, {"type": "Feature", "properties": {"name": "Path 548945914", "difficulty": "intermediate", "area": "Medicine Hat", "osm_id": 548945914, "highway": "path"}, "geometry": {"type": "LineString", "coordinates": [[-110.6859542, 50.0179236], [-110.6859542, 50.0180142], [-110.6859542, 50.0181724], [-110.6859542, 50.0182838]]}}, {"type": "Feature", "properties": {"name": "Path 548945915", "difficulty": "intermediate", "area": "Medicine Hat", "osm_id": 548945915, "highway": "path"}, "geometry": {"type": "LineString", "coordinates": [[-110.6862695, 50.0181285], [-110.6862391, 50.0180152]]}}, {"type": "Feature", "properties": {"name": "Path 548945916", "difficulty": "intermediate", "area": "Medicine Hat", "osm_id": 548945916, "highway": "path"}, "geometry": {"type": "LineString", "coordinates": [[-110.6859542, 50.0182838], [-110.6857383, 50.0182821], [-110.6857383, 50.0181712], [-110.6859542, 50.0181724]]}}, {"type": "Feature", "properties": {"name": "Path 548945917", "difficulty": "intermediate", "area": "Medicine Hat", "osm_id": 548945917, "highway": "path"}, "geometry": {"type": "LineString", "coordinates": [[-110.6864254, 50.0186594], [-110.6864337, 50.018016], [-110.6864347, 50.0179409], [-110.6863976, 50.0179218], [-110.6863551, 50.0179218]]}}, {"type": "Feature", "properties": {"name": "Path 548945918", "difficulty": "intermediate", "area": "Medicine Hat", "osm_id": 548945918, "highway": "path"}, "geometry": {"type": "LineString", "coordinates": [[-110.6867238, 50.0184125], [-110.6867289, 50.0181045], [-110.6866328, 50.0178709]]}}, {"type": "Feature", "properties": {"name": "Path 548945926", "difficulty": "intermediate", "area": "Medicine Hat", "osm_id": 548945926, "highway": "path"}, "geometry": {"type": "LineString", "coordinates": [[-110.6864099, 50.0191294], [-110.6864114, 50.0192982]]}}, {"type": "Feature", "properties": {"name": "Path 548945927", "difficulty": "intermediate", "area": "Medicine Hat", "osm_id": 548945927, "highway": "path"}, "geometry": {"type": "LineString", "coordinates": [[-110.6856711, 50.019641], [-110.6856711, 50.0196645], [-110.6864826, 50.0196574], [-110.6864808, 50.0192982], [-110.6864114, 50.0192982], [-110.6863489, 50.0192982], [-110.6862337, 50.0192658], [-110.6859033, 50.019173]]}}, {"type": "Feature", "properties": {"name": "Path 548945928", "difficulty": "intermediate", "area": "Medicine Hat", "osm_id": 548945928, "highway": "path"}, "geometry": {"type": "LineString", "coordinates": [[-110.6856643, 50.0193075], [-110.6856635, 50.0192684], [-110.6856606, 50.01913]]}}, {"type": "Feature", "properties": {"name": "Path 548945929", "difficulty": "intermediate", "area": "Medicine Hat", "osm_id": 548945929, "highway": "path"}, "geometry": {"type": "LineString", "coordinates": [[-110.6856635, 50.0192684], [-110.6862337, 50.0192658]]}}, {"type": "Feature", "properties": {"name": "Path 548945932", "difficulty": "intermediate", "area": "Medicine Hat", "osm_id": 548945932, "highway": "path"}, "geometry": {"type": "LineString", "coordinates": [[-110.6864845, 50.0175665], [-110.6866501, 50.0175694]]}}, {"type": "Feature", "properties": {"name": "Path 548945933", "difficulty": "intermediate", "area": "Medicine Hat", "osm_id": 548945933, "highway": "path"}, "geometry": {"type": "LineString", "coordinates": [[-110.6864827, 50.0174642], [-110.6863362, 50.0174649]]}}, {"type": "Feature", "properties": {"name": "Path 548945935", "difficulty": "intermediate", "area": "Medicine Hat", "osm_id": 548945935, "highway": "path"}, "geometry": {"type": "LineString", "coordinates": [[-110.6845201, 50.0149884], [-110.6845162, 50.0151563], [-110.6845375, 50.0151838], [-110.6845337, 50.0157787], [-110.6845512, 50.0158499], [-110.6845939, 50.0158911], [-110.6846717, 50.0159399], [-110.6847534, 50.0159849], [-110.6850169, 50.0160589], [-110.6850462, 50.016079], [-110.6850916, 50.0161643], [-110.6852771, 50.0163183], [-110.6852935, 50.0163412], [-110.6852946, 50.0163823], [-110.6853102, 50.0164092], [-110.6853346, 50.016445], [-110.6853233, 50.0167184], [-110.6854057, 50.0167606], [-110.6855147, 50.0168224]]}}, {"type": "Feature", "properties": {"name": "Path 548945936", "difficulty": "intermediate", "area": "Medicine Hat", "osm_id": 548945936, "highway": "path"}, "geometry": {"type": "LineString", "coordinates": [[-110.6850056, 50.016409], [-110.6850277, 50.0163787], [-110.6850351, 50.0162773], [-110.6850916, 50.0161643]]}}, {"type": "Feature", "properties": {"name": "Path 548945937", "difficulty": "intermediate", "area": "Medicine Hat", "osm_id": 548945937, "highway": "path"}, "geometry": {"type": "LineString", "coordinates": [[-110.6845337, 50.0157787], [-110.6844438, 50.0157832]]}}, {"type": "Feature", "properties": {"name": "Path 548945938", "difficulty": "intermediate", "area": "Medicine Hat", "osm_id": 548945938, "highway": "path"}, "geometry": {"type": "LineString", "coordinates": [[-110.6838529, 50.0158123], [-110.6837032, 50.0158126], [-110.6836216, 50.0157891], [-110.6835428, 50.0157294], [-110.6832725, 50.0155178], [-110.68316, 50.0154057], [-110.6831262, 50.015346], [-110.6831093, 50.0152718], [-110.6830586, 50.0151687], [-110.6829911, 50.0150729], [-110.6828982, 50.0149915], [-110.68278, 50.0149282], [-110.6826449, 50.0148829], [-110.6825661, 50.0148124], [-110.6824728, 50.0146741]]}}, {"type": "Feature", "properties": {"name": "Path 548945939", "difficulty": "intermediate", "area": "Medicine Hat", "osm_id": 548945939, "highway": "path"}, "geometry": {"type": "LineString", "coordinates": [[-110.6844438, 50.0157832], [-110.6838529, 50.0158123]]}}, {"type": "Feature", "properties": {"name": "South Boundary Trail", "difficulty": "intermediate", "area": "Medicine Hat", "osm_id": 549095843, "highway": "cycleway"}, "geometry": {"type": "LineString", "coordinates": [[-110.6867466, 49.9898846], [-110.6866714, 49.9899398], [-110.6866515, 49.9899291], [-110.6866143, 49.9899134], [-110.6865643, 49.9898973], [-110.6865175, 49.989887], [-110.6864617, 49.9898759], [-110.6864162, 49.9898709], [-110.6863598, 49.9898676], [-110.674499, 49.9899134], [-110.6715408, 49.9899099], [-110.6714512, 49.9899144], [-110.6713938, 49.9899238], [-110.6713378, 49.9899378], [-110.6712768, 49.9899585], [-110.6712553, 49.9899443], [-110.6712386, 49.9899333]]}}, {"type": "Feature", "properties": {"name": "Path 549102787", "difficulty": "intermediate", "area": "Medicine Hat", "osm_id": 549102787, "highway": "cycleway"}, "geometry": {"type": "LineString", "coordinates": [[-110.6908168, 50.0019036], [-110.6907972, 50.0019038], [-110.6902957, 50.0018803], [-110.6897273, 50.0018202], [-110.6893016, 50.0017439], [-110.6888758, 50.0016302], [-110.6885323, 50.001515], [-110.6874645, 50.0010232]]}}, {"type": "Feature", "properties": {"name": "Path 549184532", "difficulty": "intermediate", "area": "Medicine Hat", "osm_id": 549184532, "highway": "cycleway"}, "geometry": {"type": "LineString", "coordinates": [[-110.6907073, 49.9988207], [-110.6906998, 49.9984995], [-110.6907123, 49.9984593], [-110.6907703, 49.9984183], [-110.6908128, 49.9983911], [-110.6909465, 49.9983347], [-110.6911849, 49.9981986], [-110.6912703, 49.9980994], [-110.6913282, 49.9980199], [-110.6913658, 49.9979394], [-110.6914438, 49.9976705], [-110.691462, 49.9976076]]}}, {"type": "Feature", "properties": {"name": "Path 549184534", "difficulty": "intermediate", "area": "Medicine Hat", "osm_id": 549184534, "highway": "cycleway"}, "geometry": {"type": "LineString", "coordinates": [[-110.6890423, 49.9975977], [-110.6890384, 49.9975475], [-110.6890177, 49.9973778], [-110.6889827, 49.9972854], [-110.6889515, 49.997247], [-110.6888855, 49.9971873], [-110.6888243, 49.9971496], [-110.6887047, 49.9971053], [-110.6885489, 49.9970749]]}}, {"type": "Feature", "properties": {"name": "Path 549184536", "difficulty": "intermediate", "area": "Medicine Hat", "osm_id": 549184536, "highway": "cycleway"}, "geometry": {"type": "LineString", "coordinates": [[-110.6889515, 49.997247], [-110.688975, 49.997187], [-110.6890058, 49.9971426], [-110.689087, 49.9970797]]}}, {"type": "Feature", "properties": {"name": "Path 549207749", "difficulty": "intermediate", "area": "Medicine Hat", "osm_id": 549207749, "highway": "path"}, "geometry": {"type": "LineString", "coordinates": [[-110.6921924, 50.0055533], [-110.6921717, 50.0056926], [-110.6921318, 50.0058486], [-110.6921354, 50.0059418], [-110.6921717, 50.0060116], [-110.6922659, 50.0060745], [-110.6923891, 50.0061281], [-110.6926391, 50.0062189], [-110.6927297, 50.0062701], [-110.6927949, 50.0063354], [-110.6928312, 50.0064169], [-110.6928058, 50.0067313], [-110.6928239, 50.0067941], [-110.6928783, 50.006864], [-110.692958, 50.0069222], [-110.6930594, 50.0069688], [-110.6934979, 50.0071342], [-110.6936356, 50.0072226]]}}, {"type": "Feature", "properties": {"name": "Path 549207752", "difficulty": "intermediate", "area": "Medicine Hat", "osm_id": 549207752, "highway": "cycleway"}, "geometry": {"type": "LineString", "coordinates": [[-110.694472, 50.0042467], [-110.6937806, 50.0041256], [-110.693074, 50.0039696], [-110.692987, 50.003958], [-110.6928892, 50.0039743], [-110.6928095, 50.0040092], [-110.6925776, 50.0041932], [-110.6924616, 50.0043073], [-110.6924217, 50.0043865], [-110.6924254, 50.004447], [-110.6924544, 50.0045076], [-110.6925087, 50.0045635], [-110.6925848, 50.0046124], [-110.6927008, 50.0046613], [-110.6929137, 50.0047341], [-110.6930394, 50.0048087]]}}, {"type": "Feature", "properties": {"name": "Path 549207754", "difficulty": "intermediate", "area": "Medicine Hat", "osm_id": 549207754, "highway": "path"}, "geometry": {"type": "LineString", "coordinates": [[-110.6917898, 50.0073738], [-110.6915182, 50.0073182], [-110.6913588, 50.007253], [-110.6912247, 50.0071994], [-110.6911196, 50.0071738], [-110.6909095, 50.0071668], [-110.6906667, 50.0071482], [-110.6904384, 50.0071179], [-110.6902645, 50.007076], [-110.6901084, 50.0070115]]}}, {"type": "Feature", "properties": {"name": "Path 550011830", "difficulty": "intermediate", "area": "Medicine Hat", "osm_id": 550011830, "highway": "path"}, "geometry": {"type": "LineString", "coordinates": [[-110.6767993, 50.0415349], [-110.6768869, 50.0415597], [-110.6770623, 50.041605]]}}, {"type": "Feature", "properties": {"name": "Path 550675661", "difficulty": "intermediate", "area": "Medicine Hat", "osm_id": 550675661, "highway": "path"}, "geometry": {"type": "LineString", "coordinates": [[-110.659839, 49.9919926], [-110.6598193, 49.9920608], [-110.6597825, 49.9921123], [-110.6597719, 49.9921442], [-110.6597701, 49.9922229], [-110.6597577, 49.9922616], [-110.6597311, 49.9922935], [-110.6596921, 49.9923277], [-110.6596407, 49.9923562], [-110.6595858, 49.9923801], [-110.6595291, 49.9923915], [-110.6594653, 49.9923938], [-110.6593146, 49.9923938]]}}, {"type": "Feature", "properties": {"name": "Path 551138119", "difficulty": "intermediate", "area": "Medicine Hat", "osm_id": 551138119, "highway": "path"}, "geometry": {"type": "LineString", "coordinates": [[-110.6411613, 50.0080378], [-110.6412107, 50.0079063], [-110.6414525, 50.0076766]]}}, {"type": "Feature", "properties": {"name": "Path 551290471", "difficulty": "intermediate", "area": "Medicine Hat", "osm_id": 551290471, "highway": "path"}, "geometry": {"type": "LineString", "coordinates": [[-110.6814174, 50.0192061], [-110.6811264, 50.0192876]]}}, {"type": "Feature", "properties": {"name": "Path 551290472", "difficulty": "intermediate", "area": "Medicine Hat", "osm_id": 551290472, "highway": "path"}, "geometry": {"type": "LineString", "coordinates": [[-110.6816258, 50.0194776], [-110.6813428, 50.0195686]]}}, {"type": "Feature", "properties": {"name": "Path 551290473", "difficulty": "intermediate", "area": "Medicine Hat", "osm_id": 551290473, "highway": "path"}, "geometry": {"type": "LineString", "coordinates": [[-110.6809156, 50.019642], [-110.6806306, 50.0197211]]}}, {"type": "Feature", "properties": {"name": "Path 551290474", "difficulty": "intermediate", "area": "Medicine Hat", "osm_id": 551290474, "highway": "path"}, "geometry": {"type": "LineString", "coordinates": [[-110.6807528, 50.0193631], [-110.6807095, 50.0193728], [-110.6804451, 50.0194074]]}}, {"type": "Feature", "properties": {"name": "Path 551290475", "difficulty": "intermediate", "area": "Medicine Hat", "osm_id": 551290475, "highway": "path"}, "geometry": {"type": "LineString", "coordinates": [[-110.6810149, 50.0191066], [-110.6811264, 50.0192876], [-110.6813428, 50.0195686], [-110.6815268, 50.0198096], [-110.6815634, 50.0198522], [-110.6816667, 50.0199961]]}}, {"type": "Feature", "properties": {"name": "Path 551396989", "difficulty": "intermediate", "area": "Medicine Hat", "osm_id": 551396989, "highway": "path"}, "geometry": {"type": "LineString", "coordinates": [[-110.6714779, 50.0119556], [-110.6712299, 50.0114752], [-110.6712258, 50.0113685], [-110.6712507, 50.0112457], [-110.6711926, 50.0111443], [-110.6711759, 50.0110482], [-110.6712114, 50.0109434]]}}, {"type": "Feature", "properties": {"name": "Path 551396991", "difficulty": "intermediate", "area": "Medicine Hat", "osm_id": 551396991, "highway": "path"}, "geometry": {"type": "LineString", "coordinates": [[-110.6731651, 50.0108908], [-110.6727386, 50.0107837], [-110.6724633, 50.0107146], [-110.6722931, 50.0106746], [-110.6721832, 50.0106646], [-110.6720885, 50.0106818], [-110.6720111, 50.0107023], [-110.6714374, 50.0108697], [-110.6712114, 50.0109434], [-110.6709673, 50.0110179], [-110.6707328, 50.0111228], [-110.6705447, 50.0112205], [-110.6703728, 50.0113277], [-110.6702128, 50.0114208], [-110.6701335, 50.0114963], [-110.6700723, 50.0115362], [-110.6698456, 50.0115546]]}}, {"type": "Feature", "properties": {"name": "Path 551396993", "difficulty": "intermediate", "area": "Medicine Hat", "osm_id": 551396993, "highway": "path"}, "geometry": {"type": "LineString", "coordinates": [[-110.6727386, 50.0107837], [-110.6728757, 50.0106769], [-110.6729302, 50.0106474], [-110.673022, 50.0106271], [-110.6731712, 50.0105902], [-110.6734467, 50.0105884], [-110.6735701, 50.0105755], [-110.6737422, 50.0105552], [-110.6739804, 50.0105164], [-110.6742989, 50.0104587]]}}, {"type": "Feature", "properties": {"name": "Path 551481018", "difficulty": "intermediate", "area": "Medicine Hat", "osm_id": 551481018, "highway": "path"}, "geometry": {"type": "LineString", "coordinates": [[-110.6735258, 50.0178455], [-110.6737287, 50.0179157], [-110.6738823, 50.0179584]]}}, {"type": "Feature", "properties": {"name": "Path 551489241", "difficulty": "intermediate", "area": "Medicine Hat", "osm_id": 551489241, "highway": "path"}, "geometry": {"type": "LineString", "coordinates": [[-110.6671999, 50.0133548], [-110.6673542, 50.013402], [-110.6674253, 50.0134294], [-110.6675107, 50.0134581], [-110.667592, 50.0134699], [-110.6683441, 50.013334]]}}, {"type": "Feature", "properties": {"name": "Path 551489242", "difficulty": "intermediate", "area": "Medicine Hat", "osm_id": 551489242, "highway": "path"}, "geometry": {"type": "LineString", "coordinates": [[-110.6721431, 50.0135991], [-110.6720459, 50.0134994], [-110.6719029, 50.0133927], [-110.6718544, 50.0133344], [-110.6718162, 50.0132717], [-110.6717665, 50.0131338], [-110.6717582, 50.0130815], [-110.6717602, 50.0130381], [-110.6718664, 50.0126227], [-110.6718912, 50.0125808], [-110.6719194, 50.0125468], [-110.6719588, 50.0125292], [-110.672218, 50.0124483], [-110.6723645, 50.0123728], [-110.6724554, 50.0123033], [-110.6725188, 50.012236], [-110.6726157, 50.0121632], [-110.6726705, 50.01214], [-110.6727338, 50.0121277], [-110.6728576, 50.0121199], [-110.6729148, 50.0121115], [-110.672946, 50.0120908], [-110.6729691, 50.0120515], [-110.672992, 50.0119233]]}}, {"type": "Feature", "properties": {"name": "Path 551571147", "difficulty": "intermediate", "area": "Medicine Hat", "osm_id": 551571147, "highway": "path"}, "geometry": {"type": "LineString", "coordinates": [[-110.6667852, 50.0175964], [-110.6661866, 50.0176332], [-110.6655695, 50.0177603]]}}, {"type": "Feature", "properties": {"name": "Path 552235251", "difficulty": "intermediate", "area": "Medicine Hat", "osm_id": 552235251, "highway": "cycleway"}, "geometry": {"type": "LineString", "coordinates": [[-110.7181968, 50.0474832], [-110.7182068, 50.0475161], [-110.7181145, 50.047554], [-110.7180552, 50.0475767], [-110.7180105, 50.0476092], [-110.7179475, 50.0476631], [-110.7179135, 50.0477316], [-110.7179203, 50.0478118], [-110.7179275, 50.0478778], [-110.7179782, 50.0479386], [-110.7180441, 50.0479896], [-110.7181252, 50.0480275], [-110.7182097, 50.0480623], [-110.7183196, 50.0480883], [-110.7184936, 50.0481143], [-110.7186964, 50.0481415], [-110.7189397, 50.0481643], [-110.7191712, 50.0481784], [-110.7193672, 50.0481892], [-110.7208794, 50.0483086], [-110.7212866, 50.0483248], [-110.7217665, 50.0483346], [-110.7221991, 50.0483313], [-110.722515, 50.0483639], [-110.7226654, 50.0483747], [-110.723125, 50.0483802], [-110.7235846, 50.0483628], [-110.7237384, 50.048353], [-110.7239901, 50.0483357], [-110.7240932, 50.0483368], [-110.7241726, 50.0483509], [-110.7242487, 50.0483769], [-110.7243061, 50.0484127], [-110.7243484, 50.0484529], [-110.7243754, 50.0484974], [-110.7243855, 50.0485473], [-110.7243805, 50.0486059], [-110.7243602, 50.0486569], [-110.7243298, 50.0487089], [-110.7243095, 50.0487545], [-110.724296, 50.048799], [-110.7243112, 50.0488467], [-110.724345, 50.0489031], [-110.7244278, 50.0489672], [-110.7245292, 50.0490279], [-110.7247742, 50.0491939], [-110.7248429, 50.0492461], [-110.72508, 50.0494478], [-110.7251898, 50.0495596], [-110.7256446, 50.0501663], [-110.7258961, 50.0505176], [-110.7260745, 50.0507377], [-110.7266119, 50.0513446], [-110.7268036, 50.0515721], [-110.7274316, 50.0522447]]}}, {"type": "Feature", "properties": {"name": "Path 552324323", "difficulty": "intermediate", "area": "Medicine Hat", "osm_id": 552324323, "highway": "track"}, "geometry": {"type": "LineString", "coordinates": [[-110.7366476, 50.0603283], [-110.7365381, 50.060408], [-110.7346723, 50.0617425], [-110.7345928, 50.0618017], [-110.7345909, 50.0625829], [-110.7345745, 50.0626276], [-110.7345292, 50.0626658], [-110.7344754, 50.0626912], [-110.7343933, 50.0627039], [-110.7334735, 50.0626967], [-110.733165, 50.0627439]]}}, {"type": "Feature", "properties": {"name": "Path 552324325", "difficulty": "intermediate", "area": "Medicine Hat", "osm_id": 552324325, "highway": "track"}, "geometry": {"type": "LineString", "coordinates": [[-110.7395516, 50.0634806], [-110.7393989, 50.0634799], [-110.7374283, 50.0634702], [-110.7373325, 50.0634911], [-110.7372602, 50.0635212], [-110.7372113, 50.0635601], [-110.7371761, 50.0636078], [-110.7371624, 50.0636668], [-110.7371841, 50.0649037], [-110.7370747, 50.064912]]}}, {"type": "Feature", "properties": {"name": "Path 552498133", "difficulty": "intermediate", "area": "Medicine Hat", "osm_id": 552498133, "highway": "path"}, "geometry": {"type": "LineString", "coordinates": [[-110.7241266, 50.0608882], [-110.724128, 50.0607526]]}}, {"type": "Feature", "properties": {"name": "Path 553215445", "difficulty": "intermediate", "area": "Medicine Hat", "osm_id": 553215445, "highway": "cycleway"}, "geometry": {"type": "LineString", "coordinates": [[-110.6947358, 50.047685], [-110.6948191, 50.0479902]]}}, {"type": "Feature", "properties": {"name": "Path 553215446", "difficulty": "intermediate", "area": "Medicine Hat", "osm_id": 553215446, "highway": "cycleway"}, "geometry": {"type": "LineString", "coordinates": [[-110.6977539, 50.0473981], [-110.6977511, 50.0476137]]}}, {"type": "Feature", "properties": {"name": "Path 553215447", "difficulty": "intermediate", "area": "Medicine Hat", "osm_id": 553215447, "highway": "cycleway"}, "geometry": {"type": "LineString", "coordinates": [[-110.6989302, 50.0473152], [-110.6989246, 50.0476081]]}}, {"type": "Feature", "properties": {"name": "Path 553215448", "difficulty": "intermediate", "area": "Medicine Hat", "osm_id": 553215448, "highway": "cycleway"}, "geometry": {"type": "LineString", "coordinates": [[-110.703005, 50.0474943], [-110.7029698, 50.0474463], [-110.7028754, 50.047316], [-110.7028128, 50.0472297], [-110.7027758, 50.0471754], [-110.7027565, 50.047114], [-110.7027237, 50.0469806]]}}, {"type": "Feature", "properties": {"name": "Path 553215449", "difficulty": "intermediate", "area": "Medicine Hat", "osm_id": 553215449, "highway": "cycleway"}, "geometry": {"type": "LineString", "coordinates": [[-110.7011638, 50.0470098], [-110.7011336, 50.0470936], [-110.7010392, 50.0472805], [-110.7010156, 50.0473052], [-110.7009887, 50.0473288], [-110.7009302, 50.0473586], [-110.7008648, 50.0473979], [-110.7008363, 50.0474309], [-110.700819, 50.0474731], [-110.700806, 50.047614]]}}, {"type": "Feature", "properties": {"name": "Path 553215450", "difficulty": "intermediate", "area": "Medicine Hat", "osm_id": 553215450, "highway": "path"}, "geometry": {"type": "LineString", "coordinates": [[-110.7015185, 50.0556935], [-110.701481, 50.0559157]]}}, {"type": "Feature", "properties": {"name": "Path 553215451", "difficulty": "intermediate", "area": "Medicine Hat", "osm_id": 553215451, "highway": "path"}, "geometry": {"type": "LineString", "coordinates": [[-110.6930408, 50.0559057], [-110.6929207, 50.0556473]]}}, {"type": "Feature", "properties": {"name": "Parkview Street Side Trail", "difficulty": "intermediate", "area": "Medicine Hat", "osm_id": 553216696, "highway": "cycleway"}, "geometry": {"type": "LineString", "coordinates": [[-110.6553921, 50.061291], [-110.6552652, 50.0611928], [-110.6552442, 50.0611658], [-110.6552374, 50.0611384], [-110.6552412, 50.061102], [-110.6552615, 50.0610692], [-110.6566659, 50.0595029], [-110.6569855, 50.0590625], [-110.6570171, 50.059032], [-110.6570633, 50.0590148], [-110.657261, 50.0590165]]}}, {"type": "Feature", "properties": {"name": "Parkview Street Side Trail", "difficulty": "intermediate", "area": "Medicine Hat", "osm_id": 553216697, "highway": "cycleway"}, "geometry": {"type": "LineString", "coordinates": [[-110.657261, 50.0590165], [-110.6573734, 50.0590149], [-110.657426, 50.0589551], [-110.6574878, 50.0588809], [-110.6575196, 50.0588367], [-110.6574666, 50.0587604], [-110.6574182, 50.0586691], [-110.6574182, 50.0586071], [-110.657453, 50.05854], [-110.6585078, 50.0574278], [-110.6586437, 50.0572957], [-110.6588028, 50.0571661], [-110.6590124, 50.0570091], [-110.6592143, 50.056877], [-110.6594588, 50.0567375], [-110.6602679, 50.0563514], [-110.6603658, 50.0563078], [-110.6605371, 50.05626], [-110.6605566, 50.056277]]}}, {"type": "Feature", "properties": {"name": "Parkview Street Side Trail", "difficulty": "intermediate", "area": "Medicine Hat", "osm_id": 553216698, "highway": "cycleway"}, "geometry": {"type": "LineString", "coordinates": [[-110.6605566, 50.056277], [-110.6606609, 50.0562271], [-110.6607345, 50.0561922], [-110.6607893, 50.0561506], [-110.6609668, 50.0560346], [-110.6612934, 50.0558022], [-110.6614507, 50.0556703], [-110.6615848, 50.0555838]]}}, {"type": "Feature", "properties": {"name": "Path 553216699", "difficulty": "intermediate", "area": "Medicine Hat", "osm_id": 553216699, "highway": "cycleway"}, "geometry": {"type": "LineString", "coordinates": [[-110.6606164, 50.0569822], [-110.6605467, 50.0569456], [-110.6605007, 50.0569106], [-110.6604803, 50.0568921], [-110.6604616, 50.056856], [-110.6604548, 50.0568112], [-110.660465, 50.0567751], [-110.6604871, 50.056703]]}}, {"type": "Feature", "properties": {"name": "Path 553221964", "difficulty": "intermediate", "area": "Medicine Hat", "osm_id": 553221964, "highway": "cycleway"}, "geometry": {"type": "LineString", "coordinates": [[-110.7181364, 50.0443327], [-110.718369, 50.0442996], [-110.7184882, 50.0442988], [-110.7188422, 50.044325], [-110.7189733, 50.0443338], [-110.7191707, 50.0443325], [-110.7196735, 50.0443499], [-110.7201552, 50.0443703], [-110.7202267, 50.0443771], [-110.720573, 50.0444694], [-110.7207243, 50.0444912], [-110.7209437, 50.0444934], [-110.7210168, 50.0445025], [-110.7210611, 50.044528], [-110.7210661, 50.0445762], [-110.7210522, 50.0446346], [-110.7210217, 50.0446678], [-110.7209704, 50.0446903], [-110.7208635, 50.0447006], [-110.7205532, 50.0447023], [-110.7203704, 50.044706]]}}, {"type": "Feature", "properties": {"name": "Path 553221965", "difficulty": "intermediate", "area": "Medicine Hat", "osm_id": 553221965, "highway": "path"}, "geometry": {"type": "LineString", "coordinates": [[-110.7187416, 50.0448112], [-110.7188174, 50.0447559], [-110.7188674, 50.0447237], [-110.7189304, 50.0446928], [-110.7189916, 50.0446749], [-110.7190435, 50.0446583], [-110.7190768, 50.0446381], [-110.7190898, 50.0445976], [-110.719094, 50.0445481]]}}, {"type": "Feature", "properties": {"name": "Path 553222195", "difficulty": "intermediate", "area": "Medicine Hat", "osm_id": 553222195, "highway": "cycleway"}, "geometry": {"type": "LineString", "coordinates": [[-110.6771428, 50.0499467], [-110.6771044, 50.0498976], [-110.6770782, 50.0498446], [-110.6770613, 50.0497239]]}}, {"type": "Feature", "properties": {"name": "Path 553675722", "difficulty": "intermediate", "area": "Medicine Hat", "osm_id": 553675722, "highway": "path"}, "geometry": {"type": "LineString", "coordinates": [[-110.6899404, 50.0558053], [-110.689939, 50.0556606]]}}, {"type": "Feature", "properties": {"name": "Path 553842445", "difficulty": "intermediate", "area": "Medicine Hat", "osm_id": 553842445, "highway": "cycleway"}, "geometry": {"type": "LineString", "coordinates": [[-110.6812271, 50.062019], [-110.6813348, 50.0620595], [-110.6814668, 50.0620663], [-110.681569, 50.0621019]]}}, {"type": "Feature", "properties": {"name": "Path 553963516", "difficulty": "intermediate", "area": "Medicine Hat", "osm_id": 553963516, "highway": "cycleway"}, "geometry": {"type": "LineString", "coordinates": [[-110.661923, 50.0551747], [-110.6617577, 50.0551234], [-110.661615, 50.0550877], [-110.6615223, 50.0550829], [-110.6613778, 50.0550948], [-110.6612184, 50.0551222], [-110.6607106, 50.0552923], [-110.6605512, 50.0553352], [-110.6603195, 50.0553733], [-110.6602176, 50.0553792], [-110.6590375, 50.0553745], [-110.6583878, 50.0553745], [-110.6580715, 50.0553733], [-110.6579683, 50.0553598], [-110.6578951, 50.0553577], [-110.6578274, 50.0553677], [-110.6577249, 50.0553732], [-110.6571986, 50.0553733], [-110.6569651, 50.0553506], [-110.6567983, 50.0553197], [-110.6565981, 50.0552543], [-110.6564628, 50.0551972], [-110.6563479, 50.0551365], [-110.6557512, 50.0547783], [-110.6556492, 50.0547093], [-110.6555955, 50.0546557], [-110.6555417, 50.0546212], [-110.6554639, 50.0545962], [-110.6553842, 50.0545903], [-110.6554163, 50.0544586]]}}, {"type": "Feature", "properties": {"name": "Path 553976798", "difficulty": "intermediate", "area": "Medicine Hat", "osm_id": 553976798, "highway": "path"}, "geometry": {"type": "LineString", "coordinates": [[-110.6473791, 50.0463183], [-110.6474162, 50.0462482], [-110.6474191, 50.0461554], [-110.6473985, 50.0460701], [-110.6473932, 50.0459795], [-110.6473893, 50.0459162], [-110.6473423, 50.0458748], [-110.6472952, 50.0458579], [-110.6472339, 50.0458267], [-110.647205, 50.0457917], [-110.6471931, 50.0455745], [-110.6470631, 50.0454439], [-110.6469522, 50.0452669], [-110.6469307, 50.0451761], [-110.6469734, 50.045098], [-110.6471776, 50.0449447], [-110.6471731, 50.0447151], [-110.6471966, 50.0445902], [-110.6473126, 50.0445009], [-110.6475457, 50.0444193], [-110.6476705, 50.0443247], [-110.6476764, 50.0442119], [-110.6476923, 50.0440752], [-110.6477543, 50.0439289], [-110.6480922, 50.0438444]]}}, {"type": "Feature", "properties": {"name": "Path 554103709", "difficulty": "intermediate", "area": "Medicine Hat", "osm_id": 554103709, "highway": "cycleway"}, "geometry": {"type": "LineString", "coordinates": [[-110.6749247, 50.046676], [-110.6749388, 50.0467509], [-110.6749341, 50.0467914], [-110.6749049, 50.046827], [-110.6748386, 50.0468419], [-110.6747354, 50.046831], [-110.6745675, 50.0467914], [-110.674427, 50.0467581]]}}, {"type": "Feature", "properties": {"name": "Path 554184431", "difficulty": "intermediate", "area": "Medicine Hat", "osm_id": 554184431, "highway": "cycleway"}, "geometry": {"type": "LineString", "coordinates": [[-110.7119105, 50.0392986], [-110.7118236, 50.0392983], [-110.7117005, 50.0392979], [-110.710742, 50.0392947], [-110.710679, 50.0393052], [-110.7105469, 50.0392947], [-110.710496, 50.0392934], [-110.7104437, 50.0393093], [-110.7102983, 50.0393534]]}}, {"type": "Feature", "properties": {"name": "Path 555904316", "difficulty": "intermediate", "area": "Redcliff", "osm_id": 555904316, "highway": "path"}, "geometry": {"type": "LineString", "coordinates": [[-110.7687562, 50.0474392], [-110.7689424, 50.0473347], [-110.7690731, 50.0472734], [-110.7691615, 50.0472462], [-110.7692852, 50.0472349], [-110.7699673, 50.0472122], [-110.770499, 50.0471742], [-110.7709898, 50.0471459], [-110.7713145, 50.0471114], [-110.7717053, 50.0470487], [-110.772344, 50.0469323]]}}, {"type": "Feature", "properties": {"name": "Path 555904317", "difficulty": "intermediate", "area": "Redcliff", "osm_id": 555904317, "highway": "path"}, "geometry": {"type": "LineString", "coordinates": [[-110.781237, 50.053284], [-110.7818396, 50.0522785]]}}, {"type": "Feature", "properties": {"name": "Path 555904318", "difficulty": "intermediate", "area": "Redcliff", "osm_id": 555904318, "highway": "cycleway"}, "geometry": {"type": "LineString", "coordinates": [[-110.7738698, 50.0503336], [-110.7740579, 50.0502619], [-110.774173, 50.0502324], [-110.7743034, 50.0502077], [-110.7744006, 50.0502077], [-110.7745105, 50.0502274], [-110.7747484, 50.0502783], [-110.7749325, 50.050326], [-110.7751192, 50.0503801], [-110.7753059, 50.0504393], [-110.7754517, 50.0504803], [-110.7755898, 50.0505099], [-110.7757892, 50.0505345], [-110.7759913, 50.0505526], [-110.7762189, 50.0505723], [-110.7764235, 50.0506035], [-110.7766511, 50.0506429], [-110.7768122, 50.0506577], [-110.7770065, 50.0506626], [-110.7772009, 50.050656], [-110.7773876, 50.0506495], [-110.7776317, 50.0506475], [-110.7779049, 50.0506448]]}}, {"type": "Feature", "properties": {"name": "Path 556163745", "difficulty": "intermediate", "area": "Medicine Hat", "osm_id": 556163745, "highway": "path"}, "geometry": {"type": "LineString", "coordinates": [[-110.6849041, 49.9990258], [-110.6855479, 49.9993297]]}}, {"type": "Feature", "properties": {"name": "Path 556208438", "difficulty": "intermediate", "area": "Medicine Hat", "osm_id": 556208438, "highway": "path"}, "geometry": {"type": "LineString", "coordinates": [[-110.6781025, 49.9956888], [-110.6788577, 49.9955579]]}}, {"type": "Feature", "properties": {"name": "Path 556374241", "difficulty": "intermediate", "area": "Medicine Hat", "osm_id": 556374241, "highway": "cycleway"}, "geometry": {"type": "LineString", "coordinates": [[-110.6478203, 50.0361349], [-110.647421, 50.036009], [-110.6470889, 50.0359426], [-110.6467151, 50.0358777], [-110.6462341, 50.0358148], [-110.6459812, 50.0357916], [-110.6457656, 50.0358013], [-110.6454639, 50.0358474], [-110.645215, 50.0358826], [-110.6449982, 50.0359071], [-110.6447066, 50.0359202], [-110.6444462, 50.0359423], [-110.6440739, 50.0360042], [-110.6437287, 50.0360763], [-110.6434971, 50.036098], [-110.6432433, 50.0361035], [-110.6429964, 50.0361025], [-110.6428118, 50.0361499], [-110.642601, 50.036186], [-110.64243, 50.036197], [-110.6423179, 50.0362272], [-110.6422702, 50.0362629], [-110.64227, 50.0363145], [-110.6422985, 50.0363569]]}}, {"type": "Feature", "properties": {"name": "Path 556374243", "difficulty": "intermediate", "area": "Medicine Hat", "osm_id": 556374243, "highway": "path"}, "geometry": {"type": "LineString", "coordinates": [[-110.652392, 50.0376426], [-110.6525075, 50.0376213], [-110.6526397, 50.037593], [-110.6527793, 50.0375458], [-110.6528806, 50.0374892], [-110.652979, 50.0374194], [-110.6530672, 50.0373354], [-110.653098, 50.0372109]]}}, {"type": "Feature", "properties": {"name": "Path 556374244", "difficulty": "intermediate", "area": "Medicine Hat", "osm_id": 556374244, "highway": "path"}, "geometry": {"type": "LineString", "coordinates": [[-110.6527793, 50.0375458], [-110.6528748, 50.037642], [-110.6529817, 50.0376849], [-110.6531598, 50.0377078], [-110.6534314, 50.0377049], [-110.6537921, 50.0376706], [-110.6542685, 50.0375991], [-110.6544689, 50.0375476], [-110.6546068, 50.037488], [-110.6546743, 50.0374207]]}}, {"type": "Feature", "properties": {"name": "Path 556374246", "difficulty": "intermediate", "area": "Medicine Hat", "osm_id": 556374246, "highway": "path"}, "geometry": {"type": "LineString", "coordinates": [[-110.6506231, 50.037381], [-110.6509001, 50.037452], [-110.6513426, 50.0375652], [-110.6515011, 50.0376066], [-110.6516523, 50.0376161], [-110.651799, 50.0375993], [-110.6520785, 50.0375701], [-110.6523155, 50.0375492]]}}, {"type": "Feature", "properties": {"name": "Path 556374247", "difficulty": "intermediate", "area": "Medicine Hat", "osm_id": 556374247, "highway": "cycleway"}, "geometry": {"type": "LineString", "coordinates": [[-110.6492801, 50.0371198], [-110.6490757, 50.0370334], [-110.6490301, 50.0369954], [-110.6490214, 50.0369531], [-110.6490442, 50.0369087], [-110.6490868, 50.0368813], [-110.649191, 50.0368593], [-110.6493213, 50.0368377], [-110.6493896, 50.0368076], [-110.6494303, 50.0367419], [-110.6494675, 50.036674]]}}, {"type": "Feature", "properties": {"name": "Path 556374252", "difficulty": "intermediate", "area": "Medicine Hat", "osm_id": 556374252, "highway": "cycleway"}, "geometry": {"type": "LineString", "coordinates": [[-110.64906, 50.0354254], [-110.6490647, 50.03526], [-110.649072, 50.0352314], [-110.6490966, 50.0352098], [-110.6491283, 50.0351887], [-110.6492986, 50.0350935], [-110.6493858, 50.0350252], [-110.6494602, 50.0349774], [-110.6495601, 50.0349624], [-110.6496239, 50.0349747], [-110.6497174, 50.0350197], [-110.6497897, 50.0350675], [-110.6498938, 50.0350935], [-110.6499682, 50.0350976], [-110.6500448, 50.0350784], [-110.6500979, 50.0350402], [-110.6501489, 50.0349801], [-110.6501574, 50.034931], [-110.6501277, 50.0348764], [-110.6500193, 50.0347958], [-110.6498853, 50.0347357], [-110.6497472, 50.0346893], [-110.6496536, 50.034662], [-110.6495495, 50.034621], [-110.6494666, 50.0345664], [-110.6493879, 50.034535], [-110.6488033, 50.0344148], [-110.6486906, 50.0344094], [-110.6486056, 50.0343889], [-110.6484164, 50.034322], [-110.6483037, 50.0342742], [-110.6481741, 50.0342264], [-110.6480054, 50.0341761], [-110.6479208, 50.034104], [-110.6478839, 50.0340465], [-110.6478317, 50.0340133], [-110.647775, 50.0339945]]}}, {"type": "Feature", "properties": {"name": "Path 556828122", "difficulty": "intermediate", "area": "Medicine Hat", "osm_id": 556828122, "highway": "cycleway"}, "geometry": {"type": "LineString", "coordinates": [[-110.6867546, 49.9949811], [-110.6860774, 49.9949818]]}}, {"type": "Feature", "properties": {"name": "Path 556840415", "difficulty": "intermediate", "area": "Medicine Hat", "osm_id": 556840415, "highway": "cycleway"}, "geometry": {"type": "LineString", "coordinates": [[-110.6656948, 50.0011797], [-110.6656999, 50.0016635]]}}, {"type": "Feature", "properties": {"name": "Path 556840416", "difficulty": "intermediate", "area": "Medicine Hat", "osm_id": 556840416, "highway": "path"}, "geometry": {"type": "LineString", "coordinates": [[-110.6689718, 50.0007318], [-110.6689493, 50.0006647], [-110.6687923, 50.0001953]]}}, {"type": "Feature", "properties": {"name": "Path 556960984", "difficulty": "intermediate", "area": "Redcliff", "osm_id": 556960984, "highway": "cycleway"}, "geometry": {"type": "LineString", "coordinates": [[-110.7878332, 50.0525059], [-110.7879662, 50.0521221], [-110.7880377, 50.051935]]}}, {"type": "Feature", "properties": {"name": "Path 556960989", "difficulty": "intermediate", "area": "Redcliff", "osm_id": 556960989, "highway": "path"}, "geometry": {"type": "LineString", "coordinates": [[-110.7888273, 50.0520021], [-110.7887621, 50.0520153], [-110.7887319, 50.0520258], [-110.7886877, 50.0520511], [-110.7886401, 50.0520973], [-110.788604, 50.0521472], [-110.7885323, 50.0522615], [-110.7884739, 50.0523592], [-110.7884049, 50.0524194], [-110.7883005, 50.0524819], [-110.7881642, 50.0525194], [-110.788005, 50.0525512], [-110.7877103, 50.0526191]]}}, {"type": "Feature", "properties": {"name": "Path 565110936", "difficulty": "intermediate", "area": "Redcliff", "osm_id": 565110936, "highway": "path"}, "geometry": {"type": "LineString", "coordinates": [[-110.7914916, 50.069255], [-110.7917027, 50.0692467]]}}, {"type": "Feature", "properties": {"name": "Path 565138630", "difficulty": "intermediate", "area": "Redcliff", "osm_id": 565138630, "highway": "path"}, "geometry": {"type": "LineString", "coordinates": [[-110.780379, 50.0761043], [-110.7802436, 50.0761037], [-110.7796011, 50.0761054]]}}, {"type": "Feature", "properties": {"name": "Path 565218288", "difficulty": "intermediate", "area": "Redcliff", "osm_id": 565218288, "highway": "path"}, "geometry": {"type": "LineString", "coordinates": [[-110.779188, 50.0625965], [-110.7791939, 50.0626897], [-110.779189, 50.0627196], [-110.7791696, 50.0627432], [-110.7791017, 50.0628185], [-110.7790804, 50.0628354], [-110.7790397, 50.0628416], [-110.7790048, 50.0628472], [-110.7789854, 50.062859], [-110.7788981, 50.0629648], [-110.7789008, 50.0630282], [-110.778901, 50.0630327], [-110.7788958, 50.0631459]]}}, {"type": "Feature", "properties": {"name": "Path 565218298", "difficulty": "intermediate", "area": "Redcliff", "osm_id": 565218298, "highway": "path"}, "geometry": {"type": "LineString", "coordinates": [[-110.7937095, 50.0614034], [-110.7937082, 50.0617024], [-110.7936278, 50.0618367], [-110.7935733, 50.0619776], [-110.7935546, 50.0620981], [-110.7935677, 50.0625306]]}}, {"type": "Feature", "properties": {"name": "Billy Goat", "difficulty": "intermediate", "area": "Redcliff", "osm_id": 565218299, "highway": "path"}, "geometry": {"type": "LineString", "coordinates": [[-110.7846231, 50.0563889], [-110.7845064, 50.0564181], [-110.78454, 50.0564483], [-110.7846875, 50.0564973], [-110.7845158, 50.0565619], [-110.7845869, 50.0565843], [-110.784831, 50.0565809], [-110.7848927, 50.0565964], [-110.7848659, 50.0566575], [-110.7847277, 50.0566962], [-110.784513, 50.056721], [-110.7843066, 50.0567419], [-110.784098, 50.056746], [-110.783894, 50.056737], [-110.783522, 50.056685], [-110.783286, 50.056625], [-110.782851, 50.056598], [-110.782669, 50.05656], [-110.782532, 50.056505], [-110.782271, 50.05631], [-110.782077, 50.056213], [-110.782018, 50.056153], [-110.78203, 50.056068], [-110.7820765, 50.0559923], [-110.7821691, 50.0559545], [-110.7822764, 50.0559768], [-110.7824923, 50.0560638], [-110.7825634, 50.0560371], [-110.7825084, 50.0559863], [-110.7822147, 50.0558804]]}}, {"type": "Feature", "properties": {"name": "DMZ", "difficulty": "intermediate", "area": "Redcliff", "osm_id": 565218300, "highway": "path"}, "geometry": {"type": "LineString", "coordinates": [[-110.765938, 50.05302], [-110.765909, 50.052965], [-110.765909, 50.052859], [-110.765965, 50.052742], [-110.766232, 50.052549], [-110.766327, 50.052405], [-110.766468, 50.052352], [-110.766691, 50.052302], [-110.767045, 50.052261], [-110.767127, 50.052236], [-110.767192, 50.052184], [-110.7674356, 50.0518856], [-110.76704, 50.0521242], [-110.7671959, 50.0519202], [-110.7672138, 50.0517239], [-110.767088, 50.0518548], [-110.767025, 50.051934], [-110.766874, 50.052068], [-110.76677, 50.052101], [-110.766202, 50.052107], [-110.766061, 50.052135], [-110.765897, 50.052198], [-110.765699, 50.052238]]}}, {"type": "Feature", "properties": {"name": "Path 565226690", "difficulty": "intermediate", "area": "Redcliff", "osm_id": 565226690, "highway": "path"}, "geometry": {"type": "LineString", "coordinates": [[-110.7987116, 50.0703613], [-110.7983975, 50.0704507], [-110.7979384, 50.0704559], [-110.7976669, 50.0701987], [-110.7976173, 50.0701517]]}}, {"type": "Feature", "properties": {"name": "Path 565229597", "difficulty": "intermediate", "area": "Redcliff", "osm_id": 565229597, "highway": "path"}, "geometry": {"type": "LineString", "coordinates": [[-110.7917813, 50.0630218], [-110.7913785, 50.0632375], [-110.7913804, 50.0635795], [-110.7913807, 50.0636299]]}}, {"type": "Feature", "properties": {"name": "Path 565229598", "difficulty": "intermediate", "area": "Redcliff", "osm_id": 565229598, "highway": "path"}, "geometry": {"type": "LineString", "coordinates": [[-110.7913785, 50.0632375], [-110.7911063, 50.0630227]]}}, {"type": "Feature", "properties": {"name": "Path 568603955", "difficulty": "intermediate", "area": "Redcliff", "osm_id": 568603955, "highway": "path"}, "geometry": {"type": "LineString", "coordinates": [[-110.7862554, 50.0755055], [-110.7861352, 50.0755049], [-110.7855406, 50.0755075], [-110.7854817, 50.0755078], [-110.7854433, 50.0755079], [-110.7849184, 50.0755102], [-110.784807, 50.0755099]]}}, {"type": "Feature", "properties": {"name": "Path 568603956", "difficulty": "intermediate", "area": "Redcliff", "osm_id": 568603956, "highway": "path"}, "geometry": {"type": "LineString", "coordinates": [[-110.7855406, 50.0755075], [-110.786108, 50.0759588], [-110.7861454, 50.0759818], [-110.7861474, 50.075983]]}}, {"type": "Feature", "properties": {"name": "Path 568603957", "difficulty": "intermediate", "area": "Redcliff", "osm_id": 568603957, "highway": "path"}, "geometry": {"type": "LineString", "coordinates": [[-110.7854817, 50.0755078], [-110.7849214, 50.0759704], [-110.7849159, 50.0759796]]}}, {"type": "Feature", "properties": {"name": "Path 568603958", "difficulty": "intermediate", "area": "Redcliff", "osm_id": 568603958, "highway": "path"}, "geometry": {"type": "LineString", "coordinates": [[-110.7854433, 50.0755079], [-110.7849117, 50.0751093], [-110.784801, 50.0750177]]}}, {"type": "Feature", "properties": {"name": "Path 594421079", "difficulty": "intermediate", "area": "Medicine Hat", "osm_id": 594421079, "highway": "path"}, "geometry": {"type": "LineString", "coordinates": [[-110.6789148, 50.0417066], [-110.6788055, 50.0415509], [-110.6785361, 50.0411669], [-110.6784771, 50.0410828]]}}, {"type": "Feature", "properties": {"name": "Path 594421080", "difficulty": "intermediate", "area": "Medicine Hat", "osm_id": 594421080, "highway": "path"}, "geometry": {"type": "LineString", "coordinates": [[-110.6803702, 50.0409443], [-110.6800615, 50.0405775]]}}, {"type": "Feature", "properties": {"name": "Path 594421081", "difficulty": "intermediate", "area": "Medicine Hat", "osm_id": 594421081, "highway": "path"}, "geometry": {"type": "LineString", "coordinates": [[-110.6803702, 50.0409443], [-110.6803237, 50.04096], [-110.6799456, 50.0410978], [-110.6798017, 50.041144]]}}, {"type": "Feature", "properties": {"name": "Path 594421083", "difficulty": "intermediate", "area": "Medicine Hat", "osm_id": 594421083, "highway": "path"}, "geometry": {"type": "LineString", "coordinates": [[-110.679519, 50.0407744], [-110.6798017, 50.041144], [-110.6798987, 50.041277]]}}, {"type": "Feature", "properties": {"name": "Path 594421084", "difficulty": "intermediate", "area": "Medicine Hat", "osm_id": 594421084, "highway": "path"}, "geometry": {"type": "LineString", "coordinates": [[-110.6803237, 50.04096], [-110.6804225, 50.0410994]]}}, {"type": "Feature", "properties": {"name": "Path 594421086", "difficulty": "intermediate", "area": "Medicine Hat", "osm_id": 594421086, "highway": "path"}, "geometry": {"type": "LineString", "coordinates": [[-110.6804225, 50.0410994], [-110.6800436, 50.0412241], [-110.6798987, 50.041277], [-110.6790882, 50.0415657], [-110.6788971, 50.0415225], [-110.6788055, 50.0415509]]}}, {"type": "Feature", "properties": {"name": "Path 594421087", "difficulty": "intermediate", "area": "Medicine Hat", "osm_id": 594421087, "highway": "path"}, "geometry": {"type": "LineString", "coordinates": [[-110.679074, 50.0412576], [-110.6787838, 50.0411201], [-110.6785361, 50.0411669]]}}, {"type": "Feature", "properties": {"name": "Path 594421088", "difficulty": "intermediate", "area": "Medicine Hat", "osm_id": 594421088, "highway": "path"}, "geometry": {"type": "LineString", "coordinates": [[-110.6799456, 50.0410978], [-110.6800436, 50.0412241]]}}, {"type": "Feature", "properties": {"name": "Path 631175939", "difficulty": "intermediate", "area": "Cypress Hills / Elkwater", "osm_id": 631175939, "highway": "path"}, "geometry": {"type": "LineString", "coordinates": [[-110.2941061, 49.6590622], [-110.2938424, 49.6592016], [-110.2936432, 49.6593123], [-110.2932986, 49.6595041], [-110.2931343, 49.6595957], [-110.2931102, 49.6596063], [-110.2929358, 49.6596826], [-110.292807, 49.6597399]]}}, {"type": "Feature", "properties": {"name": "Path 631175940", "difficulty": "intermediate", "area": "Cypress Hills / Elkwater", "osm_id": 631175940, "highway": "path"}, "geometry": {"type": "LineString", "coordinates": [[-110.2931102, 49.6596063], [-110.2931182, 49.6596921], [-110.2931369, 49.6597754], [-110.2931718, 49.6598458], [-110.2931825, 49.6599786], [-110.2931812, 49.6600802], [-110.2931946, 49.6601383], [-110.2932201, 49.6601965], [-110.2932201, 49.6602394], [-110.2932268, 49.660285], [-110.2932328, 49.6603376], [-110.2932911, 49.6604396]]}}, {"type": "Feature", "properties": {"name": "Trans Canada Trail", "difficulty": "intermediate", "area": "Cypress Hills / Elkwater", "osm_id": 631175941, "highway": "path"}, "geometry": {"type": "LineString", "coordinates": [[-110.2904421, 49.6615829], [-110.2906934, 49.6616567], [-110.2908571, 49.6617383], [-110.2909053, 49.6617678], [-110.2910099, 49.6617834], [-110.2911682, 49.6617955], [-110.2912721, 49.6618082], [-110.2913533, 49.6618181], [-110.2915866, 49.6618754], [-110.2918039, 49.6619327], [-110.2919407, 49.6620004], [-110.2921553, 49.6621011], [-110.2922143, 49.6621289], [-110.2923055, 49.6621497], [-110.2924154, 49.6621584], [-110.2925173, 49.6621584], [-110.2925844, 49.6621688], [-110.2926595, 49.6621949], [-110.2927587, 49.6622556], [-110.2928124, 49.6622869], [-110.2929143, 49.6623129], [-110.2930028, 49.6623242], [-110.2931477, 49.6623589], [-110.2933301, 49.6624388], [-110.2934534, 49.6625169], [-110.2935473, 49.662602], [-110.2936841, 49.6626888], [-110.2938021, 49.6627635], [-110.2939604, 49.6628329], [-110.2941025, 49.662885], [-110.2943117, 49.6629301], [-110.2944834, 49.6629596], [-110.2946953, 49.6629649], [-110.2949287, 49.6629388], [-110.2950735, 49.6628937], [-110.2952505, 49.6628034], [-110.2954785, 49.6626576], [-110.2956958, 49.6625135], [-110.2959372, 49.6623659], [-110.2961517, 49.6622704], [-110.2962161, 49.6622357], [-110.2962805, 49.6622305], [-110.2963556, 49.662253], [-110.2966453, 49.6623346], [-110.2968736, 49.6623919], [-110.297161, 49.6624448]]}}, {"type": "Feature", "properties": {"name": "Path 631175942", "difficulty": "intermediate", "area": "Cypress Hills / Elkwater", "osm_id": 631175942, "highway": "path"}, "geometry": {"type": "LineString", "coordinates": [[-110.291725, 49.6613864], [-110.2916138, 49.6614856], [-110.2914556, 49.6615915], [-110.2913375, 49.6616853], [-110.2912721, 49.6618082]]}}, {"type": "Feature", "properties": {"name": "Trans Canada Trail", "difficulty": "intermediate", "area": "Cypress Hills / Elkwater", "osm_id": 631175943, "highway": "path"}, "geometry": {"type": "LineString", "coordinates": [[-110.2891022, 49.6615789], [-110.288827, 49.6616106], [-110.2886312, 49.6616488], [-110.2881859, 49.6617157], [-110.287443, 49.6617799], [-110.2865364, 49.6618702], [-110.2860697, 49.6619032], [-110.2857639, 49.6618997], [-110.285442, 49.6618824], [-110.2851175, 49.6618494], [-110.2849163, 49.6618355], [-110.2847956, 49.6618355], [-110.2846722, 49.6618598], [-110.2843745, 49.6619709], [-110.2841626, 49.6620647], [-110.2839776, 49.6621584], [-110.2838166, 49.6622123], [-110.2835913, 49.6622643], [-110.2832694, 49.6623268], [-110.2828805, 49.6624171], [-110.2827545, 49.6624623], [-110.2825613, 49.6625682], [-110.2823977, 49.6627053], [-110.2822583, 49.6628303], [-110.2821597, 49.6629138]]}}, {"type": "Feature", "properties": {"name": "Trans Canada Trail", "difficulty": "intermediate", "area": "Cypress Hills / Elkwater", "osm_id": 631414139, "highway": "path"}, "geometry": {"type": "LineString", "coordinates": [[-110.3117643, 49.6641497], [-110.3116055, 49.6642083], [-110.3114915, 49.6640885], [-110.311339, 49.6639147], [-110.3111432, 49.6637445], [-110.3109984, 49.6636334], [-110.310757, 49.6635032], [-110.3105344, 49.663432], [-110.3102152, 49.6633713], [-110.3100462, 49.6633643], [-110.3099309, 49.6634025], [-110.309778, 49.6634424], [-110.3096428, 49.6634698], [-110.3094819, 49.6634421], [-110.3090742, 49.6633466], [-110.3087148, 49.6632954], [-110.3083531, 49.6633067], [-110.3081586, 49.6633249], [-110.3075591, 49.6632979], [-110.3071997, 49.6632892], [-110.3067357, 49.6632493], [-110.3064648, 49.6632597], [-110.3063629, 49.6633222], [-110.3060638, 49.6633222], [-110.3059216, 49.6633127], [-110.3055515, 49.6631642], [-110.3052778, 49.6630583], [-110.3051437, 49.6630323], [-110.3049814, 49.6630522], [-110.30474, 49.6631191], [-110.3045643, 49.6631825], [-110.3044583, 49.6632736], [-110.3042988, 49.6633899], [-110.304189, 49.6634437], [-110.3040509, 49.6634672], [-110.3034407, 49.6635358]]}}, {"type": "Feature", "properties": {"name": "Trans Canada Trail", "difficulty": "intermediate", "area": "Cypress Hills / Elkwater", "osm_id": 631414140, "highway": "path"}, "geometry": {"type": "LineString", "coordinates": [[-110.3007796, 49.6625795], [-110.3009141, 49.6626633], [-110.301075, 49.6627866], [-110.3012547, 49.6628925], [-110.3014103, 49.6629759], [-110.301598, 49.662995], [-110.3018528, 49.6630696], [-110.3020862, 49.6631842], [-110.3023276, 49.6632397], [-110.3025824, 49.6632606], [-110.3027674, 49.6632797], [-110.3029659, 49.66337], [-110.3030973, 49.6634394], [-110.3032878, 49.6635019], [-110.3034407, 49.6635358]]}}, {"type": "Feature", "properties": {"name": "Path 631414141", "difficulty": "intermediate", "area": "Cypress Hills / Elkwater", "osm_id": 631414141, "highway": "path"}, "geometry": {"type": "LineString", "coordinates": [[-110.3117643, 49.6641497], [-110.3120251, 49.6640323], [-110.3124328, 49.6638483], [-110.3125164, 49.6637981], [-110.31276, 49.6637151], [-110.3127868, 49.6637215], [-110.3128351, 49.6637528], [-110.312988, 49.6638344], [-110.3130336, 49.6638535], [-110.3130792, 49.6638361], [-110.3130765, 49.6637979], [-110.3129665, 49.6636165], [-110.3128271, 49.6634021], [-110.3128002, 49.6633795], [-110.3127305, 49.6633404], [-110.3126634, 49.6633066], [-110.3125079, 49.6632901], [-110.3122356, 49.6632719], [-110.3120948, 49.6632684], [-110.3119352, 49.6632536], [-110.3117944, 49.6632137], [-110.311668, 49.6631717]]}}, {"type": "Feature", "properties": {"name": "Trans Canada Trail", "difficulty": "intermediate", "area": "Cypress Hills / Elkwater", "osm_id": 631444012, "highway": "path"}, "geometry": {"type": "LineString", "coordinates": [[-110.2763186, 49.6636774], [-110.2761242, 49.6636557], [-110.2757366, 49.663634], [-110.2755807, 49.6636109], [-110.275353, 49.6635689], [-110.2752391, 49.6635568], [-110.2751198, 49.6635565], [-110.2749648, 49.6635808], [-110.274543, 49.6637043], [-110.274423, 49.6637319], [-110.2743258, 49.6637451], [-110.2742305, 49.6637382], [-110.274136, 49.663711], [-110.2740428, 49.6636662], [-110.2738403, 49.6636167], [-110.2737102, 49.6635958], [-110.2736284, 49.6635776], [-110.2735801, 49.6635438], [-110.273556, 49.66347]]}}, {"type": "Feature", "properties": {"name": "Path 631444013", "difficulty": "intermediate", "area": "Cypress Hills / Elkwater", "osm_id": 631444013, "highway": "path"}, "geometry": {"type": "LineString", "coordinates": [[-110.274543, 49.6637043], [-110.2746704, 49.663884], [-110.2745886, 49.6639925]]}}, {"type": "Feature", "properties": {"name": "Path 631444016", "difficulty": "intermediate", "area": "Cypress Hills / Elkwater", "osm_id": 631444016, "highway": "path"}, "geometry": {"type": "LineString", "coordinates": [[-110.280321, 49.6639679], [-110.2803742, 49.6638239], [-110.2804707, 49.6636616], [-110.2805579, 49.6635696]]}}, {"type": "Feature", "properties": {"name": "Path 631444017", "difficulty": "intermediate", "area": "Cypress Hills / Elkwater", "osm_id": 631444017, "highway": "path"}, "geometry": {"type": "LineString", "coordinates": [[-110.280321, 49.6639679], [-110.2802206, 49.6639209], [-110.280086, 49.6639185], [-110.2799192, 49.6639034], [-110.2798214, 49.6638809], [-110.2797056, 49.6638401], [-110.2796267, 49.663808], [-110.2794798, 49.6637524]]}}, {"type": "Feature", "properties": {"name": "Path 676027037", "difficulty": "intermediate", "area": "Medicine Hat", "osm_id": 676027037, "highway": "cycleway"}, "geometry": {"type": "LineString", "coordinates": [[-110.6935387, 50.0192744], [-110.6927356, 50.0196246]]}}, {"type": "Feature", "properties": {"name": "Path 676027038", "difficulty": "intermediate", "area": "Medicine Hat", "osm_id": 676027038, "highway": "cycleway"}, "geometry": {"type": "LineString", "coordinates": [[-110.6927356, 50.0196246], [-110.6923787, 50.0197799]]}}, {"type": "Feature", "properties": {"name": "Path 687000016", "difficulty": "intermediate", "area": "Medicine Hat", "osm_id": 687000016, "highway": "cycleway"}, "geometry": {"type": "LineString", "coordinates": [[-110.6562859, 50.0439213], [-110.6562577, 50.0439033], [-110.656249, 50.0438843], [-110.6562403, 50.0438351], [-110.6562314, 50.0437751], [-110.656238, 50.043732], [-110.6562927, 50.0436624], [-110.656314, 50.0435989], [-110.6562811, 50.0435079], [-110.656196, 50.0434137], [-110.656198, 50.0432853], [-110.6562025, 50.043031], [-110.6560079, 50.0427802], [-110.6559686, 50.0426623], [-110.6558072, 50.0425084], [-110.6556409, 50.0422948], [-110.6556067, 50.0421943], [-110.6555725, 50.0420623], [-110.6554502, 50.0418456], [-110.6553671, 50.0417074], [-110.6550964, 50.0414476]]}}, {"type": "Feature", "properties": {"name": "Path 687000017", "difficulty": "intermediate", "area": "Medicine Hat", "osm_id": 687000017, "highway": "cycleway"}, "geometry": {"type": "LineString", "coordinates": [[-110.6562259, 50.0423062], [-110.6563763, 50.0424306], [-110.6564966, 50.0425556], [-110.6566028, 50.0426977], [-110.6566684, 50.0428139]]}}, {"type": "Feature", "properties": {"name": "Path 687000018", "difficulty": "intermediate", "area": "Medicine Hat", "osm_id": 687000018, "highway": "path"}, "geometry": {"type": "LineString", "coordinates": [[-110.6519284, 50.0365444], [-110.6517617, 50.0366172], [-110.6515076, 50.0367402], [-110.6514064, 50.0368128], [-110.6513319, 50.0368969], [-110.6512861, 50.036948], [-110.6512114, 50.0370201], [-110.6511265, 50.0370915]]}}, {"type": "Feature", "properties": {"name": "Path 687000019", "difficulty": "intermediate", "area": "Medicine Hat", "osm_id": 687000019, "highway": "cycleway"}, "geometry": {"type": "LineString", "coordinates": [[-110.6492688, 50.0354693], [-110.6491511, 50.0354382], [-110.64906, 50.0354254], [-110.6489866, 50.0354178]]}}, {"type": "Feature", "properties": {"name": "Path 687000020", "difficulty": "intermediate", "area": "Medicine Hat", "osm_id": 687000020, "highway": "cycleway"}, "geometry": {"type": "LineString", "coordinates": [[-110.647495, 50.037054], [-110.647553, 50.0370056], [-110.6477013, 50.0369075]]}}, {"type": "Feature", "properties": {"name": "Path 687000021", "difficulty": "intermediate", "area": "Medicine Hat", "osm_id": 687000021, "highway": "path"}, "geometry": {"type": "LineString", "coordinates": [[-110.6432433, 50.0361035], [-110.64323, 50.0360944], [-110.6432155, 50.0360633], [-110.6432252, 50.0360365], [-110.6432465, 50.0360172], [-110.6432833, 50.0360054], [-110.643323, 50.0360079], [-110.6433542, 50.0360237], [-110.6434971, 50.036098]]}}, {"type": "Feature", "properties": {"name": "Strathcona Island Park Trails", "difficulty": "intermediate", "area": "Medicine Hat", "osm_id": 687000022, "highway": "cycleway"}, "geometry": {"type": "LineString", "coordinates": [[-110.6502809, 50.037976], [-110.6502331, 50.0381248], [-110.650342, 50.0383014], [-110.6504734, 50.0384994], [-110.6506448, 50.0386178], [-110.6507791, 50.0387038], [-110.6510158, 50.0387528], [-110.6512193, 50.0388615], [-110.6514355, 50.0390069], [-110.651681, 50.0391223], [-110.6518875, 50.0392015], [-110.6520668, 50.0393214], [-110.6522545, 50.0393921], [-110.65243, 50.0394376], [-110.652676, 50.0394657], [-110.6527355, 50.0394883], [-110.6528347, 50.0395439], [-110.6529067, 50.03961], [-110.6529615, 50.0397095], [-110.6530162, 50.0397636], [-110.6532546, 50.0398917], [-110.6533846, 50.0400132], [-110.6534604, 50.0400615], [-110.6535263, 50.0400978], [-110.6536181, 50.0401481], [-110.6538773, 50.0403791], [-110.654034, 50.0405305], [-110.6541365, 50.04064], [-110.65423, 50.0407441], [-110.6543054, 50.0407886], [-110.6543674, 50.0408265], [-110.6543916, 50.0408783], [-110.6544144, 50.0409422], [-110.6544345, 50.0409834], [-110.6544818, 50.0410107], [-110.6545127, 50.041038], [-110.6545932, 50.0411507], [-110.6546524, 50.0412466], [-110.6547142, 50.0412989], [-110.6547557, 50.0413233], [-110.6548243, 50.0413443], [-110.6549877, 50.0414002], [-110.6550964, 50.0414476], [-110.6551565, 50.0414153], [-110.6553677, 50.041343], [-110.6555359, 50.0413464], [-110.6556669, 50.0414112], [-110.6558298, 50.0415177]]}}, {"type": "Feature", "properties": {"name": "Path 689402493", "difficulty": "intermediate", "area": "Medicine Hat", "osm_id": 689402493, "highway": "path"}, "geometry": {"type": "LineString", "coordinates": [[-110.6918764, 50.0586325], [-110.6911679, 50.0584954], [-110.6909645, 50.0584813], [-110.6908451, 50.0584889], [-110.690798, 50.0585003], [-110.6907773, 50.0585173], [-110.6907051, 50.0587217], [-110.6907051, 50.058751], [-110.6907095, 50.0587737], [-110.6908304, 50.0588957], [-110.6908336, 50.0589163]]}}, {"type": "Feature", "properties": {"name": "Mr Burnside", "difficulty": "easy", "area": "Medicine Hat", "osm_id": 739509123, "highway": "path"}, "geometry": {"type": "LineString", "coordinates": [[-110.747815, 50.0504153], [-110.7477809, 50.0504304], [-110.7477581, 50.0504473], [-110.7477413, 50.0504695], [-110.7477311, 50.0504943], [-110.7477286, 50.0505204], [-110.7477316, 50.0505429], [-110.7477636, 50.0506046], [-110.7477855, 50.0506252], [-110.7478145, 50.0506405], [-110.7478439, 50.0506522], [-110.7478663, 50.0506617], [-110.747879, 50.0506692], [-110.7478892, 50.0506826], [-110.7479029, 50.0506999], [-110.7479192, 50.050711], [-110.7479425, 50.0507208], [-110.7480071, 50.0507511], [-110.7480325, 50.0507678], [-110.7480518, 50.050789], [-110.7480823, 50.0508229], [-110.7481097, 50.0508441], [-110.7481417, 50.0508634], [-110.7481732, 50.0508781], [-110.7482053, 50.0508914], [-110.7482286, 50.0509097], [-110.7482601, 50.0509332], [-110.7482891, 50.0509593], [-110.7483125, 50.0509753], [-110.7483491, 50.0509965], [-110.7483974, 50.0510268], [-110.7484202, 50.0510435], [-110.7484782, 50.0510751], [-110.7485112, 50.0510888], [-110.7485529, 50.0511012], [-110.7485833, 50.0511127], [-110.7486082, 50.0511251], [-110.7486372, 50.0511473], [-110.7486728, 50.0511783], [-110.7487155, 50.0512223], [-110.7487292, 50.0512389], [-110.7487394, 50.0512657], [-110.7487536, 50.051281], [-110.748778, 50.0513039], [-110.748812, 50.0513195], [-110.7488857, 50.051344], [-110.7489137, 50.0513522], [-110.748968, 50.0513688], [-110.7489995, 50.0513796], [-110.7490189, 50.0513907], [-110.7490311, 50.0514024], [-110.7490504, 50.0514259], [-110.7490834, 50.0514471], [-110.7491032, 50.0514657], [-110.7491195, 50.0514892], [-110.749119, 50.0515088], [-110.7491139, 50.0515362], [-110.7491149, 50.0515476], [-110.7491185, 50.0515607], [-110.7491195, 50.0515721], [-110.7491083, 50.0515829], [-110.7490839, 50.0515943], [-110.7490458, 50.0516103], [-110.7490229, 50.0516184], [-110.7489863, 50.0516204], [-110.7489569, 50.0516142], [-110.7489228, 50.051608], [-110.7488933, 50.051609], [-110.7488593, 50.0516122], [-110.7488258, 50.0516224], [-110.7488008, 50.0516351], [-110.7487658, 50.0516573], [-110.7487449, 50.0516808], [-110.7487328, 50.0516994], [-110.7487231, 50.0517229], [-110.7487221, 50.051748], [-110.7487241, 50.0517672], [-110.7487292, 50.0517849], [-110.7487267, 50.0518064], [-110.7487129, 50.0518374], [-110.7486957, 50.0518716], [-110.7486906, 50.0518925], [-110.7486911, 50.0519265], [-110.748687, 50.0519555], [-110.7486921, 50.051978], [-110.7486906, 50.0519983], [-110.7486804, 50.0520293], [-110.7486636, 50.0520567], [-110.7486438, 50.0520772], [-110.7486143, 50.0520935], [-110.7485839, 50.052101], [-110.7485473, 50.0521046], [-110.7485234, 50.0521098], [-110.7485015, 50.0521255], [-110.74847, 50.0521422], [-110.748439, 50.0521559], [-110.7484141, 50.0521705], [-110.7483852, 50.0521904], [-110.7483597, 50.0522038], [-110.7483343, 50.0522103], [-110.7483171, 50.0522126], [-110.7482977, 50.0522094], [-110.748281, 50.0522032], [-110.7482708, 50.0521944], [-110.7482596, 50.052182], [-110.748252, 50.0521692], [-110.748251, 50.05215], [-110.7482601, 50.052118], [-110.7482662, 50.0520994], [-110.7482759, 50.0520684], [-110.7482754, 50.052057], [-110.7482734, 50.0520426], [-110.7482688, 50.0520237], [-110.7482647, 50.0520107], [-110.7482586, 50.0519937], [-110.74825, 50.0519552], [-110.748252, 50.0519444], [-110.7482591, 50.0519088], [-110.7482749, 50.0518733], [-110.7482764, 50.0518331], [-110.7482744, 50.0518237], [-110.74825, 50.0517963], [-110.7482388, 50.0517803], [-110.7482327, 50.0517663], [-110.7482261, 50.0517454], [-110.7482261, 50.0517114], [-110.7482195, 50.0516837], [-110.7482088, 50.0516677], [-110.7481778, 50.0516328], [-110.7481595, 50.0515982], [-110.7481499, 50.0515695], [-110.7481265, 50.0515431], [-110.7480909, 50.0515264], [-110.7480609, 50.0515166], [-110.7480264, 50.051515], [-110.7479842, 50.0515134], [-110.7479466, 50.0515104], [-110.7479166, 50.0515033], [-110.7478887, 50.0514948], [-110.7478688, 50.0514948], [-110.7478389, 50.0515003], [-110.7478124, 50.051501], [-110.7477824, 50.0514951], [-110.7477586, 50.0514925], [-110.7477352, 50.0514951], [-110.7477133, 50.0515055], [-110.7476961, 50.0515186], [-110.7476646, 50.0515277], [-110.7476391, 50.051531], [-110.7476188, 50.0515343], [-110.7475944, 50.0515467], [-110.747571, 50.0515545], [-110.7475334, 50.0515555], [-110.7474969, 50.0515551], [-110.747413, 50.0515577], [-110.7473408, 50.0515577], [-110.7473048, 50.05156], [-110.7472748, 50.0515551], [-110.7472468, 50.051547], [-110.7472234, 50.0515418], [-110.7472011, 50.0515431], [-110.7471762, 50.0515519], [-110.7471579, 50.0515607], [-110.7471462, 50.0515734], [-110.747134, 50.0515936], [-110.7471172, 50.0516217], [-110.7471055, 50.0516468], [-110.747105, 50.0516706], [-110.7471147, 50.0516932], [-110.7471284, 50.051714], [-110.7471437, 50.0517339], [-110.7471467, 50.0517483], [-110.7471406, 50.0517627], [-110.7471284, 50.0517783], [-110.7471045, 50.051792], [-110.7470791, 50.0518002], [-110.7470552, 50.0518035], [-110.7470425, 50.0518087], [-110.7470268, 50.0518201], [-110.7470039, 50.0518345], [-110.7469846, 50.0518449], [-110.7469526, 50.0518504], [-110.7469175, 50.0518553], [-110.7468819, 50.0518586], [-110.7468515, 50.0518619], [-110.746823, 50.0518625], [-110.7467976, 50.0518599], [-110.7467798, 50.051855], [-110.7467671, 50.0518488], [-110.7467569, 50.0518403], [-110.7467468, 50.0518286], [-110.7467412, 50.0518136], [-110.7467356, 50.0517979], [-110.7467264, 50.0517881], [-110.7467041, 50.051777], [-110.7466934, 50.0517679], [-110.7466782, 50.0517434], [-110.74667, 50.0517323], [-110.7466609, 50.0517248], [-110.7466487, 50.0517189], [-110.7466304, 50.0517085], [-110.7466187, 50.0517], [-110.7466111, 50.0516909], [-110.746603, 50.0516762], [-110.7465877, 50.0516576], [-110.7465775, 50.0516488], [-110.7465572, 50.0516354], [-110.746512, 50.0516188], [-110.7464749, 50.0516024], [-110.7464439, 50.0515891], [-110.74642, 50.0515747], [-110.746387, 50.0515525], [-110.7463514, 50.0515323], [-110.746327, 50.0515153], [-110.7463082, 50.0514918], [-110.7462899, 50.0514726], [-110.7462584, 50.0514569], [-110.7462249, 50.0514344], [-110.7462096, 50.0514168], [-110.746205, 50.0513952], [-110.7462106, 50.0513783], [-110.7462244, 50.0513483], [-110.7462213, 50.0513022], [-110.7462254, 50.0512892], [-110.7462498, 50.0512507], [-110.7462543, 50.0512363], [-110.7462554, 50.0512187], [-110.7462594, 50.0511688], [-110.746266, 50.0511531], [-110.746266, 50.0511202], [-110.7462681, 50.0511071], [-110.7462711, 50.0510947], [-110.7462676, 50.0510823], [-110.7462584, 50.0510683], [-110.7462457, 50.0510552], [-110.7462208, 50.0510435], [-110.7461934, 50.0510327], [-110.7461715, 50.0510206], [-110.7461517, 50.0510079], [-110.7461324, 50.051002], [-110.7461075, 50.0510034], [-110.7460811, 50.0510109], [-110.746048, 50.0510216], [-110.7460114, 50.0510337], [-110.7459804, 50.0510366], [-110.7459596, 50.0510425], [-110.7459388, 50.0510539], [-110.7459134, 50.0510699], [-110.7458798, 50.0510918], [-110.7458534, 50.0511061], [-110.7458356, 50.0511133], [-110.7458132, 50.0511205], [-110.7457934, 50.0511287], [-110.7457726, 50.0511401], [-110.745738, 50.0511456], [-110.7457096, 50.051157], [-110.7456557, 50.0511792], [-110.7456196, 50.0511848], [-110.7455759, 50.0511893], [-110.7455363, 50.0511955], [-110.7455058, 50.0511923], [-110.7454733, 50.0511864], [-110.7454473, 50.0511756], [-110.7454174, 50.0511662], [-110.7453874, 50.0511619], [-110.7453437, 50.0511619], [-110.7452969, 50.0511659], [-110.7452649, 50.0511717], [-110.7452044, 50.0511874], [-110.7451841, 50.0511998], [-110.7451562, 50.0512265], [-110.7451424, 50.0512442], [-110.7451404, 50.051266], [-110.745144, 50.0512768], [-110.7451587, 50.0512951], [-110.7451607, 50.0513088], [-110.7451521, 50.0513329], [-110.7451419, 50.0513456], [-110.745117, 50.0513594], [-110.7450987, 50.0513815], [-110.7450728, 50.0514119], [-110.7450372, 50.0514413], [-110.7450235, 50.0514514], [-110.7450113, 50.051469], [-110.7450027, 50.0514889], [-110.7449788, 50.0515137], [-110.7449539, 50.0515303], [-110.7449244, 50.0515551], [-110.7448955, 50.0515845], [-110.7448553, 50.0516129], [-110.7447953, 50.0516524], [-110.7447359, 50.0516987], [-110.7446957, 50.0517206], [-110.7446703, 50.0517372], [-110.7446602, 50.0517607], [-110.7446597, 50.0517829], [-110.7446683, 50.0518054], [-110.7446851, 50.0518234], [-110.7447049, 50.0518325], [-110.7447283, 50.051839], [-110.7447552, 50.051841], [-110.7447837, 50.0518387], [-110.7448081, 50.051838], [-110.7448289, 50.0518387], [-110.7448518, 50.0518452], [-110.7448711, 50.0518534], [-110.744897, 50.0518553], [-110.7449265, 50.0518524], [-110.7449458, 50.0518511], [-110.7449651, 50.0518527], [-110.7449803, 50.0518566], [-110.7450001, 50.0518648], [-110.745024, 50.051871], [-110.7450444, 50.0518743], [-110.745082, 50.051885], [-110.7451114, 50.0518974], [-110.7451394, 50.0519062], [-110.7451673, 50.0519177], [-110.7451907, 50.051931], [-110.7452049, 50.0519402], [-110.7452268, 50.0519428], [-110.7452492, 50.0519457], [-110.7452735, 50.05195], [-110.7452878, 50.0519588], [-110.7452979, 50.0519682], [-110.7453117, 50.0519829], [-110.7453142, 50.0519989], [-110.7453117, 50.0520133], [-110.745304, 50.052025], [-110.7452863, 50.0520381], [-110.7452735, 50.0520537], [-110.7452659, 50.05207], [-110.7452627, 50.0520884], [-110.7452671, 50.0521049], [-110.7452744, 50.0521214], [-110.7452744, 50.052138], [-110.7452685, 50.0521554], [-110.7452538, 50.052171], [-110.7452332, 50.0521819], [-110.7452068, 50.0521894], [-110.7451803, 50.0521956], [-110.7451641, 50.0522078], [-110.7451641, 50.0522239], [-110.7451796, 50.0522626], [-110.7451987, 50.0522801], [-110.7452229, 50.052291], [-110.7452494, 50.0523023], [-110.7452737, 50.052315], [-110.7452987, 50.052341], [-110.7453141, 50.05235], [-110.7453575, 50.0523731], [-110.7453774, 50.0523868], [-110.7453906, 50.0523996], [-110.7454009, 50.0524156], [-110.7454223, 50.052427], [-110.7454568, 50.0524374], [-110.7454929, 50.052451], [-110.7455061, 50.0524647], [-110.7455686, 50.0525205], [-110.7455804, 50.0525394], [-110.7456142, 50.0525601], [-110.7456878, 50.0526116], [-110.74574, 50.0526569], [-110.7457731, 50.0526858], [-110.7457922, 50.052715], [-110.7458282, 50.0527377], [-110.7458466, 50.0527547], [-110.745865, 50.0527811], [-110.7458819, 50.052792], [-110.7459099, 50.0528151], [-110.7459187, 50.0528336], [-110.7459297, 50.0528633], [-110.7459422, 50.0528813], [-110.7459761, 50.0529096], [-110.7460062, 50.0529493], [-110.7460143, 50.0529941], [-110.7460224, 50.0530409], [-110.7460437, 50.0530815], [-110.7460511, 50.0531254], [-110.7460842, 50.0531632], [-110.7461114, 50.0532], [-110.7461283, 50.0532255], [-110.7461305, 50.0532529], [-110.7461254, 50.053286], [-110.7461217, 50.053319], [-110.746104, 50.0533398], [-110.7460768, 50.0533525], [-110.7460459, 50.053361], [-110.7460195, 50.053361], [-110.745957, 50.0533563], [-110.7458937, 50.053344], [-110.7458599, 50.0533332], [-110.7458304, 50.0533176], [-110.745815, 50.0533049], [-110.7457937, 50.0532883], [-110.7457812, 50.0532775], [-110.7457643, 50.0532524], [-110.7457466, 50.0532255], [-110.7457319, 50.0532028], [-110.7457135, 50.0531887], [-110.7456914, 50.053174], [-110.7456723, 50.0531589], [-110.7456642, 50.0531424], [-110.745648, 50.0531254], [-110.7456289, 50.0531093], [-110.7455833, 50.0530777], [-110.7455671, 50.0530668], [-110.7455429, 50.0530442], [-110.7455208, 50.0530385], [-110.745484, 50.0530267], [-110.745473, 50.0530158], [-110.7454612, 50.0529951], [-110.7454487, 50.0529851], [-110.7454267, 50.052971], [-110.7454127, 50.0529582], [-110.7454046, 50.0529398], [-110.7453892, 50.0529058], [-110.7453686, 50.0528916], [-110.7453487, 50.0528699], [-110.7453266, 50.0528298], [-110.7453127, 50.0528095], [-110.7452877, 50.052792], [-110.7452649, 50.0527788], [-110.7452502, 50.0527613], [-110.7452377, 50.0527405], [-110.7452163, 50.0527249], [-110.7451891, 50.0527103], [-110.7451435, 50.0526782], [-110.7450773, 50.0526688], [-110.7450273, 50.0526532], [-110.7449552, 50.0526513], [-110.7449111, 50.0526442], [-110.7448846, 50.0526466], [-110.7448559, 50.0526565], [-110.7448287, 50.052665], [-110.7447942, 50.0526669], [-110.7447537, 50.0526631], [-110.7447258, 50.0526551], [-110.7446993, 50.0526423], [-110.7446728, 50.0526277], [-110.7446507, 50.0526045], [-110.7446397, 50.0525856], [-110.7446324, 50.0525616], [-110.7446243, 50.052546], [-110.7446081, 50.0525186], [-110.7445956, 50.0525044], [-110.7445728, 50.0524926], [-110.7445507, 50.0524784], [-110.7445316, 50.0524676], [-110.7444838, 50.0524534], [-110.7444463, 50.0524473], [-110.7444294, 50.0524397], [-110.7444147, 50.0524312], [-110.7443838, 50.0524237], [-110.7443463, 50.0524265], [-110.7443139, 50.0524232], [-110.7442881, 50.0524109], [-110.7442668, 50.0523949], [-110.744244, 50.0523745], [-110.7442153, 50.0523585], [-110.7441616, 50.0523434], [-110.7441212, 50.0523302], [-110.7440947, 50.052324], [-110.7440602, 50.0523302], [-110.7439719, 50.0523557], [-110.743941, 50.052358], [-110.7439094, 50.0523637], [-110.7438579, 50.0523797], [-110.7438292, 50.0523835], [-110.7437917, 50.0523807], [-110.7437535, 50.0523764], [-110.7437064, 50.0523826], [-110.7436601, 50.0524], [-110.7436262, 50.0524175], [-110.7436034, 50.052427], [-110.7435659, 50.0524255], [-110.7435137, 50.0524147], [-110.7434644, 50.0524038], [-110.7434416, 50.0523915], [-110.7434254, 50.0523793], [-110.743407, 50.0523642], [-110.7433784, 50.0523472], [-110.7433673, 50.0523353], [-110.7433629, 50.0523179], [-110.7433504, 50.0523047], [-110.74331, 50.0522758], [-110.7433004, 50.0522612], [-110.7432901, 50.0522381], [-110.7432747, 50.0522248], [-110.7431651, 50.0521757], [-110.7431327, 50.0521578], [-110.7431209, 50.0521507], [-110.7430981, 50.0521351], [-110.7430628, 50.0521238], [-110.7429974, 50.0521096], [-110.7429687, 50.0521011], [-110.742943, 50.0520978], [-110.7429194, 50.0521011], [-110.7428981, 50.0521063], [-110.7428746, 50.0521077], [-110.7428503, 50.0521025], [-110.7428341, 50.0520973], [-110.7428084, 50.0520803], [-110.7427584, 50.0520534], [-110.7427348, 50.0520298], [-110.7427223, 50.0520038], [-110.7427076, 50.0519873], [-110.7426775, 50.0519646], [-110.7426649, 50.0519467], [-110.7426414, 50.051916], [-110.7426201, 50.0518957], [-110.7425958, 50.0518825], [-110.742559, 50.0518702], [-110.7425377, 50.0518551], [-110.7425068, 50.0518414], [-110.74247, 50.051839], [-110.7424377, 50.0518414], [-110.7423818, 50.0518367], [-110.7423509, 50.0518452], [-110.742323, 50.0518574], [-110.7422965, 50.0518759], [-110.7422766, 50.0518867], [-110.7422626, 50.0518947], [-110.7422384, 50.0519207], [-110.7422222, 50.0519302], [-110.7421884, 50.0519434], [-110.742156, 50.0519642], [-110.7421413, 50.0519802], [-110.7421236, 50.0520043], [-110.742103, 50.0520256], [-110.7420611, 50.0520563], [-110.7420516, 50.0520704], [-110.742031, 50.0521313], [-110.7420221, 50.0521493], [-110.7420207, 50.0521691], [-110.7420383, 50.0521875], [-110.7420391, 50.0521998], [-110.7419979, 50.0522787], [-110.741942, 50.0523065], [-110.7419361, 50.0523141], [-110.7419273, 50.0523358], [-110.7419192, 50.0523533], [-110.7418978, 50.0523646], [-110.7418567, 50.0523727], [-110.7418294, 50.0523731], [-110.7417949, 50.0523793], [-110.7417618, 50.0523816], [-110.7417199, 50.0523708], [-110.741667, 50.0523662], [-110.741602, 50.0523525], [-110.7415722, 50.0523361], [-110.7415424, 50.0523259], [-110.741469, 50.0523095], [-110.7414339, 50.052291], [-110.7413913, 50.0522869], [-110.741337, 50.0522931], [-110.7412827, 50.0522869], [-110.7412114, 50.0523047], [-110.7411624, 50.0523061], [-110.7411039, 50.0523211], [-110.7409964, 50.0523327], [-110.7409527, 50.0523293], [-110.7408899, 50.0523143], [-110.7408314, 50.0522979], [-110.7407494, 50.0522965], [-110.7407005, 50.052291], [-110.7406419, 50.0522945], [-110.7405951, 50.0522904], [-110.7405546, 50.0522787], [-110.7405025, 50.0522678], [-110.7404439, 50.0522733], [-110.7404024, 50.0522842], [-110.7403524, 50.0523122], [-110.7403077, 50.0523307], [-110.7402715, 50.0523635], [-110.7402428, 50.0523799], [-110.7401842, 50.0523936], [-110.7401491, 50.0524141], [-110.7400884, 50.0524346], [-110.7400629, 50.0524523], [-110.7400384, 50.0524865], [-110.7400192, 50.0525009], [-110.7399809, 50.0525145], [-110.7399245, 50.0525343], [-110.7398447, 50.0525569], [-110.7397723, 50.0526027], [-110.7397318, 50.0526211], [-110.739701, 50.0526451], [-110.7396594, 50.0526628], [-110.7396084, 50.0526717], [-110.7395732, 50.0526792], [-110.7395456, 50.0527038], [-110.7395275, 50.0527326], [-110.7395179, 50.052766], [-110.7395019, 50.05279], [-110.7394668, 50.05282], [-110.7394561, 50.0528378], [-110.7394231, 50.0528679], [-110.7393965, 50.0528815], [-110.7393593, 50.052887], [-110.7393273, 50.0528891], [-110.7392943, 50.0528973], [-110.7392592, 50.0529109], [-110.7392092, 50.0529239], [-110.7391773, 50.0529239], [-110.7391464, 50.0529157], [-110.7391155, 50.0529048], [-110.7390644, 50.0528938], [-110.7390187, 50.0528774], [-110.738992, 50.0528556], [-110.7389686, 50.0528344], [-110.7389441, 50.0528262], [-110.7388909, 50.05282], [-110.7388526, 50.0528077], [-110.7388175, 50.0527879], [-110.7387855, 50.0527804], [-110.7387557, 50.0527736], [-110.7386929, 50.0527421], [-110.7386674, 50.052736], [-110.7386397, 50.0527291], [-110.7386206, 50.0527155], [-110.7386025, 50.0526936], [-110.7385769, 50.0526833], [-110.7385567, 50.0526724], [-110.7385429, 50.0526567], [-110.7385269, 50.0526273], [-110.738512, 50.0526068], [-110.7384864, 50.0525883], [-110.7384492, 50.0525754], [-110.7383747, 50.0525275], [-110.7383364, 50.0525145], [-110.7382629, 50.0524933], [-110.7382108, 50.0524605], [-110.7381309, 50.0524448], [-110.738082, 50.0524264], [-110.7380266, 50.0523888], [-110.7379702, 50.052356], [-110.737917, 50.0523368], [-110.7378925, 50.0523006], [-110.7378616, 50.0522883], [-110.7378361, 50.0522726], [-110.7378063, 50.0522459], [-110.7377786, 50.0521653], [-110.7377701, 50.0521496], [-110.7377222, 50.0521277], [-110.7376849, 50.0521079], [-110.7376562, 50.0521038], [-110.7376115, 50.0521106], [-110.7375646, 50.052125], [-110.7375082, 50.0521564], [-110.7374763, 50.0521926], [-110.7374305, 50.0522159], [-110.7374156, 50.0522418], [-110.7373911, 50.0522637], [-110.7373571, 50.0522787], [-110.7373262, 50.0522794], [-110.7372847, 50.0522917], [-110.737223, 50.0522992], [-110.7371772, 50.0522972], [-110.7371293, 50.0523061], [-110.7370569, 50.0523375], [-110.7370037, 50.052356], [-110.736976, 50.0523772], [-110.7369568, 50.0523997], [-110.7369409, 50.0524086], [-110.7369153, 50.0524106], [-110.7368706, 50.0523949], [-110.736827, 50.0523669], [-110.7368046, 50.0523478], [-110.7367791, 50.0523396], [-110.7367418, 50.0523382], [-110.7367024, 50.0523396], [-110.7366673, 50.0523341], [-110.7366088, 50.0523259], [-110.73653, 50.0523252], [-110.73648, 50.052315], [-110.7364214, 50.052315], [-110.7363948, 50.0523081], [-110.7363629, 50.0522883], [-110.7363342, 50.0522828], [-110.7362352, 50.0522726], [-110.73615, 50.0522555], [-110.7360947, 50.0522268], [-110.7360404, 50.0522186], [-110.7359925, 50.0522036], [-110.735951, 50.0521817], [-110.7359233, 50.0521619], [-110.735902, 50.052125], [-110.7358977, 50.0520785], [-110.7358733, 50.0520361], [-110.7358722, 50.0520081], [-110.7358903, 50.0519514], [-110.7358882, 50.0519363], [-110.7358701, 50.0519056], [-110.7358647, 50.0518851], [-110.7358615, 50.0518475], [-110.7358541, 50.0518311], [-110.7358179, 50.0517996], [-110.7357955, 50.051786], [-110.7357689, 50.0517593], [-110.7357498, 50.0517449], [-110.7357221, 50.0517361], [-110.7356902, 50.051734], [-110.7356465, 50.0517347], [-110.7356167, 50.0517374], [-110.7355507, 50.0517361], [-110.7354879, 50.0517258], [-110.7354006, 50.051734], [-110.7353346, 50.0517333], [-110.7352942, 50.0517231], [-110.7352601, 50.0517108], [-110.7352218, 50.0517019], [-110.735192, 50.0517019], [-110.7351558, 50.051708], [-110.7351281, 50.0517162], [-110.735093, 50.0517197], [-110.7350611, 50.0517128], [-110.7350238, 50.0517012], [-110.7349972, 50.0516882], [-110.7349717, 50.0516657], [-110.7349461, 50.0516342], [-110.7349302, 50.0516007], [-110.7348993, 50.0515064], [-110.7348886, 50.0514804], [-110.7348716, 50.051436], [-110.7348642, 50.0514087], [-110.734861, 50.0513793], [-110.7348652, 50.0513561], [-110.7348812, 50.0513328], [-110.7348993, 50.0512986], [-110.7349025, 50.0512679], [-110.7348993, 50.051246], [-110.734878, 50.0512221], [-110.7348439, 50.0511975], [-110.7347982, 50.0511811], [-110.7347503, 50.0511715], [-110.7347077, 50.0511701], [-110.7346683, 50.051164], [-110.7346396, 50.0511551], [-110.7345895, 50.0511291], [-110.7345597, 50.0511045], [-110.7345342, 50.0510779], [-110.734531, 50.0510546], [-110.7345353, 50.0510273], [-110.7345416, 50.0509959], [-110.7345374, 50.0509719], [-110.7345289, 50.0509487], [-110.7345267, 50.0509227], [-110.734514, 50.050894], [-110.7344842, 50.0508646], [-110.7344288, 50.0508332], [-110.7343543, 50.0508106], [-110.7343053, 50.0508004], [-110.7342511, 50.0508059], [-110.7340637, 50.0508605], [-110.7340275, 50.050866], [-110.7339913, 50.0508646], [-110.7339647, 50.0508578], [-110.7339381, 50.0508455], [-110.7339243, 50.0508298], [-110.73392, 50.0508134], [-110.7339243, 50.0507949], [-110.7339402, 50.0507812], [-110.7339658, 50.0507703], [-110.7339956, 50.0507573], [-110.7340265, 50.0507498], [-110.7340807, 50.0507423], [-110.7341584, 50.0507334], [-110.7342106, 50.0507259], [-110.7342521, 50.0507143], [-110.7343043, 50.0506938], [-110.7343314, 50.0506731], [-110.7343463, 50.0506472], [-110.7343431, 50.0506178], [-110.7343303, 50.0505925], [-110.7342994, 50.0505699], [-110.7342569, 50.0505556], [-110.7341973, 50.0505576], [-110.7341334, 50.0505733], [-110.7339993, 50.0506041], [-110.7339003, 50.0506239], [-110.733797, 50.0506369], [-110.7336374, 50.0506882], [-110.7336065, 50.0507053], [-110.7335852, 50.0507278], [-110.7335458, 50.0507763], [-110.7335224, 50.0508009], [-110.7334852, 50.0508153], [-110.7334458, 50.0508208], [-110.7334064, 50.0508132], [-110.7333713, 50.0507975], [-110.7333489, 50.050777], [-110.7333351, 50.0507408], [-110.733317, 50.0507114], [-110.7332925, 50.0506813], [-110.7332893, 50.0506615], [-110.7332967, 50.0506369], [-110.733301, 50.0506082], [-110.7332914, 50.0505815], [-110.7332659, 50.0505556], [-110.7332254, 50.0505364], [-110.7331743, 50.0505029], [-110.7331211, 50.0504489], [-110.73307, 50.0504237], [-110.7330008, 50.0504127], [-110.7329348, 50.0504189], [-110.7328507, 50.0504332], [-110.7327645, 50.0504448], [-110.7327166, 50.0504551], [-110.7326464, 50.0504893], [-110.7325995, 50.0505125], [-110.7325208, 50.0505583], [-110.7324654, 50.0506027], [-110.7324303, 50.0506369], [-110.7324005, 50.0506547], [-110.7323121, 50.0506779], [-110.7322834, 50.0506806], [-110.7322493, 50.0506779], [-110.7322238, 50.0506677], [-110.7322036, 50.0506526], [-110.7321844, 50.0506355], [-110.7321706, 50.0506123], [-110.7321684, 50.0505959], [-110.7321727, 50.0505802], [-110.7321812, 50.0505617], [-110.7322057, 50.0505344], [-110.7322398, 50.0505036], [-110.7322483, 50.0504831], [-110.7322781, 50.0503847], [-110.7323239, 50.0503259], [-110.7323292, 50.0502972], [-110.7323196, 50.0502234], [-110.7323047, 50.050192], [-110.7322706, 50.0501687], [-110.7322312, 50.050155], [-110.7321727, 50.0501434], [-110.7321088, 50.0501482], [-110.7320482, 50.0501619], [-110.7319864, 50.0501885], [-110.7318704, 50.0502569], [-110.7317629, 50.0503102], [-110.7316703, 50.0503492], [-110.7315032, 50.0504052], [-110.731418, 50.050423], [-110.7313307, 50.0504209], [-110.7312445, 50.0504059], [-110.7311956, 50.0503861], [-110.7311519, 50.0503553], [-110.7311306, 50.05033], [-110.7311434, 50.0502835], [-110.731153, 50.0502521], [-110.7311657, 50.0502111], [-110.7312466, 50.0501216], [-110.7313052, 50.0500641], [-110.7313414, 50.0500183], [-110.7313786, 50.0499937], [-110.7314382, 50.0499507], [-110.731467, 50.0498994], [-110.7314957, 50.0498447], [-110.7315191, 50.0498058], [-110.7315287, 50.0497689], [-110.7315585, 50.0497115], [-110.7315937, 50.0496718], [-110.731632, 50.0496411], [-110.7316767, 50.0496233], [-110.7317118, 50.049613], [-110.7317725, 50.0496096], [-110.7318502, 50.0495912], [-110.7319279, 50.0495802], [-110.7320279, 50.0495501], [-110.7320641, 50.0495214], [-110.7320961, 50.0494941], [-110.7321291, 50.049475], [-110.7321599, 50.0494668], [-110.7322057, 50.0494654], [-110.7322461, 50.0494545], [-110.7322962, 50.0494237], [-110.7323441, 50.0493929], [-110.7324016, 50.0493649], [-110.732459, 50.0493403], [-110.7325144, 50.0493116], [-110.7325602, 50.0492959], [-110.732623, 50.049285], [-110.7326847, 50.0492761], [-110.732772, 50.0492508], [-110.7328263, 50.0492351], [-110.732888, 50.049207], [-110.7329561, 50.0491776], [-110.7330008, 50.0491606], [-110.7330679, 50.0491421], [-110.7331264, 50.0491332], [-110.7331999, 50.0491216], [-110.7332818, 50.0491011], [-110.7333361, 50.0490799], [-110.7334032, 50.0490437], [-110.7334639, 50.0490068], [-110.733515, 50.048961], [-110.7335394, 50.0489179], [-110.733549, 50.0488892], [-110.733548, 50.0488509], [-110.7335416, 50.0488208], [-110.7335224, 50.0488031], [-110.7334873, 50.0487928], [-110.733433, 50.0487942], [-110.7333606, 50.0488106], [-110.7331999, 50.0488352], [-110.7331477, 50.0488345], [-110.7330328, 50.0488222], [-110.7329625, 50.0488202], [-110.7329306, 50.048827], [-110.7328646, 50.0488386], [-110.7327613, 50.0488448], [-110.7327092, 50.0488455], [-110.7326655, 50.0488537], [-110.7326198, 50.0488673], [-110.7325378, 50.0488783], [-110.7324665, 50.0488714], [-110.7323984, 50.0488625], [-110.7323611, 50.0488639], [-110.7322972, 50.0488728], [-110.7322536, 50.0488728], [-110.7321897, 50.0488625], [-110.732112, 50.0488502], [-110.7320716, 50.0488366], [-110.7320333, 50.048814], [-110.7320173, 50.0487867], [-110.7320024, 50.0487245], [-110.7320077, 50.0486773], [-110.7320013, 50.0486315], [-110.7319875, 50.048598], [-110.7319619, 50.0485638], [-110.7319258, 50.0485338], [-110.7318693, 50.0485023], [-110.7318033, 50.0484846], [-110.7317107, 50.0484682], [-110.7316054, 50.0484565], [-110.7315596, 50.0484415], [-110.731517, 50.0484148], [-110.7314787, 50.0483984], [-110.7314329, 50.0483875], [-110.731385, 50.0483868], [-110.7313329, 50.0483923], [-110.7312775, 50.0484005], [-110.7311806, 50.0484142], [-110.731088, 50.0484155], [-110.7310508, 50.0484053], [-110.7309869, 50.0483704], [-110.7309262, 50.0483191], [-110.7308869, 50.048259], [-110.7308783, 50.0482371], [-110.7308783, 50.0482105], [-110.7308933, 50.048179], [-110.7309124, 50.0481544], [-110.7309443, 50.0481202], [-110.7309571, 50.0480922], [-110.7309624, 50.0480697], [-110.7309571, 50.0480232], [-110.7309465, 50.0479972], [-110.7309039, 50.0479418], [-110.7308815, 50.0479227], [-110.7308166, 50.0478906], [-110.7307645, 50.0478646], [-110.7307432, 50.0478455], [-110.7307038, 50.0478297], [-110.7306612, 50.0478229], [-110.730591, 50.0478222], [-110.730443, 50.0478133], [-110.7303216, 50.047812], [-110.7302748, 50.0478031], [-110.7301322, 50.0477614], [-110.7300385, 50.0477354], [-110.7299832, 50.0477272], [-110.729931, 50.0477204], [-110.7299033, 50.0477047], [-110.7298842, 50.0476869], [-110.7298842, 50.0476698], [-110.729898, 50.04765], [-110.7299278, 50.0476226], [-110.7299438, 50.0475905], [-110.7299673, 50.0475553], [-110.7299694, 50.0475143], [-110.7300014, 50.0474705], [-110.7300269, 50.0474138], [-110.7300375, 50.0473591], [-110.7300163, 50.0473188], [-110.729963, 50.0472812], [-110.7299119, 50.0472627], [-110.7298821, 50.047245], [-110.7298513, 50.0472368], [-110.7298332, 50.0472217], [-110.7298129, 50.0472012], [-110.7297821, 50.0471787], [-110.7297448, 50.0471609], [-110.7296959, 50.0471506], [-110.729632, 50.0471465], [-110.7295436, 50.0471575], [-110.7295043, 50.0471581], [-110.7294681, 50.0471486], [-110.7294298, 50.0471356], [-110.729385, 50.0471233], [-110.7293265, 50.0471178], [-110.7292701, 50.0471212], [-110.7292073, 50.047126], [-110.7291647, 50.0471178], [-110.7291189, 50.0470953], [-110.7290774, 50.0470761], [-110.7290306, 50.0470652], [-110.7289571, 50.0470324], [-110.7289252, 50.0470221], [-110.7288635, 50.0470208], [-110.7288134, 50.0470119], [-110.7287496, 50.04699], [-110.7287134, 50.0469715], [-110.7286751, 50.0469449], [-110.7286378, 50.0469162], [-110.7286187, 50.0468854], [-110.7286112, 50.0468506], [-110.7286304, 50.0468177], [-110.7286261, 50.0467843], [-110.7286027, 50.0467487], [-110.7285633, 50.0467097], [-110.7284696, 50.0466332], [-110.7284079, 50.0465812], [-110.7283579, 50.0465156], [-110.7283366, 50.0464924], [-110.7283057, 50.0464767], [-110.7282578, 50.0464685], [-110.7282067, 50.0464705], [-110.728129, 50.0464869], [-110.728062, 50.0464944], [-110.7279662, 50.0465102], [-110.7278523, 50.0465088], [-110.7277575, 50.0465457], [-110.7276596, 50.0465724], [-110.7275698, 50.0464549]]}}, {"type": "Feature", "properties": {"name": "Path 741141375", "difficulty": "intermediate", "area": "Medicine Hat", "osm_id": 741141375, "highway": "path"}, "geometry": {"type": "LineString", "coordinates": [[-110.6842859, 50.0099633], [-110.6841973, 50.0100668]]}}, {"type": "Feature", "properties": {"name": "Path 741141376", "difficulty": "intermediate", "area": "Medicine Hat", "osm_id": 741141376, "highway": "path"}, "geometry": {"type": "LineString", "coordinates": [[-110.6829416, 50.0119716], [-110.6830766, 50.0117543]]}}, {"type": "Feature", "properties": {"name": "Path 741141377", "difficulty": "intermediate", "area": "Medicine Hat", "osm_id": 741141377, "highway": "path"}, "geometry": {"type": "LineString", "coordinates": [[-110.6825475, 50.0126174], [-110.6829416, 50.0119716]]}}, {"type": "Feature", "properties": {"name": "Path 741141378", "difficulty": "intermediate", "area": "Medicine Hat", "osm_id": 741141378, "highway": "cycleway"}, "geometry": {"type": "LineString", "coordinates": [[-110.6806097, 50.0238233], [-110.6807247, 50.0238634], [-110.6807822, 50.0238634], [-110.6809299, 50.0238626], [-110.6809703, 50.0238332], [-110.6809973, 50.023815], [-110.6810211, 50.0237993], [-110.6809835, 50.02376], [-110.6809366, 50.0236691], [-110.6809211, 50.0232902], [-110.6809222, 50.0232498], [-110.680954, 50.0232026], [-110.6809621, 50.0228295], [-110.6809453, 50.0226033], [-110.6808846, 50.0223511], [-110.6804055, 50.0209606], [-110.6802003, 50.0203669], [-110.6800863, 50.0201066], [-110.6800018, 50.0198817], [-110.6799401, 50.0195216], [-110.6799465, 50.0191528], [-110.6800099, 50.0189597], [-110.6801145, 50.0187977], [-110.6802313, 50.0187034], [-110.6802137, 50.0186934], [-110.6802057, 50.0186889], [-110.6801772, 50.0186728], [-110.6801373, 50.0186502], [-110.6800984, 50.0186219], [-110.6801013, 50.0186089], [-110.6801076, 50.0185804], [-110.680136, 50.0184921], [-110.6801479, 50.0184402], [-110.6801654, 50.0184255], [-110.6802368, 50.0183783], [-110.6802861, 50.0183458], [-110.6803074, 50.0183285], [-110.6803161, 50.0183214], [-110.6803197, 50.0182997], [-110.6802848, 50.0182118], [-110.6802794, 50.0181273], [-110.6805396, 50.0173983], [-110.6806643, 50.0170157], [-110.6807601, 50.016706], [-110.6807929, 50.0165848], [-110.6808186, 50.0165029], [-110.680946, 50.0161919], [-110.6814167, 50.0148854], [-110.6814556, 50.0147415], [-110.6815249, 50.0146209], [-110.6818191, 50.0139824], [-110.6820926, 50.0134462], [-110.6822053, 50.0132239], [-110.6822991, 50.0130946], [-110.6824064, 50.0130326], [-110.6824574, 50.0130067], [-110.6824349, 50.0129439], [-110.6823984, 50.0128809], [-110.682418, 50.0128163]]}}, {"type": "Feature", "properties": {"name": "Path 741141379", "difficulty": "intermediate", "area": "Medicine Hat", "osm_id": 741141379, "highway": "path"}, "geometry": {"type": "LineString", "coordinates": [[-110.682418, 50.0128163], [-110.6825475, 50.0126174]]}}, {"type": "Feature", "properties": {"name": "Path 741141380", "difficulty": "intermediate", "area": "Medicine Hat", "osm_id": 741141380, "highway": "path"}, "geometry": {"type": "LineString", "coordinates": [[-110.6830766, 50.0117543], [-110.6831387, 50.011676], [-110.6832055, 50.0116618], [-110.6832942, 50.0116381], [-110.6832942, 50.0115709], [-110.683313, 50.0114606], [-110.6833988, 50.0113072], [-110.6840667, 50.0103126], [-110.6841646, 50.0101773], [-110.6841973, 50.0100668]]}}, {"type": "Feature", "properties": {"name": "South Ridge Drive Trail", "difficulty": "intermediate", "area": "Medicine Hat", "osm_id": 741141381, "highway": "cycleway"}, "geometry": {"type": "LineString", "coordinates": [[-110.6872438, 49.9898622], [-110.6872928, 49.9898886], [-110.6873149, 49.9899044], [-110.6873699, 49.9899606], [-110.6873068, 49.9900529], [-110.687288, 49.9901374], [-110.6872813, 49.9903357], [-110.6872692, 49.9916868], [-110.6872605, 49.9917506], [-110.6872543, 49.9917757], [-110.687246, 49.9918093], [-110.6872397, 49.9918628], [-110.6872451, 49.9922515], [-110.6872773, 49.9925291], [-110.6872934, 49.9941121], [-110.6872854, 49.9960226], [-110.6872773, 49.996645], [-110.6872197, 49.9970872], [-110.687162, 49.997339], [-110.6870091, 49.9978114], [-110.6867637, 49.9983356], [-110.6864861, 49.9987821], [-110.6863546, 49.9989718], [-110.6860408, 49.999345], [-110.685676, 49.9997235], [-110.6855676, 49.9998371], [-110.6854851, 49.9998998], [-110.6853953, 49.9999808], [-110.685331, 50.0000421], [-110.6852757, 50.000072], [-110.6845173, 50.0007407], [-110.6842149, 50.0010881], [-110.6840855, 50.0012984], [-110.6839406, 50.0016148], [-110.6838709, 50.0020104], [-110.6838763, 50.0023001], [-110.6839594, 50.0026251], [-110.6841163, 50.0029673], [-110.684697, 50.0040051], [-110.6850994, 50.004736], [-110.6851972, 50.0049524], [-110.6853166, 50.0051942], [-110.6854018, 50.0053498], [-110.6854447, 50.0053786], [-110.6854809, 50.0053941], [-110.6855094, 50.0054668], [-110.6855607, 50.0056062], [-110.6855688, 50.0056463], [-110.6860462, 50.0065272], [-110.6861159, 50.0066892], [-110.6861548, 50.0067202], [-110.686167, 50.0067711], [-110.686191, 50.0068754], [-110.6861682, 50.0069245], [-110.6861763, 50.0072176], [-110.6861213, 50.0074692], [-110.6859979, 50.0077649], [-110.6858289, 50.0080002], [-110.6856345, 50.0082493], [-110.6855898, 50.0083273], [-110.6855205, 50.0084122], [-110.6854615, 50.0084751], [-110.6846944, 50.0094232], [-110.684685, 50.0094688], [-110.6846262, 50.0095452], [-110.6845669, 50.0096205], [-110.6845187, 50.0096412], [-110.6843162, 50.0099291], [-110.6842859, 50.0099633]]}}, {"type": "Feature", "properties": {"name": "Path 741141756", "difficulty": "intermediate", "area": "Medicine Hat", "osm_id": 741141756, "highway": "cycleway"}, "geometry": {"type": "LineString", "coordinates": [[-110.6502809, 50.037976], [-110.6499658, 50.0379077], [-110.649736, 50.0378668], [-110.649533, 50.0378087], [-110.6493618, 50.0377632], [-110.6492842, 50.0377565], [-110.6491515, 50.0377443], [-110.6489735, 50.037705], [-110.648836, 50.0376674], [-110.6486331, 50.0375857], [-110.6484912, 50.0375166], [-110.6482956, 50.0374239], [-110.6481878, 50.0373653], [-110.6481186, 50.037308], [-110.6480319, 50.0372308], [-110.6478597, 50.0371496], [-110.6476646, 50.0370967], [-110.647495, 50.037054]]}}, {"type": "Feature", "properties": {"name": "Path 741141759", "difficulty": "intermediate", "area": "Medicine Hat", "osm_id": 741141759, "highway": "cycleway"}, "geometry": {"type": "LineString", "coordinates": [[-110.6477661, 50.0362153], [-110.6478203, 50.0361349]]}}, {"type": "Feature", "properties": {"name": "Path 741141760", "difficulty": "intermediate", "area": "Medicine Hat", "osm_id": 741141760, "highway": "cycleway"}, "geometry": {"type": "LineString", "coordinates": [[-110.6478203, 50.0361349], [-110.6482116, 50.0361729], [-110.6483294, 50.0361844], [-110.648724, 50.0363179], [-110.6492406, 50.0366347], [-110.6493347, 50.0366637], [-110.6494675, 50.036674], [-110.6496035, 50.0366742], [-110.6497654, 50.0366958], [-110.6499685, 50.0368053], [-110.6500433, 50.0368953], [-110.6500352, 50.0369997], [-110.649891, 50.0372306], [-110.6500315, 50.0372644], [-110.6502163, 50.0372355], [-110.6504126, 50.0372575], [-110.6505235, 50.0373067], [-110.6506231, 50.037381]]}}, {"type": "Feature", "properties": {"name": "Saratoga Park Trail", "difficulty": "intermediate", "area": "Medicine Hat", "osm_id": 741141761, "highway": "cycleway"}, "geometry": {"type": "LineString", "coordinates": [[-110.6605633, 50.0258454], [-110.6605245, 50.0257966], [-110.6604764, 50.0257829], [-110.6604127, 50.0257859], [-110.6602678, 50.0258305], [-110.6600339, 50.0258899], [-110.6596119, 50.0260042], [-110.6595375, 50.0260332], [-110.6594797, 50.0260812], [-110.6594291, 50.026102], [-110.6593325, 50.026108], [-110.6590137, 50.0260717], [-110.658939, 50.0260394], [-110.6585817, 50.0258306], [-110.658046, 50.0258869], [-110.6577121, 50.0259111], [-110.6575362, 50.0259289], [-110.6569442, 50.026016], [-110.6564063, 50.02615], [-110.6562565, 50.0261851], [-110.6560738, 50.0262033], [-110.6558369, 50.0262171], [-110.6556033, 50.0262393], [-110.6553782, 50.0262503], [-110.6552289, 50.0262698], [-110.655064, 50.0263045], [-110.6549078, 50.0263824], [-110.6547516, 50.0265555], [-110.6545426, 50.0267259], [-110.6544042, 50.0268057], [-110.6542065, 50.0268919], [-110.6540402, 50.0269896], [-110.6539036, 50.0271043], [-110.653686, 50.027348], [-110.6534485, 50.0276403], [-110.6532655, 50.0278034]]}}, {"type": "Feature", "properties": {"name": "Path 741142234", "difficulty": "intermediate", "area": "Medicine Hat", "osm_id": 741142234, "highway": "cycleway"}, "geometry": {"type": "LineString", "coordinates": [[-110.6558298, 50.0415177], [-110.6557557, 50.041349]]}}, {"type": "Feature", "properties": {"name": "Path 741142235", "difficulty": "intermediate", "area": "Medicine Hat", "osm_id": 741142235, "highway": "cycleway"}, "geometry": {"type": "LineString", "coordinates": [[-110.6506137, 50.0375312], [-110.6505252, 50.0375124], [-110.6504822, 50.0375237], [-110.6503935, 50.0376556], [-110.6503816, 50.0377244], [-110.6503185, 50.037908], [-110.6502809, 50.037976]]}}, {"type": "Feature", "properties": {"name": "Rotary Centennial Trail", "difficulty": "intermediate", "area": "Medicine Hat", "osm_id": 741142801, "highway": "cycleway"}, "geometry": {"type": "LineString", "coordinates": [[-110.6873699, 49.9899606], [-110.6874393, 49.9899111], [-110.6875087, 49.9898867], [-110.6875826, 49.9898756], [-110.6876759, 49.9898895], [-110.6878257, 49.9899084], [-110.6879754, 49.9899147], [-110.6884119, 49.9899011], [-110.6893855, 49.9898822], [-110.6896388, 49.9898752], [-110.6909954, 49.9898186], [-110.691183, 49.9898173], [-110.7079061, 49.9898244], [-110.7087311, 49.9898196], [-110.7089655, 49.9898386], [-110.7092556, 49.9898754], [-110.7093166, 49.9898812], [-110.7093866, 49.9898858], [-110.7094959, 49.9898852], [-110.7096021, 49.9898826], [-110.7097043, 49.9898725], [-110.709724, 49.9898679]]}}, {"type": "Feature", "properties": {"name": "Path 741142941", "difficulty": "intermediate", "area": "Medicine Hat", "osm_id": 741142941, "highway": "cycleway"}, "geometry": {"type": "LineString", "coordinates": [[-110.7220429, 49.9819092], [-110.7220436, 49.9819368], [-110.7220541, 49.9819693], [-110.7220751, 49.9819978], [-110.7220967, 49.982018], [-110.7221211, 49.9820337], [-110.7222801, 49.9821172], [-110.722331, 49.9821512], [-110.7223673, 49.9821914], [-110.7223667, 49.9822482], [-110.7223416, 49.9823018], [-110.7221663, 49.9824619], [-110.7221326, 49.9824871], [-110.7219449, 49.982607], [-110.7215841, 49.9828217], [-110.7213601, 49.9829761], [-110.7212843, 49.9830562], [-110.7212475, 49.9831425], [-110.7212193, 49.9833935], [-110.7212234, 49.9839701], [-110.721229, 49.983989], [-110.7212389, 49.9840059], [-110.7213969, 49.9841688]]}}, {"type": "Feature", "properties": {"name": "Path 741153441", "difficulty": "intermediate", "area": "Medicine Hat", "osm_id": 741153441, "highway": "cycleway"}, "geometry": {"type": "LineString", "coordinates": [[-110.7201185, 50.0444736], [-110.7176788, 50.0421525]]}}, {"type": "Feature", "properties": {"name": "Path 741153442", "difficulty": "intermediate", "area": "Medicine Hat", "osm_id": 741153442, "highway": "cycleway"}, "geometry": {"type": "LineString", "coordinates": [[-110.7203704, 50.044706], [-110.7201185, 50.0444736]]}}, {"type": "Feature", "properties": {"name": "Parkview River Trail", "difficulty": "intermediate", "area": "Medicine Hat", "osm_id": 741154061, "highway": "cycleway"}, "geometry": {"type": "LineString", "coordinates": [[-110.6549088, 50.0544657], [-110.6548619, 50.0545602], [-110.6543688, 50.0549493], [-110.6537031, 50.0554165], [-110.653239, 50.0557438], [-110.6530751, 50.0559149], [-110.6530435, 50.0560975], [-110.653122, 50.0566664], [-110.6531322, 50.0568703], [-110.6532091, 50.057117], [-110.6532244, 50.0579588], [-110.6532296, 50.0584061], [-110.6532398, 50.0584784], [-110.6534143, 50.0586286]]}}, {"type": "Feature", "properties": {"name": "Path 741154063", "difficulty": "intermediate", "area": "Medicine Hat", "osm_id": 741154063, "highway": "cycleway"}, "geometry": {"type": "LineString", "coordinates": [[-110.6737172, 50.0461986], [-110.6737856, 50.0462323], [-110.6738292, 50.0462583], [-110.674011, 50.0464236]]}}, {"type": "Feature", "properties": {"name": "Path 741154066", "difficulty": "intermediate", "area": "Medicine Hat", "osm_id": 741154066, "highway": "cycleway"}, "geometry": {"type": "LineString", "coordinates": [[-110.6752701, 50.0468836], [-110.6752208, 50.0468855], [-110.6751712, 50.0468158], [-110.6750599, 50.046746], [-110.6749247, 50.046676]]}}, {"type": "Feature", "properties": {"name": "Path 741154067", "difficulty": "intermediate", "area": "Medicine Hat", "osm_id": 741154067, "highway": "cycleway"}, "geometry": {"type": "LineString", "coordinates": [[-110.6749247, 50.046676], [-110.6747662, 50.0465996], [-110.6746039, 50.0464997], [-110.6744106, 50.0463492], [-110.6742176, 50.0461965], [-110.6740473, 50.0460424], [-110.6738877, 50.0458891]]}}, {"type": "Feature", "properties": {"name": "Path 741154068", "difficulty": "intermediate", "area": "Medicine Hat", "osm_id": 741154068, "highway": "cycleway"}, "geometry": {"type": "LineString", "coordinates": [[-110.6738877, 50.0458891], [-110.6736616, 50.0456395]]}}, {"type": "Feature", "properties": {"name": "Path 741154069", "difficulty": "intermediate", "area": "Medicine Hat", "osm_id": 741154069, "highway": "cycleway"}, "geometry": {"type": "LineString", "coordinates": [[-110.6716472, 50.0434928], [-110.671673, 50.0434912], [-110.6716883, 50.0434944], [-110.6717387, 50.0435045], [-110.6717963, 50.0435314], [-110.671913, 50.0435973], [-110.6720493, 50.0437383]]}}, {"type": "Feature", "properties": {"name": "Path 741154833", "difficulty": "intermediate", "area": "Medicine Hat", "osm_id": 741154833, "highway": "cycleway"}, "geometry": {"type": "LineString", "coordinates": [[-110.7059153, 50.0474562], [-110.7057873, 50.0473996], [-110.7057016, 50.047379], [-110.7052091, 50.0473127], [-110.7051444, 50.04731], [-110.7050419, 50.0473098]]}}, {"type": "Feature", "properties": {"name": "Path 741154834", "difficulty": "intermediate", "area": "Medicine Hat", "osm_id": 741154834, "highway": "cycleway"}, "geometry": {"type": "LineString", "coordinates": [[-110.7055286, 50.0478213], [-110.705539, 50.0476964]]}}, {"type": "Feature", "properties": {"name": "Path 741154835", "difficulty": "intermediate", "area": "Medicine Hat", "osm_id": 741154835, "highway": "path"}, "geometry": {"type": "LineString", "coordinates": [[-110.705331, 50.0479229], [-110.7054924, 50.0478596], [-110.7055286, 50.0478213]]}}, {"type": "Feature", "properties": {"name": "Path 741154836", "difficulty": "intermediate", "area": "Medicine Hat", "osm_id": 741154836, "highway": "cycleway"}, "geometry": {"type": "LineString", "coordinates": [[-110.7055286, 50.0478213], [-110.7055485, 50.0478612], [-110.7056348, 50.0479379], [-110.7056861, 50.0479952], [-110.7057148, 50.0480507], [-110.7057419, 50.0482866], [-110.705766, 50.0483672], [-110.7058236, 50.0484693], [-110.7058959, 50.048604], [-110.7058767, 50.0487151], [-110.7057237, 50.0492737], [-110.7056285, 50.0494586], [-110.7055068, 50.0496327], [-110.7054013, 50.0497269], [-110.7052401, 50.0498175], [-110.7051225, 50.0498728], [-110.7050496, 50.0499281], [-110.7050305, 50.0499815], [-110.7050209, 50.0500285], [-110.7050359, 50.05019], [-110.7050228, 50.0503574], [-110.7049796, 50.0504932], [-110.7049474, 50.0506533], [-110.7049433, 50.0508245], [-110.7049019, 50.0525981], [-110.7048941, 50.0527048], [-110.7048516, 50.0528075], [-110.7048197, 50.0528923], [-110.7048118, 50.0529942], [-110.7048074, 50.0532108], [-110.7047844, 50.0532504], [-110.7047207, 50.0532869], [-110.7046541, 50.0532998], [-110.7044695, 50.0533252], [-110.7044397, 50.0533322]]}}, {"type": "Feature", "properties": {"name": "Path 741154838", "difficulty": "intermediate", "area": "Medicine Hat", "osm_id": 741154838, "highway": "cycleway"}, "geometry": {"type": "LineString", "coordinates": [[-110.6644932, 50.067045], [-110.6644437, 50.0670997], [-110.664449, 50.0672767], [-110.6644738, 50.0673046], [-110.6645141, 50.0673227], [-110.6644681, 50.0673704], [-110.6644356, 50.0674019], [-110.6641996, 50.0673899], [-110.6640728, 50.0673829]]}}, {"type": "Feature", "properties": {"name": "Path 741155995", "difficulty": "intermediate", "area": "Medicine Hat", "osm_id": 741155995, "highway": "cycleway"}, "geometry": {"type": "LineString", "coordinates": [[-110.7181364, 50.0443327], [-110.7183061, 50.0443655], [-110.7185582, 50.0443982], [-110.7187782, 50.0444361], [-110.7189338, 50.0444809], [-110.719094, 50.0445481]]}}, {"type": "Feature", "properties": {"name": "Path 741155998", "difficulty": "intermediate", "area": "Medicine Hat", "osm_id": 741155998, "highway": "path"}, "geometry": {"type": "LineString", "coordinates": [[-110.6716472, 50.0434928], [-110.6716632, 50.0434671], [-110.671839, 50.0434024]]}}, {"type": "Feature", "properties": {"name": "Echo Dale Campground Chip", "difficulty": "intermediate", "area": "Redcliff", "osm_id": 741157171, "highway": "cycleway"}, "geometry": {"type": "LineString", "coordinates": [[-110.7779204, 50.0462336], [-110.7778816, 50.0463085], [-110.7778743, 50.0463449], [-110.7778916, 50.0463911], [-110.7780049, 50.0466402], [-110.7780027, 50.0467294], [-110.7779693, 50.0468009], [-110.7779323, 50.0468489], [-110.7778842, 50.0468897], [-110.777827, 50.0469189], [-110.7777635, 50.046936], [-110.7774862, 50.0469536], [-110.7767361, 50.0470288], [-110.776509, 50.0470713], [-110.7761302, 50.0471934], [-110.7758392, 50.047331], [-110.7755984, 50.0474278], [-110.775513, 50.0474751], [-110.7754636, 50.0475263], [-110.7754478, 50.0475558], [-110.7754368, 50.0475884], [-110.7754055, 50.0477026], [-110.7753741, 50.0477574]]}}, {"type": "Feature", "properties": {"name": "Path 741157174", "difficulty": "intermediate", "area": "Medicine Hat", "osm_id": 741157174, "highway": "cycleway"}, "geometry": {"type": "LineString", "coordinates": [[-110.7176788, 50.0421525], [-110.7175872, 50.0420687], [-110.7177666, 50.0420341], [-110.7178885, 50.0420168], [-110.717986, 50.0420127], [-110.7180547, 50.0420206], [-110.7181257, 50.042051]]}}, {"type": "Feature", "properties": {"name": "Harlow Berm Trails", "difficulty": "intermediate", "area": "Medicine Hat", "osm_id": 741157178, "highway": "cycleway"}, "geometry": {"type": "LineString", "coordinates": [[-110.7181257, 50.042051], [-110.718061, 50.0419807], [-110.7178947, 50.0418283], [-110.7176922, 50.0416948], [-110.7173422, 50.0413735], [-110.7169372, 50.0409058], [-110.7164758, 50.040352], [-110.7163967, 50.040221], [-110.7163619, 50.0400712], [-110.7163203, 50.0397714], [-110.7163354, 50.0396471]]}}, {"type": "Feature", "properties": {"name": "Path 741157744", "difficulty": "intermediate", "area": "Medicine Hat", "osm_id": 741157744, "highway": "cycleway"}, "geometry": {"type": "LineString", "coordinates": [[-110.6453404, 49.9925749], [-110.6453417, 49.9930732], [-110.6453423, 49.9939524], [-110.6453376, 49.9940901], [-110.6453182, 49.9941293], [-110.6453001, 49.9941789], [-110.6453162, 49.9942332], [-110.6453799, 49.9942698], [-110.6454791, 49.9942823], [-110.6456072, 49.9942892], [-110.6467713, 49.9946591], [-110.6468665, 49.9946733], [-110.6469315, 49.994675], [-110.6470207, 49.9946936], [-110.64712, 49.9947263], [-110.647301, 49.9947957], [-110.6474881, 49.9948479], [-110.6476296, 49.9948811], [-110.6477999, 49.994941], [-110.6478871, 49.9950018], [-110.6479367, 49.9950744], [-110.6479917, 49.9951807], [-110.6480768, 49.9952824], [-110.6484021, 49.9955583], [-110.6486153, 49.9956881], [-110.6486803, 49.9957531], [-110.6487065, 49.9957846], [-110.6486388, 49.9959053], [-110.648565, 49.9960294], [-110.6484818, 49.9960626], [-110.6484242, 49.9961053], [-110.6480906, 49.9965441], [-110.6477161, 49.9970278], [-110.6476423, 49.9971088], [-110.6475511, 49.9971588], [-110.6475878, 49.9972508], [-110.6476343, 49.9973398], [-110.6475572, 49.9974199], [-110.6475183, 49.9974735], [-110.6474404, 49.9975748], [-110.6473914, 49.9976316], [-110.6473821, 49.9976424], [-110.6472057, 49.9976642], [-110.647181, 49.9976683], [-110.6471783, 49.9977381], [-110.6471367, 49.9978312], [-110.6468846, 49.9981545], [-110.6468336, 49.9982614], [-110.6467907, 49.9983925], [-110.646662, 49.9985356], [-110.6465507, 49.9986218], [-110.6460772, 49.9991761], [-110.6459109, 49.999333], [-110.6459394, 49.9993768], [-110.6459767, 49.9994235], [-110.6459082, 49.9995151], [-110.6453142, 50.0002942], [-110.6451184, 50.0004959], [-110.6450278, 50.0006134], [-110.6449813, 50.0006889], [-110.6449749, 50.0006993], [-110.6448823, 50.0007372], [-110.6447846, 50.0007534], [-110.6447214, 50.000764], [-110.6447013, 50.0007881], [-110.6446865, 50.0009476], [-110.6446503, 50.0010321], [-110.6442748, 50.0015674], [-110.6441782, 50.0017777], [-110.6434554, 50.0027026], [-110.6432596, 50.0028578], [-110.6432648, 50.0028762]]}}, {"type": "Feature", "properties": {"name": "Path 741157745", "difficulty": "intermediate", "area": "Medicine Hat", "osm_id": 741157745, "highway": "cycleway"}, "geometry": {"type": "LineString", "coordinates": [[-110.6418474, 49.9925981], [-110.6451653, 49.9926016], [-110.6452686, 49.9925947], [-110.6453404, 49.9925749], [-110.6453531, 49.9925714], [-110.6456097, 49.9924554]]}}, {"type": "Feature", "properties": {"name": "Path 741157746", "difficulty": "intermediate", "area": "Medicine Hat", "osm_id": 741157746, "highway": "cycleway"}, "geometry": {"type": "LineString", "coordinates": [[-110.6492844, 49.9959021], [-110.6492304, 49.9959647], [-110.6491765, 49.9959829], [-110.649143, 49.9960631], [-110.6490961, 49.9961665], [-110.6491276, 49.9961937], [-110.649135, 49.9962081], [-110.6491313, 49.9962255], [-110.6490796, 49.9962801], [-110.6487424, 49.9967211], [-110.648681, 49.9967711], [-110.6486509, 49.9968359], [-110.6486032, 49.996936], [-110.6485073, 49.9970321], [-110.6482492, 49.9973575], [-110.6482136, 49.9974364], [-110.648215, 49.9974511], [-110.648134, 49.9974642], [-110.6480326, 49.9974804], [-110.6479707, 49.9975557], [-110.6478559, 49.997698], [-110.6478086, 49.9977562], [-110.6478567, 49.9977988], [-110.6478998, 49.9978804], [-110.647696, 49.9980511], [-110.6473205, 49.9985131], [-110.6471166, 49.9987571], [-110.6468055, 49.9991226], [-110.6466942, 49.999283], [-110.6466526, 49.9994062], [-110.6466445, 49.9995019], [-110.6465025, 49.9995377], [-110.6464313, 49.9995554], [-110.6462783, 49.9995112], [-110.6460621, 49.9994482], [-110.6459767, 49.9994235]]}}, {"type": "Feature", "properties": {"name": "Path 741158774", "difficulty": "intermediate", "area": "Medicine Hat", "osm_id": 741158774, "highway": "cycleway"}, "geometry": {"type": "LineString", "coordinates": [[-110.6475511, 49.9971588], [-110.6474224, 49.9971778], [-110.6472722, 49.9971778], [-110.6467733, 49.9970864], [-110.6459579, 49.9968967], [-110.6458363, 49.9968606], [-110.6448475, 49.9965726], [-110.644832, 49.9965747]]}}, {"type": "Feature", "properties": {"name": "Path 741158775", "difficulty": "intermediate", "area": "Medicine Hat", "osm_id": 741158775, "highway": "cycleway"}, "geometry": {"type": "LineString", "coordinates": [[-110.6515919, 49.9929197], [-110.6514725, 49.9928761], [-110.651292, 49.9928019], [-110.6512029, 49.9927585], [-110.6511212, 49.9927911], [-110.651097, 49.992799], [-110.6510702, 49.9927955], [-110.6509428, 49.9927223], [-110.6495681, 49.9920998], [-110.6495655, 49.9920756], [-110.6494363, 49.9920213]]}}, {"type": "Feature", "properties": {"name": "Path 741158776", "difficulty": "intermediate", "area": "Medicine Hat", "osm_id": 741158776, "highway": "cycleway"}, "geometry": {"type": "LineString", "coordinates": [[-110.6436452, 50.0030487], [-110.6436673, 50.0030181], [-110.6436753, 50.0029767], [-110.6439234, 50.0026475], [-110.6440254, 50.0025432], [-110.6444612, 50.0020553], [-110.6445712, 50.0019889], [-110.6451854, 50.0011941], [-110.6453128, 50.0010364], [-110.6454429, 50.0009226], [-110.6454456, 50.0008941]]}}, {"type": "Feature", "properties": {"name": "Saratoga Park Trail", "difficulty": "intermediate", "area": "Medicine Hat", "osm_id": 759728003, "highway": "cycleway"}, "geometry": {"type": "LineString", "coordinates": [[-110.6710967, 50.0236894], [-110.6711049, 50.0237337], [-110.6710898, 50.0237545], [-110.6710274, 50.0237717], [-110.6709805, 50.0237861], [-110.6709234, 50.0238433], [-110.6707183, 50.0240652], [-110.6705661, 50.0242755], [-110.6705201, 50.0243448], [-110.6704847, 50.0244995], [-110.6704493, 50.0246211], [-110.6703732, 50.024753], [-110.6702847, 50.0249144], [-110.670267, 50.0249929], [-110.670237, 50.0250383], [-110.6702064, 50.0250898], [-110.670127, 50.0251409], [-110.669951, 50.0252078], [-110.6697839, 50.0252567], [-110.6696357, 50.0252738], [-110.6695007, 50.0253058], [-110.6693786, 50.0253528], [-110.6688868, 50.0256102], [-110.6686797, 50.0257796], [-110.6685134, 50.0259046], [-110.6683357, 50.0259979], [-110.668115, 50.0260592], [-110.6678091, 50.0261089], [-110.667452, 50.0261085], [-110.6672493, 50.026078], [-110.667069, 50.0260584], [-110.6667344, 50.0260616], [-110.6664388, 50.0261035], [-110.6662708, 50.026118], [-110.6657372, 50.0261161], [-110.665636, 50.0261034], [-110.6655704, 50.0260839], [-110.6651436, 50.0260015], [-110.6646814, 50.0258624], [-110.664419, 50.025813], [-110.6642031, 50.0257781], [-110.6640193, 50.0257918], [-110.663848, 50.0258294], [-110.6634909, 50.0259101], [-110.6632559, 50.0259444], [-110.6629145, 50.025956], [-110.6627109, 50.0259538], [-110.662497, 50.025935], [-110.661753, 50.025786], [-110.661642, 50.0257593], [-110.6615413, 50.0257458], [-110.6614305, 50.0257528], [-110.6613118, 50.0257815], [-110.660937, 50.026029], [-110.6608526, 50.0260654], [-110.6608073, 50.0260706], [-110.6607647, 50.0260677], [-110.6607262, 50.0260237]]}}, {"type": "Feature", "properties": {"name": "Path 759728004", "difficulty": "intermediate", "area": "Medicine Hat", "osm_id": 759728004, "highway": "cycleway"}, "geometry": {"type": "LineString", "coordinates": [[-110.6710358, 50.0234846], [-110.6710967, 50.0236894]]}}, {"type": "Feature", "properties": {"name": "Path 759728006", "difficulty": "intermediate", "area": "Medicine Hat", "osm_id": 759728006, "highway": "cycleway"}, "geometry": {"type": "LineString", "coordinates": [[-110.6971873, 50.0190506], [-110.697307, 50.0190473], [-110.6974047, 50.019066], [-110.6975238, 50.0190864], [-110.6975905, 50.0190815], [-110.6976453, 50.0190632], [-110.6976804, 50.0190185], [-110.6976925, 50.0189758], [-110.6976749, 50.0189144], [-110.6976476, 50.0188866], [-110.6975121, 50.0187701], [-110.6974709, 50.0187146], [-110.6974461, 50.0186646], [-110.6974369, 50.0186073], [-110.6974202, 50.0185612], [-110.6973195, 50.0183962], [-110.6972373, 50.0183053], [-110.697216, 50.0182325], [-110.69724, 50.0181636], [-110.6973231, 50.0180681], [-110.6973618, 50.0179612], [-110.6974062, 50.017812], [-110.6974618, 50.0177361], [-110.6975388, 50.0176415], [-110.6976003, 50.017587], [-110.6976664, 50.0175557], [-110.6977291, 50.0175224], [-110.6977764, 50.0174697], [-110.6978204, 50.0174191], [-110.6978906, 50.0173742], [-110.6979969, 50.0173251], [-110.6980737, 50.0172862], [-110.698123, 50.0172324], [-110.6981331, 50.0171829], [-110.6981229, 50.0171402], [-110.6980923, 50.0171227], [-110.6980276, 50.0171016], [-110.6979836, 50.0171029]]}}, {"type": "Feature", "properties": {"name": "Path 759728007", "difficulty": "intermediate", "area": "Medicine Hat", "osm_id": 759728007, "highway": "cycleway"}, "geometry": {"type": "LineString", "coordinates": [[-110.6968615, 50.0190755], [-110.6971873, 50.0190506]]}}, {"type": "Feature", "properties": {"name": "Path 759728008", "difficulty": "intermediate", "area": "Medicine Hat", "osm_id": 759728008, "highway": "cycleway"}, "geometry": {"type": "LineString", "coordinates": [[-110.6976168, 50.0171293], [-110.6975092, 50.0171316], [-110.6973821, 50.0171254], [-110.6973199, 50.0171301], [-110.6972733, 50.017142], [-110.6972429, 50.0171623], [-110.6972012, 50.0172005], [-110.6971192, 50.0172864], [-110.6969637, 50.0174129], [-110.6968906, 50.0174661], [-110.696834, 50.0175275], [-110.6968069, 50.017593], [-110.6967803, 50.0176822], [-110.6967865, 50.0177567], [-110.6968031, 50.017912], [-110.6967876, 50.017999], [-110.6967288, 50.0181038], [-110.6966564, 50.018206], [-110.6966409, 50.0182599], [-110.6966155, 50.0183642], [-110.6965975, 50.0184298], [-110.696525, 50.0185582], [-110.696406, 50.0187209], [-110.6962903, 50.0188353], [-110.6961445, 50.018936], [-110.6959899, 50.0189933], [-110.6957312, 50.0190879]]}}, {"type": "Feature", "properties": {"name": "Path 759728009", "difficulty": "intermediate", "area": "Medicine Hat", "osm_id": 759728009, "highway": "cycleway"}, "geometry": {"type": "LineString", "coordinates": [[-110.6979836, 50.0171029], [-110.6976168, 50.0171293]]}}, {"type": "Feature", "properties": {"name": "Path 759733601", "difficulty": "intermediate", "area": "Medicine Hat", "osm_id": 759733601, "highway": "cycleway"}, "geometry": {"type": "LineString", "coordinates": [[-110.6736616, 50.0456395], [-110.6732672, 50.0452061], [-110.6728565, 50.0447213], [-110.6720493, 50.0437383]]}}, {"type": "Feature", "properties": {"name": "Path 823134469", "difficulty": "intermediate", "area": "Medicine Hat", "osm_id": 823134469, "highway": "cycleway"}, "geometry": {"type": "LineString", "coordinates": [[-110.64633, 49.9920991], [-110.6462849, 49.992118], [-110.6461848, 49.9921616], [-110.6460864, 49.9922218], [-110.6460251, 49.9922757], [-110.6459928, 49.9923213], [-110.6459477, 49.9923504], [-110.6458751, 49.9923701], [-110.6457734, 49.9924019]]}}, {"type": "Feature", "properties": {"name": "Path 844168892", "difficulty": "intermediate", "area": "Cypress Hills / Elkwater", "osm_id": 844168892, "highway": "track"}, "geometry": {"type": "LineString", "coordinates": [[-110.2029944, 49.6594137], [-110.2034615, 49.6598221], [-110.2036493, 49.6598985], [-110.2039685, 49.6599228], [-110.2049167, 49.6599745], [-110.2053083, 49.6600439], [-110.2055658, 49.6601689], [-110.2059091, 49.6604675], [-110.2061505, 49.6609259], [-110.2062417, 49.6612488], [-110.2062417, 49.6618148], [-110.2059413, 49.6620753], [-110.2054424, 49.6624677], [-110.205378, 49.6626517], [-110.2054156, 49.6629677], [-110.2053941, 49.663301], [-110.2050883, 49.6637663], [-110.2051098, 49.6639677], [-110.2052278, 49.6641656], [-110.2055765, 49.6644121], [-110.2063329, 49.6648843], [-110.2075345, 49.666044], [-110.2081568, 49.6673391], [-110.2083016, 49.6680057], [-110.2082426, 49.6688737], [-110.2086557, 49.6695056], [-110.2086027, 49.6700329]]}}, {"type": "Feature", "properties": {"name": "Path 844168893", "difficulty": "intermediate", "area": "Cypress Hills / Elkwater", "osm_id": 844168893, "highway": "path"}, "geometry": {"type": "LineString", "coordinates": [[-110.2091179, 49.6690984], [-110.2092411, 49.6691441], [-110.2093162, 49.6693177], [-110.2094127, 49.6693906], [-110.2095737, 49.669401], [-110.2116658, 49.6693767], [-110.2118589, 49.6693142], [-110.2119877, 49.6691788], [-110.2119877, 49.6689983], [-110.2118589, 49.668849], [-110.2116658, 49.6686893], [-110.2109738, 49.6681512], [-110.2108128, 49.6678977], [-110.2104695, 49.6669221], [-110.2104588, 49.6665054], [-110.2106036, 49.6658076], [-110.210609, 49.6655819], [-110.2104695, 49.6648909], [-110.2106519, 49.6642902], [-110.2106412, 49.6640993], [-110.2101959, 49.6632451], [-110.2101477, 49.6630159], [-110.210271, 49.662818], [-110.2105768, 49.6626548], [-110.2110864, 49.6624499], [-110.2115639, 49.6624152], [-110.2124168, 49.6625854], [-110.213318, 49.6626131], [-110.2151848, 49.6630506], [-110.2159573, 49.6630784], [-110.2173843, 49.6632555], [-110.217851, 49.6632451], [-110.2181889, 49.6630576], [-110.2184196, 49.6628423], [-110.2184035, 49.6627416], [-110.2182211, 49.6625958], [-110.2176632, 49.6623353], [-110.217116, 49.6621583], [-110.2169283, 49.6620576], [-110.2167781, 49.6618284], [-110.2162095, 49.6605019], [-110.2161612, 49.6598178], [-110.215893, 49.658592], [-110.2158447, 49.6575919], [-110.2157481, 49.6573523], [-110.2152814, 49.6569876], [-110.2149434, 49.6569078], [-110.214112, 49.6569668], [-110.2139349, 49.6569112], [-110.2138384, 49.6567411], [-110.2138276, 49.6566022], [-110.2139832, 49.6558069], [-110.2141763, 49.6555708], [-110.2153994, 49.6550533], [-110.2159895, 49.6550012], [-110.2162685, 49.655029], [-110.2166171, 49.6552929], [-110.2169336, 49.6555777], [-110.2172823, 49.6555985], [-110.21769, 49.6555082], [-110.2179368, 49.6553867], [-110.218028, 49.6551123], [-110.218028, 49.6548067], [-110.2177598, 49.6543587], [-110.2173789, 49.6538586], [-110.2173145, 49.6535808], [-110.2174594, 49.6533134], [-110.21769, 49.653171], [-110.2179797, 49.653171], [-110.2195193, 49.6534592], [-110.2204473, 49.6536051], [-110.2206458, 49.6535982], [-110.221075, 49.6534245], [-110.2215524, 49.6532647], [-110.2220835, 49.6530355], [-110.2223624, 49.6530737], [-110.2225824, 49.6532891], [-110.2228077, 49.6540948], [-110.2224536, 49.65464], [-110.2222176, 49.6552547], [-110.222223, 49.6562618], [-110.2224912, 49.656946], [-110.2230115, 49.6572099], [-110.223725, 49.6572307], [-110.2244009, 49.657005], [-110.2248837, 49.656689], [-110.2253182, 49.6565536], [-110.2255865, 49.6562653], [-110.2257259, 49.6560326], [-110.2259781, 49.655991], [-110.2267398, 49.6561577], [-110.2272387, 49.6563487], [-110.2274747, 49.6566126], [-110.2274104, 49.6568453], [-110.2271958, 49.657005], [-110.2267988, 49.6571439], [-110.2264984, 49.6572794], [-110.2263965, 49.6574704], [-110.2264555, 49.6581232], [-110.2266218, 49.6584253], [-110.2275016, 49.6592483], [-110.2286174, 49.6600435], [-110.2291216, 49.6606373], [-110.2294006, 49.6607832], [-110.229701, 49.6608318], [-110.2308168, 49.6607901], [-110.2311654, 49.6608249], [-110.2320238, 49.6609707], [-110.2322759, 49.6609256], [-110.2323724, 49.6607797], [-110.2324494, 49.6606539]]}}, {"type": "Feature", "properties": {"name": "Path 844168894", "difficulty": "intermediate", "area": "Cypress Hills / Elkwater", "osm_id": 844168894, "highway": "track"}, "geometry": {"type": "LineString", "coordinates": [[-110.2232966, 49.6487048], [-110.2293263, 49.6540744], [-110.2320683, 49.6596256], [-110.2322026, 49.6597788]]}}, {"type": "Feature", "properties": {"name": "Murray Hill", "difficulty": "intermediate", "area": "Cypress Hills / Elkwater", "osm_id": 844168911, "highway": "path"}, "geometry": {"type": "LineString", "coordinates": [[-110.3616092, 49.6237671], [-110.3620588, 49.6235994], [-110.3623228, 49.623398], [-110.3637619, 49.6219003], [-110.3643452, 49.6214617], [-110.365069, 49.621048], [-110.3658056, 49.6207253], [-110.3666188, 49.6204936], [-110.3691977, 49.6200956], [-110.3723314, 49.6198528], [-110.3753289, 49.6196763], [-110.377875, 49.6194501], [-110.3790587, 49.6193398], [-110.3795611, 49.6191853], [-110.3817666, 49.6180323], [-110.3856582, 49.616322], [-110.3871484, 49.6156268], [-110.3881276, 49.6149592], [-110.3883405, 49.6146006], [-110.3886962, 49.6143966], [-110.3893221, 49.6136324], [-110.3898628, 49.612951], [-110.390131, 49.6127331], [-110.3902545, 49.6126972], [-110.390395, 49.6126972], [-110.3905227, 49.6127965], [-110.3905824, 49.6130807], [-110.3905355, 49.6137842], [-110.3906675, 49.6142476], [-110.3911273, 49.6145014], [-110.3926048, 49.6150366], [-110.3931029, 49.6151222], [-110.3933754, 49.6151222], [-110.3940269, 49.6150201], [-110.3947422, 49.6148159], [-110.3962579, 49.6158622], [-110.3963346, 49.6165463], [-110.3962153, 49.6170429], [-110.39659, 49.6175891], [-110.3972372, 49.6179477], [-110.3981569, 49.618058], [-110.3990169, 49.617898], [-110.3999025, 49.6180139], [-110.4006604, 49.6180966], [-110.4013502, 49.6183228], [-110.4020229, 49.6186538], [-110.4026701, 49.6192497], [-110.4033258, 49.6194814], [-110.4052247, 49.6200882], [-110.4061785, 49.6201379], [-110.4123003, 49.6212736]]}}, {"type": "Feature", "properties": {"name": "Path 853276071", "difficulty": "intermediate", "area": "Medicine Hat", "osm_id": 853276071, "highway": "track"}, "geometry": {"type": "LineString", "coordinates": [[-110.2946109, 49.9645809], [-110.2943844, 49.9648966], [-110.2942711, 49.9649664], [-110.2935774, 49.9649816], [-110.2927941, 49.965103], [-110.2925298, 49.9651182], [-110.2921759, 49.9651273], [-110.2918881, 49.9651212], [-110.2916049, 49.9651485], [-110.2913643, 49.9651516], [-110.2910292, 49.9650666], [-110.2908074, 49.9648329], [-110.2906895, 49.9646204], [-110.2906234, 49.964417], [-110.2904582, 49.9643047], [-110.2901704, 49.9642015], [-110.2897881, 49.9641195], [-110.2895947, 49.9640588], [-110.2894153, 49.9639465], [-110.2893115, 49.963734], [-110.2892927, 49.9634912], [-110.2893446, 49.9632453], [-110.2894389, 49.9630388], [-110.2894437, 49.9627839], [-110.2893729, 49.9625531], [-110.2893162, 49.9623528], [-110.2892879, 49.9620614], [-110.2893021, 49.9609412], [-110.2893021, 49.9605314], [-110.2892455, 49.9603674], [-110.2888821, 49.9603857], [-110.2832766, 49.9604385]]}}, {"type": "Feature", "properties": {"name": "Path 863645535", "difficulty": "intermediate", "area": "Medicine Hat", "osm_id": 863645535, "highway": "cycleway"}, "geometry": {"type": "LineString", "coordinates": [[-110.7548658, 50.0739012], [-110.7548389, 50.0738736], [-110.7548229, 50.0738392], [-110.7548296, 50.0738056], [-110.7549164, 50.0736825], [-110.7549272, 50.0736301], [-110.7549333, 50.0735263], [-110.754908, 50.072155]]}}, {"type": "Feature", "properties": {"name": "Path 863645537", "difficulty": "intermediate", "area": "Medicine Hat", "osm_id": 863645537, "highway": "cycleway"}, "geometry": {"type": "LineString", "coordinates": [[-110.7549054, 50.0720328], [-110.7549169, 50.0712569], [-110.7549309, 50.0712307], [-110.7549578, 50.0711962], [-110.7549916, 50.0711715], [-110.7550547, 50.0711505], [-110.7553578, 50.0711053]]}}, {"type": "Feature", "properties": {"name": "Crocus Loop", "difficulty": "intermediate", "area": "Cypress Hills / Elkwater", "osm_id": 906601515, "highway": "path"}, "geometry": {"type": "LineString", "coordinates": [[-110.318042, 49.6576621], [-110.3180651, 49.6575837], [-110.3180368, 49.6575321], [-110.3179647, 49.6574921], [-110.3178978, 49.6574921], [-110.3177845, 49.6574637], [-110.3176686, 49.6574938], [-110.3174163, 49.6574837], [-110.3173777, 49.6574837], [-110.3173159, 49.6574854], [-110.3171254, 49.6574004], [-110.3170121, 49.6573587], [-110.316819, 49.6573687], [-110.3164715, 49.6573637], [-110.3164354, 49.6573004], [-110.31642, 49.6572137], [-110.3164869, 49.6571971], [-110.3164689, 49.6571621], [-110.3164946, 49.6570204], [-110.316474, 49.6569721], [-110.3164483, 49.6569587], [-110.3163711, 49.6569854], [-110.3163427, 49.6570504], [-110.3164019, 49.6571054], [-110.3163453, 49.6571654], [-110.3163221, 49.6572271], [-110.3162423, 49.6572921], [-110.3162243, 49.6573621], [-110.3161162, 49.6574721], [-110.3159308, 49.6575837], [-110.3155781, 49.6577504], [-110.3153747, 49.6577571], [-110.3153129, 49.6577804], [-110.3152975, 49.6578121], [-110.3153489, 49.6579487], [-110.3154751, 49.6579354], [-110.3156399, 49.6579987], [-110.3157017, 49.6580037], [-110.3157789, 49.6579704], [-110.3159076, 49.6579887], [-110.3159385, 49.6580254], [-110.3161393, 49.6580954], [-110.3163916, 49.6580737], [-110.3166723, 49.6580121], [-110.3170121, 49.6579004], [-110.3170688, 49.6578787], [-110.3171125, 49.6578787], [-110.317164, 49.6578871], [-110.3172104, 49.6579071], [-110.3172979, 49.6579654], [-110.3173391, 49.6579654], [-110.3175245, 49.6578954], [-110.3176094, 49.6578304], [-110.3177407, 49.6578004], [-110.3179081, 49.6577887], [-110.3180445, 49.6577571], [-110.318042, 49.6576621]]}}, {"type": "Feature", "properties": {"name": "Crocus Loop Trail Head", "difficulty": "intermediate", "area": "Cypress Hills / Elkwater", "osm_id": 906601516, "highway": "path"}, "geometry": {"type": "LineString", "coordinates": [[-110.3180651, 49.6575837], [-110.3181475, 49.6575154], [-110.3182292, 49.657508]]}}, {"type": "Feature", "properties": {"name": "Mitchell Creek Connector", "difficulty": "intermediate", "area": "Cypress Hills / Elkwater", "osm_id": 908204850, "highway": "path"}, "geometry": {"type": "LineString", "coordinates": [[-110.2941061, 49.6590622], [-110.2939953, 49.6589259], [-110.2940624, 49.6588252], [-110.2940275, 49.6587144], [-110.2940183, 49.6585536], [-110.2940861, 49.6585117], [-110.2941149, 49.658372], [-110.2942943, 49.6582945], [-110.2942993, 49.658239], [-110.2943251, 49.6581941], [-110.2942383, 49.658117], [-110.294281, 49.6580463], [-110.2941288, 49.6579179], [-110.2940682, 49.6577681], [-110.293942, 49.6576112], [-110.2938859, 49.6575646], [-110.2938539, 49.6575024], [-110.2938739, 49.6574777], [-110.2938499, 49.6573118], [-110.2939019, 49.6572898], [-110.2938299, 49.6572301], [-110.2937638, 49.6571381], [-110.2937458, 49.6570381], [-110.2936837, 49.6569745], [-110.2936576, 49.6569305], [-110.2936576, 49.6568812], [-110.2937317, 49.6567814], [-110.2936697, 49.6567386], [-110.2935644, 49.6567154], [-110.2934694, 49.6566932], [-110.2933793, 49.6566569], [-110.2933506, 49.6566466], [-110.2932665, 49.6565688], [-110.2931864, 49.6565442], [-110.2931824, 49.6565325], [-110.2931844, 49.6565131], [-110.2931925, 49.6564962], [-110.2932385, 49.6564716], [-110.2930723, 49.6563912], [-110.2930323, 49.6563056], [-110.2929602, 49.6562577], [-110.2929321, 49.6562084], [-110.2927619, 49.6561592], [-110.292838, 49.6560801], [-110.29283, 49.6560334], [-110.2927819, 49.655988], [-110.2926177, 49.6558999], [-110.2925877, 49.6558506], [-110.2926097, 49.6557608], [-110.2925797, 49.6556765], [-110.2926117, 49.6556], [-110.2926017, 49.6555663], [-110.2925457, 49.6555028], [-110.2925316, 49.6554522], [-110.2924295, 49.6553825], [-110.2924315, 49.655319], [-110.2924535, 49.6552995], [-110.2923774, 49.6552153], [-110.2923414, 49.6551388], [-110.2923814, 49.655074], [-110.2923855, 49.6550428], [-110.2923034, 49.6548774], [-110.2922072, 49.6547724], [-110.2922012, 49.6546959], [-110.2918848, 49.6546182], [-110.2917767, 49.6545754], [-110.2915765, 49.6544307], [-110.2915865, 49.6543828], [-110.2915704, 49.6543374], [-110.2915164, 49.6543102], [-110.2913241, 49.654327], [-110.2912701, 49.6543024], [-110.291172, 49.654292], [-110.2909357, 49.6541974], [-110.2904502, 49.6541557]]}}, {"type": "Feature", "properties": {"name": "Turkey Trott", "difficulty": "intermediate", "area": "Cypress Hills / Elkwater", "osm_id": 908209342, "highway": "path"}, "geometry": {"type": "LineString", "coordinates": [[-110.294048, 49.6609386], [-110.2939488, 49.6609117], [-110.293749, 49.6609178], [-110.2936173, 49.6608545], [-110.2935864, 49.6608075], [-110.2936079, 49.6607294], [-110.2935611, 49.6606319], [-110.293471, 49.660555], [-110.2932911, 49.6604396], [-110.293345, 49.6603301], [-110.2933557, 49.6602398], [-110.2934362, 49.6601322], [-110.2934791, 49.6600419], [-110.2935489, 49.6599724], [-110.2935006, 49.6597745], [-110.2932986, 49.6595041], [-110.2932753, 49.6594724], [-110.2933128, 49.6593717], [-110.2933557, 49.65933], [-110.2934201, 49.6593057], [-110.2936432, 49.6593123], [-110.2937739, 49.6593161], [-110.2938436, 49.6592744], [-110.293908, 49.6592571], [-110.2939831, 49.6591737], [-110.2941061, 49.6590622], [-110.294291, 49.6590579], [-110.2943855, 49.6590557], [-110.2944606, 49.6590175], [-110.2944611, 49.6589836], [-110.2945196, 49.6589307], [-110.2945866, 49.658817], [-110.2950131, 49.6585834], [-110.2950828, 49.6585521], [-110.2951257, 49.6584917], [-110.2951794, 49.6584744], [-110.295233, 49.658398], [-110.2953618, 49.6583007], [-110.295453, 49.6582729], [-110.2955656, 49.6582695], [-110.2957748, 49.6582938], [-110.2958714, 49.6582938], [-110.2959733, 49.6582139], [-110.2960203, 49.6581723], [-110.2961007, 49.6580776], [-110.2961661, 49.6580151], [-110.2963145, 49.6580217], [-110.296399, 49.6581519], [-110.2964025, 49.6581861], [-110.2963869, 49.6582709], [-110.2963293, 49.6583603], [-110.2962863, 49.6584506], [-110.2963185, 49.6584575]]}}, {"type": "Feature", "properties": {"name": "Firerock Trail", "difficulty": "intermediate", "area": "Cypress Hills / Elkwater", "osm_id": 908213395, "highway": "path"}, "geometry": {"type": "LineString", "coordinates": [[-110.3180651, 49.6575837], [-110.317858, 49.6576208], [-110.3176019, 49.6576603], [-110.3171547, 49.6577445], [-110.3169474, 49.6577234], [-110.3167522, 49.6577208], [-110.3165042, 49.6576918], [-110.3163132, 49.6577103], [-110.3161018, 49.6577366], [-110.3158334, 49.6578024], [-110.3156098, 49.657855], [-110.315435, 49.657884], [-110.3153489, 49.6579487], [-110.3151911, 49.6579129], [-110.3148293, 49.6580366], [-110.3147032, 49.6581735], [-110.3146179, 49.6582261], [-110.3144918, 49.6582682], [-110.3142357, 49.6583182], [-110.3141381, 49.6583998], [-110.3139836, 49.6585972], [-110.3139349, 49.6586314], [-110.3137885, 49.6586656], [-110.3133889, 49.6586156], [-110.3130758, 49.6586024], [-110.3122738, 49.6587709], [-110.3118794, 49.6588182], [-110.3115745, 49.658784], [-110.3112168, 49.6586781], [-110.3109444, 49.6586176], [-110.3106738, 49.6585176], [-110.3104909, 49.6585097], [-110.310312, 49.6585491], [-110.3101006, 49.6585465], [-110.3099867, 49.6585807], [-110.3096782, 49.6586412], [-110.3093204, 49.6586597], [-110.3089098, 49.6587786], [-110.3085683, 49.6588312], [-110.3083935, 49.6589181], [-110.3079057, 49.6589102], [-110.3076617, 49.6589312], [-110.3070966, 49.6590944], [-110.3070031, 49.6591549], [-110.3067389, 49.6591985], [-110.3065315, 49.6592959], [-110.306547, 49.659305], [-110.3065681, 49.6593169], [-110.3065356, 49.6594775], [-110.3065437, 49.6595485], [-110.3065071, 49.6596906], [-110.3065031, 49.6600038], [-110.3065153, 49.6600854], [-110.3067185, 49.6602486], [-110.3068283, 49.6603959], [-110.3067958, 49.6605512], [-110.3068121, 49.6606986], [-110.3068568, 49.6608617], [-110.3068677, 49.6608812], [-110.3068974, 49.6609302], [-110.3069015, 49.6609749], [-110.3069381, 49.6610354], [-110.3069259, 49.6610644], [-110.3067714, 49.6610144], [-110.306682, 49.6609959], [-110.3066291, 49.6610196], [-110.3066657, 49.6611802], [-110.3063405, 49.6611381], [-110.3062917, 49.661167], [-110.3062957, 49.6612459], [-110.3063892, 49.6613249], [-110.3064136, 49.6613907], [-110.3063445, 49.6615302], [-110.3063974, 49.661617], [-110.3063974, 49.6617012], [-110.3063567, 49.6617618], [-110.3063323, 49.6618749], [-110.3063567, 49.6619618], [-110.3063242, 49.6620354], [-110.3062957, 49.6620986], [-110.3062592, 49.662167], [-110.3062022, 49.6621986], [-110.3061982, 49.6622381], [-110.3062713, 49.662317], [-110.306169, 49.6623512], [-110.3060965, 49.662296], [-110.3060759, 49.6621328], [-110.3060881, 49.6620828], [-110.3060637, 49.6619644], [-110.3060637, 49.6617828], [-110.3059743, 49.6616276], [-110.3058564, 49.6614933], [-110.3057588, 49.6613539], [-110.3056735, 49.6613065], [-110.3056369, 49.6612486], [-110.3055677, 49.6612381], [-110.305458, 49.6612828], [-110.3053482, 49.6614065], [-110.3052832, 49.661446], [-110.3049905, 49.6615012], [-110.3048888, 49.6615907], [-110.3049091, 49.6617381], [-110.304836, 49.6618223], [-110.3046693, 49.6618249], [-110.3046205, 49.6618381], [-110.3045758, 49.6618591], [-110.3045433, 49.6619065], [-110.3044823, 49.6619539], [-110.3042912, 49.6619618], [-110.304227, 49.6620258], [-110.3040481, 49.6620705], [-110.3038896, 49.662039], [-110.3037513, 49.6621074], [-110.3036944, 49.6621863], [-110.3035968, 49.6622416], [-110.3035196, 49.6622284], [-110.3034668, 49.6622311], [-110.303422, 49.6623574], [-110.3035847, 49.6624048], [-110.3036822, 49.6624205], [-110.3038611, 49.6624969], [-110.3036944, 49.6625758], [-110.3036294, 49.6626679], [-110.3035765, 49.6626811], [-110.3035318, 49.6627521], [-110.3035237, 49.6628126], [-110.3035399, 49.6628468], [-110.3037595, 49.6629626], [-110.3038083, 49.6630179], [-110.3038001, 49.6631442], [-110.3037327, 49.6632273]]}}, {"type": "Feature", "properties": {"name": "Old Baldy Trail", "difficulty": "intermediate", "area": "Cypress Hills / Elkwater", "osm_id": 908524346, "highway": "path"}, "geometry": {"type": "LineString", "coordinates": [[-110.304695, 49.6590025], [-110.3046895, 49.659029], [-110.3046795, 49.659079], [-110.3046734, 49.6591149], [-110.3046364, 49.6591508], [-110.3045902, 49.6591408], [-110.3045008, 49.6591508], [-110.3040756, 49.6593144], [-110.303786, 49.6593902], [-110.3034902, 49.659438], [-110.3031945, 49.6594919], [-110.3028987, 49.6595517], [-110.3025906, 49.6595637], [-110.302301, 49.6596155], [-110.302073, 49.6596654], [-110.3018789, 49.6597212], [-110.3016043, 49.6598577], [-110.301404, 49.6599495], [-110.3010589, 49.660097], [-110.3008533, 49.6601828], [-110.3007146, 49.6602327], [-110.3006342, 49.6602146], [-110.3005611, 49.6602237], [-110.3004116, 49.6601808], [-110.3003234, 49.6601728], [-110.300197, 49.6601907], [-110.2999462, 49.6602697], [-110.2998772, 49.6603171], [-110.2997873, 49.6604082], [-110.2997658, 49.6604442], [-110.2993535, 49.6605567], [-110.2992522, 49.660574], [-110.299155, 49.6605762], [-110.2990725, 49.6605571], [-110.2988847, 49.6604664], [-110.2988137, 49.6604317], [-110.2987037, 49.6604152], [-110.2986225, 49.6604186], [-110.2985213, 49.6604451], [-110.2983275, 49.6605219], [-110.2982622, 49.6605598], [-110.2982236, 49.6605857], [-110.2981967, 49.6606278], [-110.2981934, 49.6606765], [-110.298182, 49.6606938], [-110.2981538, 49.6606964], [-110.2981277, 49.6606877], [-110.298117, 49.6606678], [-110.2980975, 49.6605745], [-110.2980948, 49.6604868], [-110.2981156, 49.6604078], [-110.2981585, 49.6603405], [-110.298239, 49.6602585], [-110.2983309, 49.6601712], [-110.2984227, 49.6600753], [-110.2985246, 49.659998], [-110.2986407, 49.6599529], [-110.2987386, 49.6599025], [-110.2988163, 49.6598839], [-110.2988753, 49.6598587], [-110.2989283, 49.6598496], [-110.2989679, 49.6598535], [-110.2990078, 49.6598477], [-110.2990222, 49.6598396], [-110.2990269, 49.6598179], [-110.2990061, 49.6597975], [-110.2989049, 49.6597853], [-110.2988458, 49.659771], [-110.2987339, 49.6597562], [-110.2985682, 49.6597558], [-110.2984026, 49.6597758], [-110.298296, 49.6598053], [-110.2982142, 49.6598209], [-110.2981686, 49.6598192], [-110.2981297, 49.6597966], [-110.2981284, 49.6597658], [-110.2981465, 49.6597319], [-110.2982665, 49.6596707], [-110.2984918, 49.6595566], [-110.2985669, 49.6595388], [-110.2986775, 49.6595444], [-110.2987225, 49.6595262], [-110.2987406, 49.6594928], [-110.2987218, 49.6594554], [-110.2986863, 49.6594481], [-110.298526, 49.6594793], [-110.2984489, 49.6594763], [-110.2984073, 49.6594763], [-110.2983429, 49.6595006], [-110.2982886, 49.6595175], [-110.2981988, 49.6595245], [-110.2981337, 49.6595392], [-110.2980137, 49.6595826], [-110.2978313, 49.6596139], [-110.2977455, 49.6596542], [-110.2976663, 49.6596759], [-110.2975456, 49.6597263], [-110.2974457, 49.6598122], [-110.2973626, 49.6598352], [-110.2973331, 49.6598626], [-110.2973103, 49.6598761], [-110.2973237, 49.659824], [-110.2973773, 49.6597623], [-110.2974511, 49.6597072], [-110.2975047, 49.6596317], [-110.2975678, 49.6596065], [-110.2976107, 49.6595805], [-110.2976737, 49.6594948], [-110.297722, 49.6594476], [-110.2978132, 49.6593994], [-110.2979661, 49.6592293], [-110.2979963, 49.6591642], [-110.2981391, 49.659057], [-110.2981391, 49.6590318], [-110.2981686, 49.6589962], [-110.2982343, 49.6589662], [-110.2983302, 49.6588942], [-110.298363, 49.6588234], [-110.2983993, 49.6587939], [-110.2984663, 49.6587605], [-110.2984831, 49.658744], [-110.2984938, 49.6586945], [-110.2985347, 49.6586628], [-110.2985549, 49.6586137], [-110.2985488, 49.6585895], [-110.298526, 49.6585704], [-110.2984402, 49.6585721], [-110.29841, 49.6585639], [-110.2983858, 49.658543], [-110.2983476, 49.6585317], [-110.2981827, 49.6585426], [-110.2981277, 49.6585747], [-110.2980492, 49.6586563], [-110.2979869, 49.6586776], [-110.2978662, 49.6586967]]}}, {"type": "Feature", "properties": {"name": "Cougar Ridge", "difficulty": "intermediate", "area": "Cypress Hills / Elkwater", "osm_id": 908526417, "highway": "path"}, "geometry": {"type": "LineString", "coordinates": [[-110.2973103, 49.6598761], [-110.2972511, 49.6600248], [-110.2969061, 49.6604197], [-110.296826, 49.6604875], [-110.2968999, 49.6608225], [-110.2970478, 49.660998], [-110.2976517, 49.661018], [-110.2977379, 49.660994], [-110.2977872, 49.6609661], [-110.2978489, 49.6609661], [-110.2978982, 49.660994], [-110.2979844, 49.6610738], [-110.2980399, 49.6611257], [-110.2981101, 49.6611596], [-110.2981809, 49.6611666], [-110.2982949, 49.6611725], [-110.2984135, 49.6611695], [-110.2984505, 49.6611855], [-110.2985707, 49.6611596], [-110.2986801, 49.6611586], [-110.2987432, 49.6611775], [-110.2987894, 49.6611626], [-110.2989866, 49.6612204], [-110.2991499, 49.6612244], [-110.2992111, 49.6613002], [-110.2992235, 49.661351], [-110.2992389, 49.6613979], [-110.2992604, 49.6614228], [-110.2992866, 49.6614368], [-110.2993144, 49.6614488], [-110.2993667, 49.6614677], [-110.2993945, 49.6614797], [-110.2994361, 49.6614757], [-110.2995254, 49.6614557], [-110.2995624, 49.6614518], [-110.2995824, 49.6614577], [-110.2996024, 49.6614677], [-110.2996286, 49.6615006], [-110.2997116, 49.6615495], [-110.2997871, 49.6615585], [-110.299935, 49.6615405], [-110.3001645, 49.6614597], [-110.3002431, 49.6614687], [-110.3003355, 49.6614617], [-110.3004233, 49.6614537], [-110.3004634, 49.6614328], [-110.3005235, 49.6614508], [-110.3006267, 49.6614408], [-110.300654, 49.6614308], [-110.300671, 49.6614129], [-110.3006741, 49.6613401], [-110.3007187, 49.6612314], [-110.3007889, 49.6612403], [-110.3008613, 49.6612782], [-110.3009106, 49.6612802], [-110.3009476, 49.6612632], [-110.3009676, 49.6612343], [-110.3009445, 49.6611685], [-110.3010631, 49.6610757], [-110.3011109, 49.660992], [-110.3012172, 49.6609473], [-110.3013342, 49.6609413], [-110.3014005, 49.6608875], [-110.3015068, 49.6608576], [-110.3015776, 49.660688], [-110.3016996, 49.6606389], [-110.3017489, 49.6606389], [-110.3018062, 49.6606708], [-110.301894, 49.6606787], [-110.3020234, 49.6607406], [-110.3021575, 49.6607396], [-110.3022715, 49.6608084], [-110.3023177, 49.6608084], [-110.3023747, 49.6607675], [-110.3024224, 49.6607874], [-110.3025549, 49.6607884], [-110.3026427, 49.6607615], [-110.3027617, 49.6607575], [-110.3028465, 49.6606977], [-110.3028326, 49.6606289], [-110.3027987, 49.660588], [-110.302828, 49.6605611], [-110.3033475, 49.6605611], [-110.3034754, 49.6606189], [-110.3035447, 49.6606817], [-110.3037573, 49.6607097], [-110.3039961, 49.6606409], [-110.3041506, 49.6605114], [-110.3041752, 49.6604905], [-110.3042199, 49.6604706], [-110.3042184, 49.6604107], [-110.3041891, 49.6603339], [-110.3042138, 49.6602847], [-110.3042754, 49.6602389], [-110.3044615, 49.660188], [-110.3045925, 49.6602099], [-110.304745, 49.660191], [-110.3048713, 49.6601302], [-110.3049059, 49.6601129], [-110.3049613, 49.660072], [-110.3050045, 49.660082], [-110.3049752, 49.6601279], [-110.3052063, 49.660069], [-110.3052695, 49.660071], [-110.3056947, 49.6601787], [-110.305724, 49.6602176], [-110.3058935, 49.6602695], [-110.3059857, 49.6603361], [-110.3060134, 49.66037], [-110.3060951, 49.660376], [-110.3061351, 49.6604188], [-110.3061289, 49.6604487], [-110.3061243, 49.6604886], [-110.3061012, 49.6605275], [-110.306072, 49.6605814], [-110.306072, 49.6606382], [-110.3060904, 49.6606851], [-110.3063554, 49.6607449], [-110.3064032, 49.6607479], [-110.3064571, 49.6607419], [-110.3065788, 49.6608048], [-110.3068237, 49.6608895], [-110.3068677, 49.6608812]]}}, {"type": "Feature", "properties": {"name": "Cougar Ridge", "difficulty": "intermediate", "area": "Cypress Hills / Elkwater", "osm_id": 908529715, "highway": "path"}, "geometry": {"type": "LineString", "coordinates": [[-110.3129919, 49.6624076], [-110.3128507, 49.6623512], [-110.3126667, 49.6623993], [-110.3125711, 49.662381], [-110.3123552, 49.6624176], [-110.3122703, 49.6624291], [-110.3122278, 49.6624337], [-110.3121464, 49.6624222], [-110.3120579, 49.6623947], [-110.3119482, 49.6623489], [-110.3117465, 49.6623787], [-110.3117005, 49.6623604], [-110.3116792, 49.662287], [-110.3114527, 49.6622527], [-110.3113749, 49.6622275], [-110.3113076, 49.6622389], [-110.3112333, 49.662287], [-110.311113, 49.6623329], [-110.3110705, 49.6623466], [-110.3109749, 49.6624405], [-110.3108334, 49.6624405], [-110.3106776, 49.6624268], [-110.3106033, 49.6624199], [-110.3105538, 49.6623466], [-110.3105679, 49.6622664], [-110.3105715, 49.6622183], [-110.3106352, 49.6621381], [-110.3106245, 49.662019], [-110.3104724, 49.6618289], [-110.3104617, 49.6617945], [-110.3104193, 49.6617693], [-110.310352, 49.6617624], [-110.3103096, 49.6618151], [-110.3101574, 49.6618678], [-110.310076, 49.6618953], [-110.3100087, 49.6619617], [-110.3099273, 49.6619892], [-110.3097291, 49.6620167], [-110.3097221, 49.6619869], [-110.3097327, 49.661948], [-110.3097397, 49.6619205], [-110.3097397, 49.661877], [-110.3097327, 49.6618357], [-110.3097787, 49.6617945], [-110.3098495, 49.6617441], [-110.3098813, 49.6616341], [-110.3098492, 49.6615792], [-110.3097678, 49.6615792], [-110.3097254, 49.6615814], [-110.3096935, 49.6616158], [-110.3096758, 49.6616341], [-110.3096263, 49.6616364], [-110.309598, 49.6615952], [-110.3095803, 49.6614875], [-110.3095838, 49.6613821], [-110.3095696, 49.661318], [-110.3095413, 49.6612745], [-110.3094812, 49.6611943], [-110.3095095, 49.6610751], [-110.3095059, 49.6609973], [-110.3095449, 49.6609262], [-110.3097289, 49.6607888], [-110.3096475, 49.6606742], [-110.3095838, 49.6606719], [-110.309283, 49.6608346], [-110.3091237, 49.6608461], [-110.3090883, 49.6608758], [-110.3090246, 49.6608758], [-110.3089538, 49.6609308], [-110.3089149, 49.6609491], [-110.3088158, 49.6610797], [-110.3087238, 49.6611187], [-110.3086247, 49.6611989], [-110.3085043, 49.6612584], [-110.3084406, 49.6613707], [-110.3083486, 49.661444], [-110.3080973, 49.6615081], [-110.3080301, 49.66157], [-110.3078425, 49.6615883], [-110.3077009, 49.6616845], [-110.3076337, 49.6617533], [-110.3074037, 49.6618701], [-110.3072132, 49.6618508], [-110.3069584, 49.6618714], [-110.3067071, 49.6619974], [-110.3064877, 49.6622128], [-110.3063921, 49.6622929], [-110.3063355, 49.6623548], [-110.3062541, 49.6623777], [-110.3061868, 49.6623777], [-110.306169, 49.6623512]]}}, {"type": "Feature", "properties": {"name": "Badger Grind", "difficulty": "intermediate", "area": "Cypress Hills / Elkwater", "osm_id": 908905475, "highway": "path"}, "geometry": {"type": "LineString", "coordinates": [[-110.3128507, 49.6623512], [-110.3128681, 49.6623116], [-110.312736, 49.6622984], [-110.3125611, 49.6621708], [-110.3124656, 49.6621879], [-110.3124046, 49.6622248], [-110.3123538, 49.6621629], [-110.3123599, 49.6621208], [-110.3124209, 49.662059], [-110.3125266, 49.6620103], [-110.3125977, 49.6619142], [-110.3126363, 49.6618932], [-110.312925, 49.6618432], [-110.3127664, 49.6618011], [-110.3125998, 49.6618103], [-110.3123091, 49.661759], [-110.3122705, 49.6617366], [-110.3122705, 49.6617077], [-110.3122969, 49.6616748], [-110.3124006, 49.6616721], [-110.3125957, 49.6615945], [-110.3125896, 49.6615616], [-110.3125489, 49.6615392], [-110.3123314, 49.6615721], [-110.3122969, 49.6615432], [-110.3123318, 49.6615106], [-110.3125228, 49.6614906], [-110.3126368, 49.6614368], [-110.3126614, 49.6613889], [-110.3125598, 49.6613251], [-110.3125782, 49.6612752], [-110.3126922, 49.6611855], [-110.3127816, 49.6611775], [-110.3128463, 49.6611416], [-110.3129449, 49.6610439], [-110.3130219, 49.6609242], [-110.3131729, 49.6609083], [-110.313293, 49.6609282], [-110.3134316, 49.6608238], [-110.3138383, 49.660722], [-110.3141126, 49.6605964], [-110.314205, 49.6605246], [-110.3143991, 49.6604708], [-110.3145316, 49.660383], [-110.3145069, 49.6603311], [-110.3145901, 49.6603012], [-110.3149383, 49.6602873], [-110.3150584, 49.6602035], [-110.3150523, 49.6601536], [-110.3151016, 49.6600539], [-110.3150831, 49.660012], [-110.3150307, 49.6599761], [-110.3148982, 49.6599821], [-110.314812, 49.6600041], [-110.3147442, 49.6600479], [-110.3147072, 49.6600998], [-110.3144515, 49.6601576], [-110.3143498, 49.6601217], [-110.3142943, 49.6600699], [-110.3142974, 49.6599741], [-110.3143775, 49.6598684], [-110.3143067, 49.6598325], [-110.3144114, 49.6597488], [-110.314396, 49.6597089], [-110.3144176, 49.659671], [-110.3144176, 49.6596032], [-110.3144854, 49.6595114], [-110.3145162, 49.6594416], [-110.314473, 49.6594117], [-110.31451, 49.6593399], [-110.314433, 49.6592224], [-110.314433, 49.6591625], [-110.314359, 49.6590847], [-110.3143406, 49.6590588], [-110.3141834, 49.6590389], [-110.3141834, 49.6589631], [-110.3142081, 49.6589152], [-110.314282, 49.6588394], [-110.3143529, 49.6588374], [-110.314359, 49.6587417], [-110.3146148, 49.6586739], [-110.314698, 49.6586121], [-110.3147982, 49.6584527], [-110.3148599, 49.6583889], [-110.3149061, 49.6583789], [-110.3149492, 49.6583311], [-110.3150201, 49.6582952], [-110.3152604, 49.6581595], [-110.3153374, 49.6580219], [-110.3153467, 49.65799], [-110.3153251, 49.657976], [-110.3153489, 49.6579487]]}}, {"type": "Feature", "properties": {"name": "Firerock Connector", "difficulty": "intermediate", "area": "Cypress Hills / Elkwater", "osm_id": 908906105, "highway": "path"}, "geometry": {"type": "LineString", "coordinates": [[-110.306547, 49.659305], [-110.3064531, 49.6592811], [-110.3063485, 49.6593107], [-110.3062198, 49.6592794], [-110.3061045, 49.6593141], [-110.3058496, 49.6592603], [-110.3057343, 49.659269], [-110.3055627, 49.6592464], [-110.3054849, 49.659262], [-110.3054044, 49.6592395], [-110.3053615, 49.6592551], [-110.3052891, 49.659262], [-110.3051442, 49.6593072], [-110.3051308, 49.6592759], [-110.3051684, 49.6592412], [-110.3051684, 49.6592134], [-110.3050262, 49.6591909], [-110.3049484, 49.6592169], [-110.3049377, 49.6591613], [-110.3049511, 49.6591318], [-110.3049511, 49.6590902], [-110.3048304, 49.6591249], [-110.304809, 49.6591683], [-110.3047499, 49.6591874], [-110.3047848, 49.659144], [-110.3047902, 49.6590711], [-110.3046895, 49.659029]]}}, {"type": "Feature", "properties": {"name": "Mazama Drop Trail", "difficulty": "intermediate", "area": "Cypress Hills / Elkwater", "osm_id": 908916616, "highway": "path"}, "geometry": {"type": "LineString", "coordinates": [[-110.290407, 49.6535767], [-110.2903468, 49.6535767], [-110.2902548, 49.6535034], [-110.2902194, 49.6533682], [-110.2899469, 49.6532514], [-110.2900778, 49.6530955], [-110.2900778, 49.6530451], [-110.2900354, 49.6529741], [-110.290046, 49.6528847], [-110.2900283, 49.6528297], [-110.2899787, 49.6528114], [-110.2898442, 49.6528114], [-110.2895222, 49.6529581], [-110.2895222, 49.6530016], [-110.2894726, 49.6530176], [-110.2893983, 49.6530016], [-110.2893311, 49.6529558], [-110.289278, 49.6528847], [-110.2889948, 49.6527337], [-110.2888745, 49.6527566], [-110.2886728, 49.6527543], [-110.2885984, 49.6527543], [-110.2885312, 49.6527864], [-110.2885808, 49.652862], [-110.2885418, 49.6528941], [-110.2884463, 49.6528276], [-110.2882622, 49.6527291], [-110.2881348, 49.6527289], [-110.2881348, 49.6526419], [-110.2880782, 49.652635], [-110.2880428, 49.6525914], [-110.287972, 49.6525914], [-110.2879508, 49.6526419], [-110.2879154, 49.6526716], [-110.2878588, 49.652651], [-110.2878446, 49.6525892], [-110.2877951, 49.652486], [-110.2878269, 49.6524585], [-110.2878092, 49.6524127], [-110.2877562, 49.6523852], [-110.2876217, 49.6522432], [-110.2876217, 49.6521905], [-110.2875721, 49.6521698], [-110.2875509, 49.6521332], [-110.2874624, 49.6520667], [-110.2874193, 49.6519499], [-110.2873733, 49.6519086], [-110.2874122, 49.6518353], [-110.2874087, 49.6517528], [-110.2874547, 49.6516291], [-110.2874087, 49.6515993], [-110.2874158, 49.6515214], [-110.2874052, 49.6514549], [-110.2873485, 49.6513426], [-110.2871787, 49.6512327], [-110.2870796, 49.6510768], [-110.2870194, 49.6509416], [-110.28703, 49.6508156], [-110.2869982, 49.6507675], [-110.2869946, 49.6507125], [-110.2869486, 49.6506965], [-110.2868884, 49.6506919], [-110.2868106, 49.6506208], [-110.2867964, 49.6504329], [-110.2867115, 49.6503298], [-110.2867115, 49.6503734], [-110.2866726, 49.6503848], [-110.2866336, 49.6503046], [-110.2865002, 49.6501805], [-110.2864961, 49.6501767], [-110.2863788, 49.6500663], [-110.2862832, 49.649954], [-110.2859859, 49.649789], [-110.2859435, 49.6498051], [-110.2859435, 49.6498326], [-110.2860638, 49.6499563], [-110.2861027, 49.6501305], [-110.2861311, 49.6501855], [-110.2861594, 49.650323], [-110.2861346, 49.6503505], [-110.2860815, 49.650339], [-110.2860603, 49.650268], [-110.2859293, 49.6500915], [-110.285901, 49.650064], [-110.2857311, 49.6499472], [-110.2856851, 49.649938], [-110.2856356, 49.6499792], [-110.285678, 49.6501786], [-110.2856426, 49.6502244], [-110.2855789, 49.6501053], [-110.2855223, 49.6500778], [-110.2854834, 49.6501969], [-110.2853794, 49.6502428], [-110.2851069, 49.6502725], [-110.2848627, 49.6503275], [-110.2845689, 49.6503413], [-110.2842079, 49.6503871], [-110.2839354, 49.650449], [-110.2837882, 49.6504169], [-110.2833918, 49.6502565], [-110.2830344, 49.6501671], [-110.2830025, 49.6501328], [-110.2830202, 49.6500732], [-110.2830875, 49.6500526], [-110.283544, 49.6501076], [-110.2837245, 49.6500869], [-110.2837316, 49.6500549], [-110.2837104, 49.6500182], [-110.2835653, 49.6498967], [-110.2834414, 49.6498738], [-110.283137, 49.6498532], [-110.2828043, 49.6499013], [-110.2825318, 49.650009], [-110.2822381, 49.6499999], [-110.281732, 49.6500663], [-110.2816187, 49.650064], [-110.2814347, 49.6499884], [-110.2813356, 49.6500113], [-110.2812398, 49.6499563], [-110.2809283, 49.6499357], [-110.280854, 49.6499678], [-110.2808823, 49.6499976], [-110.2807478, 49.6500869], [-110.2806487, 49.6499747], [-110.2805319, 49.6499563], [-110.2804718, 49.6499701], [-110.280401, 49.650048], [-110.2803231, 49.6500342], [-110.2801815, 49.6499563], [-110.2801143, 49.6499815], [-110.2800754, 49.6500159], [-110.2800294, 49.6500411], [-110.2799798, 49.6500411], [-110.2799126, 49.650009], [-110.2797639, 49.6498647], [-110.2795374, 49.6497799], [-110.2794065, 49.6497936], [-110.2792825, 49.6498922], [-110.279194, 49.6499219], [-110.2791197, 49.649899], [-110.2790418, 49.6498051], [-110.2789427, 49.6497363], [-110.2788684, 49.6497295], [-110.278787, 49.6497295], [-110.2787056, 49.649773], [-110.278656, 49.6498578], [-110.278649, 49.6499678], [-110.2786207, 49.6499953], [-110.2784012, 49.6499059], [-110.2782349, 49.6498807], [-110.2780933, 49.6499678], [-110.2778983, 49.6499598], [-110.2777815, 49.6499965], [-110.2776789, 49.6501821], [-110.2775125, 49.6502738], [-110.277371, 49.6504502], [-110.2770701, 49.6505373], [-110.2766136, 49.6505785], [-110.276196, 49.6504937], [-110.2761323, 49.6505212], [-110.2761181, 49.6507298], [-110.2760827, 49.6508191], [-110.2760827, 49.650897], [-110.27615, 49.6509268], [-110.2763057, 49.6509406], [-110.2763375, 49.6509566], [-110.2761606, 49.6510551], [-110.2759234, 49.6510804], [-110.2757677, 49.6510712], [-110.2757005, 49.6510208], [-110.2756686, 49.6509727], [-110.2756509, 49.6508352], [-110.2757288, 49.6506335], [-110.2757359, 49.6505946], [-110.2756403, 49.6505006], [-110.2754244, 49.650354], [-110.2753289, 49.650315], [-110.2750776, 49.6503356], [-110.2749325, 49.6503104], [-110.2746178, 49.6501752], [-110.2744621, 49.6501661], [-110.2743559, 49.650244], [-110.2742259, 49.650439], [-110.2742179, 49.6504525], [-110.2741789, 49.6507252], [-110.2738285, 49.6508306], [-110.2737542, 49.6508975], [-110.273648, 49.6511083], [-110.2736374, 49.6511954], [-110.2737365, 49.6514658], [-110.2738533, 49.6515208], [-110.2738958, 49.6516055], [-110.2738958, 49.6516353], [-110.2738498, 49.6516812], [-110.2738002, 49.6516903], [-110.2735843, 49.6516468], [-110.2735136, 49.6516674], [-110.2734711, 49.6517797], [-110.2731915, 49.6518003], [-110.2731773, 49.6518393], [-110.2732517, 49.6519561], [-110.2732552, 49.6519997], [-110.2732163, 49.652034], [-110.2730995, 49.6520294], [-110.2730535, 49.6520592], [-110.2730464, 49.6521028], [-110.2730322, 49.6521394], [-110.2728057, 49.6521394], [-110.2725474, 49.6522128]]}}, {"type": "Feature", "properties": {"name": "Plateau Trail", "difficulty": "intermediate", "area": "Cypress Hills / Elkwater", "osm_id": 909710983, "highway": "path"}, "geometry": {"type": "LineString", "coordinates": [[-110.3285014, 49.6371762], [-110.3282634, 49.6366245], [-110.3278878, 49.6362841], [-110.3272334, 49.6360965], [-110.3263536, 49.6360478], [-110.3257957, 49.6358672], [-110.3254739, 49.6356865], [-110.3226736, 49.6358394], [-110.3211072, 49.636152], [-110.3205064, 49.6361868], [-110.3185216, 49.6364717], [-110.3176096, 49.6364995], [-110.317277, 49.6368052], [-110.3153351, 49.6380837], [-110.3152278, 49.638306], [-110.3141657, 49.6384172], [-110.313082, 49.638042], [-110.3121916, 49.6375904], [-110.3121379, 49.6372707], [-110.3116122, 49.636965], [-110.3111683, 49.6368889], [-110.3109792, 49.6367774], [-110.3101065, 49.6365306], [-110.309985, 49.6363536], [-110.3097169, 49.636394], [-110.3088155, 49.6360617], [-110.3085366, 49.6359505], [-110.3073242, 49.6359366], [-110.3069165, 49.6360061], [-110.3067556, 49.6359922], [-110.3066376, 49.6361034], [-110.3064337, 49.6361173], [-110.3061119, 49.6359019], [-110.3056935, 49.6358533], [-110.3049586, 49.6355475], [-110.3047226, 49.6355892], [-110.3043471, 49.6353669], [-110.3039072, 49.6349083], [-110.3025554, 49.6346581], [-110.302094, 49.6347068], [-110.3010855, 49.6346859], [-110.3008924, 49.634811], [-110.3008076, 49.6349078]]}}, {"type": "Feature", "properties": {"name": "Rangers Trail", "difficulty": "intermediate", "area": "Cypress Hills / Elkwater", "osm_id": 909712369, "highway": "path"}, "geometry": {"type": "LineString", "coordinates": [[-110.2925028, 49.6598671], [-110.2921365, 49.6594697], [-110.2921473, 49.6592614], [-110.2919434, 49.6591364], [-110.2918147, 49.6589697], [-110.291761, 49.65881], [-110.291525, 49.6584627], [-110.2914928, 49.6582057], [-110.2914177, 49.6580599], [-110.2913426, 49.657789], [-110.2915679, 49.657664], [-110.2915679, 49.6575598], [-110.2914499, 49.6574348], [-110.2914392, 49.6572959], [-110.2914177, 49.6571014], [-110.2912246, 49.6569486], [-110.291128, 49.6567611], [-110.29101, 49.6566916], [-110.2909778, 49.6565041], [-110.2909349, 49.6564069], [-110.290613, 49.6567125], [-110.2905057, 49.6567055], [-110.2904306, 49.6566222], [-110.2903448, 49.6565805], [-110.2900015, 49.6574348], [-110.28998, 49.6576154], [-110.2898727, 49.6576223], [-110.2896623, 49.6575872], [-110.2894038, 49.6576006], [-110.2893122, 49.6575893], [-110.2891584, 49.6576683], [-110.2890256, 49.657776], [-110.2889411, 49.6577942], [-110.2888446, 49.6577812], [-110.2887413, 49.6577569], [-110.2885334, 49.6577682], [-110.2881083, 49.6577925], [-110.2875504, 49.6578481], [-110.2871682, 49.6578698], [-110.2869777, 49.6578481], [-110.2868222, 49.6577769], [-110.2866411, 49.6576466], [-110.2865057, 49.6574999], [-110.2861838, 49.6573992], [-110.2858673, 49.6573254], [-110.2853858, 49.6572429], [-110.2852182, 49.6572534], [-110.2848668, 49.6573167], [-110.2846469, 49.6573471], [-110.2843827, 49.6573515], [-110.2838905, 49.6574279], [-110.2837604, 49.6574348], [-110.2835888, 49.6573949], [-110.2832508, 49.6572864], [-110.2830094, 49.6572126], [-110.2828377, 49.657157], [-110.2826527, 49.6571518], [-110.2820854, 49.6572134], [-110.2819271, 49.6572117], [-110.281675, 49.6571752], [-110.2815364, 49.6571778], [-110.2809763, 49.6573219], [-110.2808529, 49.6573341], [-110.2806062, 49.6573098], [-110.2804439, 49.6572785], [-110.2802709, 49.6572169], [-110.2801636, 49.6572134], [-110.27989, 49.6572751], [-110.2796808, 49.6574027], [-110.2794689, 49.657572], [-110.2793629, 49.6576796], [-110.2792557, 49.6577326], [-110.2791578, 49.6577916], [-110.2790076, 49.6579401], [-110.2790035, 49.6580009], [-110.2789781, 49.6580964], [-110.278702, 49.6583446], [-110.2782406, 49.6582891], [-110.2780153, 49.6582891], [-110.2774574, 49.6584488], [-110.2772214, 49.6584488], [-110.2769317, 49.6584974], [-110.2768459, 49.658546], [-110.2766742, 49.658546], [-110.2765562, 49.6587544], [-110.276288, 49.6589836], [-110.275537, 49.6592475], [-110.2755042, 49.6593368], [-110.2754404, 49.6595114], [-110.2754404, 49.6597059], [-110.2754941, 49.6598448], [-110.2755048, 49.6599073], [-110.2754726, 49.6599976], [-110.2752795, 49.6600462], [-110.2752366, 49.6601643], [-110.2750542, 49.6602198], [-110.2749362, 49.6603795], [-110.2749362, 49.6604976], [-110.2747967, 49.6606157], [-110.2747109, 49.6607407], [-110.2746465, 49.6608865], [-110.2746465, 49.6609629], [-110.2746959, 49.6610402], [-110.2746892, 49.6610923], [-110.2745457, 49.6611392], [-110.2744156, 49.661134], [-110.274303, 49.6611695], [-110.2742654, 49.6612416], [-110.2741702, 49.6612555], [-110.2740522, 49.6612303], [-110.2740321, 49.6611096], [-110.2739623, 49.6610463], [-110.273756, 49.6609421], [-110.2736487, 49.6609421], [-110.2736337, 49.6609628], [-110.2736058, 49.6610046], [-110.2736594, 49.6612338], [-110.2735843, 49.6613241], [-110.2733912, 49.6613241], [-110.2732757, 49.66139], [-110.2732569, 49.6614933], [-110.2733025, 49.6615871], [-110.2734406, 49.6616678], [-110.2734276, 49.6617202], [-110.2727704, 49.6618452], [-110.2727275, 49.6618901], [-110.2727302, 49.6619578], [-110.272808, 49.6619995], [-110.2730842, 49.6620915], [-110.2731754, 49.6621714], [-110.273162, 49.6621974], [-110.2731684, 49.662371], [-110.2731429, 49.662417], [-110.2727677, 49.6625312], [-110.2727409, 49.6626451], [-110.272634, 49.6632265]]}}, {"type": "Feature", "properties": {"name": "Rangers Trail", "difficulty": "intermediate", "area": "Cypress Hills / Elkwater", "osm_id": 909712696, "highway": "path"}, "geometry": {"type": "LineString", "coordinates": [[-110.290729, 49.6559474], [-110.2909349, 49.6564069]]}}, {"type": "Feature", "properties": {"name": "Tower Trail", "difficulty": "intermediate", "area": "Cypress Hills / Elkwater", "osm_id": 909732637, "highway": "path"}, "geometry": {"type": "LineString", "coordinates": [[-110.2888653, 49.6567639], [-110.2889824, 49.6567061], [-110.2890553, 49.6566464], [-110.2890217, 49.6565024], [-110.2888114, 49.6562095], [-110.2881772, 49.6551041], [-110.287825, 49.6547567], [-110.2875892, 49.6545409], [-110.2872883, 49.6541882], [-110.2872233, 49.6540514], [-110.2871826, 49.6538145], [-110.2871095, 49.6536302], [-110.2869875, 49.6534776], [-110.286768, 49.6533776], [-110.2860281, 49.6532881], [-110.2857597, 49.6533249], [-110.2856134, 49.6534302], [-110.2856134, 49.6535197], [-110.2856703, 49.6535723], [-110.2860768, 49.6535881], [-110.2861825, 49.6535986], [-110.286211, 49.6536592], [-110.2861825, 49.6537145], [-110.2859793, 49.6538171], [-110.285841, 49.6538382], [-110.2847036, 49.6537908], [-110.2834728, 49.6539013], [-110.2830906, 49.6538803], [-110.2829077, 49.653854], [-110.2822594, 49.6538987], [-110.2818244, 49.6538092], [-110.2813608, 49.6536671], [-110.2808282, 49.6535644], [-110.2805182, 49.6536118], [-110.2804729, 49.6536118], [-110.2803149, 49.6536118], [-110.2797712, 49.6534644], [-110.2795639, 49.6533776], [-110.2792061, 49.6530328], [-110.2791817, 49.6529985], [-110.2788158, 49.652709], [-110.2787467, 49.6526327], [-110.2785848, 49.6525616], [-110.2785319, 49.6524695], [-110.2781579, 49.6524221], [-110.2776213, 49.6524248], [-110.2771684, 49.6523142], [-110.2770911, 49.6522853], [-110.2765789, 49.6517195], [-110.276526, 49.6515932], [-110.2763959, 49.6514352], [-110.2761549, 49.6513407], [-110.2757933, 49.6511983], [-110.2756348, 49.6511404], [-110.2750019, 49.6510167], [-110.274857, 49.651048], [-110.2747799, 49.651128], [-110.2747283, 49.6511817], [-110.2747229, 49.6512546], [-110.2748007, 49.6514491], [-110.2748785, 49.6515394], [-110.2749617, 49.6517781], [-110.2748785, 49.6518597], [-110.2747363, 49.652141], [-110.2743608, 49.6524623], [-110.2741945, 49.6525578], [-110.274039, 49.6525699], [-110.2736539, 49.6525231], [-110.2728143, 49.6523425], [-110.2725474, 49.6522128]]}}, {"type": "Feature", "properties": {"name": "Cobble Miner Trail", "difficulty": "intermediate", "area": "Cypress Hills / Elkwater", "osm_id": 910054593, "highway": "path"}, "geometry": {"type": "LineString", "coordinates": [[-110.2755042, 49.6593368], [-110.2752402, 49.6591602], [-110.275233, 49.6590458], [-110.2751933, 49.6590131], [-110.2751175, 49.6590388], [-110.2750598, 49.6590131], [-110.2750778, 49.6588355], [-110.2749876, 49.6587468], [-110.274966, 49.6587117], [-110.2749696, 49.6586627], [-110.2750526, 49.6586089], [-110.2750453, 49.6585645], [-110.2748216, 49.6584851], [-110.2747603, 49.6584245], [-110.2747783, 49.6583918], [-110.2749587, 49.6583334], [-110.2750742, 49.6582259], [-110.2751031, 49.6581301], [-110.2750886, 49.6580811], [-110.2750417, 49.658053], [-110.2747639, 49.6579783], [-110.2747422, 49.6579409], [-110.2749876, 49.6579059], [-110.2750453, 49.6578802], [-110.2751247, 49.6577984], [-110.2751356, 49.6577587], [-110.2750814, 49.6577564], [-110.2749299, 49.6578125], [-110.2746592, 49.6578171], [-110.2745329, 49.6577914], [-110.2744788, 49.6576676], [-110.2744752, 49.6576302], [-110.2743813, 49.6575835], [-110.2744246, 49.6574971], [-110.2744282, 49.6574293], [-110.2743561, 49.6572611], [-110.2743597, 49.657177], [-110.2743958, 49.6571069], [-110.2747891, 49.6568944], [-110.2751247, 49.6567916], [-110.2753882, 49.6566584], [-110.275713, 49.6565696], [-110.2758284, 49.6565182], [-110.2759006, 49.6564458], [-110.2760486, 49.6561655], [-110.2762001, 49.6559809], [-110.2762182, 49.6559318], [-110.2761171, 49.6558057], [-110.2760919, 49.6557379], [-110.2761532, 49.6554669], [-110.2762795, 49.6553127], [-110.2765791, 49.6551072], [-110.2765827, 49.6550581], [-110.2765394, 49.6550067], [-110.2764094, 49.6549156], [-110.2763878, 49.6548548], [-110.2764708, 49.6547006], [-110.2764708, 49.6546072], [-110.2764275, 49.6545254], [-110.2764419, 49.654474], [-110.2767678, 49.6543725], [-110.2768028, 49.6543619], [-110.2773261, 49.6540231], [-110.2773694, 49.6539367], [-110.2773946, 49.6537124], [-110.2774452, 49.65364], [-110.2777266, 49.6535185], [-110.2779756, 49.6534694], [-110.2781092, 49.6534133], [-110.2782535, 49.6534204], [-110.2783473, 49.6534367], [-110.2785566, 49.6535278], [-110.2788129, 49.6535605], [-110.2792459, 49.65389], [-110.2793614, 49.6539273], [-110.2799604, 49.653918], [-110.2802997, 49.6538362], [-110.2803538, 49.6538058], [-110.2804224, 49.6537474], [-110.2804729, 49.6536118], [-110.2804981, 49.6535442], [-110.2804909, 49.653376], [-110.2804151, 49.6532825], [-110.2803791, 49.6531236], [-110.2802744, 49.6530372], [-110.2802455, 49.6529694], [-110.280278, 49.6525115], [-110.2803394, 49.6524181], [-110.2804224, 49.652334], [-110.2804476, 49.6522779], [-110.2804079, 49.6522592], [-110.2799965, 49.6522288], [-110.2798269, 49.6522335], [-110.2796717, 49.6521611], [-110.27943, 49.6521097], [-110.2791918, 49.6520139], [-110.2791088, 49.6519344], [-110.2790763, 49.6518597], [-110.2790727, 49.6517335], [-110.2790113, 49.6514882], [-110.279051, 49.6512171], [-110.279033, 49.6511704], [-110.2789789, 49.6511634], [-110.2788778, 49.6511657], [-110.2787659, 49.6512499], [-110.2786541, 49.6512779], [-110.2785566, 49.6512452], [-110.2784917, 49.6510863], [-110.278387, 49.6511097], [-110.2781958, 49.6512475], [-110.2780045, 49.6514578], [-110.277788, 49.6515933], [-110.2775787, 49.6518643], [-110.2775137, 49.6519064], [-110.2774524, 49.6519274], [-110.277373, 49.6519017], [-110.2773477, 49.6517732], [-110.27729, 49.6517148], [-110.2772322, 49.6517382], [-110.2771673, 49.6518106], [-110.277124, 49.6518527], [-110.2770301, 49.651841], [-110.2769544, 49.6518106], [-110.2769399, 49.6517475], [-110.2769327, 49.6516541], [-110.2770374, 49.651327], [-110.2769868, 49.6513316], [-110.2768714, 49.6513503], [-110.2767162, 49.6514718], [-110.2766079, 49.6515092], [-110.2764997, 49.6514905], [-110.2764275, 49.6514228], [-110.2762507, 49.6513527], [-110.2761549, 49.6513407], [-110.2760233, 49.6513246], [-110.2761316, 49.651376], [-110.2761749, 49.6514228], [-110.2761893, 49.6514671], [-110.2760811, 49.6517078], [-110.2760074, 49.6517444], [-110.2759389, 49.651707], [-110.2758775, 49.6517561], [-110.2758378, 49.6518402], [-110.2758342, 49.6519454], [-110.2759136, 49.6521346], [-110.2759461, 49.6526182]]}}, {"type": "Feature", "properties": {"name": "Beaver Creek Loop", "difficulty": "intermediate", "area": "Cypress Hills / Elkwater", "osm_id": 910055865, "highway": "path"}, "geometry": {"type": "LineString", "coordinates": [[-110.2961661, 49.6580151], [-110.2961932, 49.6578796], [-110.2964389, 49.656483], [-110.2966964, 49.6554411], [-110.2976448, 49.6539432], [-110.2978207, 49.6535181], [-110.2978024, 49.6529557], [-110.2977907, 49.6525596], [-110.2986662, 49.6520189], [-110.2990696, 49.6522773], [-110.2990782, 49.6523995], [-110.2984902, 49.6527329], [-110.2983486, 49.6527496], [-110.2985675, 49.6532636], [-110.2984516, 49.6541003], [-110.2986748, 49.6544059], [-110.2984859, 49.6548949], [-110.298134, 49.6552238], [-110.2982671, 49.6557239], [-110.2981641, 49.6561531], [-110.2985246, 49.6565476], [-110.2985632, 49.6568032], [-110.2983186, 49.6571005], [-110.2983014, 49.6573273], [-110.2981426, 49.6573634], [-110.2980825, 49.6575579], [-110.2980997, 49.6579111], [-110.2979476, 49.6585332]]}}, {"type": "Feature", "properties": {"name": "Beaver Creek Trail", "difficulty": "intermediate", "area": "Cypress Hills / Elkwater", "osm_id": 910061657, "highway": "path"}, "geometry": {"type": "LineString", "coordinates": [[-110.2986662, 49.6520189], [-110.2986102, 49.6517451], [-110.2987437, 49.6515932], [-110.2989747, 49.6514273], [-110.2990541, 49.6512988], [-110.2994366, 49.6511586], [-110.2995918, 49.6510441], [-110.2996195, 49.650938], [-110.3000778, 49.6505455], [-110.30015, 49.6505292], [-110.3004062, 49.6505362], [-110.3007274, 49.650382], [-110.3007996, 49.6503422], [-110.3009764, 49.6502651], [-110.3010378, 49.6502184], [-110.3010847, 49.650195], [-110.3012218, 49.6502161], [-110.3014167, 49.6500712], [-110.301478, 49.6500011], [-110.301478, 49.649945], [-110.3015213, 49.6498726], [-110.3017884, 49.6498282], [-110.3019219, 49.6497768], [-110.3020915, 49.6497932], [-110.3023333, 49.6498492], [-110.3024019, 49.6498492], [-110.3026039, 49.6497908], [-110.3026942, 49.6497908], [-110.3026942, 49.6497091], [-110.3026364, 49.6496109], [-110.3025318, 49.6495735], [-110.3025101, 49.6495361], [-110.302622, 49.6495315], [-110.3027808, 49.6494918], [-110.3032008, 49.6492573], [-110.3033416, 49.6492269], [-110.3036303, 49.6491101], [-110.3037674, 49.6490797], [-110.3039262, 49.6491124], [-110.3040742, 49.6491755], [-110.3041716, 49.6492736], [-110.3042365, 49.6493017], [-110.3045361, 49.6493274], [-110.3048572, 49.6494325], [-110.3049655, 49.6494442], [-110.3051965, 49.6493928], [-110.3053228, 49.6493881], [-110.3055249, 49.6495517], [-110.3057759, 49.6495821], [-110.3060358, 49.6496405], [-110.3061188, 49.6496895], [-110.3061585, 49.6497456], [-110.3062378, 49.6498157], [-110.3066492, 49.6499629], [-110.3067683, 49.649991], [-110.3069199, 49.6500587], [-110.3070318, 49.6501592], [-110.3072627, 49.6502106], [-110.3074468, 49.6502994], [-110.3075911, 49.6503321], [-110.3076308, 49.6503811], [-110.3078365, 49.6504022], [-110.3079087, 49.6503835], [-110.3080061, 49.6503952], [-110.3081938, 49.6503811], [-110.3085655, 49.6502924], [-110.3086304, 49.6502947], [-110.3092369, 49.6501335], [-110.3094101, 49.6500377], [-110.3095003, 49.6498952], [-110.3095544, 49.6498648], [-110.3097493, 49.6498391], [-110.309955, 49.649762], [-110.3100849, 49.6496966], [-110.3102618, 49.649554], [-110.3105108, 49.649526], [-110.3106082, 49.6494652], [-110.310702, 49.6493788], [-110.3108969, 49.6492788], [-110.3109691, 49.6492835], [-110.3110088, 49.6492508], [-110.3110304, 49.6492064], [-110.3111351, 49.6490709], [-110.3112325, 49.6489938], [-110.3114274, 49.6489821], [-110.3115898, 49.6490241], [-110.3116836, 49.6490125], [-110.3117341, 49.6489774], [-110.3117161, 49.6488886], [-110.3117233, 49.6488209], [-110.3118388, 49.648697], [-110.3119434, 49.6486339], [-110.3122466, 49.6481666], [-110.3123981, 49.6481193], [-110.312528, 49.6480936], [-110.3127951, 49.6479581], [-110.3129683, 49.6479324], [-110.3133148, 49.6477571], [-110.3134699, 49.6477291], [-110.313589, 49.6476777], [-110.3138055, 49.6476333], [-110.3138633, 49.6476286], [-110.3139679, 49.6475632], [-110.314336, 49.6474183], [-110.3147258, 49.6473482], [-110.314887, 49.6472688], [-110.3151973, 49.6472127], [-110.31532, 49.6472431], [-110.3154355, 49.6472501], [-110.3155907, 49.6472127], [-110.3157278, 49.6471613], [-110.3158758, 49.6470444], [-110.3159479, 49.6469557], [-110.3160201, 49.6469183], [-110.3161861, 49.6466355], [-110.3162691, 49.6465701], [-110.3163557, 49.6464393], [-110.3163593, 49.6463972], [-110.3164171, 49.6462967], [-110.3165037, 49.6462126], [-110.3165722, 49.6460888], [-110.3167238, 49.6459532], [-110.3171388, 49.6457964], [-110.317377, 49.6457707], [-110.3176801, 49.6456538], [-110.3177956, 49.6455697], [-110.3178967, 49.6454529], [-110.3181168, 49.645322], [-110.3182359, 49.6451421], [-110.3184993, 49.6449505], [-110.3186328, 49.6449949], [-110.3188782, 49.6450042], [-110.3190551, 49.6449715], [-110.319203, 49.6448149], [-110.3192247, 49.6447051], [-110.3192932, 49.644607], [-110.3192824, 49.6445439], [-110.3192355, 49.6444901], [-110.3192499, 49.6444317], [-110.3194123, 49.6442681], [-110.3194448, 49.6442261], [-110.3194304, 49.6441536], [-110.3196938, 49.6440134], [-110.3199175, 49.6437647], [-110.320347, 49.6433207], [-110.3203867, 49.6432202], [-110.3203903, 49.6430894], [-110.3204444, 49.6430426], [-110.3204552, 49.6428463], [-110.320513, 49.6426898], [-110.3205058, 49.642622], [-110.3204192, 49.6425098], [-110.3204156, 49.642407], [-110.3204228, 49.642379], [-110.3204949, 49.6423346], [-110.3205166, 49.6423042], [-110.3205094, 49.642178], [-110.3205563, 49.6419723], [-110.3208486, 49.6417831], [-110.3210074, 49.6414652], [-110.3209877, 49.6414233], [-110.3213378, 49.6411054], [-110.3214136, 49.6410984], [-110.3214821, 49.6410657], [-110.3215182, 49.6410237], [-110.3215723, 49.640797], [-110.3216084, 49.6407526], [-110.321677, 49.6407199], [-110.3219657, 49.6405095], [-110.3220198, 49.6404114], [-110.3222147, 49.640409], [-110.3222436, 49.6403693], [-110.3223915, 49.6404067], [-110.3226297, 49.6403506], [-110.322756, 49.6403202], [-110.3228354, 49.6403249], [-110.3229473, 49.6403413], [-110.3231024, 49.6402899], [-110.3231313, 49.6402244], [-110.3231097, 49.6400305], [-110.3234236, 49.6398137], [-110.3235499, 49.6396759], [-110.3235968, 49.6395076], [-110.323669, 49.6394211], [-110.3236474, 49.6392902], [-110.3236546, 49.6391734], [-110.3237087, 49.6390168], [-110.3237628, 49.6389163], [-110.3237664, 49.6388415], [-110.323835, 49.6387364], [-110.3238458, 49.6386733], [-110.3240515, 49.6384057], [-110.3240768, 49.6382888], [-110.3240263, 49.6381206], [-110.3239613, 49.6380855], [-110.3237737, 49.6380364], [-110.3234886, 49.6380107], [-110.3234489, 49.637985], [-110.3234308, 49.6378752], [-110.3233947, 49.6378495], [-110.3232215, 49.6378261], [-110.3232035, 49.6377887], [-110.3233081, 49.6377723], [-110.3235499, 49.6376905], [-110.3236077, 49.6376532], [-110.3232829, 49.637583], [-110.3232251, 49.637527], [-110.3232324, 49.6374381], [-110.323319, 49.6373774], [-110.3233659, 49.6372512], [-110.3234092, 49.6372231], [-110.3236979, 49.6372395], [-110.3237556, 49.6372255], [-110.3238783, 49.6371367], [-110.3239397, 49.6371437], [-110.3240732, 49.6372021], [-110.3241562, 49.6371834], [-110.324333, 49.6370969], [-110.3246759, 49.6370549], [-110.324748, 49.6370128], [-110.3249285, 49.6369801], [-110.3251486, 49.6368469], [-110.3254229, 49.6367651], [-110.3254337, 49.6367206], [-110.3252929, 49.6366762], [-110.3252496, 49.6366342], [-110.3251811, 49.6366178], [-110.3251161, 49.6365594], [-110.3251702, 49.6364939], [-110.325228, 49.6364893], [-110.325228, 49.6364332], [-110.3253038, 49.6363537], [-110.3254156, 49.636349], [-110.3255275, 49.6363022], [-110.3255925, 49.636155], [-110.325477, 49.6360498], [-110.3255239, 49.6359961], [-110.3257957, 49.6358672]]}}, {"type": "Feature", "properties": {"name": "Beaver Creek - Nichol Springs Connector", "difficulty": "intermediate", "area": "Cypress Hills / Elkwater", "osm_id": 910062404, "highway": "path"}, "geometry": {"type": "LineString", "coordinates": [[-110.3234886, 49.6380107], [-110.322269, 49.6380145], [-110.321565, 49.6379451], [-110.3214119, 49.6379203], [-110.3207002, 49.6376725], [-110.3203482, 49.6376427], [-110.3200421, 49.637722], [-110.3197697, 49.6376612], [-110.3194608, 49.637657], [-110.3193514, 49.6376007], [-110.3190393, 49.6375903], [-110.3179904, 49.6373173], [-110.317833, 49.6372381], [-110.3174695, 49.6369985], [-110.317277, 49.6368052]]}}, {"type": "Feature", "properties": {"name": "Last Grizzly", "difficulty": "intermediate", "area": "Cypress Hills / Elkwater", "osm_id": 910064722, "highway": "path"}, "geometry": {"type": "LineString", "coordinates": [[-110.275875, 49.6531421], [-110.2758848, 49.6531686], [-110.275994, 49.6532407], [-110.2760259, 49.6533704], [-110.2761647, 49.653528], [-110.276283, 49.653609], [-110.276458, 49.6536755], [-110.2765854, 49.653755], [-110.2766059, 49.6538125], [-110.2765695, 49.6539082], [-110.2766377, 49.6540187], [-110.2766241, 49.6540526], [-110.2765285, 49.654082], [-110.2765604, 49.6541115], [-110.2767492, 49.6541792], [-110.2766559, 49.6542779], [-110.2766491, 49.6543118], [-110.2767151, 49.6543707], [-110.2767678, 49.6543725], [-110.2767651, 49.6544016], [-110.2767606, 49.6544311], [-110.2767742, 49.6544827], [-110.2768834, 49.6546079], [-110.2769631, 49.6546462], [-110.2771451, 49.6546889], [-110.277186, 49.6547198], [-110.2770791, 49.6548995], [-110.2771587, 49.65509], [-110.2771405, 49.6551562], [-110.27707, 49.6552579], [-110.2770518, 49.6553492], [-110.2772156, 49.6553212], [-110.2772634, 49.655333], [-110.2772634, 49.6553772], [-110.2771997, 49.6554659], [-110.2772247, 49.6555056], [-110.2773476, 49.6555572], [-110.2773885, 49.655594], [-110.2774113, 49.6556323], [-110.2774067, 49.6556912], [-110.277475, 49.655799], [-110.2776479, 49.6559065], [-110.2778754, 49.6560082], [-110.2779899, 49.6561242], [-110.2781879, 49.6562008], [-110.2783175, 49.6563643], [-110.2783858, 49.6564144], [-110.2784199, 49.6564689], [-110.2784267, 49.6565013], [-110.2783312, 49.656678], [-110.2783426, 49.6568533], [-110.2783221, 49.6569594], [-110.2784108, 49.6570271], [-110.2788636, 49.6571538], [-110.2789273, 49.6572274], [-110.2789432, 49.6572922], [-110.2788226, 49.6575485], [-110.2788659, 49.6576987], [-110.2788545, 49.6577797], [-110.2787089, 49.6579506], [-110.2786793, 49.6580125], [-110.2786816, 49.6581391], [-110.278627, 49.6582702], [-110.278702, 49.6583446]]}}, {"type": "Feature", "properties": {"name": "Lower Mystery Trail", "difficulty": "intermediate", "area": "Cypress Hills / Elkwater", "osm_id": 910066146, "highway": "path"}, "geometry": {"type": "LineString", "coordinates": [[-110.275875, 49.6531421], [-110.2759806, 49.6530533], [-110.2759767, 49.6529814], [-110.2759423, 49.6529368], [-110.2759653, 49.6527758], [-110.2759461, 49.6526182], [-110.2758773, 49.652538], [-110.2758696, 49.6524191], [-110.2758199, 49.6523794], [-110.2758046, 49.6521391], [-110.2754946, 49.6516514], [-110.2755061, 49.6516018], [-110.2749589, 49.6513169], [-110.2747799, 49.651128], [-110.2746796, 49.6510221], [-110.2746796, 49.65098], [-110.2746758, 49.6509379], [-110.2746605, 49.6509007], [-110.2746069, 49.6508636], [-110.2745954, 49.6507571], [-110.2744385, 49.6505044], [-110.2743773, 49.6504573], [-110.2742893, 49.6504325], [-110.2742259, 49.650439], [-110.2739755, 49.6504647], [-110.2730611, 49.6499519], [-110.2729386, 49.649942], [-110.2728889, 49.649885], [-110.2727741, 49.6494936], [-110.2727932, 49.6494168], [-110.2729769, 49.64906], [-110.2730649, 49.6489907], [-110.2731185, 49.6487591], [-110.273084, 49.6487046], [-110.2731682, 49.6485683], [-110.2731988, 49.6480605], [-110.2731912, 49.6480084], [-110.2732906, 49.6477929], [-110.2732715, 49.6475823], [-110.2733404, 49.6474758], [-110.2733595, 49.6474411], [-110.2732409, 49.6472548], [-110.2731108, 49.6467741], [-110.2731835, 49.6463529], [-110.2732753, 49.6462219]]}}, {"type": "Feature", "properties": {"name": "Mystery Trail", "difficulty": "intermediate", "area": "Cypress Hills / Elkwater", "osm_id": 910069838, "highway": "path"}, "geometry": {"type": "LineString", "coordinates": [[-110.300356, 49.6355336], [-110.3000936, 49.6355647], [-110.2999132, 49.6355133], [-110.2998013, 49.6354993], [-110.2993177, 49.6354712], [-110.2990435, 49.6353777], [-110.2988378, 49.6353567], [-110.2980727, 49.6354876], [-110.2979717, 49.635539], [-110.2979067, 49.6356161], [-110.297849, 49.6356535], [-110.2968313, 49.6357867], [-110.2965592, 49.636099], [-110.296303, 49.636342], [-110.2962777, 49.6363677], [-110.2961695, 49.6366061], [-110.2958266, 49.6369193], [-110.2958014, 49.6369824], [-110.2958014, 49.6371741], [-110.2956715, 49.6373023], [-110.295408, 49.6377534], [-110.2951374, 49.6380661], [-110.2949497, 49.6384377], [-110.2949353, 49.6384811], [-110.2949136, 49.638612], [-110.294892, 49.638855], [-110.2948739, 49.6389204], [-110.2947512, 49.639063], [-110.2946718, 49.6391401], [-110.294643, 49.6391121], [-110.2945058, 49.6390653], [-110.2943868, 49.6389345], [-110.2944084, 49.6386961], [-110.2942713, 49.6383222], [-110.2940042, 49.6380464], [-110.2937315, 49.6376771], [-110.293515, 49.6375089], [-110.293367, 49.6372892], [-110.2932876, 49.6372448], [-110.2930449, 49.6371817], [-110.2928211, 49.6370321], [-110.2926407, 49.6370064], [-110.2923628, 49.6368662], [-110.2920633, 49.6368007], [-110.2917674, 49.636539], [-110.2913343, 49.6363637], [-110.2911394, 49.6362141], [-110.2909301, 49.6358939], [-110.2907714, 49.6358308], [-110.2906017, 49.635728], [-110.2903708, 49.6356485], [-110.2901362, 49.6355457], [-110.2899594, 49.6353107], [-110.2898295, 49.6351705], [-110.2897573, 49.635098], [-110.2897501, 49.635049], [-110.2897645, 49.6349975], [-110.2897212, 49.6349835], [-110.2895516, 49.6349975], [-110.2891083, 49.6347965], [-110.2890072, 49.634703], [-110.2889711, 49.6346072], [-110.2888917, 49.6344927], [-110.2888196, 49.6344296], [-110.2886933, 49.6343665], [-110.2885922, 49.6343314], [-110.2884551, 49.6343735], [-110.2883396, 49.634474], [-110.2882422, 49.6346025], [-110.2881303, 49.634675], [-110.2873181, 49.6348246], [-110.2872063, 49.6348783], [-110.2870583, 49.6348994], [-110.2868129, 49.6349835], [-110.2865151, 49.6350279], [-110.2860785, 49.635049], [-110.2860135, 49.6350817], [-110.2859955, 49.6351284], [-110.2860532, 49.6352289], [-110.2860316, 49.6352827], [-110.2859774, 49.6352897], [-110.2855696, 49.635458], [-110.2853267, 49.6355062], [-110.2849478, 49.6356301], [-110.2846374, 49.635761], [-110.2843271, 49.6357961], [-110.2841539, 49.635941], [-110.2840853, 49.6361069], [-110.2838616, 49.636191], [-110.2837966, 49.6362728], [-110.283728, 49.6364177], [-110.2836487, 49.6365066], [-110.283562, 49.6365323], [-110.2835187, 49.6365042], [-110.283479, 49.6364084], [-110.283479, 49.6363757], [-110.2834538, 49.6363383], [-110.2834718, 49.6362682], [-110.2834249, 49.6362565], [-110.2832156, 49.6362799], [-110.2831478, 49.6362612], [-110.2831478, 49.6361817], [-110.2830901, 49.6360835], [-110.2830468, 49.635976], [-110.2828158, 49.6357774], [-110.2827437, 49.6356348], [-110.2827437, 49.6355694], [-110.282722, 49.6354946], [-110.2826354, 49.6354198], [-110.2825416, 49.6353754], [-110.2824658, 49.635366], [-110.2823972, 49.6354011], [-110.2822926, 49.6356231], [-110.2822312, 49.6356675], [-110.2820472, 49.6356932], [-110.281957, 49.6357446], [-110.2818523, 49.6358522], [-110.2818126, 49.6359854], [-110.2817188, 49.6360721], [-110.281643, 49.6361656], [-110.2816358, 49.6363736], [-110.2815564, 49.6365886], [-110.2815311, 49.6368948], [-110.2812857, 49.637358], [-110.2812641, 49.6374141], [-110.2812244, 49.6376268], [-110.2811053, 49.6378675], [-110.2810945, 49.6380381], [-110.2812388, 49.6381551], [-110.2812388, 49.6381831], [-110.2811378, 49.6382672], [-110.2810836, 49.638335], [-110.2810115, 49.638515], [-110.2809862, 49.6386529], [-110.2807949, 49.6387978], [-110.280398, 49.6394474], [-110.2803763, 49.6395105], [-110.2803908, 49.639604], [-110.280398, 49.6396648], [-110.2804846, 49.6398821], [-110.2805892, 49.6401182], [-110.2806325, 49.6401883], [-110.2806867, 49.6403378], [-110.2806434, 49.6404757], [-110.2805784, 49.6405902], [-110.2803547, 49.6408038], [-110.2803258, 49.6408763], [-110.280333, 49.6409861], [-110.2803258, 49.6410866], [-110.2802933, 49.6411427], [-110.2802248, 49.6412175], [-110.2800479, 49.6412759], [-110.2799685, 49.641339], [-110.2799794, 49.6413717], [-110.2801345, 49.6415914], [-110.2801995, 49.641748], [-110.2802175, 49.6418438], [-110.280232, 49.642005], [-110.2801923, 49.6420447], [-110.2800948, 49.6421335], [-110.2800985, 49.6423298], [-110.2801454, 49.6424046], [-110.2803619, 49.6426897], [-110.2803763, 49.6427575], [-110.2803655, 49.6428066], [-110.2802428, 49.6428323], [-110.2801418, 49.6429351], [-110.2799721, 49.6430192], [-110.2798964, 49.643101], [-110.2795725, 49.6432365], [-110.2793379, 49.6432599], [-110.2791502, 49.6432482], [-110.2788796, 49.6431968], [-110.2781037, 49.6432015], [-110.2779413, 49.6432482], [-110.2776418, 49.6434468], [-110.2775985, 49.6435403], [-110.277566, 49.6436805], [-110.2774397, 49.6437226], [-110.2772087, 49.6436759], [-110.2770608, 49.6436759], [-110.2769345, 49.6436899], [-110.2767901, 49.6437296], [-110.276736, 49.6437693], [-110.2766169, 49.644024], [-110.2765447, 49.6440778], [-110.2762344, 49.6442601], [-110.2758631, 49.6443816], [-110.275329, 49.6448326], [-110.2752315, 49.6449891], [-110.2751233, 49.645106], [-110.2748139, 49.6452695], [-110.2743808, 49.6454331], [-110.2743159, 49.6454915], [-110.2741968, 49.6456107], [-110.2741463, 49.6456341], [-110.2737601, 49.6457509], [-110.2732753, 49.6462219]]}}, {"type": "Feature", "properties": {"name": "Upper Mystery Trail", "difficulty": "intermediate", "area": "Cypress Hills / Elkwater", "osm_id": 910075403, "highway": "path"}, "geometry": {"type": "LineString", "coordinates": [[-110.2732753, 49.6462219], [-110.2731444, 49.6462839], [-110.2730143, 49.6464326], [-110.2727565, 49.6464211], [-110.2726596, 49.6464673], [-110.2725218, 49.6467185], [-110.2725065, 49.6467631], [-110.2725269, 49.6468606], [-110.2725218, 49.6469994], [-110.2723355, 49.6473131], [-110.2723202, 49.64747], [-110.2722564, 49.6476468], [-110.2721416, 49.6477823], [-110.2719298, 49.6478996], [-110.2717869, 49.6480632], [-110.2716669, 49.6481557], [-110.2716414, 49.6482548], [-110.2715674, 49.6483226], [-110.2715572, 49.6484052], [-110.2714985, 49.6485043], [-110.2714143, 49.6487885], [-110.2714296, 49.648924], [-110.2715164, 49.6491222], [-110.2716108, 49.6492825], [-110.2716465, 49.6494064], [-110.2716746, 49.64976], [-110.2716261, 49.6500755], [-110.2716491, 49.6501482], [-110.2717435, 49.6502639], [-110.2721084, 49.6505596], [-110.2724886, 49.6508999], [-110.2726111, 49.651042], [-110.2728025, 49.6513378], [-110.2728152, 49.6514633], [-110.2727489, 49.6517673], [-110.2726009, 49.6519457], [-110.2725447, 49.6521126], [-110.2725474, 49.6522128], [-110.2726519, 49.6523505], [-110.2726289, 49.6525471], [-110.2725958, 49.6526016], [-110.272509, 49.6526363], [-110.272065, 49.6526875], [-110.2718966, 49.6527585], [-110.2714526, 49.6530526], [-110.2710902, 49.6534061], [-110.2710341, 49.6534904], [-110.2710622, 49.6535053], [-110.2711566, 49.6534607], [-110.2713429, 49.6534408], [-110.2714169, 49.653459], [-110.2715701, 49.6534209], [-110.2717032, 49.6533018], [-110.2718059, 49.6532074], [-110.2721926, 49.6530377], [-110.2722794, 49.6529766], [-110.2724835, 49.6529304], [-110.2726392, 49.6529518], [-110.2727183, 49.6530196], [-110.2727285, 49.6531451], [-110.2726417, 49.6534227], [-110.2726392, 49.6534689], [-110.2726902, 49.6535482], [-110.2727872, 49.653606], [-110.273027, 49.6535763], [-110.2732056, 49.6534987], [-110.2733409, 49.6533748], [-110.2735119, 49.6531501], [-110.2736879, 49.6530592], [-110.2737519, 49.6530658], [-110.2737162, 49.6530939], [-110.2736728, 49.6531468], [-110.2736728, 49.6532277], [-110.2736855, 49.6532558], [-110.2737774, 49.6533516], [-110.2739688, 49.6534095], [-110.274076, 49.6534095], [-110.2742674, 49.6533632], [-110.2744383, 49.6532938], [-110.274742, 49.6531121], [-110.2750227, 49.653008], [-110.2754947, 49.65297], [-110.275875, 49.6531421]]}}, {"type": "Feature", "properties": {"name": "Mitchell Creek Trail", "difficulty": "intermediate", "area": "Cypress Hills / Elkwater", "osm_id": 910093273, "highway": "path"}, "geometry": {"type": "LineString", "coordinates": [[-110.2904502, 49.6541557], [-110.2904385, 49.6540404], [-110.2904359, 49.653966], [-110.2904283, 49.6539198], [-110.2903977, 49.6538438], [-110.2903721, 49.6537777], [-110.2903747, 49.6537149], [-110.290407, 49.6535767], [-110.290413, 49.6535398], [-110.2904487, 49.6534886], [-110.2904659, 49.6534593], [-110.2904819, 49.6534416], [-110.2904876, 49.6534309], [-110.290501, 49.6534176], [-110.2905214, 49.6534065], [-110.2905291, 49.6533957], [-110.2905571, 49.6533821], [-110.2905699, 49.6533693], [-110.2905756, 49.6533623], [-110.2905865, 49.6533317], [-110.2905929, 49.6533247], [-110.2905929, 49.6533111], [-110.2905992, 49.6532772], [-110.2906037, 49.6532606], [-110.2906088, 49.653252], [-110.2906152, 49.6532449], [-110.2906318, 49.6532371], [-110.2906445, 49.6532202], [-110.2906471, 49.6532032], [-110.2906701, 49.6531627], [-110.2906739, 49.6531309], [-110.2906968, 49.6530909], [-110.2907453, 49.6529678], [-110.2907504, 49.6529331], [-110.2907657, 49.6528943], [-110.2907696, 49.6528542], [-110.2908091, 49.6527832], [-110.2908136, 49.6527712], [-110.2908053, 49.6527596], [-110.2908015, 49.6527406], [-110.2908193, 49.6527274], [-110.2908174, 49.6527138], [-110.2908378, 49.6526663], [-110.2908767, 49.6526382], [-110.2908908, 49.652632], [-110.2909252, 49.6525849], [-110.2909463, 49.6525771], [-110.2909852, 49.6525378], [-110.290998, 49.652504], [-110.2910445, 49.6524614], [-110.2910624, 49.6524507], [-110.2911013, 49.6524321], [-110.2911268, 49.6524123], [-110.291153, 49.6523887], [-110.2911657, 49.6523735], [-110.2912059, 49.6523536], [-110.2912353, 49.6523301], [-110.2912589, 49.6523115], [-110.2912735, 49.6522847], [-110.2913265, 49.6522669], [-110.2913412, 49.6522496], [-110.291345, 49.6522363], [-110.2913533, 49.6522107], [-110.2913539, 49.652205], [-110.2913571, 49.6522], [-110.2913807, 49.6521901], [-110.2913871, 49.6521793], [-110.2913826, 49.6521641], [-110.2913858, 49.6521537], [-110.2913775, 49.6521459], [-110.2913782, 49.6521314], [-110.2913948, 49.6521009], [-110.2914037, 49.6520794], [-110.2913941, 49.6520604], [-110.291396, 49.6520166], [-110.2913999, 49.6520051], [-110.2914011, 49.6519947], [-110.2914043, 49.6519766], [-110.2914062, 49.6519617], [-110.2914241, 49.651939], [-110.2914215, 49.6519117], [-110.2914235, 49.6518886], [-110.2914107, 49.6518659], [-110.291389, 49.6518725], [-110.2913571, 49.6518836], [-110.2912812, 49.6518939], [-110.2912263, 49.6518973], [-110.2911141, 49.6519146], [-110.2910739, 49.6519253], [-110.2910471, 49.6519344], [-110.2910228, 49.6519435], [-110.2909827, 49.6519472], [-110.2909527, 49.6519526], [-110.2909195, 49.6519559], [-110.2908787, 49.6519559], [-110.2908302, 49.6519613], [-110.2908015, 49.6519559], [-110.290693, 49.6519576], [-110.2906892, 49.651953], [-110.290672, 49.651946], [-110.2906548, 49.6519435], [-110.2906484, 49.6519348], [-110.2906286, 49.6519319], [-110.2906069, 49.6519291], [-110.2905635, 49.6519295], [-110.2905329, 49.6519311], [-110.2905099, 49.6519282], [-110.2904793, 49.6519299], [-110.290441, 49.6519167], [-110.2904136, 49.6519076], [-110.2903581, 49.6519034], [-110.290339, 49.6518919], [-110.2903115, 49.6518754], [-110.2902956, 49.6518716], [-110.2902656, 49.6518617], [-110.2902484, 49.6518526], [-110.2902337, 49.651844], [-110.2902012, 49.651846], [-110.2901572, 49.6518283], [-110.2901429, 49.6518195], [-110.2901326, 49.6518092], [-110.2901122, 49.6517976], [-110.2900874, 49.6517972], [-110.290058, 49.6517654], [-110.2900414, 49.6517534], [-110.2900331, 49.6517369], [-110.2900178, 49.6517055], [-110.2900025, 49.6516361], [-110.2899713, 49.6515927], [-110.2899738, 49.6515638], [-110.2899802, 49.6515457], [-110.2900006, 49.6515221], [-110.2900121, 49.651512], [-110.2900638, 49.6514533], [-110.2900912, 49.6514426], [-110.2901059, 49.6514157], [-110.2901314, 49.6514058], [-110.290139, 49.6513918], [-110.2901358, 49.6513765], [-110.2901435, 49.6513633], [-110.2901505, 49.6513463], [-110.2901811, 49.6513294], [-110.2901939, 49.6513141], [-110.2901888, 49.6512976], [-110.2902003, 49.6512703], [-110.2902296, 49.6512319], [-110.2902494, 49.6512105], [-110.2902462, 49.6511894], [-110.2902724, 49.6511539], [-110.2902749, 49.6511299], [-110.2903068, 49.6510923], [-110.2903259, 49.6510762], [-110.2903374, 49.6510651], [-110.2903591, 49.651037], [-110.2903598, 49.6510217], [-110.2903706, 49.6510027], [-110.2903776, 49.6509928], [-110.2903834, 49.6509841], [-110.2903974, 49.6509878], [-110.2904261, 49.6509779], [-110.2904752, 49.6509383], [-110.2904861, 49.6509226], [-110.2904861, 49.6509127], [-110.2905141, 49.6508734], [-110.2905167, 49.6508548], [-110.2905346, 49.6508424], [-110.2905588, 49.650804], [-110.2905798, 49.6507726], [-110.2905971, 49.6507371], [-110.2906288, 49.6507162], [-110.2906409, 49.6507083], [-110.2906562, 49.6506934], [-110.2906785, 49.6506422], [-110.2906977, 49.6506373], [-110.2907136, 49.650622], [-110.2907187, 49.6506034], [-110.2907621, 49.650558], [-110.2907857, 49.650539], [-110.2907908, 49.6505249], [-110.2907883, 49.6504981], [-110.2907908, 49.6504824], [-110.2907946, 49.6504692], [-110.2908055, 49.6504593], [-110.2908214, 49.6504382], [-110.2908233, 49.6504241], [-110.2908304, 49.6504064], [-110.2908361, 49.6503779], [-110.2908431, 49.6503725], [-110.2908431, 49.6503618], [-110.2908591, 49.6503399], [-110.2908795, 49.650273], [-110.2908782, 49.6502391], [-110.2908878, 49.650223], [-110.2908954, 49.6501982], [-110.2908999, 49.6501561], [-110.2908852, 49.6501255], [-110.2908846, 49.6501102], [-110.2908744, 49.650097], [-110.2908833, 49.6500727], [-110.2908801, 49.6500305], [-110.2908916, 49.6500016], [-110.2908903, 49.6499876], [-110.2908961, 49.6499731], [-110.2908852, 49.6499525], [-110.2908884, 49.6499446], [-110.2908744, 49.6498822], [-110.2908757, 49.6498637], [-110.2908763, 49.6498451], [-110.2908801, 49.6498356], [-110.2908954, 49.6498191], [-110.2909107, 49.6497757], [-110.2909165, 49.6497534], [-110.2909241, 49.649741], [-110.2909254, 49.6497253], [-110.2909529, 49.649684], [-110.2909573, 49.649672], [-110.2909733, 49.6496592], [-110.2909822, 49.6496125], [-110.2909803, 49.6496026], [-110.2909918, 49.6495877], [-110.2909943, 49.6495568], [-110.2909873, 49.6495402], [-110.2909828, 49.6495002], [-110.2910058, 49.6494514], [-110.2910084, 49.6494267], [-110.2910249, 49.6493932], [-110.291039, 49.6493548], [-110.291039, 49.6493482], [-110.2910626, 49.6493164], [-110.2910753, 49.6492817], [-110.2911066, 49.6492404], [-110.2911002, 49.6492069], [-110.2911162, 49.6491689], [-110.2911315, 49.6491371], [-110.2911468, 49.6490999], [-110.2911576, 49.6490512], [-110.2911576, 49.6490401], [-110.291164, 49.6490272], [-110.2911608, 49.6490021], [-110.291187, 49.648962], [-110.2912004, 49.6489227], [-110.2912055, 49.6489009], [-110.2912182, 49.6488682], [-110.2912246, 49.6488496], [-110.2912361, 49.6488306], [-110.2912482, 49.6488207], [-110.2912463, 49.6487992], [-110.2912591, 49.6487658], [-110.291261, 49.6487216], [-110.2912367, 49.6486848], [-110.2912546, 49.6486518], [-110.291268, 49.6486154], [-110.2912973, 49.6485572], [-110.2913299, 49.6485159], [-110.2913522, 49.6484684], [-110.2913573, 49.6484581], [-110.291356, 49.648432], [-110.2913611, 49.6484077], [-110.2913726, 49.648387], [-110.2914026, 49.6483226], [-110.2914217, 49.6482962], [-110.2914345, 49.6482813], [-110.2914466, 49.6482565], [-110.2914492, 49.6482495], [-110.2914568, 49.6482156], [-110.291474, 49.6481797], [-110.2914862, 49.6481479], [-110.2915028, 49.6481264], [-110.2915321, 49.6480954], [-110.2915412, 49.6480888], [-110.2915603, 49.6480616], [-110.291582, 49.6480372], [-110.291612, 49.6480207], [-110.2916433, 49.6479748], [-110.2916579, 49.6479216], [-110.2916911, 49.6478856], [-110.2917077, 49.6478749], [-110.29173, 49.6478505], [-110.29176, 49.6478266], [-110.291774, 49.6478043], [-110.2917913, 49.6477849], [-110.2918972, 49.6477205], [-110.2919316, 49.6477077], [-110.2919406, 49.6476965], [-110.2920088, 49.6476172], [-110.292019, 49.6475904], [-110.2920611, 49.6475615], [-110.2920924, 49.6475272], [-110.2921122, 49.6474933], [-110.2921281, 49.6474731], [-110.2921568, 49.6474665], [-110.2921689, 49.6474475], [-110.2922078, 49.6474235], [-110.2922308, 49.6474144], [-110.2922531, 49.6474045], [-110.292257, 49.6473913], [-110.2922847, 49.6473647], [-110.2923236, 49.647314], [-110.2923498, 49.6472868], [-110.2923702, 49.6472678], [-110.29239, 49.6472393], [-110.292457, 49.6472021], [-110.2925003, 49.6471608], [-110.2925597, 49.6471257], [-110.2925692, 49.6470993], [-110.2926005, 49.6470712], [-110.2926101, 49.6470571], [-110.2926356, 49.6470348], [-110.2926448, 49.6470218], [-110.2926697, 49.6470086], [-110.2926844, 49.6470045], [-110.2927035, 49.646988], [-110.2927852, 49.646924], [-110.2928113, 49.6469016], [-110.2928388, 49.6468872], [-110.2928656, 49.6468554], [-110.2928828, 49.6468289], [-110.2928872, 49.6468186], [-110.2929054, 49.6468079], [-110.2929303, 49.6467691], [-110.2929469, 49.6467509], [-110.2929667, 49.6467315], [-110.2930005, 49.6467071], [-110.2930101, 49.6467013], [-110.29304, 49.6466827], [-110.2930879, 49.646617], [-110.2931255, 49.6465778], [-110.2931479, 49.6465543], [-110.2931472, 49.6465415], [-110.2931664, 49.646513], [-110.2931817, 49.646463], [-110.29319, 49.6464495], [-110.2932072, 49.6464408], [-110.2932174, 49.6464288], [-110.2932282, 49.6464272], [-110.2932461, 49.6463917], [-110.2932888, 49.6463636], [-110.2933265, 49.6462822], [-110.293336, 49.6462454], [-110.2933552, 49.646219], [-110.2933648, 49.6461996], [-110.2933641, 49.6461732], [-110.293382, 49.6461442], [-110.2934394, 49.6460649], [-110.2934655, 49.6460385], [-110.2935038, 49.6460112], [-110.2935561, 49.6459555], [-110.2936016, 49.6459336], [-110.2936112, 49.6459253], [-110.2936233, 49.6459005], [-110.293675, 49.6458819], [-110.2937088, 49.6458609], [-110.2937477, 49.645827], [-110.2937656, 49.6457993], [-110.293772, 49.6457745], [-110.2937949, 49.645744], [-110.2938236, 49.6457109], [-110.2938574, 49.6456473], [-110.2938862, 49.6456155], [-110.2939149, 49.6455626], [-110.2939353, 49.6455403], [-110.293948, 49.6455292], [-110.2939723, 49.6455023], [-110.2939914, 49.6454821], [-110.2940016, 49.6454635], [-110.2939978, 49.6454478], [-110.2939965, 49.6454263], [-110.2940201, 49.6453941], [-110.294038, 49.6453701], [-110.2940507, 49.645354], [-110.2940501, 49.6452917], [-110.294059, 49.6452611], [-110.2940603, 49.6452479], [-110.2940801, 49.6451991], [-110.2940916, 49.6451938], [-110.2940858, 49.6451619], [-110.2940871, 49.6451425], [-110.2940948, 49.6450963], [-110.2941094, 49.645055], [-110.2941165, 49.6450376], [-110.2941273, 49.6450351], [-110.2941337, 49.6450215], [-110.2941388, 49.6450046], [-110.294133, 49.644988], [-110.2941477, 49.6449571], [-110.294156, 49.6449484], [-110.2941522, 49.6449133], [-110.2941592, 49.6449013], [-110.2941579, 49.6448777], [-110.2941707, 49.6448699], [-110.2942306, 49.6447997], [-110.2942383, 49.6447608], [-110.2942402, 49.6447451], [-110.294237, 49.6447356], [-110.2942581, 49.6447069], [-110.2942861, 49.6446614], [-110.2943053, 49.6446358], [-110.2943072, 49.6446131], [-110.2943455, 49.6445941], [-110.294355, 49.64459], [-110.2943506, 49.6445305], [-110.2943614, 49.6444759], [-110.2943837, 49.6444503], [-110.2943933, 49.6444388], [-110.2944105, 49.6444098], [-110.2944118, 49.6443987], [-110.2944463, 49.6443665], [-110.2944635, 49.6443314], [-110.2944801, 49.6443136], [-110.2944922, 49.6442789], [-110.2945126, 49.6442533], [-110.2945573, 49.6442215], [-110.29457, 49.6442074], [-110.2946019, 49.644181], [-110.2946121, 49.6441715], [-110.2946243, 49.6441546], [-110.2946274, 49.6441294], [-110.2946396, 49.6441066], [-110.2946542, 49.6440724], [-110.2946619, 49.6440571], [-110.2947085, 49.6440339], [-110.2947238, 49.6440257], [-110.2947346, 49.6440261], [-110.2947448, 49.6440096], [-110.2947672, 49.6439885], [-110.2947837, 49.643965], [-110.2947984, 49.6439439], [-110.2948124, 49.6439245], [-110.2948252, 49.6439166], [-110.2948246, 49.6439055], [-110.2948456, 49.6438844], [-110.2948731, 49.6438642], [-110.2948884, 49.6438559], [-110.2949081, 49.6438352], [-110.2949337, 49.6438133], [-110.2949464, 49.6437795], [-110.2949445, 49.6437712], [-110.2949611, 49.6437522], [-110.2949611, 49.6437324], [-110.2949917, 49.64372], [-110.2950147, 49.6436985], [-110.2950555, 49.6436498], [-110.2950568, 49.6436258], [-110.2950695, 49.6435956], [-110.2951033, 49.6435663], [-110.2951091, 49.6435535], [-110.2951346, 49.6435375], [-110.2951595, 49.6435226], [-110.2951761, 49.6435049], [-110.2952048, 49.643476], [-110.2952112, 49.6434582], [-110.2952265, 49.6434425], [-110.2952494, 49.6434012], [-110.2952609, 49.6433863], [-110.2952813, 49.643369], [-110.2952903, 49.6433368], [-110.2952871, 49.6433231], [-110.2952871, 49.6433049], [-110.2952864, 49.6432901], [-110.2953056, 49.6432669], [-110.2953151, 49.6432405], [-110.2953298, 49.6432095], [-110.2953368, 49.643186], [-110.295363, 49.6431694], [-110.2953917, 49.6431422], [-110.2953917, 49.6431335], [-110.2954718, 49.6431104], [-110.2955445, 49.6430798], [-110.2955675, 49.6430682], [-110.2956128, 49.6430476], [-110.2956377, 49.6430443], [-110.2956708, 49.6430319], [-110.2957002, 49.6430253], [-110.29572, 49.6430154], [-110.2957442, 49.6430079], [-110.2957818, 49.6429831], [-110.2958475, 49.6429534], [-110.2958826, 49.6429337], [-110.2959062, 49.6429176], [-110.2959637, 49.6428908], [-110.2960402, 49.6428713], [-110.2962112, 49.6428746], [-110.2962898, 49.6428521], [-110.2963185, 49.6428286], [-110.2963402, 49.6428219], [-110.2963721, 49.6427922], [-110.2963288, 49.6427761], [-110.2963013, 49.6427559], [-110.2962758, 49.642724], [-110.2962324, 49.642705], [-110.296228, 49.6426931], [-110.2961514, 49.6426224], [-110.2961463, 49.6426092], [-110.2960978, 49.6425786], [-110.2960768, 49.6425712], [-110.2960602, 49.6425588], [-110.2960327, 49.6425315], [-110.2959881, 49.6424993], [-110.2959613, 49.6424931], [-110.2959084, 49.6424787], [-110.2958529, 49.6424369], [-110.2958005, 49.642413], [-110.2956959, 49.642382], [-110.2956627, 49.6423456], [-110.2955766, 49.642313], [-110.2955116, 49.6422886], [-110.2955071, 49.6422804], [-110.2954931, 49.6422742], [-110.2954797, 49.6422643], [-110.2954522, 49.6422221], [-110.2954516, 49.6422073], [-110.2954273, 49.6421589], [-110.2954101, 49.6421155], [-110.2953801, 49.6420395], [-110.2953846, 49.6420135], [-110.295391, 49.6419813], [-110.2953884, 49.6419199], [-110.2953763, 49.6418662], [-110.2954025, 49.6417935], [-110.2953942, 49.641746], [-110.2953967, 49.6417175], [-110.2954133, 49.641637], [-110.2954088, 49.6415874], [-110.2954363, 49.6415482], [-110.2954682, 49.6415011], [-110.2954841, 49.6414573], [-110.2955013, 49.6414069], [-110.2955294, 49.6413486], [-110.2955639, 49.6412895], [-110.2956143, 49.6412086], [-110.2956468, 49.6411631], [-110.2956978, 49.6411107], [-110.2956997, 49.6410937], [-110.2957336, 49.6410041], [-110.2957476, 49.6409632], [-110.2957572, 49.6409264], [-110.2957431, 49.6408963], [-110.2957348, 49.6408574], [-110.2957131, 49.6408413], [-110.2957176, 49.6407558], [-110.2957329, 49.6407178], [-110.2957253, 49.6406455], [-110.2957157, 49.6406046], [-110.2957112, 49.6405844], [-110.2957131, 49.6405672], [-110.2957208, 49.640521], [-110.2957221, 49.640485], [-110.2957023, 49.6404445], [-110.295717, 49.6404003], [-110.2957355, 49.6403545], [-110.295782, 49.6402975], [-110.2958254, 49.6402507], [-110.2958337, 49.6402346], [-110.2958586, 49.6402115], [-110.2958765, 49.6401908], [-110.2959179, 49.6401635], [-110.2959594, 49.6401446], [-110.2960219, 49.6401384], [-110.2960844, 49.6400888], [-110.2961463, 49.6400876], [-110.2961922, 49.640069], [-110.2962273, 49.6400232], [-110.2962439, 49.6400149], [-110.2962886, 49.6399583], [-110.296337, 49.6399277], [-110.2963811, 49.6398984], [-110.2964665, 49.6398806], [-110.2965129, 49.6398546], [-110.2965848, 49.6398282], [-110.2966427, 49.6397976], [-110.2967189, 49.6397566], [-110.2967382, 49.6397337], [-110.2967715, 49.6397049], [-110.2968423, 49.6396757], [-110.2969013, 49.639666], [-110.2969646, 49.6396382], [-110.297053, 49.6396134], [-110.2970801, 49.6396017], [-110.2971504, 49.6395819], [-110.2972136, 49.6395632], [-110.2972713, 49.6395316], [-110.2973092, 49.6395235], [-110.2973399, 49.6395141], [-110.2973922, 49.6394615], [-110.2974193, 49.6394089], [-110.2974373, 49.6393447], [-110.2974391, 49.6392898], [-110.2974788, 49.6392734], [-110.2974842, 49.6392407], [-110.2974734, 49.6392009], [-110.2974662, 49.6390899], [-110.2974608, 49.6390222], [-110.297468, 49.6389918], [-110.2974626, 49.6389556], [-110.2974626, 49.638931], [-110.2975025, 49.6388406], [-110.2975567, 49.6387845], [-110.2975747, 49.6387144], [-110.2976866, 49.6386057], [-110.2977324, 49.6385666], [-110.2977554, 49.6385492], [-110.2978026, 49.6385038], [-110.2978383, 49.6384501], [-110.2978638, 49.638408], [-110.2979111, 49.6383633], [-110.2979353, 49.6383336], [-110.2979978, 49.6382989], [-110.2980654, 49.638246], [-110.2981458, 49.6381727], [-110.2981981, 49.6381306], [-110.2982555, 49.6380901], [-110.2982913, 49.6380546], [-110.2983487, 49.6380504], [-110.2984201, 49.6380314], [-110.2984533, 49.6379554], [-110.2984571, 49.637905], [-110.2985052, 49.6378045], [-110.2985702, 49.6377846], [-110.2986026, 49.6377741], [-110.2985611, 49.637718], [-110.298525, 49.6376549], [-110.2984799, 49.6376035], [-110.298359, 49.6375392], [-110.2983085, 49.6374376], [-110.2983031, 49.6373207], [-110.2982905, 49.637274], [-110.298267, 49.6372307], [-110.2982815, 49.6371629], [-110.2982796, 49.6370917], [-110.2983013, 49.636969], [-110.2983338, 49.6368708], [-110.2983645, 49.6368182], [-110.2983861, 49.6367107], [-110.2984673, 49.6366336], [-110.2984944, 49.6365985], [-110.2985539, 49.6365553], [-110.298608, 49.6365237], [-110.298655, 49.6364735], [-110.2987307, 49.6364069], [-110.2987993, 49.6363449], [-110.2988823, 49.6362877], [-110.2989599, 49.6362351], [-110.2990086, 49.6362], [-110.2990429, 49.6361568], [-110.2991692, 49.6361568], [-110.2993316, 49.6360937], [-110.2994276, 49.6360279], [-110.2995684, 49.6359928], [-110.2996297, 49.6359835], [-110.2997217, 49.6359694], [-110.2999419, 49.635897], [-110.3000988, 49.6358783], [-110.3001458, 49.6358689], [-110.3002017, 49.6358315], [-110.300263, 49.6357801], [-110.3002919, 49.6357474], [-110.3003045, 49.6356691], [-110.3003262, 49.6355733], [-110.300356, 49.6355336], [-110.3003774, 49.6354016], [-110.3004803, 49.6352831], [-110.3008076, 49.6349078], [-110.300817, 49.6348299], [-110.3008495, 49.6347574], [-110.3008368, 49.6347177], [-110.3008892, 49.6346148], [-110.3008982, 49.6344524], [-110.3008278, 49.6342748], [-110.3008188, 49.6341439], [-110.3007876, 49.6339008]]}}, {"type": "Feature", "properties": {"name": "Spruce Coulee West", "difficulty": "intermediate", "area": "Cypress Hills / Elkwater", "osm_id": 913025207, "highway": "path"}, "geometry": {"type": "LineString", "coordinates": [[-110.2547438, 49.6663891], [-110.2538868, 49.6663906], [-110.2535776, 49.6663524], [-110.2531974, 49.6662586], [-110.2526717, 49.6661221], [-110.2521996, 49.6660087], [-110.2517168, 49.6658142], [-110.2514123, 49.6655665], [-110.2512118, 49.6654647], [-110.2509866, 49.6654231], [-110.2507472, 49.6654092], [-110.2504539, 49.6654404], [-110.2501744, 49.6654902], [-110.2499101, 49.6655781], [-110.2495808, 49.6656603], [-110.2492595, 49.6657471], [-110.2489727, 49.6658304], [-110.2486049, 49.6658952], [-110.2482723, 49.6660387], [-110.2480047, 49.6662239]]}}, {"type": "Feature", "properties": {"name": "Highline", "difficulty": "intermediate", "area": "Cypress Hills / Elkwater", "osm_id": 913025208, "highway": "path"}, "geometry": {"type": "LineString", "coordinates": [[-110.2400278, 49.6687446], [-110.240296, 49.6690362], [-110.2403496, 49.6695639], [-110.2402209, 49.6699111], [-110.2402423, 49.6702583], [-110.2404355, 49.6705152], [-110.2405855, 49.6707637]]}}, {"type": "Feature", "properties": {"name": "Salus Trail", "difficulty": "intermediate", "area": "Cypress Hills / Elkwater", "osm_id": 913025209, "highway": "path"}, "geometry": {"type": "LineString", "coordinates": [[-110.2792412, 49.6159273], [-110.2794236, 49.6164417], [-110.2796382, 49.6167197], [-110.2799386, 49.6172619], [-110.2802068, 49.6175678], [-110.280357, 49.6179848], [-110.2805823, 49.6185201], [-110.2806789, 49.61909], [-110.2808076, 49.6198755], [-110.2809364, 49.6202369], [-110.2808613, 49.6205427], [-110.2809364, 49.6206331], [-110.2809686, 49.620786], [-110.2810437, 49.6213768], [-110.2809686, 49.6219468], [-110.2806896, 49.6220788], [-110.280357, 49.6223012], [-110.2799708, 49.6223568], [-110.2797991, 49.6224333], [-110.2794665, 49.6226765], [-110.2790588, 49.6228851], [-110.2781469, 49.6235175], [-110.2775782, 49.6238581], [-110.2771598, 49.6241361], [-110.2770311, 49.6243516]]}}, {"type": "Feature", "properties": {"name": "Spring Creek Trails", "difficulty": "intermediate", "area": "Cypress Hills / Elkwater", "osm_id": 913025212, "highway": "path"}, "geometry": {"type": "LineString", "coordinates": [[-110.263892, 49.6278015], [-110.2637864, 49.6278858], [-110.2634216, 49.6281152], [-110.2629174, 49.6283793], [-110.2626814, 49.6285808], [-110.2623702, 49.6287059], [-110.2622375, 49.6287837]]}}, {"type": "Feature", "properties": {"name": "Spring Creek Trails", "difficulty": "intermediate", "area": "Cypress Hills / Elkwater", "osm_id": 913025213, "highway": "path"}, "geometry": {"type": "LineString", "coordinates": [[-110.275838, 49.6239157], [-110.2756512, 49.6238478], [-110.2753414, 49.6236742], [-110.2748479, 49.6235352], [-110.2743114, 49.6233893], [-110.2731849, 49.6229236], [-110.2724339, 49.6226595], [-110.2721442, 49.62259], [-110.27118, 49.6224622], [-110.2709145, 49.6224247]]}}, {"type": "Feature", "properties": {"name": "Spring Creek Trails", "difficulty": "intermediate", "area": "Cypress Hills / Elkwater", "osm_id": 913025217, "highway": "path"}, "geometry": {"type": "LineString", "coordinates": [[-110.2770311, 49.6243516], [-110.2761877, 49.6240424], [-110.275838, 49.6239157]]}}, {"type": "Feature", "properties": {"name": "Spruce Coulee West", "difficulty": "intermediate", "area": "Cypress Hills / Elkwater", "osm_id": 913975095, "highway": "path"}, "geometry": {"type": "LineString", "coordinates": [[-110.2617123, 49.6654883], [-110.2612922, 49.6654933], [-110.2599404, 49.6656947], [-110.2594147, 49.6657502], [-110.2592323, 49.6659099], [-110.259007, 49.6659933], [-110.2587387, 49.6659516], [-110.2585242, 49.6658127], [-110.2576873, 49.6656113], [-110.2572721, 49.6656345], [-110.2569126, 49.6657144], [-110.2564535, 49.6658683], [-110.2559171, 49.6661183], [-110.2554021, 49.6663197], [-110.2547438, 49.6663891]]}}, {"type": "Feature", "properties": {"name": "Ajax Trail", "difficulty": "intermediate", "area": "Medicine Hat", "osm_id": 939121104, "highway": "cycleway"}, "geometry": {"type": "LineString", "coordinates": [[-110.6879857, 50.0243489], [-110.6879452, 50.0243866], [-110.6879328, 50.0244333], [-110.6879396, 50.0245425], [-110.6879463, 50.0245673], [-110.6879757, 50.0246345], [-110.6880191, 50.0247077], [-110.6880688, 50.0248003], [-110.6880919, 50.0249883], [-110.6881459, 50.0251518], [-110.6881811, 50.0252279], [-110.6882177, 50.0252784], [-110.6882849, 50.0253379], [-110.6884285, 50.0254298], [-110.6884817, 50.0254645], [-110.6886436, 50.0255488], [-110.6887163, 50.0255842], [-110.6888124, 50.0256106], [-110.6890092, 50.0256338], [-110.6892279, 50.0256543], [-110.6894559, 50.0256839], [-110.6898366, 50.0257349], [-110.6902032, 50.0257648], [-110.6907857, 50.0258489], [-110.6910041, 50.0258583], [-110.6913409, 50.0258945], [-110.6914427, 50.0259099], [-110.6915114, 50.0259253], [-110.6916267, 50.0259582], [-110.6916841, 50.0259702], [-110.6917494, 50.025967], [-110.6918968, 50.0259481], [-110.6919874, 50.0259484], [-110.6920962, 50.0259612], [-110.692488, 50.026039]]}}, {"type": "Feature", "properties": {"name": "Path 939556341", "difficulty": "intermediate", "area": "Medicine Hat", "osm_id": 939556341, "highway": "track"}, "geometry": {"type": "LineString", "coordinates": [[-110.6607647, 50.0260677], [-110.6607847, 50.0261356], [-110.6607417, 50.0262396], [-110.6595455, 50.0266049], [-110.6594629, 50.0266561]]}}, {"type": "Feature", "properties": {"name": "Path 944451182", "difficulty": "intermediate", "area": "Medicine Hat", "osm_id": 944451182, "highway": "cycleway"}, "geometry": {"type": "LineString", "coordinates": [[-110.6856424, 50.0106114], [-110.6856626, 50.0106954], [-110.6856666, 50.0107393], [-110.6856557, 50.0107755], [-110.6855475, 50.010909], [-110.6855636, 50.011002], [-110.6855702, 50.0110591], [-110.6855616, 50.0111143], [-110.6854882, 50.011354], [-110.6854799, 50.0114067], [-110.6854848, 50.0114543], [-110.6855017, 50.0114961], [-110.6855483, 50.0115407], [-110.6855904, 50.0115631], [-110.6856426, 50.0115258], [-110.6856742, 50.0115035], [-110.6857208, 50.0114851], [-110.6857809, 50.0114735], [-110.6858568, 50.0114801], [-110.6867349, 50.0115995], [-110.6882055, 50.0117913], [-110.6883658, 50.0118126], [-110.6884108, 50.0118311], [-110.6884251, 50.0118628], [-110.6883959, 50.0119659]]}}, {"type": "Feature", "properties": {"name": "Path 944451183", "difficulty": "intermediate", "area": "Medicine Hat", "osm_id": 944451183, "highway": "cycleway"}, "geometry": {"type": "LineString", "coordinates": [[-110.6985026, 49.9971163], [-110.69848, 49.9972034], [-110.6984701, 49.9972764], [-110.6984509, 49.9976089], [-110.6984461, 49.9985627], [-110.6986408, 49.9989131], [-110.6985017, 49.9993655], [-110.6984037, 49.9996843], [-110.6984214, 49.9997298], [-110.6984638, 49.9997889], [-110.6985488, 49.9998526], [-110.6985806, 49.9999095], [-110.6985665, 49.9999846], [-110.6987027, 50.0001012], [-110.6985594, 50.0004623], [-110.698524, 50.0005124], [-110.6984249, 50.0005533], [-110.6982975, 50.0005738], [-110.6981665, 50.0005556], [-110.6978692, 50.0005397], [-110.6977135, 50.0005715], [-110.6972605, 50.0007399], [-110.6970977, 50.0008149], [-110.6969774, 50.0009423], [-110.6967827, 50.0011994], [-110.6967579, 50.0013018], [-110.6967544, 50.0017021], [-110.6963191, 50.0018068], [-110.696164, 50.001857], [-110.6957563, 50.0019888], [-110.6952199, 50.0021152]]}}, {"type": "Feature", "properties": {"name": "Path 944451185", "difficulty": "intermediate", "area": "Medicine Hat", "osm_id": 944451185, "highway": "cycleway"}, "geometry": {"type": "LineString", "coordinates": [[-110.6976036, 50.0022395], [-110.6976798, 50.0022973], [-110.6977452, 50.0023573], [-110.6978012, 50.0024894], [-110.6978012, 50.0025689], [-110.6978152, 50.00265], [-110.6978456, 50.0026965], [-110.6979507, 50.00274], [-110.6980908, 50.002779], [-110.6982425, 50.0028451], [-110.6983533, 50.002905], [-110.6983196, 50.0030087], [-110.698343, 50.0030957], [-110.698406, 50.0031813], [-110.6984644, 50.0032023], [-110.6985905, 50.0032203], [-110.6987376, 50.0032308], [-110.6988637, 50.0032743], [-110.6990294, 50.0033494], [-110.6992232, 50.0034274], [-110.6993604, 50.0034887]]}}, {"type": "Feature", "properties": {"name": "Sierra Coulee Trails", "difficulty": "intermediate", "area": "Medicine Hat", "osm_id": 944451187, "highway": "cycleway"}, "geometry": {"type": "LineString", "coordinates": [[-110.7016715, 50.0007758], [-110.7021384, 50.0006228], [-110.7022123, 50.0006228], [-110.7022185, 50.0006584], [-110.7021877, 50.000702], [-110.7021753, 50.0007416], [-110.7022554, 50.0009079], [-110.7023602, 50.0010228], [-110.7027731, 50.001201], [-110.7029209, 50.0014664], [-110.7031058, 50.0016843], [-110.7034332, 50.0019103]]}}, {"type": "Feature", "properties": {"name": "Saimis Heights", "difficulty": "intermediate", "area": "Medicine Hat", "osm_id": 944451188, "highway": "cycleway"}, "geometry": {"type": "LineString", "coordinates": [[-110.6951173, 49.9971175], [-110.6952488, 49.997109], [-110.6985026, 49.9971163], [-110.6986531, 49.9971159], [-110.6999207, 49.9971171], [-110.7000547, 49.9971171], [-110.7002154, 49.9971275]]}}, {"type": "Feature", "properties": {"name": "Path 944878265", "difficulty": "intermediate", "area": "Medicine Hat", "osm_id": 944878265, "highway": "path"}, "geometry": {"type": "LineString", "coordinates": [[-110.6870377, 50.048628], [-110.687008, 50.0486051], [-110.6869195, 50.0485116], [-110.6868386, 50.0484505], [-110.6868114, 50.0484299], [-110.6867343, 50.0483811], [-110.6866357, 50.0483256]]}}, {"type": "Feature", "properties": {"name": "Path 944880323", "difficulty": "intermediate", "area": "Medicine Hat", "osm_id": 944880323, "highway": "cycleway"}, "geometry": {"type": "LineString", "coordinates": [[-110.6672009, 50.0331197], [-110.6672451, 50.0331453], [-110.6672682, 50.0331658], [-110.6678513, 50.0335185], [-110.668267, 50.0338032], [-110.6682889, 50.03382], [-110.6683234, 50.0338615], [-110.6683409, 50.0338823], [-110.6683602, 50.0338991], [-110.6687434, 50.0341891], [-110.6687764, 50.0342047], [-110.6688191, 50.0342159], [-110.6688531, 50.0342178], [-110.6688822, 50.034214], [-110.6689055, 50.0342103], [-110.6689298, 50.0341941], [-110.6689434, 50.0342022]]}}, {"type": "Feature", "properties": {"name": "Path 944882560", "difficulty": "intermediate", "area": "Medicine Hat", "osm_id": 944882560, "highway": "cycleway"}, "geometry": {"type": "LineString", "coordinates": [[-110.6934656, 50.0385168], [-110.6935265, 50.0385163], [-110.693578, 50.0385213], [-110.6960512, 50.0389666], [-110.6963018, 50.0390088], [-110.6968395, 50.0390701], [-110.6970549, 50.0390785], [-110.6974965, 50.0391059], [-110.6983596, 50.0391116], [-110.6987578, 50.0391235], [-110.7006214, 50.0391318], [-110.7006988, 50.0391386]]}}, {"type": "Feature", "properties": {"name": "McCutcheon Trail", "difficulty": "intermediate", "area": "Medicine Hat", "osm_id": 945904517, "highway": "cycleway"}, "geometry": {"type": "LineString", "coordinates": [[-110.6884609, 50.0482223], [-110.6883708, 50.0482254], [-110.6881673, 50.0482801], [-110.6880927, 50.0482941], [-110.6880394, 50.0483021], [-110.6879733, 50.0483019], [-110.6879079, 50.0482971], [-110.6876327, 50.0482513], [-110.6875689, 50.0482433], [-110.6873003, 50.0482225], [-110.6872514, 50.0482134], [-110.6871953, 50.0482008], [-110.6870792, 50.0481743], [-110.6870319, 50.0481652], [-110.6869838, 50.0481612], [-110.6869503, 50.0481712], [-110.6866357, 50.0483256]]}}, {"type": "Feature", "properties": {"name": "McCutcheon Trail", "difficulty": "intermediate", "area": "Medicine Hat", "osm_id": 945904518, "highway": "path"}, "geometry": {"type": "LineString", "coordinates": [[-110.6915258, 50.0480023], [-110.6911838, 50.0481674], [-110.6910518, 50.0482003], [-110.6908978, 50.0482164], [-110.6907388, 50.0482124], [-110.6905203, 50.0481835], [-110.6903394, 50.0481515], [-110.6902589, 50.0481319], [-110.6901023, 50.0480405], [-110.6898159, 50.0479336], [-110.6896742, 50.0478987], [-110.6896274, 50.047891], [-110.689571, 50.0478874]]}}, {"type": "Feature", "properties": {"name": "Path 945904519", "difficulty": "intermediate", "area": "Medicine Hat", "osm_id": 945904519, "highway": "cycleway"}, "geometry": {"type": "LineString", "coordinates": [[-110.7044455, 50.0535244], [-110.7045098, 50.0535649], [-110.7045323, 50.0535929], [-110.7045537, 50.0536364], [-110.7045173, 50.0554657], [-110.7044957, 50.0556414]]}}, {"type": "Feature", "properties": {"name": "Parkview River Trail", "difficulty": "intermediate", "area": "Medicine Hat", "osm_id": 945904924, "highway": "cycleway"}, "geometry": {"type": "LineString", "coordinates": [[-110.6503521, 50.0496975], [-110.6502997, 50.0497237], [-110.6501638, 50.0497476], [-110.6501062, 50.0498265], [-110.6501651, 50.0500641], [-110.650334, 50.0507068], [-110.6505776, 50.0511646], [-110.6508361, 50.0514991], [-110.6512456, 50.0519625], [-110.6514662, 50.0521659], [-110.6517706, 50.0526621], [-110.6520262, 50.0529238], [-110.6523434, 50.0531484], [-110.6532348, 50.0536064], [-110.6536496, 50.0537263], [-110.653962, 50.0538151], [-110.6545921, 50.0541933], [-110.6548777, 50.0543765], [-110.6549088, 50.0544657]]}}, {"type": "Feature", "properties": {"name": "Police Point West Trail", "difficulty": "intermediate", "area": "Medicine Hat", "osm_id": 945904925, "highway": "cycleway"}, "geometry": {"type": "LineString", "coordinates": [[-110.6737172, 50.0461986], [-110.6736823, 50.0462314], [-110.6736501, 50.0462517], [-110.6735979, 50.0462726], [-110.6734701, 50.0463254], [-110.6732744, 50.0463949], [-110.673251, 50.0464066], [-110.6732249, 50.0464301], [-110.6731988, 50.0464653], [-110.673187, 50.046477], [-110.6731296, 50.0465013], [-110.6730357, 50.0465365], [-110.673007, 50.0465524], [-110.6729575, 50.0465934], [-110.6729353, 50.0466202], [-110.672904, 50.0466445], [-110.6728492, 50.0466629], [-110.6727657, 50.046673], [-110.6726666, 50.0466772], [-110.6726027, 50.0466847], [-110.6725492, 50.0467006], [-110.6725087, 50.0467308], [-110.6724539, 50.0467894], [-110.6724213, 50.0468112], [-110.6723796, 50.0468238], [-110.6723222, 50.0468347], [-110.6722857, 50.0468397], [-110.6722335, 50.0468456], [-110.6721852, 50.0468539], [-110.6721631, 50.0468698], [-110.6721135, 50.046905], [-110.6720835, 50.0469276], [-110.6720417, 50.0469385], [-110.6719961, 50.0469436], [-110.6718513, 50.0469528], [-110.6717965, 50.046957], [-110.6717117, 50.0469796], [-110.6716491, 50.0470097], [-110.6714782, 50.0470876], [-110.6714508, 50.0471111], [-110.6714404, 50.0471312], [-110.6714404, 50.047158], [-110.6714469, 50.0471823], [-110.67152, 50.0473121], [-110.6707634, 50.0474235], [-110.6706604, 50.0474378], [-110.6705964, 50.0474428], [-110.6705425, 50.0474435], [-110.6694058, 50.0474438], [-110.6666575, 50.047681], [-110.665784, 50.0476959], [-110.6640347, 50.04779], [-110.6633255, 50.0478471], [-110.6614439, 50.0478555], [-110.661252, 50.0478705], [-110.6609389, 50.047952], [-110.6608486, 50.0479806], [-110.6607539, 50.0480368], [-110.660638, 50.0481254], [-110.6605378, 50.0481481], [-110.6604349, 50.0481537], [-110.6602964, 50.0481365], [-110.6597542, 50.0480093], [-110.6594503, 50.0479119], [-110.6591737, 50.047845], [-110.6590862, 50.0478238]]}}, {"type": "Feature", "properties": {"name": "Path 945904926", "difficulty": "intermediate", "area": "Medicine Hat", "osm_id": 945904926, "highway": "cycleway"}, "geometry": {"type": "LineString", "coordinates": [[-110.66242, 50.0457437], [-110.6620202, 50.0457124], [-110.6612698, 50.0456586], [-110.6604777, 50.0455529], [-110.6600053, 50.0454586], [-110.6595009, 50.0453325], [-110.658902, 50.0451449], [-110.6586171, 50.0450425], [-110.6584581, 50.0449608], [-110.6583246, 50.0448655], [-110.6568385, 50.0437054], [-110.6565834, 50.0435063], [-110.6565108, 50.0434086], [-110.6564683, 50.0433199], [-110.6564602, 50.0430604], [-110.6564383, 50.0428517], [-110.6564135, 50.0427221], [-110.6563587, 50.0425846], [-110.6562259, 50.0423062], [-110.6559157, 50.041689], [-110.6558298, 50.0415177]]}}, {"type": "Feature", "properties": {"name": "Path 946638244", "difficulty": "intermediate", "area": "Medicine Hat", "osm_id": 946638244, "highway": "cycleway"}, "geometry": {"type": "LineString", "coordinates": [[-110.6730445, 49.9971113], [-110.6730468, 49.9968582], [-110.6730559, 49.9968015], [-110.673078, 49.9967547], [-110.6730906, 49.9967222], [-110.6730862, 49.9965606]]}}, {"type": "Feature", "properties": {"name": "Path 948170651", "difficulty": "intermediate", "area": "Medicine Hat", "osm_id": 948170651, "highway": "cycleway"}, "geometry": {"type": "LineString", "coordinates": [[-110.6837787, 50.0432294], [-110.6837568, 50.043122], [-110.6837657, 50.0430749], [-110.6837733, 50.0430371], [-110.6837752, 50.0430114], [-110.6837619, 50.0429955], [-110.6837257, 50.0429772], [-110.6835546, 50.0429271], [-110.6835284, 50.0429118], [-110.6833515, 50.0427488], [-110.6832953, 50.042701], [-110.6832807, 50.0426961], [-110.6832599, 50.0426892], [-110.6832367, 50.0426869], [-110.683205, 50.0426869], [-110.6831367, 50.0426994], [-110.6830573, 50.0427198], [-110.6830305, 50.0427308], [-110.6829865, 50.0427511], [-110.6829377, 50.0427739], [-110.6829158, 50.0427833], [-110.6828887, 50.0427904], [-110.6827179, 50.0428149], [-110.6826674, 50.0428245], [-110.6825692, 50.0428578], [-110.6824874, 50.0428841], [-110.6823797, 50.0429147], [-110.6821902, 50.0429786], [-110.6821179, 50.0429996], [-110.6820552, 50.0430093], [-110.6818397, 50.0430522], [-110.6817143, 50.0430767], [-110.6813543, 50.043152], [-110.6811565, 50.0432002], [-110.6810543, 50.0432221], [-110.6809943, 50.0432273], [-110.680967, 50.0432273], [-110.6808034, 50.0432133], [-110.6807025, 50.0432089], [-110.680622, 50.0432116], [-110.6804897, 50.043223], [-110.6803384, 50.0432475], [-110.6801966, 50.0432764], [-110.6800752, 50.0433097], [-110.679962, 50.0433456], [-110.6798557, 50.0433841], [-110.6786448, 50.0438053], [-110.6783816, 50.0439034], [-110.678113, 50.0440128], [-110.6778035, 50.044167], [-110.6775839, 50.0442887], [-110.6773794, 50.0444227], [-110.6771748, 50.0445663], [-110.6768585, 50.0448255], [-110.6768176, 50.0448535], [-110.6767753, 50.0448702], [-110.6767521, 50.0448754], [-110.6764221, 50.0449139], [-110.6763689, 50.0449253], [-110.6762939, 50.0449472], [-110.6762489, 50.0449717], [-110.6761917, 50.0450173], [-110.676144, 50.0450497], [-110.6760758, 50.0450864], [-110.6759899, 50.0451171], [-110.6759271, 50.0451302], [-110.6758862, 50.045132], [-110.6758412, 50.0451276], [-110.6757417, 50.0451048], [-110.6756858, 50.0450978], [-110.6756517, 50.0450952], [-110.6756285, 50.0451022], [-110.675469, 50.0451407], [-110.6753912, 50.0451626], [-110.6753544, 50.0451775], [-110.6753176, 50.0452012], [-110.6751144, 50.0453334], [-110.6750381, 50.0453789], [-110.6750135, 50.0454008], [-110.6750094, 50.0454201], [-110.6750176, 50.0454402], [-110.675034, 50.0454516], [-110.675049, 50.04547], [-110.6750572, 50.0454928], [-110.6750517, 50.0455155], [-110.6749917, 50.0455733], [-110.6749603, 50.0455926], [-110.6749249, 50.0456066], [-110.6748594, 50.0456127], [-110.6746985, 50.0456267], [-110.6746358, 50.0456346], [-110.6745581, 50.0456408], [-110.6745104, 50.0456425], [-110.6744817, 50.0456408], [-110.6744408, 50.0456259], [-110.6743604, 50.0455935], [-110.6743208, 50.0455821], [-110.674269, 50.0455751], [-110.6741872, 50.0455733], [-110.6741108, 50.0455768], [-110.6740713, 50.045583], [-110.6740195, 50.0455961], [-110.6736867, 50.0457187], [-110.673639, 50.0457406], [-110.6736077, 50.0457651], [-110.6735695, 50.0458045], [-110.6735558, 50.0458352], [-110.6735477, 50.0458711], [-110.673549, 50.0458886], [-110.6735613, 50.0459218], [-110.6736499, 50.0461215], [-110.6736668, 50.0461523], [-110.6737172, 50.0461986]]}}, {"type": "Feature", "properties": {"name": "Path 948170652", "difficulty": "intermediate", "area": "Medicine Hat", "osm_id": 948170652, "highway": "path"}, "geometry": {"type": "LineString", "coordinates": [[-110.728442, 50.0440711], [-110.7275791, 50.0442875], [-110.7274315, 50.0443178], [-110.7252492, 50.0447665], [-110.7238424, 50.0450576], [-110.722419, 50.045356], [-110.722198, 50.045358], [-110.722051, 50.045316], [-110.72161, 50.04502], [-110.721371, 50.044884], [-110.721223, 50.044814], [-110.7209704, 50.0446903]]}}, {"type": "Feature", "properties": {"name": "Carl's Revenge", "difficulty": "intermediate", "area": "Redcliff", "osm_id": 948170653, "highway": "path"}, "geometry": {"type": "LineString", "coordinates": [[-110.765699, 50.052238], [-110.765391, 50.052457], [-110.765297, 50.052505], [-110.765185, 50.052526], [-110.76508, 50.052514], [-110.7649123, 50.0524936], [-110.765057, 50.052434], [-110.765231, 50.052324], [-110.765352, 50.052204], [-110.765469, 50.052125], [-110.765662, 50.052054], [-110.765741, 50.052005], [-110.766008, 50.051768], [-110.766033, 50.051708], [-110.766045, 50.051556], [-110.766024, 50.051459], [-110.765932, 50.05132], [-110.76579, 50.05119], [-110.7657663, 50.0511578], [-110.765801, 50.051128], [-110.765895, 50.05111], [-110.766381, 50.051157], [-110.766528, 50.05114], [-110.766706, 50.051071], [-110.766795, 50.050982], [-110.766913, 50.0508], [-110.7670101, 50.0506656], [-110.767076, 50.05031], [-110.767036, 50.050141], [-110.766954, 50.050069], [-110.766383, 50.049949], [-110.766257, 50.049923], [-110.765618, 50.049708], [-110.765485, 50.049702], [-110.765313, 50.049726], [-110.765209, 50.049708], [-110.764959, 50.049575], [-110.76478, 50.049541], [-110.764563, 50.049566], [-110.764461, 50.049607], [-110.764293, 50.049772], [-110.764235, 50.049775], [-110.764165, 50.049735], [-110.764068, 50.049579], [-110.76399, 50.049495], [-110.763791, 50.049358], [-110.763587, 50.049088], [-110.763329, 50.048857], [-110.763259, 50.048658], [-110.763208, 50.048578], [-110.763141, 50.048521], [-110.762992, 50.048428], [-110.762717, 50.048301], [-110.762651, 50.048278], [-110.762423, 50.048267], [-110.762156, 50.048178], [-110.761878, 50.048027], [-110.761499, 50.04772], [-110.76094, 50.047423], [-110.760733, 50.047281], [-110.760623, 50.047157], [-110.760499, 50.046929], [-110.760495, 50.046708], [-110.760456, 50.046617]]}}, {"type": "Feature", "properties": {"name": "Path 949227308", "difficulty": "intermediate", "area": "Medicine Hat", "osm_id": 949227308, "highway": "cycleway"}, "geometry": {"type": "LineString", "coordinates": [[-110.6522201, 50.0374264], [-110.6519122, 50.0371436], [-110.6514064, 50.0368128], [-110.6501439, 50.0360117], [-110.6500295, 50.035911], [-110.6499791, 50.0358325], [-110.6499521, 50.0357538]]}}, {"type": "Feature", "properties": {"name": "Path 949227309", "difficulty": "intermediate", "area": "Medicine Hat", "osm_id": 949227309, "highway": "cycleway"}, "geometry": {"type": "LineString", "coordinates": [[-110.6490447, 50.0356261], [-110.6486984, 50.035572], [-110.6486838, 50.0355966]]}}, {"type": "Feature", "properties": {"name": "Path 949227310", "difficulty": "intermediate", "area": "Medicine Hat", "osm_id": 949227310, "highway": "path"}, "geometry": {"type": "LineString", "coordinates": [[-110.6716538, 50.0367656], [-110.6715641, 50.0367988], [-110.6712721, 50.0369085]]}}, {"type": "Feature", "properties": {"name": "Ruttentuke", "difficulty": "intermediate", "area": "Cypress Hills / Elkwater", "osm_id": 949756506, "highway": "path"}, "geometry": {"type": "LineString", "coordinates": [[-110.2620929, 49.6577763], [-110.262005, 49.6578041], [-110.262009, 49.6578388], [-110.2620048, 49.6578721], [-110.2619819, 49.6579097], [-110.2619449, 49.6579319], [-110.2619274, 49.657968], [-110.2618826, 49.6580764], [-110.2618553, 49.6581278], [-110.2618398, 49.6581986], [-110.2618352, 49.6582533], [-110.261827, 49.6583324], [-110.2618446, 49.6584103], [-110.2618573, 49.6584589], [-110.261872, 49.6585839], [-110.2619776, 49.6587242], [-110.2619369, 49.6588645], [-110.2619883, 49.6589706], [-110.2619755, 49.6590651], [-110.2619497, 49.6591068], [-110.2619969, 49.6592276], [-110.2620806, 49.6593262], [-110.2621879, 49.659429], [-110.2622587, 49.6594664], [-110.2623403, 49.6595289], [-110.2623467, 49.659608], [-110.2623703, 49.6596872], [-110.2623789, 49.6597858], [-110.2623424, 49.6598803], [-110.2623424, 49.6599178], [-110.2623574, 49.6599525], [-110.2624175, 49.6600039], [-110.2624218, 49.6600355], [-110.2624647, 49.6600785], [-110.2624754, 49.6601605], [-110.2625119, 49.660248], [-110.2625076, 49.6602952], [-110.2625334, 49.6603619], [-110.2625334, 49.6603924], [-110.2625162, 49.6604313], [-110.2625291, 49.6604633], [-110.2625205, 49.6605341], [-110.2625334, 49.6605883], [-110.2625269, 49.6606876], [-110.262572, 49.6607807], [-110.2625827, 49.6608182], [-110.2626278, 49.6608626], [-110.2628016, 49.6609863], [-110.2628617, 49.6609932], [-110.2632265, 49.6609363], [-110.2634324, 49.6609515], [-110.2634941, 49.6609446], [-110.2636314, 49.6608849], [-110.2636936, 49.6608321], [-110.2637666, 49.6608071], [-110.2637837, 49.6607821], [-110.2640005, 49.6606835], [-110.264067, 49.6606376], [-110.2644361, 49.6604015], [-110.2644961, 49.6603529], [-110.2645627, 49.6603251], [-110.2647772, 49.6603029], [-110.2650927, 49.6601557], [-110.2652171, 49.6600543], [-110.2652922, 49.6599959], [-110.2653459, 49.6599348], [-110.2654725, 49.6598723], [-110.2655733, 49.6597737], [-110.2656034, 49.6597584], [-110.2656613, 49.6596654], [-110.2657772, 49.6595709], [-110.2659258, 49.6595598], [-110.2660868, 49.6595709], [-110.2661383, 49.6595709], [-110.2662499, 49.6596306], [-110.2663014, 49.6597043], [-110.2663507, 49.6597404], [-110.2665546, 49.6597945], [-110.2666425, 49.6598376], [-110.2669794, 49.6599807], [-110.2670582, 49.6599821], [-110.2671033, 49.6599487], [-110.2671569, 49.6599668], [-110.267247, 49.6599543], [-110.2673372, 49.6599057], [-110.2673951, 49.6598876], [-110.2675517, 49.6599126], [-110.2676183, 49.6599251], [-110.2676869, 49.6599251], [-110.2677642, 49.659914], [-110.2678457, 49.6599168], [-110.2680349, 49.6599779], [-110.2681829, 49.6600487], [-110.2682795, 49.6600876], [-110.2683782, 49.6601029], [-110.2684704, 49.6601043], [-110.2687279, 49.6601529], [-110.2687837, 49.660189], [-110.2688996, 49.6602237], [-110.2690069, 49.6602515], [-110.2691746, 49.6603239], [-110.2692347, 49.6603683], [-110.269372, 49.6604114], [-110.2694879, 49.6604239], [-110.2696317, 49.6604697], [-110.2697197, 49.660517], [-110.2697368, 49.6605489], [-110.2698077, 49.6605864], [-110.26996, 49.6606197], [-110.2700244, 49.6606183], [-110.2701617, 49.6606003], [-110.2703076, 49.6606197], [-110.2703613, 49.6606475], [-110.2705329, 49.6606614], [-110.2707196, 49.6605767], [-110.270902, 49.6605767], [-110.270975, 49.6605892], [-110.2710071, 49.6606045], [-110.2711058, 49.6606517], [-110.271314, 49.6606906], [-110.2713891, 49.660692], [-110.271505, 49.6607392], [-110.2715479, 49.6607628], [-110.2717796, 49.6608336], [-110.271846, 49.6608873], [-110.2719104, 49.660922], [-110.2719833, 49.660954], [-110.2721443, 49.6610651], [-110.2722408, 49.661104], [-110.2724812, 49.6611068], [-110.2725777, 49.661079], [-110.272685, 49.6610304], [-110.2727086, 49.6610443], [-110.2727515, 49.6610193], [-110.2728545, 49.6610026], [-110.272919, 49.6609693], [-110.2731336, 49.6609443], [-110.2732902, 49.6609651], [-110.2734018, 49.6609568], [-110.2736337, 49.6609628]]}}, {"type": "Feature", "properties": {"name": "Canadiana", "difficulty": "intermediate", "area": "Cypress Hills / Elkwater", "osm_id": 949759303, "highway": "path"}, "geometry": {"type": "LineString", "coordinates": [[-110.2703265, 49.6525625], [-110.2701873, 49.6527803], [-110.2701315, 49.6528553], [-110.2701422, 49.6529123], [-110.2702195, 49.6529928], [-110.2702624, 49.6530262], [-110.2702903, 49.6530359], [-110.2703504, 49.6531179], [-110.2704748, 49.6532137], [-110.2705134, 49.6532554], [-110.2705134, 49.6533026], [-110.2705521, 49.6533969], [-110.2705263, 49.6534969], [-110.2705285, 49.6535719], [-110.2704834, 49.6536261], [-110.2703461, 49.6537205], [-110.2701465, 49.6537692], [-110.2700285, 49.6538581], [-110.2700027, 49.6538942], [-110.2700084, 49.6539043], [-110.2700306, 49.6539386], [-110.2701229, 49.6539667], [-110.2702109, 49.6539709], [-110.270419, 49.6540251], [-110.2704577, 49.654064], [-110.2704705, 49.654089], [-110.2705027, 49.6540987], [-110.2705199, 49.6541334], [-110.2704898, 49.6541793], [-110.2702688, 49.654257], [-110.2702044, 49.6543543], [-110.2701401, 49.6544182], [-110.2700156, 49.654464], [-110.2699598, 49.6545002], [-110.269698, 49.6545613], [-110.2695414, 49.6545766], [-110.2694105, 49.6546432], [-110.269329, 49.6546669], [-110.269314, 49.6547196], [-110.2692153, 49.6547974], [-110.2692389, 49.6548933], [-110.2691852, 49.6549655], [-110.269123, 49.6550322], [-110.2691444, 49.6550711], [-110.2691208, 49.6551211], [-110.2690414, 49.6551503], [-110.2689041, 49.6552281], [-110.2687239, 49.6552906], [-110.2686895, 49.6553239], [-110.2685479, 49.6553698], [-110.2684642, 49.655435], [-110.2684406, 49.6554587], [-110.2683698, 49.6554823], [-110.2683119, 49.6555142], [-110.2682067, 49.6555281], [-110.2681123, 49.6555087], [-110.2679321, 49.6555087], [-110.2678463, 49.6555087], [-110.267769, 49.6554864], [-110.2676767, 49.6554198], [-110.2675737, 49.6554017], [-110.2675201, 49.6554114], [-110.2674643, 49.6554698], [-110.2673463, 49.6555406], [-110.2672454, 49.6555462], [-110.2671875, 49.6555656], [-110.2672326, 49.6556368], [-110.267151, 49.6556729], [-110.2670888, 49.6556813], [-110.2669429, 49.6556563], [-110.2669, 49.655691], [-110.2668957, 49.655748], [-110.2669171, 49.6557785], [-110.2670888, 49.6558744], [-110.2672476, 49.655916], [-110.2672776, 49.6559424], [-110.2673184, 49.6560077], [-110.2673978, 49.6560397], [-110.2675094, 49.6560661], [-110.2675973, 49.656055], [-110.2676059, 49.6560341], [-110.2675845, 49.6559841], [-110.2677733, 49.6559577], [-110.2678505, 49.6559633], [-110.2679278, 49.6559397], [-110.267975, 49.6559091], [-110.2680673, 49.6559369], [-110.2680501, 49.6560022], [-110.2679943, 49.6560494], [-110.2679621, 49.6560591], [-110.2679128, 49.6560883], [-110.2678935, 49.6561286], [-110.2678505, 49.6561508], [-110.2678977, 49.6561633], [-110.2679557, 49.6561871], [-110.2680265, 49.6561843], [-110.2680823, 49.6561495], [-110.2681381, 49.6560995], [-110.2682003, 49.6561287], [-110.2682432, 49.6561898], [-110.2682067, 49.6562579], [-110.2680844, 49.6563537], [-110.2680522, 49.6564218], [-110.2680093, 49.6564788], [-110.2678548, 49.6565024], [-110.2678269, 49.6565385], [-110.2677733, 49.6565843], [-110.267696, 49.6566191], [-110.2675866, 49.656658], [-110.2675458, 49.6566885], [-110.2675265, 49.6567149], [-110.26743, 49.6567413], [-110.2673935, 49.6567538], [-110.267239, 49.6567885], [-110.2670738, 49.6567677], [-110.2669171, 49.656783], [-110.2668512, 49.656805], [-110.266804, 49.6568481], [-110.2667031, 49.656894], [-110.2664521, 49.6569704], [-110.2663383, 49.6570273], [-110.2662525, 49.6571509], [-110.2661495, 49.6571898], [-110.2660873, 49.6572357], [-110.2659285, 49.6572996], [-110.2657697, 49.657369], [-110.2656259, 49.6573787], [-110.2654543, 49.6573829], [-110.2654288, 49.657401], [-110.2653858, 49.6574079], [-110.2652378, 49.6574649], [-110.2650554, 49.6575329], [-110.2649867, 49.6575524], [-110.2649245, 49.6575788], [-110.2647721, 49.6576677], [-110.2646799, 49.657708], [-110.264549, 49.6577316], [-110.2644846, 49.6577705], [-110.2643494, 49.6578094], [-110.2642936, 49.657833], [-110.2642572, 49.6578858], [-110.2642786, 49.6579135], [-110.2642486, 49.6579635], [-110.2639203, 49.6580733], [-110.2637915, 49.6580788], [-110.2637915, 49.6580024], [-110.2638151, 49.6579538], [-110.2638645, 49.6579135], [-110.2638473, 49.6578135], [-110.2636671, 49.6577885], [-110.2635642, 49.6578496], [-110.2633819, 49.6578733], [-110.263178, 49.6579316], [-110.2631394, 49.6579635], [-110.2630965, 49.6579469], [-110.2631179, 49.6578733], [-110.2631287, 49.6578246], [-110.2631415, 49.6577621], [-110.2631458, 49.6577093], [-110.2631201, 49.6576816], [-110.2630428, 49.6576774], [-110.2630042, 49.6576774], [-110.262839, 49.6577871], [-110.2627639, 49.6578705], [-110.2627081, 49.6579094], [-110.2625815, 49.6579177], [-110.2624206, 49.6579219], [-110.2622854, 49.6579719], [-110.2622532, 49.6580094], [-110.262206, 49.6580719], [-110.2621631, 49.6580886], [-110.2620944, 49.658083], [-110.2620922, 49.6580122], [-110.2620794, 49.6579663], [-110.2621116, 49.657876], [-110.2620929, 49.6577763]]}}, {"type": "Feature", "properties": {"name": "Elkwater to Ferguson Hill Campground", "difficulty": "intermediate", "area": "Cypress Hills / Elkwater", "osm_id": 949760123, "highway": "path"}, "geometry": {"type": "LineString", "coordinates": [[-110.2922012, 49.6546959], [-110.2922833, 49.6547183], [-110.2923391, 49.6547016], [-110.2923734, 49.6547141], [-110.2924292, 49.6547308], [-110.2925622, 49.6547974], [-110.2925708, 49.6548252], [-110.2926352, 49.6548377], [-110.2926953, 49.6548794], [-110.2927489, 49.654853], [-110.2926802, 49.6548072], [-110.2926202, 49.6547627], [-110.2925493, 49.6547266], [-110.2924506, 49.654703], [-110.2923777, 49.654646], [-110.2923047, 49.6545654], [-110.2922854, 49.6544835], [-110.2923004, 49.654396], [-110.2922618, 49.6541953], [-110.2922876, 49.6540313], [-110.2923026, 49.653966], [-110.2923004, 49.6539188], [-110.2922811, 49.6538355], [-110.2922275, 49.6537771], [-110.2923198, 49.6537354], [-110.2923369, 49.6537132], [-110.2924506, 49.6537368], [-110.2925215, 49.6537632], [-110.2925772, 49.6538035], [-110.2926588, 49.6538077], [-110.2926717, 49.6537799], [-110.2925794, 49.6537493], [-110.2925021, 49.6536965], [-110.2924421, 49.6536132], [-110.2924163, 49.6535573], [-110.2923562, 49.6535073], [-110.2923541, 49.6534711], [-110.2923841, 49.6534128], [-110.2924528, 49.6533878], [-110.2925515, 49.6534003], [-110.2926631, 49.6534253], [-110.2927661, 49.6534364], [-110.2928304, 49.6534531], [-110.2929485, 49.6536114], [-110.2930085, 49.653699], [-110.2930622, 49.653871], [-110.2931072, 49.6539252], [-110.2931072, 49.6539669], [-110.2930751, 49.6540016], [-110.2930987, 49.6540544], [-110.2931201, 49.6540975], [-110.2931931, 49.6541169], [-110.2932553, 49.6541058], [-110.2932961, 49.6540711], [-110.2932746, 49.6540141], [-110.2932124, 49.6539488], [-110.2931652, 49.6538766], [-110.2931287, 49.6538099], [-110.2930772, 49.6537404], [-110.2930772, 49.6536835], [-110.2930193, 49.6536001], [-110.2929227, 49.6534807], [-110.2928798, 49.6534147], [-110.2928197, 49.6533661], [-110.2928197, 49.6532341], [-110.2928004, 49.6531591], [-110.292824, 49.6530702], [-110.2928562, 49.6530118], [-110.2928905, 49.652984], [-110.2929463, 49.6529201], [-110.2929592, 49.652847], [-110.2930407, 49.6527526], [-110.2931287, 49.6526151], [-110.293221, 49.6525595], [-110.2933004, 49.6525067], [-110.2933519, 49.6524511], [-110.2933256, 49.6523757], [-110.2933664, 49.6523201], [-110.2933985, 49.6522756], [-110.2934221, 49.6521895], [-110.2934179, 49.6521506], [-110.2934372, 49.6521214], [-110.2934715, 49.6520909], [-110.2935166, 49.65197], [-110.2935788, 49.6519242], [-110.2936045, 49.6518783], [-110.2936882, 49.6518408], [-110.2937097, 49.651813], [-110.293729, 49.6517686], [-110.2937226, 49.6517115], [-110.2937526, 49.6516657], [-110.293759, 49.6516101], [-110.2938148, 49.6514656], [-110.29398, 49.6513559], [-110.2940637, 49.6513239], [-110.2941496, 49.6513087], [-110.2943305, 49.6513003], [-110.2944164, 49.6513017], [-110.2945387, 49.6512767], [-110.2945751, 49.6512878], [-110.2946202, 49.651285], [-110.2948004, 49.6513051]]}}, {"type": "Feature", "properties": {"name": "Beaver Creek to Ferguson Hill Campground", "difficulty": "intermediate", "area": "Cypress Hills / Elkwater", "osm_id": 949760646, "highway": "path"}, "geometry": {"type": "LineString", "coordinates": [[-110.2947085, 49.652061], [-110.2948348, 49.6520307], [-110.2949077, 49.6520307], [-110.2949392, 49.6520667], [-110.2949893, 49.6521224], [-110.2950408, 49.6521641], [-110.2951352, 49.652203], [-110.295221, 49.652278], [-110.2952382, 49.6524558], [-110.295191, 49.6525753], [-110.295191, 49.6526253], [-110.2952768, 49.652692], [-110.2953154, 49.6529337], [-110.2954056, 49.6530893], [-110.2954399, 49.6532504], [-110.2955472, 49.6533895], [-110.2955686, 49.6534284], [-110.2955686, 49.6535784], [-110.2955214, 49.6536368], [-110.2955214, 49.6536923], [-110.2955944, 49.6537507], [-110.2956716, 49.6537507], [-110.2956845, 49.6537035], [-110.2956631, 49.6536368], [-110.2956673, 49.6535868], [-110.2957248, 49.6536052], [-110.2957591, 49.6536913], [-110.2957741, 49.6537552], [-110.295787, 49.6537969], [-110.2958235, 49.6537691], [-110.2958149, 49.6537399], [-110.2958106, 49.6536983], [-110.2958321, 49.6536677], [-110.29586, 49.6536427], [-110.2958857, 49.6536844], [-110.29589, 49.6537371], [-110.2959286, 49.6538136], [-110.2959844, 49.653883], [-110.295963, 49.6540136], [-110.2959136, 49.6540706], [-110.2959758, 49.6540872], [-110.2960338, 49.6540553], [-110.2960917, 49.6539983], [-110.2961067, 49.6539177], [-110.2961067, 49.6538497], [-110.2961797, 49.6538316], [-110.2962076, 49.6539011], [-110.2962591, 49.653908], [-110.2963299, 49.6537941], [-110.2963535, 49.6536955], [-110.2963664, 49.6536205], [-110.2964071, 49.6535204], [-110.2964715, 49.6533713], [-110.2965273, 49.6533144], [-110.2965766, 49.6532796], [-110.2966281, 49.6531991], [-110.2966367, 49.653138], [-110.2966689, 49.6530685], [-110.2967183, 49.6530518], [-110.2967698, 49.6529824], [-110.2967698, 49.6529127], [-110.2968148, 49.6528335], [-110.2968363, 49.652771], [-110.2968663, 49.6527099], [-110.2969221, 49.6527043], [-110.297171, 49.652696], [-110.2974504, 49.6528724], [-110.297532, 49.6529238], [-110.2975706, 49.6529224], [-110.2976436, 49.6529113], [-110.2977315, 49.6529419], [-110.2978024, 49.6529557]]}}, {"type": "Feature", "properties": {"name": "Lodgepole to Ferguson Hill Campgrounds", "difficulty": "intermediate", "area": "Cypress Hills / Elkwater", "osm_id": 949761403, "highway": "path"}, "geometry": {"type": "LineString", "coordinates": [[-110.296859, 49.6494584], [-110.2967346, 49.6494584], [-110.2965758, 49.6495001], [-110.2964604, 49.6495138], [-110.2963397, 49.649589], [-110.296038, 49.6495724], [-110.2960047, 49.6496066], [-110.2959921, 49.6496779], [-110.2955844, 49.650103], [-110.2954514, 49.650267], [-110.2953484, 49.6503837], [-110.2952797, 49.6504944], [-110.2951982, 49.6506055], [-110.2951681, 49.6508056], [-110.295181, 49.650939], [-110.2950995, 49.6514085], [-110.2951252, 49.6514558], [-110.2950694, 49.6516428], [-110.295078, 49.6517484], [-110.2950351, 49.651854], [-110.2949392, 49.6520667]]}}, {"type": "Feature", "properties": {"name": "Flatten The Curve", "difficulty": "intermediate", "area": "Cypress Hills / Elkwater", "osm_id": 950074048, "highway": "path"}, "geometry": {"type": "LineString", "coordinates": [[-110.2800985, 49.6423298], [-110.2801648, 49.6422334], [-110.2803536, 49.6422195], [-110.2804137, 49.6422445], [-110.2804823, 49.6422529], [-110.2805296, 49.642289], [-110.2805296, 49.642364], [-110.2805811, 49.6424696], [-110.2805811, 49.6425558], [-110.2805896, 49.6426114], [-110.2807227, 49.642653], [-110.2808128, 49.6426586], [-110.2809887, 49.6427253], [-110.2810274, 49.6427892], [-110.2810703, 49.6428809], [-110.2810274, 49.6430032], [-110.281066, 49.6430866], [-110.2811518, 49.6431505], [-110.2812977, 49.6431727], [-110.2813836, 49.6432227], [-110.2813836, 49.6432783], [-110.2813621, 49.6433125], [-110.2814136, 49.643382], [-110.2814823, 49.643457], [-110.2816153, 49.6435765], [-110.2816454, 49.6436515], [-110.2816454, 49.6437293], [-110.2816926, 49.6438127], [-110.2817956, 49.6439099], [-110.2818943, 49.6439489], [-110.2819543, 49.6440044], [-110.2820101, 49.6440961], [-110.2822033, 49.6441628], [-110.2822891, 49.6442601], [-110.2822075, 49.6443296], [-110.282126, 49.6444102], [-110.2820874, 49.6444518], [-110.2820604, 49.6444953], [-110.2821119, 49.6445481], [-110.2821634, 49.6445814], [-110.282348, 49.6446147], [-110.2824596, 49.6447037], [-110.2825325, 49.6447676], [-110.2825668, 49.6448899], [-110.2826441, 49.6449399], [-110.2827514, 49.6450121], [-110.2829316, 49.6451233], [-110.283129, 49.6451538], [-110.283305, 49.6451677], [-110.2834166, 49.6451955], [-110.2835539, 49.6452372], [-110.2836526, 49.64529], [-110.2836783, 49.6453595], [-110.2836483, 49.6454151], [-110.2835281, 49.6454845], [-110.2833908, 49.6455373], [-110.283408, 49.6456012], [-110.2834638, 49.6456346], [-110.2835668, 49.6457291], [-110.2836097, 49.6457958], [-110.2836998, 49.645843], [-110.2836998, 49.6458982], [-110.2836741, 49.645926], [-110.2836612, 49.6459982], [-110.2836011, 49.6460538], [-110.2835239, 49.6461983], [-110.2836097, 49.64624], [-110.2837813, 49.6462817], [-110.2838328, 49.6463261], [-110.2838543, 49.6463984], [-110.2839573, 49.6464512], [-110.2839144, 49.6465123], [-110.2839058, 49.646554], [-110.2838672, 49.6465984], [-110.2838071, 49.6466207], [-110.2837813, 49.6466512], [-110.2837813, 49.6466985], [-110.2838328, 49.6467457], [-110.2838243, 49.646793], [-110.2837813, 49.6468263], [-110.28382, 49.6468624], [-110.2838414, 49.6469041], [-110.2839144, 49.6469652], [-110.2840088, 49.6470653], [-110.2841375, 49.6471292], [-110.2842234, 49.6472014], [-110.2841976, 49.6472459], [-110.2842744, 49.6473614], [-110.2843044, 49.6474559], [-110.2843774, 49.6475003], [-110.284446, 49.6476809], [-110.2845705, 49.6477643], [-110.284622, 49.6477837], [-110.2847293, 49.6478949], [-110.2848323, 49.6479894], [-110.2848966, 49.6480255], [-110.284961, 49.6481339], [-110.2849224, 49.6481672], [-110.2849524, 49.6482089], [-110.2852786, 49.6482756], [-110.2852657, 49.6483395], [-110.2852829, 49.6483867], [-110.2853086, 49.648434], [-110.2853644, 49.6484282], [-110.2854824, 49.6484643], [-110.2855243, 49.6484887], [-110.2856337, 49.6486109], [-110.2856909, 49.6486386], [-110.2857563, 49.6486316], [-110.2858132, 49.6486504], [-110.2858915, 49.6487178], [-110.2859119, 49.6487483], [-110.2858818, 49.64879], [-110.2858475, 49.649067], [-110.2859044, 49.6490843], [-110.2859827, 49.6490489], [-110.28609, 49.6490586], [-110.2862316, 49.6491295], [-110.2862702, 49.6491934], [-110.286253, 49.6492188], [-110.2861007, 49.6492396], [-110.2860792, 49.6492785], [-110.2861103, 49.6493188], [-110.2861715, 49.6493417], [-110.2863356, 49.6493], [-110.2866167, 49.6493792], [-110.2865513, 49.6494376], [-110.2865416, 49.649495], [-110.2865481, 49.6495172], [-110.2864912, 49.6495172], [-110.2863775, 49.6495881], [-110.2862573, 49.6495887], [-110.2862788, 49.6497009], [-110.286267, 49.6497489], [-110.286312, 49.6497975], [-110.2863013, 49.6498871], [-110.2864697, 49.6500882], [-110.2865002, 49.6501805]]}}, {"type": "Feature", "properties": {"name": "Path 951847170", "difficulty": "intermediate", "area": "Medicine Hat", "osm_id": 951847170, "highway": "cycleway"}, "geometry": {"type": "LineString", "coordinates": [[-110.663997, 49.9969452], [-110.6641929, 49.9970171], [-110.6642294, 49.9970259], [-110.664278, 49.9970314]]}}, {"type": "Feature", "properties": {"name": "Path 951847171", "difficulty": "intermediate", "area": "Medicine Hat", "osm_id": 951847171, "highway": "cycleway"}, "geometry": {"type": "LineString", "coordinates": [[-110.6643918, 49.9970322], [-110.6645209, 49.9970327]]}}, {"type": "Feature", "properties": {"name": "Path 952174113", "difficulty": "intermediate", "area": "Medicine Hat", "osm_id": 952174113, "highway": "cycleway"}, "geometry": {"type": "LineString", "coordinates": [[-110.6904891, 50.0054665], [-110.6905393, 50.0053712], [-110.6906462, 50.0054143], [-110.6906951, 50.0054241], [-110.6907578, 50.005425], [-110.6909396, 50.0053725]]}}, {"type": "Feature", "properties": {"name": "Ajax Trail", "difficulty": "intermediate", "area": "Medicine Hat", "osm_id": 952175369, "highway": "cycleway"}, "geometry": {"type": "LineString", "coordinates": [[-110.6973861, 50.027043], [-110.6974687, 50.0270761], [-110.6975639, 50.0271051], [-110.6979131, 50.0271912], [-110.6982022, 50.027231], [-110.6985205, 50.0272859], [-110.698877, 50.0273279], [-110.6989198, 50.02733], [-110.698969, 50.027324], [-110.6990156, 50.0273195], [-110.6990732, 50.027321], [-110.6991462, 50.0273225], [-110.6992118, 50.0273233], [-110.6992522, 50.0273148], [-110.6993014, 50.027294], [-110.6993751, 50.0272695], [-110.6994583, 50.0272427], [-110.6996253, 50.0271756], [-110.6996772, 50.0271995], [-110.6997323, 50.0272163], [-110.6998358, 50.02723], [-110.7000746, 50.0272583], [-110.7001617, 50.0272749], [-110.7002165, 50.0272956], [-110.7003004, 50.0273682], [-110.700339, 50.0274396], [-110.7003403, 50.0275055], [-110.7002972, 50.0276439], [-110.7002843, 50.0277703], [-110.7002868, 50.0277929]]}}, {"type": "Feature", "properties": {"name": "Ajax Trail", "difficulty": "intermediate", "area": "Medicine Hat", "osm_id": 952175370, "highway": "path"}, "geometry": {"type": "LineString", "coordinates": [[-110.6969048, 50.0268409], [-110.6969509, 50.0268769], [-110.6970127, 50.0269069], [-110.697163, 50.0269447], [-110.6972746, 50.0269795], [-110.6973861, 50.027043]]}}, {"type": "Feature", "properties": {"name": "South Ridge Drive Trail", "difficulty": "intermediate", "area": "Medicine Hat", "osm_id": 952178410, "highway": "cycleway"}, "geometry": {"type": "LineString", "coordinates": [[-110.6851748, 49.9996587], [-110.685228, 49.9996442], [-110.6852946, 49.9995884], [-110.6855479, 49.9993297], [-110.6857299, 49.9991437], [-110.6859932, 49.9988162], [-110.6861653, 49.9985819], [-110.6862969, 49.998326], [-110.6864993, 49.9979247], [-110.6866309, 49.9974908], [-110.6867054, 49.9972439], [-110.6867443, 49.9970371], [-110.686769, 49.9967431], [-110.6867785, 49.9965053], [-110.6867546, 49.9949811], [-110.6867345, 49.9920788], [-110.6867394, 49.992066], [-110.6867467, 49.9920578]]}}, {"type": "Feature", "properties": {"name": "Path 952178411", "difficulty": "intermediate", "area": "Medicine Hat", "osm_id": 952178411, "highway": "cycleway"}, "geometry": {"type": "LineString", "coordinates": [[-110.6868746, 49.9898168], [-110.6869666, 49.989818], [-110.6870906, 49.9898189], [-110.6871314, 49.9898185]]}}, {"type": "Feature", "properties": {"name": "Sierra Boulevard Trail", "difficulty": "intermediate", "area": "Medicine Hat", "osm_id": 952178412, "highway": "cycleway"}, "geometry": {"type": "LineString", "coordinates": [[-110.6936733, 50.0009876], [-110.6935924, 50.0010169], [-110.6933662, 50.0011118], [-110.6931605, 50.0012053], [-110.6928597, 50.0013214], [-110.6925627, 50.0014199], [-110.6922123, 50.0014955], [-110.6917475, 50.0015846], [-110.6912914, 50.001637], [-110.6908353, 50.001657], [-110.6903364, 50.0016407], [-110.6898512, 50.0015908], [-110.6896751, 50.0015605], [-110.6893873, 50.001511], [-110.6890127, 50.0014112], [-110.6887216, 50.0013114], [-110.688378, 50.0011679], [-110.6877918, 50.0008831], [-110.6876758, 50.0008527], [-110.6876642, 50.0008476]]}}, {"type": "Feature", "properties": {"name": "Southlands Trail", "difficulty": "intermediate", "area": "Medicine Hat", "osm_id": 952178413, "highway": "cycleway"}, "geometry": {"type": "LineString", "coordinates": [[-110.6499559, 49.9960674], [-110.6492844, 49.9959021]]}}, {"type": "Feature", "properties": {"name": "Path 952178415", "difficulty": "intermediate", "area": "Medicine Hat", "osm_id": 952178415, "highway": "cycleway"}, "geometry": {"type": "LineString", "coordinates": [[-110.6936733, 50.0009876], [-110.6937564, 50.0009379], [-110.69385, 50.0008725]]}}, {"type": "Feature", "properties": {"name": "Path 952178416", "difficulty": "intermediate", "area": "Medicine Hat", "osm_id": 952178416, "highway": "cycleway"}, "geometry": {"type": "LineString", "coordinates": [[-110.69385, 50.0008725], [-110.6939358, 50.0008029], [-110.6942268, 50.0005303], [-110.6944686, 50.0002824], [-110.6945492, 50.0001851], [-110.6946635, 50.0000339], [-110.6947841, 49.999826], [-110.6948531, 49.9996864], [-110.6949103, 49.9995338], [-110.6949541, 49.9993888], [-110.6949844, 49.9992416], [-110.6950046, 49.9990858], [-110.6949996, 49.9988234], [-110.6950048, 49.9988022]]}}, {"type": "Feature", "properties": {"name": "Sorry", "difficulty": "intermediate", "area": "Cypress Hills / Elkwater", "osm_id": 957909306, "highway": "path"}, "geometry": {"type": "LineString", "coordinates": [[-110.2623403, 49.6595289], [-110.262441, 49.6595609], [-110.2625483, 49.6596664], [-110.2625655, 49.659747], [-110.262544, 49.6598692], [-110.2625655, 49.6599081], [-110.2625655, 49.6599664], [-110.2626298, 49.6600248], [-110.2626298, 49.6599553], [-110.2626169, 49.6599026], [-110.2626384, 49.6598109], [-110.2626384, 49.6597581], [-110.2627071, 49.6596636], [-110.2627157, 49.6596109], [-110.2627457, 49.6595414], [-110.2627886, 49.6594859], [-110.2627886, 49.659397], [-110.2628744, 49.6593692], [-110.2629388, 49.659397], [-110.2630289, 49.6595109], [-110.2630161, 49.6596025], [-110.2630204, 49.6597164], [-110.2630204, 49.6597775], [-110.2630204, 49.6598692], [-110.2630118, 49.6599553], [-110.2630375, 49.6601081], [-110.2630118, 49.660247], [-110.2630676, 49.6603943], [-110.2631062, 49.6604526], [-110.2631791, 49.6604998], [-110.2632693, 49.6604609], [-110.2633766, 49.6603665], [-110.263428, 49.6602887], [-110.263501, 49.6601387], [-110.2635053, 49.6600637], [-110.2635697, 49.6599581], [-110.2636383, 49.659922], [-110.2636512, 49.6597998], [-110.2637156, 49.6597109], [-110.2637885, 49.6596303], [-110.2638915, 49.6595664], [-110.2639988, 49.6595053], [-110.2641018, 49.6594247], [-110.2642177, 49.6593608], [-110.2643636, 49.6593108], [-110.2644151, 49.6592636], [-110.2645267, 49.659208], [-110.2646254, 49.659158], [-110.2647413, 49.6590914], [-110.2648485, 49.659033], [-110.2649558, 49.6589719], [-110.2650331, 49.6588747], [-110.2651876, 49.6587719], [-110.2652562, 49.6587191], [-110.2653936, 49.6586302], [-110.2654537, 49.6585385], [-110.2655526, 49.6584285], [-110.2656084, 49.6583674], [-110.265677, 49.6582063], [-110.2657672, 49.6580646], [-110.2658206, 49.6579806], [-110.2658616, 49.6579173], [-110.2659088, 49.6577757], [-110.2659088, 49.6576979], [-110.2659131, 49.6575506], [-110.266059, 49.6573784], [-110.2661791, 49.6573006], [-110.2663508, 49.65717], [-110.2664624, 49.6571117], [-110.2665353, 49.6570533], [-110.2667199, 49.6569867], [-110.2669087, 49.656945], [-110.2671919, 49.6568255], [-110.2674966, 49.6567811], [-110.2677112, 49.6567005], [-110.2678743, 49.6566199], [-110.2680889, 49.6564949], [-110.268252, 49.6563338], [-110.2684622, 49.6562421], [-110.2685989, 49.6561699], [-110.2687878, 49.6560976], [-110.268938, 49.6560476], [-110.2691139, 49.6560143], [-110.2692856, 49.6559643], [-110.2694444, 49.6558365], [-110.2694744, 49.6558004], [-110.2693886, 49.6558059], [-110.2694143, 49.6557254], [-110.2694787, 49.6556809], [-110.2695645, 49.6556809], [-110.2697963, 49.6556503], [-110.2699765, 49.6556226], [-110.2701181, 49.6556198], [-110.2702297, 49.6556059], [-110.270204, 49.6555725], [-110.2700623, 49.6555642], [-110.2699722, 49.6555253], [-110.2698907, 49.6555225], [-110.2697491, 49.655592], [-110.2694486, 49.6555837], [-110.2693457, 49.6556114], [-110.2692813, 49.6555948], [-110.269204, 49.6556337], [-110.2690023, 49.6556531], [-110.2688307, 49.6556753], [-110.2684702, 49.6557198], [-110.2683157, 49.655742], [-110.2681955, 49.655767], [-110.2680882, 49.6558031], [-110.2678565, 49.6558309], [-110.2676934, 49.6558837], [-110.2674574, 49.655892], [-110.2674145, 49.6558309], [-110.267363, 49.6557142], [-110.26729, 49.6556226], [-110.2674016, 49.6555559], [-110.2675089, 49.6555587], [-110.267629, 49.6555753], [-110.2677106, 49.6555337], [-110.2679981, 49.6555503], [-110.2681397, 49.6555559], [-110.2683371, 49.6555448], [-110.2685131, 49.6554781], [-110.2687277, 49.6553836], [-110.2688993, 49.6553114], [-110.269041, 49.6552225], [-110.2692126, 49.6551169], [-110.2692555, 49.6550136], [-110.2692942, 49.6549052], [-110.2692942, 49.6548691], [-110.2694529, 49.6547997], [-110.2695516, 49.6547247], [-110.2696031, 49.6546719], [-110.2697834, 49.6545885], [-110.2700538, 49.6545191], [-110.2702512, 49.654469], [-110.2704958, 49.6544829], [-110.2707232, 49.6545441], [-110.270955, 49.6546135], [-110.2711653, 49.6546357], [-110.271324, 49.6545885], [-110.2712039, 49.6545635], [-110.2710194, 49.6545802], [-110.2709292, 49.6545357], [-110.2708134, 49.654419], [-110.2707018, 49.6543718], [-110.2706245, 49.6543162], [-110.270573, 49.6541996], [-110.2706288, 49.6541162], [-110.2709035, 49.654019], [-110.2710561, 49.6539517], [-110.271275, 49.6539239], [-110.2713608, 49.6538767], [-110.2714466, 49.65386], [-110.271541, 49.6538211], [-110.2715711, 49.6537517], [-110.2715067, 49.6537156], [-110.2713865, 49.6537156], [-110.2713393, 49.6536656], [-110.2714252, 49.6536016], [-110.271408, 49.6535405], [-110.2713265, 49.6535294], [-110.2711634, 49.6536544], [-110.2710218, 49.6537322], [-110.2709617, 49.6537183], [-110.2709703, 49.6536517], [-110.2709917, 49.6535489], [-110.2709102, 49.653485], [-110.2707471, 49.6534322], [-110.2706441, 49.6533516], [-110.270584, 49.6532905], [-110.2705711, 49.6532071], [-110.2706656, 49.6531293], [-110.2706956, 49.6530599], [-110.2706699, 49.6529487], [-110.2705154, 49.6528181], [-110.2703952, 49.6527487], [-110.2703265, 49.6525625]]}}, {"type": "Feature", "properties": {"name": "Tragically Steep", "difficulty": "intermediate", "area": "Cypress Hills / Elkwater", "osm_id": 958255315, "highway": "path"}, "geometry": {"type": "LineString", "coordinates": [[-110.2703265, 49.6525625], [-110.2699673, 49.6526023], [-110.2697886, 49.6525664], [-110.26969, 49.6525265], [-110.2695236, 49.6525146], [-110.2694066, 49.6525544], [-110.2693511, 49.6526462], [-110.2692094, 49.65273], [-110.2690923, 49.6527539], [-110.2689013, 49.6527539], [-110.268852, 49.6528457], [-110.2688088, 49.6529534], [-110.2686917, 49.6530292], [-110.2685315, 49.6530491], [-110.2682727, 49.6531209], [-110.2681865, 49.6531608], [-110.2681926, 49.6532247], [-110.2682173, 49.6532765], [-110.2681618, 49.6534042], [-110.2681495, 49.65348], [-110.2681433, 49.6535398], [-110.2681372, 49.6536196], [-110.2681125, 49.6537513], [-110.2680817, 49.6538271], [-110.2680694, 49.6539468], [-110.2680262, 49.6540545], [-110.2679523, 49.6541901], [-110.2678784, 49.6543616], [-110.2677859, 49.6543696], [-110.2677305, 49.6543138], [-110.2676935, 49.6542061], [-110.2675887, 49.6542061], [-110.2675394, 49.654238], [-110.2675148, 49.6542858], [-110.267447, 49.6543497], [-110.2673607, 49.6542898], [-110.2672991, 49.6541303], [-110.2672313, 49.6540026], [-110.2671512, 49.6539029], [-110.2668739, 49.6537912], [-110.2668061, 49.6538231], [-110.2665781, 49.6537513], [-110.2664241, 49.6536914], [-110.2663132, 49.6536755], [-110.2660913, 49.6534521], [-110.2659188, 49.6534082], [-110.2657764, 49.6533364], [-110.2656347, 49.6533005], [-110.2654806, 49.6532965], [-110.2653019, 49.6532566], [-110.2651972, 49.6532566], [-110.2650123, 49.6532646], [-110.2648706, 49.6532885], [-110.2647781, 49.6532646], [-110.2646303, 49.6532247], [-110.2641311, 49.6532087], [-110.264014, 49.6532127], [-110.2639093, 49.6532725], [-110.263595, 49.6533324], [-110.2634779, 49.6533683], [-110.2633239, 49.6534241], [-110.263213, 49.6535119], [-110.2631329, 49.653476], [-110.2631021, 49.6532606], [-110.2629727, 49.6533085], [-110.2628987, 49.6533444], [-110.2628617, 49.6534281], [-110.2626769, 49.653496], [-110.2625228, 49.6535398], [-110.2624304, 49.6535598], [-110.2623564, 49.6535638], [-110.2622825, 49.6536396], [-110.2621408, 49.6536316], [-110.2619867, 49.6536396], [-110.2618265, 49.6537393], [-110.2616416, 49.653839], [-110.2613767, 49.6539188], [-110.2611487, 49.6540146], [-110.2609145, 49.6540744], [-110.2608837, 49.6541502], [-110.2609022, 49.6542898], [-110.2609761, 49.6543178], [-110.2610809, 49.6543417], [-110.2611055, 49.6544374], [-110.2610378, 49.6545731], [-110.2610131, 49.6546768], [-110.2608159, 49.6547446], [-110.260777, 49.6548126]]}}, {"type": "Feature", "properties": {"name": "Red Serge", "difficulty": "intermediate", "area": "Cypress Hills / Elkwater", "osm_id": 962360524, "highway": "path"}, "geometry": {"type": "LineString", "coordinates": [[-110.2691051, 49.6513238], [-110.2690621, 49.6514786], [-110.2690353, 49.6515377], [-110.2689278, 49.6515725], [-110.2687882, 49.6516125], [-110.2686592, 49.651616], [-110.2685034, 49.6516438], [-110.2683906, 49.6515777], [-110.268122, 49.6516473], [-110.2680468, 49.6516473], [-110.2679555, 49.6516177], [-110.2679017, 49.6515586], [-110.2677594, 49.6514873], [-110.2677191, 49.6513933], [-110.2675579, 49.6513464], [-110.2674397, 49.6513533], [-110.2670932, 49.651242], [-110.2668971, 49.6511168], [-110.2668031, 49.6510386], [-110.2666903, 49.6509933], [-110.2665801, 49.6509047], [-110.2665184, 49.6508525], [-110.2664351, 49.6507481], [-110.2663975, 49.6506716], [-110.2663115, 49.6506299], [-110.2662363, 49.6505673], [-110.2661208, 49.6504977], [-110.2659919, 49.6504786], [-110.2659032, 49.6504351], [-110.2658495, 49.6503603], [-110.2658038, 49.6503168], [-110.2656454, 49.6501551], [-110.2656239, 49.6500612], [-110.2656078, 49.6499673], [-110.2655406, 49.6498942], [-110.2654251, 49.6497742], [-110.265366, 49.6496768], [-110.2653606, 49.6495777], [-110.2653042, 49.6495533], [-110.2652586, 49.6495533], [-110.265143, 49.6496038], [-110.2650705, 49.6496385], [-110.2649711, 49.6496872], [-110.2649411, 49.6497069], [-110.2648395, 49.6497742], [-110.2647831, 49.6498194], [-110.2647374, 49.6498855], [-110.2646703, 49.650009], [-110.2645951, 49.650129], [-110.2645924, 49.6501812], [-110.2646649, 49.6502507], [-110.2647401, 49.6503325], [-110.2647348, 49.6503992], [-110.2646864, 49.6504636], [-110.2646166, 49.6504844], [-110.2645682, 49.650514], [-110.2645306, 49.6505975], [-110.2645037, 49.6507088], [-110.2644527, 49.6508253], [-110.2643963, 49.6508931], [-110.264305, 49.6509923], [-110.2642942, 49.6511562], [-110.2642915, 49.651184], [-110.264356, 49.6512414], [-110.2643641, 49.6512849], [-110.2642996, 49.6513266], [-110.2641465, 49.6513249], [-110.2639961, 49.6513457], [-110.263902, 49.6513701], [-110.2638295, 49.6514344], [-110.2637355, 49.6514762], [-110.2636316, 49.6514901], [-110.2634866, 49.6514918], [-110.2633953, 49.6515336], [-110.2633926, 49.6516353], [-110.2633791, 49.6516996], [-110.2633308, 49.651804], [-110.2633093, 49.6519031], [-110.2632126, 49.6519448], [-110.2631938, 49.6520005], [-110.2631508, 49.6520318], [-110.2628903, 49.6520874], [-110.2628661, 49.6521048], [-110.2627801, 49.6521813], [-110.2627291, 49.6522022], [-110.2626351, 49.6522648], [-110.2625572, 49.6523013], [-110.2625411, 49.6523465], [-110.2626861, 49.6523761], [-110.2626995, 49.6524073], [-110.2625867, 49.6524734], [-110.26249, 49.6524821], [-110.2624363, 49.6525395], [-110.2625115, 49.6525934], [-110.2625545, 49.6527238], [-110.2625491, 49.6527708], [-110.2624444, 49.652849], [-110.2623584, 49.6529482], [-110.2623127, 49.6529742], [-110.2622563, 49.6530199], [-110.2621945, 49.6530999], [-110.2621301, 49.6531885], [-110.2618883, 49.6532911], [-110.2617486, 49.6533277], [-110.2616143, 49.6533955], [-110.2615015, 49.6534685], [-110.2613565, 49.6535868], [-110.2612195, 49.6536824], [-110.2609429, 49.653862], [-110.2608408, 49.6539037], [-110.2607253, 49.6539646], [-110.2604413, 49.654086]]}}, {"type": "Feature", "properties": {"name": "Path 965462342", "difficulty": "intermediate", "area": "Medicine Hat", "osm_id": 965462342, "highway": "cycleway"}, "geometry": {"type": "LineString", "coordinates": [[-110.647775, 50.0339945], [-110.6476902, 50.0338758], [-110.6476744, 50.0337713], [-110.6476807, 50.0336345], [-110.6477091, 50.0335316], [-110.647777, 50.0334638], [-110.6478676, 50.0334278], [-110.6479444, 50.03342], [-110.6480307, 50.0334202], [-110.6481022, 50.0334299]]}}, {"type": "Feature", "properties": {"name": "Southlands Connection", "difficulty": "intermediate", "area": "Medicine Hat", "osm_id": 970232974, "highway": "cycleway"}, "geometry": {"type": "LineString", "coordinates": [[-110.6648136, 50.0019465], [-110.6647562, 50.0020045], [-110.6646495, 50.0020608], [-110.6639935, 50.0022948], [-110.6636452, 50.0023956], [-110.663427, 50.002436], [-110.6631637, 50.0024743], [-110.6631318, 50.0024789], [-110.662754, 50.0025161], [-110.6622256, 50.002524], [-110.6617037, 50.0024945], [-110.6615958, 50.0024819], [-110.6613197, 50.0024085], [-110.6612328, 50.002395], [-110.6611838, 50.0024123]]}}, {"type": "Feature", "properties": {"name": "Southlands Connection", "difficulty": "intermediate", "area": "Medicine Hat", "osm_id": 970232976, "highway": "cycleway"}, "geometry": {"type": "LineString", "coordinates": [[-110.6609036, 50.002364], [-110.6602594, 50.0022853], [-110.6598518, 50.0022252], [-110.6595229, 50.0021602], [-110.6592221, 50.0020818], [-110.658981, 50.0020011], [-110.6586044, 50.0018883], [-110.6584787, 50.0018383], [-110.6582794, 50.0017439]]}}, {"type": "Feature", "properties": {"name": "Southlands Connection", "difficulty": "intermediate", "area": "Medicine Hat", "osm_id": 970232978, "highway": "cycleway"}, "geometry": {"type": "LineString", "coordinates": [[-110.6578556, 50.0015987], [-110.6577896, 50.0016023], [-110.6577377, 50.0015968], [-110.6573989, 50.0014032], [-110.6569997, 50.001198], [-110.6566319, 50.0010462], [-110.6564566, 50.0009747], [-110.6563316, 50.0009317], [-110.6561988, 50.0008915], [-110.6559706, 50.0008298], [-110.6557841, 50.0007834], [-110.6545925, 50.0005542], [-110.6543394, 50.0005093], [-110.6541282, 50.0004597], [-110.6539521, 50.0004191], [-110.6538758, 50.0003962], [-110.6537645, 50.0003299]]}}, {"type": "Feature", "properties": {"name": "Southlands Connection", "difficulty": "intermediate", "area": "Medicine Hat", "osm_id": 970232979, "highway": "cycleway"}, "geometry": {"type": "LineString", "coordinates": [[-110.6536288, 50.0003593], [-110.6535281, 50.0003069], [-110.6534611, 50.0002747]]}}, {"type": "Feature", "properties": {"name": "Path 970232980", "difficulty": "intermediate", "area": "Medicine Hat", "osm_id": 970232980, "highway": "cycleway"}, "geometry": {"type": "LineString", "coordinates": [[-110.6534453, 50.0001801], [-110.6532901, 50.0001415], [-110.6531453, 50.0000898], [-110.6530023, 50.0000293], [-110.6528522, 49.999955], [-110.6527107, 49.9998721], [-110.6525876, 49.9997896], [-110.6525105, 49.9997299], [-110.6524681, 49.9996809], [-110.6524637, 49.9996228]]}}, {"type": "Feature", "properties": {"name": "Path 970232982", "difficulty": "intermediate", "area": "Medicine Hat", "osm_id": 970232982, "highway": "cycleway"}, "geometry": {"type": "LineString", "coordinates": [[-110.6521843, 49.9993468], [-110.6521001, 49.9993079], [-110.6520281, 49.999269], [-110.6518301, 49.9991173], [-110.651698, 49.9990055], [-110.6516297, 49.9989433], [-110.6515291, 49.9988682], [-110.6513334, 49.9987178], [-110.6512865, 49.9986948], [-110.6512695, 49.9986563]]}}, {"type": "Feature", "properties": {"name": "Path 970232984", "difficulty": "intermediate", "area": "Medicine Hat", "osm_id": 970232984, "highway": "cycleway"}, "geometry": {"type": "LineString", "coordinates": [[-110.6509788, 49.9985006], [-110.6509232, 49.9984837], [-110.650522, 49.9982896], [-110.6505009, 49.9982811], [-110.6501929, 49.9981573], [-110.6500791, 49.9981221]]}}, {"type": "Feature", "properties": {"name": "Path 970232986", "difficulty": "intermediate", "area": "Medicine Hat", "osm_id": 970232986, "highway": "cycleway"}, "geometry": {"type": "LineString", "coordinates": [[-110.6497094, 49.9979999], [-110.6491736, 49.9978294], [-110.648937, 49.9977364], [-110.6486901, 49.9976656], [-110.6485219, 49.9976016], [-110.6483969, 49.9975686], [-110.6483147, 49.9975418], [-110.6482653, 49.9975061], [-110.648215, 49.9974511]]}}, {"type": "Feature", "properties": {"name": "Path 970240327", "difficulty": "intermediate", "area": "Medicine Hat", "osm_id": 970240327, "highway": "path"}, "geometry": {"type": "LineString", "coordinates": [[-110.6881309, 50.0218329], [-110.688042, 50.0216275], [-110.6880027, 50.0215779], [-110.6879493, 50.0215364], [-110.687851, 50.0214967], [-110.6871923, 50.0213604]]}}, {"type": "Feature", "properties": {"name": "Path 970240977", "difficulty": "intermediate", "area": "Medicine Hat", "osm_id": 970240977, "highway": "path"}, "geometry": {"type": "LineString", "coordinates": [[-110.6820823, 50.0471959], [-110.6820823, 50.0472042], [-110.6821252, 50.0472039], [-110.6821356, 50.0472047]]}}, {"type": "Feature", "properties": {"name": "Path 970240979", "difficulty": "intermediate", "area": "Medicine Hat", "osm_id": 970240979, "highway": "path"}, "geometry": {"type": "LineString", "coordinates": [[-110.6821681, 50.0472106], [-110.6823805, 50.0472423], [-110.682718, 50.0472954], [-110.6830654, 50.0473585], [-110.683414, 50.0474325], [-110.6840699, 50.0475983], [-110.6847622, 50.0477925], [-110.6855066, 50.048002], [-110.6858742, 50.0480953], [-110.6861414, 50.0481605], [-110.6862899, 50.0481988], [-110.6864275, 50.0482417], [-110.6866357, 50.0483256]]}}, {"type": "Feature", "properties": {"name": "Path 971257623", "difficulty": "intermediate", "area": "Medicine Hat", "osm_id": 971257623, "highway": "cycleway"}, "geometry": {"type": "LineString", "coordinates": [[-110.6748618, 50.0239107], [-110.6748346, 50.0239929], [-110.674801, 50.0240639], [-110.6747316, 50.0241713], [-110.6746203, 50.0242559], [-110.6743204, 50.0244335], [-110.6741492, 50.0245767], [-110.6738438, 50.0249211], [-110.6736744, 50.0251032], [-110.6735454, 50.0252082], [-110.6734582, 50.0252788], [-110.6732427, 50.0253893], [-110.6729461, 50.0254854], [-110.6727931, 50.0255198], [-110.6727587, 50.0255317], [-110.6727202, 50.0255516]]}}, {"type": "Feature", "properties": {"name": "Path 973781759", "difficulty": "intermediate", "area": "Redcliff", "osm_id": 973781759, "highway": "path"}, "geometry": {"type": "LineString", "coordinates": [[-110.7777145, 50.0677707], [-110.7777338, 50.0674904], [-110.7777533, 50.0672929], [-110.7777792, 50.0671765], [-110.7777824, 50.0669762], [-110.7777468, 50.0668557], [-110.7777533, 50.0667975], [-110.7775233, 50.0667995], [-110.7773387, 50.0667975], [-110.7773063, 50.0668473], [-110.7772189, 50.0670989], [-110.7772189, 50.0671301], [-110.7773193, 50.067128], [-110.7773517, 50.0671904], [-110.7773387, 50.0672673], [-110.7773419, 50.0673234]]}}, {"type": "Feature", "properties": {"name": "Path 973781760", "difficulty": "intermediate", "area": "Redcliff", "osm_id": 973781760, "highway": "path"}, "geometry": {"type": "LineString", "coordinates": [[-110.7773419, 50.0673234], [-110.7773384, 50.0673627], [-110.7773355, 50.0673962], [-110.7773453, 50.0674341], [-110.7774067, 50.0674565], [-110.7774134, 50.0675323]]}}, {"type": "Feature", "properties": {"name": "Path 973781761", "difficulty": "intermediate", "area": "Redcliff", "osm_id": 973781761, "highway": "path"}, "geometry": {"type": "LineString", "coordinates": [[-110.7774067, 50.0674565], [-110.7774585, 50.067444], [-110.7775039, 50.0674128], [-110.7774812, 50.0673712], [-110.7773384, 50.0673627]]}}, {"type": "Feature", "properties": {"name": "Path 973781762", "difficulty": "intermediate", "area": "Redcliff", "osm_id": 973781762, "highway": "path"}, "geometry": {"type": "LineString", "coordinates": [[-110.7777338, 50.0674904], [-110.7774812, 50.0673712]]}}, {"type": "Feature", "properties": {"name": "Moose ball diamond overflow", "difficulty": "intermediate", "area": "Medicine Hat", "osm_id": 974481456, "highway": "track"}, "geometry": {"type": "LineString", "coordinates": [[-110.6904212, 50.0152236], [-110.6903454, 50.0152832], [-110.6901715, 50.0153394], [-110.6900159, 50.0153256], [-110.6891465, 50.0146494]]}}, {"type": "Feature", "properties": {"name": "Path 975278475", "difficulty": "intermediate", "area": "Medicine Hat", "osm_id": 975278475, "highway": "cycleway"}, "geometry": {"type": "LineString", "coordinates": [[-110.6640921, 50.0336532], [-110.6640842, 50.0317039]]}}, {"type": "Feature", "properties": {"name": "Path 975278477", "difficulty": "intermediate", "area": "Medicine Hat", "osm_id": 975278477, "highway": "cycleway"}, "geometry": {"type": "LineString", "coordinates": [[-110.6639274, 50.0300099], [-110.6639907, 50.0299488], [-110.6640239, 50.0298982], [-110.6640464, 50.0298491], [-110.6640579, 50.0298], [-110.6640684, 50.0296147], [-110.6640631, 50.0294935], [-110.6640125, 50.0293831]]}}, {"type": "Feature", "properties": {"name": "Path 975278479", "difficulty": "intermediate", "area": "Medicine Hat", "osm_id": 975278479, "highway": "cycleway"}, "geometry": {"type": "LineString", "coordinates": [[-110.6640118, 50.029296], [-110.6640115, 50.0292761], [-110.6640498, 50.0292385], [-110.664063, 50.0292021], [-110.6640859, 50.0287651], [-110.6640798, 50.0287353], [-110.6640641, 50.0287068], [-110.6640681, 50.0286837]]}}, {"type": "Feature", "properties": {"name": "Path 975440345", "difficulty": "intermediate", "area": "Medicine Hat", "osm_id": 975440345, "highway": "cycleway"}, "geometry": {"type": "LineString", "coordinates": [[-110.6373612, 50.0192184], [-110.63745, 50.0192858], [-110.637687, 50.0194836], [-110.6377489, 50.0195454], [-110.6377971, 50.0196106], [-110.6378549, 50.019687], [-110.6379475, 50.0197757], [-110.6380114, 50.0198596], [-110.6380838, 50.0199618], [-110.6381753, 50.0200639], [-110.6382306, 50.0201162], [-110.6383013, 50.0201661], [-110.6383601, 50.0201916], [-110.6383875, 50.0202098], [-110.6384377, 50.0202709]]}}, {"type": "Feature", "properties": {"name": "Path 975440348", "difficulty": "intermediate", "area": "Medicine Hat", "osm_id": 975440348, "highway": "cycleway"}, "geometry": {"type": "LineString", "coordinates": [[-110.6385509, 50.0204353], [-110.6385493, 50.0204588], [-110.6385523, 50.0205026], [-110.6385918, 50.0205663], [-110.6386043, 50.0206041], [-110.6386101, 50.0206389], [-110.6386103, 50.0206925], [-110.6386115, 50.0207157], [-110.6386194, 50.0207389], [-110.6386362, 50.0207641], [-110.638783, 50.020962], [-110.6389076, 50.0211095], [-110.6390109, 50.0212533], [-110.6390767, 50.0213722], [-110.6391515, 50.0215092], [-110.6391901, 50.0215635], [-110.6392402, 50.0216046], [-110.6393378, 50.0216738], [-110.6393827, 50.0217125], [-110.6394149, 50.0217495], [-110.6395519, 50.0219713], [-110.6395832, 50.0220225], [-110.639593, 50.0220641], [-110.6396009, 50.022165], [-110.6396087, 50.0221961], [-110.6396679, 50.0222699], [-110.639752, 50.0223786]]}}, {"type": "Feature", "properties": {"name": "Path 975440349", "difficulty": "intermediate", "area": "Medicine Hat", "osm_id": 975440349, "highway": "cycleway"}, "geometry": {"type": "LineString", "coordinates": [[-110.639752, 50.0223786], [-110.6397843, 50.0224272], [-110.6398144, 50.0224765]]}}, {"type": "Feature", "properties": {"name": "Path 975440350", "difficulty": "intermediate", "area": "Medicine Hat", "osm_id": 975440350, "highway": "cycleway"}, "geometry": {"type": "LineString", "coordinates": [[-110.6403413, 50.0231843], [-110.6403098, 50.0232388], [-110.6403041, 50.023267], [-110.6403228, 50.023305], [-110.6403617, 50.0233624], [-110.6403842, 50.0233835], [-110.6404052, 50.0233997], [-110.6404926, 50.023449], [-110.6405195, 50.0234742], [-110.6405371, 50.0234974], [-110.640571, 50.0235527], [-110.6405835, 50.0235869], [-110.6405899, 50.0236172], [-110.6405926, 50.0236613], [-110.6406014, 50.0236758]]}}, {"type": "Feature", "properties": {"name": "Path 975440351", "difficulty": "intermediate", "area": "Medicine Hat", "osm_id": 975440351, "highway": "cycleway"}, "geometry": {"type": "LineString", "coordinates": [[-110.6406014, 50.0236758], [-110.6406176, 50.0237019], [-110.6406256, 50.0237148], [-110.6406677, 50.0237828]]}}, {"type": "Feature", "properties": {"name": "Path 975440352", "difficulty": "intermediate", "area": "Medicine Hat", "osm_id": 975440352, "highway": "cycleway"}, "geometry": {"type": "LineString", "coordinates": [[-110.6406677, 50.0237828], [-110.6407284, 50.0238118], [-110.6408045, 50.0238664], [-110.6408343, 50.0239059], [-110.6412883, 50.0246837], [-110.6413392, 50.0247485], [-110.6413963, 50.0248114], [-110.6415171, 50.0249115]]}}, {"type": "Feature", "properties": {"name": "Path 975440353", "difficulty": "intermediate", "area": "Medicine Hat", "osm_id": 975440353, "highway": "cycleway"}, "geometry": {"type": "LineString", "coordinates": [[-110.6415171, 50.0249115], [-110.6415742, 50.0248793], [-110.6416631, 50.0248294], [-110.6417549, 50.0249041], [-110.6418547, 50.024981]]}}, {"type": "Feature", "properties": {"name": "Path 975440354", "difficulty": "intermediate", "area": "Medicine Hat", "osm_id": 975440354, "highway": "cycleway"}, "geometry": {"type": "LineString", "coordinates": [[-110.6418547, 50.024981], [-110.6420029, 50.0251345], [-110.64215, 50.0252562], [-110.6422257, 50.0253386], [-110.6423048, 50.0254189], [-110.6426414, 50.025618], [-110.6431134, 50.0257586], [-110.6437913, 50.0259788], [-110.643953, 50.0260115], [-110.6442545, 50.0260248]]}}, {"type": "Feature", "properties": {"name": "Path 975441547", "difficulty": "intermediate", "area": "Medicine Hat", "osm_id": 975441547, "highway": "cycleway"}, "geometry": {"type": "LineString", "coordinates": [[-110.6513877, 50.027792], [-110.6528762, 50.0280799], [-110.6529065, 50.0281152], [-110.6529712, 50.028128]]}}, {"type": "Feature", "properties": {"name": "Saratoga Park Trail", "difficulty": "intermediate", "area": "Medicine Hat", "osm_id": 975441548, "highway": "cycleway"}, "geometry": {"type": "LineString", "coordinates": [[-110.6531802, 50.0278732], [-110.6531264, 50.0279885], [-110.6529843, 50.0282575], [-110.6529109, 50.0282934], [-110.6526528, 50.0283561]]}}, {"type": "Feature", "properties": {"name": "Path 975441550", "difficulty": "intermediate", "area": "Medicine Hat", "osm_id": 975441550, "highway": "cycleway"}, "geometry": {"type": "LineString", "coordinates": [[-110.6529712, 50.028128], [-110.6534, 50.0281995]]}}, {"type": "Feature", "properties": {"name": "Mr Burnside", "difficulty": "easy", "area": "Medicine Hat", "osm_id": 976230273, "highway": "path"}, "geometry": {"type": "LineString", "coordinates": [[-110.766383, 50.049949], [-110.7662708, 50.0499989], [-110.7660189, 50.0500131], [-110.7657155, 50.050005], [-110.7655753, 50.0499862], [-110.7654921, 50.0499713], [-110.7653858, 50.0499624], [-110.7653488, 50.0499605], [-110.7653134, 50.0499545], [-110.7652672, 50.0499565], [-110.7652379, 50.0499634], [-110.7651409, 50.050002], [-110.765107, 50.0500129], [-110.76509, 50.0500241], [-110.7650724, 50.050042], [-110.7650525, 50.0500567], [-110.7650128, 50.0500694], [-110.7649599, 50.0500779], [-110.7648863, 50.0500822], [-110.7648297, 50.0500831], [-110.7647848, 50.0500789], [-110.7647444, 50.0500694], [-110.7646995, 50.0500524], [-110.7646605, 50.0500378], [-110.7646149, 50.0500245], [-110.7645649, 50.0500127], [-110.7645208, 50.0500075], [-110.7644722, 50.0500042], [-110.764409, 50.0500071], [-110.7643766, 50.0500061], [-110.7643546, 50.0500028], [-110.7643266, 50.0500014], [-110.7642869, 50.050009], [-110.7642516, 50.0500132], [-110.7642236, 50.0500118], [-110.7641957, 50.0500052], [-110.7641751, 50.0499891], [-110.7641611, 50.0499646], [-110.764142, 50.0499244], [-110.7641229, 50.0498985], [-110.7640883, 50.0498602], [-110.7640611, 50.0498371], [-110.7640184, 50.0498082], [-110.7639736, 50.0497851], [-110.7639493, 50.0497714], [-110.7639228, 50.049753], [-110.7638993, 50.0497313], [-110.7638758, 50.049701], [-110.7638507, 50.0496699], [-110.7638206, 50.0496453], [-110.7637956, 50.0496302], [-110.7637801, 50.0496127], [-110.7637765, 50.0495915], [-110.7637676, 50.0495749], [-110.763747, 50.0495631], [-110.7637191, 50.0495532], [-110.7636956, 50.049549], [-110.7636691, 50.0495485], [-110.7636272, 50.0495409], [-110.7635985, 50.0495386], [-110.7635448, 50.0495372], [-110.7635007, 50.04954], [-110.7634712, 50.0495428], [-110.7634161, 50.0495329], [-110.7633881, 50.0495273], [-110.7633631, 50.049523], [-110.7633484, 50.0495131], [-110.7633403, 50.0494961], [-110.7633352, 50.0494777], [-110.7633264, 50.0494616], [-110.763308, 50.0494446], [-110.7632903, 50.0494309], [-110.7632756, 50.0494177], [-110.7632682, 50.0494078], [-110.7632653, 50.0493945], [-110.7632646, 50.0493643], [-110.7632609, 50.0493497], [-110.7632506, 50.0493355], [-110.7632344, 50.0493251], [-110.7632087, 50.0493195], [-110.7631748, 50.0493157], [-110.7631425, 50.049319], [-110.7631094, 50.049328], [-110.7630653, 50.0493336], [-110.7630285, 50.0493379], [-110.7629917, 50.0493487], [-110.7629571, 50.0493629], [-110.7629137, 50.0493719], [-110.7628821, 50.0493785], [-110.7628431, 50.0493794], [-110.7628211, 50.049379], [-110.7627968, 50.0493723], [-110.7627784, 50.0493629], [-110.7627659, 50.049353], [-110.76276, 50.0493431], [-110.7627637, 50.0493308], [-110.7627659, 50.0493147], [-110.7627644, 50.0493029], [-110.7627564, 50.0492888], [-110.7627416, 50.0492751], [-110.7627269, 50.0492642], [-110.7627027, 50.0492519], [-110.7626674, 50.0492387], [-110.7626372, 50.0492302], [-110.7626056, 50.0492274], [-110.7625585, 50.0492283], [-110.7625114, 50.0492326], [-110.7624313, 50.0492363], [-110.7623768, 50.0492411], [-110.7623342, 50.0492491], [-110.7622423, 50.0492703], [-110.7621658, 50.0492878], [-110.7621091, 50.0493024], [-110.7620518, 50.0493114], [-110.7620187, 50.0493105], [-110.7619716, 50.0493105], [-110.7619348, 50.0493128], [-110.7619032, 50.0493237], [-110.7618444, 50.0493511], [-110.7617686, 50.0493889], [-110.7616929, 50.0494262], [-110.7616436, 50.0494489], [-110.7616149, 50.0494569], [-110.7615811, 50.0494597], [-110.7615516, 50.0494663], [-110.7615333, 50.0494753], [-110.7615141, 50.0494899], [-110.761506, 50.0495069], [-110.7614972, 50.0495169], [-110.7614715, 50.0495263], [-110.7614384, 50.0495428], [-110.7613876, 50.0495787], [-110.7613582, 50.0496038], [-110.7613435, 50.0496245], [-110.7613369, 50.0496415], [-110.7613133, 50.0496703], [-110.7612935, 50.0497015], [-110.76127, 50.0497317], [-110.7612494, 50.0497525], [-110.7612251, 50.0497653], [-110.7611949, 50.0497747], [-110.7611714, 50.0497884], [-110.7611346, 50.0498219], [-110.7610831, 50.0498569], [-110.7610537, 50.0498829], [-110.7610243, 50.0499235], [-110.7609956, 50.0499518], [-110.7609677, 50.0499679], [-110.7609441, 50.0499735], [-110.7609015, 50.0499731], [-110.7608676, 50.0499674], [-110.7608404, 50.0499698], [-110.7608176, 50.0499641], [-110.7607992, 50.0499532], [-110.7607831, 50.0499386], [-110.760775, 50.049924], [-110.7607676, 50.0498951], [-110.7607625, 50.0498602], [-110.7607551, 50.0498224], [-110.7607478, 50.0497964], [-110.7607316, 50.0497714], [-110.7607044, 50.0497478], [-110.7606801, 50.0497317], [-110.7606492, 50.0497195], [-110.7606139, 50.049711], [-110.7605757, 50.0497086], [-110.7605352, 50.0497095], [-110.7605095, 50.0497062], [-110.7604881, 50.0496996], [-110.7604617, 50.0496859], [-110.7604374, 50.0496685], [-110.7604168, 50.0496491], [-110.7603889, 50.0496345], [-110.7603609, 50.0496236], [-110.7603271, 50.0496146], [-110.7602881, 50.0496094], [-110.7602506, 50.049609], [-110.7601991, 50.0496137], [-110.7601476, 50.0496255], [-110.7600777, 50.0496444], [-110.7600417, 50.0496567], [-110.7599645, 50.0496836], [-110.7599189, 50.0497044], [-110.7598748, 50.0497327], [-110.7598409, 50.0497672], [-110.7598218, 50.0497917], [-110.7598019, 50.0498139], [-110.7597733, 50.049838], [-110.7597563, 50.0498517], [-110.7597387, 50.049873], [-110.7597159, 50.0498961], [-110.7596622, 50.0499249], [-110.7596335, 50.0499471], [-110.7596144, 50.0499698], [-110.7595975, 50.0499905], [-110.7595585, 50.0500236], [-110.7595445, 50.0500401], [-110.7595379, 50.0500628], [-110.7595357, 50.050093], [-110.7595276, 50.0501176], [-110.7595107, 50.0501445], [-110.7594879, 50.0501672], [-110.7594614, 50.0501851], [-110.759446, 50.050204], [-110.759432, 50.0502286], [-110.7594268, 50.0502531], [-110.759421, 50.050273], [-110.7594085, 50.0502885], [-110.7593901, 50.050298], [-110.7593687, 50.0503022], [-110.7593445, 50.0502975], [-110.7593224, 50.0502876], [-110.7592834, 50.0502626], [-110.7592643, 50.0502536], [-110.7592297, 50.0502413], [-110.7592077, 50.050229], [-110.7591937, 50.0502196], [-110.7591827, 50.0502054], [-110.7591658, 50.0501889], [-110.7591488, 50.0501747], [-110.7591179, 50.0501601], [-110.7590863, 50.0501492], [-110.759062, 50.0501426], [-110.7590282, 50.0501322], [-110.7589973, 50.0501261], [-110.7589532, 50.0501233], [-110.7589172, 50.0501256], [-110.7588811, 50.0501341], [-110.7588488, 50.0501445], [-110.7588238, 50.0501601], [-110.758801, 50.0501785], [-110.7587914, 50.0502002], [-110.7587855, 50.0502257], [-110.7587701, 50.0502569], [-110.7587561, 50.0502862], [-110.7587399, 50.0503136], [-110.7587142, 50.0503372], [-110.7586833, 50.0503532], [-110.758648, 50.0503632], [-110.7586222, 50.0503632], [-110.7586053, 50.050358], [-110.7585913, 50.0503476], [-110.7585825, 50.0503348], [-110.7585759, 50.050315], [-110.7585693, 50.0502966], [-110.7585597, 50.0502852], [-110.7585399, 50.050272], [-110.7585031, 50.0502531], [-110.7584575, 50.0502352], [-110.7584089, 50.0502182], [-110.7583744, 50.0502144], [-110.7583332, 50.0502196], [-110.7582766, 50.0502295], [-110.7582265, 50.0502366], [-110.7581706, 50.0502404], [-110.7581214, 50.0502508], [-110.7580625, 50.0502607], [-110.7580258, 50.0502635], [-110.7579934, 50.0502597], [-110.7579713, 50.0502508], [-110.7579478, 50.0502404], [-110.7579287, 50.0502248], [-110.7579206, 50.0502083], [-110.7579162, 50.0501917], [-110.7579081, 50.0501766], [-110.7578875, 50.0501606], [-110.7578559, 50.0501492], [-110.7578287, 50.0501384], [-110.7577978, 50.0501284], [-110.757758, 50.0501214], [-110.7577272, 50.0501176], [-110.7577036, 50.050111], [-110.7576771, 50.0501006], [-110.7576418, 50.0500859], [-110.7576029, 50.050068], [-110.7575396, 50.050051], [-110.7574992, 50.0500401], [-110.7574653, 50.0500307], [-110.7574381, 50.0500217], [-110.7573925, 50.050017], [-110.7573197, 50.0500137], [-110.757269, 50.0500142], [-110.7572042, 50.0500241], [-110.7571439, 50.050026], [-110.7570807, 50.0500288], [-110.7570336, 50.0500349], [-110.7569887, 50.0500373], [-110.7569571, 50.0500316], [-110.7569115, 50.0500203], [-110.7568519, 50.0500042], [-110.7568196, 50.0499953], [-110.7567931, 50.0499816], [-110.7567659, 50.049966], [-110.7567063, 50.0499362], [-110.7566681, 50.0499197], [-110.7566394, 50.0499131], [-110.7566085, 50.0499126], [-110.756571, 50.0499164], [-110.7565107, 50.0499244], [-110.7564482, 50.049931], [-110.7563945, 50.0499377], [-110.7563599, 50.0499353], [-110.7563246, 50.0499296], [-110.7562908, 50.0499202], [-110.7562636, 50.0499084], [-110.7562408, 50.0498923], [-110.7562282, 50.0498758], [-110.7562224, 50.0498635], [-110.7562246, 50.0498484], [-110.7562341, 50.0498333], [-110.7562518, 50.0498139], [-110.7562702, 50.0497889], [-110.7562849, 50.0497544], [-110.7562922, 50.0497214], [-110.7562893, 50.0496892], [-110.7562768, 50.0496604], [-110.756254, 50.0496359], [-110.756226, 50.0496132], [-110.7561952, 50.0495986], [-110.7561591, 50.0495901], [-110.7561172, 50.0495886], [-110.7560834, 50.049591], [-110.7560459, 50.0496042], [-110.756015, 50.0496222], [-110.7559826, 50.0496387], [-110.7559517, 50.0496482], [-110.7558767, 50.0496633], [-110.7558355, 50.0496661], [-110.7558076, 50.0496652], [-110.7557811, 50.0496571], [-110.755759, 50.0496477], [-110.7557384, 50.0496321], [-110.7557156, 50.0496047], [-110.7556936, 50.0495664], [-110.7556685, 50.0495273], [-110.7556641, 50.0494984], [-110.7556531, 50.0494791], [-110.7556509, 50.0494531], [-110.7556538, 50.0494262], [-110.7556612, 50.0494026], [-110.7556715, 50.0493742], [-110.7556744, 50.0493492], [-110.7556685, 50.0493256], [-110.7556597, 50.0493006], [-110.7556457, 50.049284], [-110.7556185, 50.0492609], [-110.7555818, 50.0492368], [-110.7555523, 50.0492241], [-110.7555281, 50.0492212], [-110.7554957, 50.0492231], [-110.7554619, 50.0492302], [-110.7554045, 50.0492444], [-110.755353, 50.0492543], [-110.7552912, 50.0492585], [-110.7552552, 50.0492562], [-110.7552243, 50.049251], [-110.7552067, 50.0492425], [-110.7551898, 50.0492307], [-110.7551831, 50.0492203], [-110.7551795, 50.0492023], [-110.7551728, 50.0491834], [-110.7551552, 50.0491655], [-110.7551309, 50.0491475], [-110.7551022, 50.0491343], [-110.7550677, 50.049123], [-110.7550382, 50.0491192], [-110.7550015, 50.0491173], [-110.7549654, 50.0491216], [-110.7549338, 50.0491301], [-110.7549081, 50.0491423], [-110.7548926, 50.049156], [-110.7548801, 50.0491749], [-110.7548706, 50.0492066], [-110.7548669, 50.0492406], [-110.7548573, 50.049268], [-110.7548588, 50.0492958], [-110.7548632, 50.0493261], [-110.7548728, 50.0493464], [-110.7548735, 50.0493638], [-110.7548676, 50.049386], [-110.7548581, 50.0494149], [-110.7548522, 50.0494399], [-110.7548492, 50.0494649], [-110.7548514, 50.0495027], [-110.7548639, 50.0495457], [-110.7548764, 50.0495872], [-110.7549073, 50.0496297], [-110.7549331, 50.0496505], [-110.7549721, 50.0496741], [-110.7549993, 50.0496921], [-110.7550294, 50.049711], [-110.755064, 50.0497308], [-110.7550912, 50.049745], [-110.7551059, 50.0497558], [-110.7551162, 50.0497672], [-110.7551191, 50.0497794], [-110.7551133, 50.049796], [-110.7550949, 50.0498418], [-110.7550721, 50.0498819], [-110.7550507, 50.0499121], [-110.7550213, 50.0499523], [-110.7549875, 50.0499962], [-110.7549456, 50.050043], [-110.7549147, 50.0500807], [-110.7548919, 50.0501058], [-110.7548691, 50.0501147], [-110.75485, 50.0501171], [-110.7548272, 50.0501133], [-110.754808, 50.0501048], [-110.7547897, 50.0500921], [-110.7547654, 50.0500732], [-110.7547536, 50.0500548], [-110.7547389, 50.050025], [-110.7547183, 50.0500075], [-110.7546845, 50.0499901], [-110.7546587, 50.0499773], [-110.7546242, 50.0499683], [-110.7545896, 50.0499641], [-110.7545514, 50.0499636], [-110.7545146, 50.0499693], [-110.7544763, 50.0499802], [-110.7544212, 50.0499948], [-110.7543866, 50.050009], [-110.7543675, 50.0500222], [-110.7543498, 50.0500368], [-110.7543322, 50.0500576], [-110.7543167, 50.0500732], [-110.7542969, 50.0500902], [-110.7542726, 50.0500992], [-110.7542505, 50.0501039], [-110.7542182, 50.0501006], [-110.7541924, 50.0500888], [-110.7541785, 50.050076], [-110.7541704, 50.0500604], [-110.7541498, 50.0500439], [-110.7541277, 50.050026], [-110.7541086, 50.0500094], [-110.754099, 50.0499905], [-110.754088, 50.0499688], [-110.7540748, 50.0499537], [-110.754052, 50.0499395], [-110.7540328, 50.0499273], [-110.7540203, 50.0499107], [-110.7540145, 50.0498933], [-110.7540115, 50.0498626], [-110.7540093, 50.0498465], [-110.7539968, 50.0498361], [-110.7539755, 50.0498229], [-110.7539549, 50.0498101], [-110.7539416, 50.0497936], [-110.7539291, 50.0497809], [-110.7539108, 50.0497667], [-110.7538865, 50.0497554], [-110.7538578, 50.0497483], [-110.7538299, 50.0497445], [-110.7538151, 50.0497379], [-110.7537997, 50.0497261], [-110.7537887, 50.0497129], [-110.7537754, 50.0497034], [-110.7537592, 50.0496977], [-110.753735, 50.0496916], [-110.7537151, 50.0496836], [-110.7536967, 50.0496727], [-110.7536806, 50.0496567], [-110.753671, 50.0496425], [-110.7536614, 50.0496231], [-110.7536592, 50.0496066], [-110.7536585, 50.0495886], [-110.7536592, 50.0495655], [-110.75366, 50.0495485], [-110.7536548, 50.0495348], [-110.7536401, 50.0495273], [-110.7536195, 50.0495202], [-110.7535871, 50.0495093], [-110.753568, 50.0494994], [-110.7535467, 50.0494852], [-110.7535246, 50.0494701], [-110.7535048, 50.0494597], [-110.7534798, 50.0494512], [-110.7534489, 50.0494437], [-110.7534202, 50.0494418], [-110.7533878, 50.0494451], [-110.7533672, 50.0494526], [-110.753343, 50.0494625], [-110.7533172, 50.0494701], [-110.7532849, 50.0494758], [-110.7532415, 50.0494796], [-110.7532128, 50.0494862], [-110.75319, 50.0494932], [-110.7531701, 50.0495041], [-110.7531562, 50.0495197], [-110.7531385, 50.0495376], [-110.7531172, 50.0495494], [-110.7530892, 50.0495579], [-110.7530517, 50.0495608], [-110.753023, 50.0495556], [-110.7530039, 50.0495447], [-110.7529951, 50.0495334], [-110.7529885, 50.0495169], [-110.7529818, 50.0494932], [-110.7529804, 50.0494729], [-110.752976, 50.0494616], [-110.7529767, 50.0494451], [-110.7529841, 50.0494262], [-110.7529958, 50.0494063], [-110.753001, 50.0493931], [-110.7529988, 50.0493818], [-110.752998, 50.0493615], [-110.7529988, 50.0493473], [-110.7530054, 50.0493308], [-110.753012, 50.049311], [-110.7530179, 50.0492897], [-110.7530289, 50.0492769], [-110.7530407, 50.0492647], [-110.7530576, 50.0492552], [-110.7530767, 50.0492453], [-110.753101, 50.0492387], [-110.7531289, 50.0492283], [-110.7531422, 50.0492193], [-110.7531576, 50.0492061], [-110.7531767, 50.0491929], [-110.7532018, 50.0491811], [-110.7532716, 50.049148], [-110.7533283, 50.0491253], [-110.7533724, 50.0491093], [-110.7534018, 50.049097], [-110.753415, 50.0490838], [-110.7534548, 50.0490441], [-110.7534827, 50.0490049], [-110.7534879, 50.048978], [-110.7534864, 50.0489506], [-110.7534812, 50.0489327], [-110.7534879, 50.0489048], [-110.7534871, 50.0488741], [-110.7534724, 50.0488179], [-110.7534599, 50.0487905], [-110.753457, 50.0487754], [-110.7534606, 50.0487447], [-110.7534562, 50.0487315], [-110.7534415, 50.0487131], [-110.7534305, 50.0486828], [-110.7534202, 50.0486625], [-110.7534084, 50.0486521], [-110.7533871, 50.048645], [-110.753368, 50.0486422], [-110.7533422, 50.0486417], [-110.7533121, 50.0486351], [-110.7532834, 50.0486299], [-110.753251, 50.0486313], [-110.753229, 50.0486389], [-110.7531907, 50.0486583], [-110.7531311, 50.0487003], [-110.7530635, 50.0487475], [-110.7530135, 50.0487896], [-110.7529899, 50.0488089], [-110.7529532, 50.0488306], [-110.752912, 50.0488604], [-110.7528767, 50.0488798], [-110.7528303, 50.0488944], [-110.7527656, 50.0489124], [-110.752731, 50.0489194], [-110.7527024, 50.0489393], [-110.752681, 50.0489468], [-110.7526435, 50.0489553], [-110.7526178, 50.0489723], [-110.7525906, 50.0489978], [-110.7525737, 50.0490347], [-110.7525717, 50.0490632], [-110.7525659, 50.0490864], [-110.7525614, 50.0491095], [-110.7525511, 50.0491308], [-110.7525423, 50.0491501], [-110.7525445, 50.0491714], [-110.7525475, 50.0491945], [-110.7525489, 50.0492158], [-110.7525401, 50.0492389], [-110.7525328, 50.0492569], [-110.7525335, 50.0492777], [-110.7525328, 50.0493069], [-110.752532, 50.0493343], [-110.7525298, 50.0493594], [-110.7525217, 50.0493806], [-110.7524982, 50.0494061], [-110.7524732, 50.049425], [-110.7524452, 50.0494401], [-110.7523621, 50.0494746], [-110.7523004, 50.0495025], [-110.752279, 50.0495176], [-110.7522481, 50.0495332], [-110.752243, 50.0495445], [-110.7522437, 50.0495587], [-110.7522489, 50.0495719], [-110.7522628, 50.0495865], [-110.7522878, 50.0496059], [-110.7523106, 50.0496252], [-110.752332, 50.0496375], [-110.7523629, 50.0496659], [-110.752382, 50.0496843], [-110.7524063, 50.0496966], [-110.7524298, 50.0497192], [-110.7524644, 50.0497641], [-110.7524761, 50.0497783], [-110.7525011, 50.0498094], [-110.7525453, 50.0498694], [-110.7525563, 50.0498807], [-110.7525622, 50.0498921], [-110.7525607, 50.0499015], [-110.7525497, 50.04991], [-110.752535, 50.0499138], [-110.7525239, 50.0499138], [-110.7524945, 50.0499048], [-110.7524438, 50.0498883], [-110.7524232, 50.049885], [-110.7523996, 50.0498878], [-110.7523724, 50.0498897], [-110.7523474, 50.0498892], [-110.7523187, 50.0498826], [-110.7522981, 50.0498798], [-110.7522665, 50.0498822], [-110.7522364, 50.0498855], [-110.7522047, 50.0498869], [-110.7521805, 50.0498911], [-110.7521466, 50.049902], [-110.7521216, 50.0499091], [-110.752101, 50.0499223], [-110.7520731, 50.0499327], [-110.7520437, 50.0499412], [-110.752012, 50.0499488], [-110.7519834, 50.0499511], [-110.7519569, 50.0499634], [-110.7519414, 50.0499691], [-110.7519223, 50.0499719], [-110.7518944, 50.0499766], [-110.7518561, 50.0499875], [-110.751837, 50.0499988], [-110.7518179, 50.0500191], [-110.7518135, 50.0500366], [-110.7518105, 50.050063], [-110.7518208, 50.0500871], [-110.7518289, 50.0501027], [-110.7518296, 50.0501235], [-110.7518223, 50.0501424], [-110.7518157, 50.0501641], [-110.7518171, 50.0501839], [-110.7518238, 50.0502071], [-110.7518304, 50.0502326], [-110.7518311, 50.0502491], [-110.7518289, 50.0502619], [-110.7518208, 50.0502741], [-110.7518017, 50.0502992], [-110.7517899, 50.0503204], [-110.7517885, 50.0503355], [-110.7517885, 50.0503568], [-110.7517907, 50.0503724], [-110.751798, 50.050387], [-110.7518017, 50.0504002], [-110.7517914, 50.0504111], [-110.7517715, 50.0504201], [-110.7517443, 50.0504257], [-110.7517215, 50.0504257], [-110.7517009, 50.050422], [-110.7516833, 50.0504163], [-110.7516597, 50.0504054], [-110.7516436, 50.0503927], [-110.7516311, 50.050379], [-110.7516119, 50.0503544], [-110.7516016, 50.050344], [-110.7515869, 50.050336], [-110.7515708, 50.0503275], [-110.7515516, 50.0503157], [-110.7515369, 50.0503034], [-110.7515244, 50.0502921], [-110.7515119, 50.0502732], [-110.7515016, 50.0502567], [-110.7514891, 50.0502401], [-110.7514729, 50.050226], [-110.7514545, 50.0502137], [-110.751431, 50.0501995], [-110.7514185, 50.050191], [-110.7514067, 50.0501797], [-110.7513928, 50.0501636], [-110.751381, 50.050149], [-110.7513641, 50.0501358], [-110.751345, 50.0501254], [-110.7513185, 50.0501155], [-110.7512986, 50.0501065], [-110.7512802, 50.0500895], [-110.751256, 50.0500602], [-110.7512295, 50.0500437], [-110.7512045, 50.0500338], [-110.7511795, 50.05003], [-110.7511471, 50.0500328], [-110.7511265, 50.0500394], [-110.7511103, 50.0500498], [-110.7510912, 50.0500635], [-110.751075, 50.05008], [-110.7510647, 50.0500975], [-110.7510633, 50.0501207], [-110.7510647, 50.0501372], [-110.7510625, 50.0501523], [-110.7510478, 50.0501641], [-110.7510309, 50.0501759], [-110.7510066, 50.0501924], [-110.7509765, 50.0501991], [-110.7509574, 50.0502052], [-110.7509353, 50.0502175], [-110.7509015, 50.0502416], [-110.7508875, 50.0502595], [-110.7508706, 50.0502756], [-110.7508507, 50.0502902], [-110.7508272, 50.0502954], [-110.7507985, 50.0502954], [-110.7507706, 50.0502878], [-110.7507529, 50.0502774], [-110.750736, 50.0502633], [-110.7507235, 50.0502496], [-110.7507088, 50.0502378], [-110.7506904, 50.0502255], [-110.7506757, 50.0502194], [-110.7506558, 50.0502028], [-110.7506382, 50.0501934], [-110.7506154, 50.0501854], [-110.7505911, 50.0501764], [-110.7505749, 50.0501646], [-110.7505631, 50.0501518], [-110.7505543, 50.0501329], [-110.7505359, 50.0501192], [-110.7505183, 50.0501098], [-110.7505043, 50.0500985], [-110.7504984, 50.0500867], [-110.750494, 50.050072], [-110.7504918, 50.0500602], [-110.7504867, 50.050047], [-110.7504778, 50.0500366], [-110.7504646, 50.0500281], [-110.7504477, 50.0500215], [-110.7504212, 50.0500177], [-110.7503969, 50.0500135], [-110.7503712, 50.0500073], [-110.7503587, 50.0499988], [-110.7503454, 50.0499875], [-110.7503374, 50.0499747], [-110.7503271, 50.0499601], [-110.7503153, 50.0499483], [-110.750294, 50.0499403], [-110.7502631, 50.0499327], [-110.7502292, 50.0499261], [-110.7502035, 50.0499247], [-110.7501733, 50.0499247], [-110.750155, 50.0499275], [-110.7501263, 50.0499341], [-110.7501042, 50.049945], [-110.7500616, 50.0499573], [-110.7500358, 50.0499686], [-110.7500027, 50.0499766], [-110.7499608, 50.0499964], [-110.7499306, 50.050013], [-110.749899, 50.0500305], [-110.7498806, 50.0500536], [-110.7498762, 50.0500697], [-110.7498777, 50.0500867], [-110.749888, 50.0501041], [-110.7499042, 50.0501192], [-110.7499262, 50.0501429], [-110.7499498, 50.0501547], [-110.7499748, 50.050165], [-110.7499954, 50.0501764], [-110.7500145, 50.0501887], [-110.7500263, 50.0502019], [-110.7500336, 50.0502175], [-110.7500417, 50.0502302], [-110.7500586, 50.0502477], [-110.7500785, 50.0502689], [-110.7500902, 50.0502878], [-110.7501035, 50.050302], [-110.7501211, 50.0503133], [-110.7501417, 50.0503228], [-110.750163, 50.0503341], [-110.750177, 50.050344], [-110.7501881, 50.0503568], [-110.750191, 50.0503719], [-110.750191, 50.0503851], [-110.7501763, 50.050396], [-110.7501608, 50.050404], [-110.7501373, 50.0504111], [-110.7501108, 50.0504125], [-110.7500858, 50.0504097], [-110.7500608, 50.0504064], [-110.7500351, 50.0504087], [-110.7500064, 50.0504144], [-110.7499733, 50.0504215], [-110.7499446, 50.0504333], [-110.7499189, 50.0504465], [-110.7499042, 50.0504635], [-110.7499012, 50.0504824], [-110.7498961, 50.0505093], [-110.7499042, 50.0505542], [-110.7499248, 50.0506213], [-110.7499593, 50.050668], [-110.7499792, 50.0506959], [-110.7499873, 50.050719], [-110.7499909, 50.050744], [-110.7500174, 50.050779], [-110.7500329, 50.0508054], [-110.7500395, 50.0508442], [-110.750052, 50.0508654], [-110.7500505, 50.050898], [-110.750052, 50.0509197], [-110.7500623, 50.0509367], [-110.7500829, 50.0509702], [-110.7500947, 50.0510033], [-110.7501174, 50.0510425], [-110.7501189, 50.0510595], [-110.7501108, 50.0510798], [-110.7501079, 50.0511015], [-110.7501116, 50.0511171], [-110.7501277, 50.0511393], [-110.7501741, 50.051179], [-110.7501917, 50.0512031], [-110.7502042, 50.0512168], [-110.7502278, 50.0512262], [-110.7502506, 50.0512417], [-110.7502783, 50.0512536], [-110.7502952, 50.0512684], [-110.7503091, 50.0512823], [-110.7503245, 50.0513139], [-110.7503353, 50.0513308], [-110.7503661, 50.0513555], [-110.7503815, 50.0513763], [-110.7503877, 50.051397], [-110.7504, 50.0514089], [-110.7504185, 50.0514198], [-110.7504308, 50.0514366], [-110.7504293, 50.0514544], [-110.7504169, 50.0514702], [-110.7503923, 50.0514861], [-110.7503784, 50.0515078], [-110.7503707, 50.0515256], [-110.7503507, 50.0515395], [-110.7503214, 50.0515494], [-110.7502875, 50.0515533], [-110.7502552, 50.0515503], [-110.7502275, 50.0515434], [-110.7502013, 50.0515316], [-110.750155, 50.0514999], [-110.7501319, 50.0514831], [-110.7500919, 50.0514702], [-110.7500518, 50.0514574], [-110.7499964, 50.0514465], [-110.7499517, 50.0514307], [-110.749907, 50.0514178], [-110.74987, 50.0513941], [-110.7497668, 50.0513604], [-110.7497437, 50.0513476], [-110.749716, 50.0513159], [-110.7496621, 50.0512922], [-110.7496405, 50.0512783], [-110.7496143, 50.0512516], [-110.7495789, 50.0512358], [-110.7495096, 50.0512121], [-110.7494757, 50.0511883], [-110.7494479, 50.0511606], [-110.7494248, 50.0511131], [-110.7494048, 50.0510943], [-110.7493324, 50.051035], [-110.7493185, 50.0510162], [-110.7493001, 50.0509796], [-110.7492723, 50.0509509], [-110.7492415, 50.0509282], [-110.7491953, 50.0509044], [-110.7491506, 50.0508797], [-110.7491152, 50.050855], [-110.7490828, 50.0508233], [-110.7490505, 50.0507748], [-110.7490428, 50.0507481], [-110.7490305, 50.0506987], [-110.7490166, 50.0506601], [-110.7489904, 50.0506225], [-110.7489534, 50.0505928], [-110.7489103, 50.050575], [-110.7488687, 50.0505721], [-110.7488256, 50.050581], [-110.748784, 50.0506116], [-110.748747, 50.0506354], [-110.7487208, 50.0506542], [-110.7487116, 50.0506819], [-110.748707, 50.0507155], [-110.7486931, 50.0507363], [-110.7486638, 50.0507481], [-110.7486253, 50.0507491], [-110.7485993, 50.0507433], [-110.7485795, 50.0507371], [-110.7485449, 50.0507343], [-110.7484942, 50.0507334], [-110.7484684, 50.0507291], [-110.7484456, 50.0507296], [-110.7484156, 50.0507328], [-110.7483785, 50.0507302], [-110.7483567, 50.0507266], [-110.7483354, 50.0507136], [-110.7483125, 50.0506943], [-110.7482911, 50.0506806], [-110.7482464, 50.0506601], [-110.7482083, 50.0506398], [-110.7481905, 50.0506268], [-110.7481768, 50.0506121], [-110.7481448, 50.0505968], [-110.7481234, 50.0505811], [-110.7481138, 50.0505681], [-110.7480985, 50.0505312], [-110.7480874, 50.050508], [-110.748062, 50.0504721], [-110.7480553, 50.0504519], [-110.7480457, 50.0504245], [-110.7480279, 50.050414], [-110.7479979, 50.0504023], [-110.7479695, 50.0503951], [-110.7479349, 50.0503928], [-110.7479024, 50.0503961], [-110.7478683, 50.0504029], [-110.747815, 50.0504153]]}}, {"type": "Feature", "properties": {"name": "Bunny Hug", "difficulty": "intermediate", "area": "Cypress Hills / Elkwater", "osm_id": 1002668240, "highway": "path"}, "geometry": {"type": "LineString", "coordinates": [[-110.2658206, 49.6579806], [-110.2658435, 49.6578781], [-110.2658392, 49.6578101], [-110.2658328, 49.6577087], [-110.2658392, 49.6576559], [-110.2658242, 49.6575823], [-110.2657748, 49.6575392], [-110.265719, 49.6575128], [-110.265616, 49.6575156], [-110.2655474, 49.6575253], [-110.2654165, 49.657492], [-110.2653435, 49.65751], [-110.2651783, 49.6576073], [-110.2651032, 49.6576462], [-110.2651011, 49.6576823], [-110.2650388, 49.657717], [-110.2650152, 49.6577684], [-110.2650045, 49.6577948], [-110.2649551, 49.6578379], [-110.2649036, 49.6578587], [-110.2648436, 49.6578642], [-110.2647989, 49.6578906], [-110.2646874, 49.6578865], [-110.2646423, 49.657874], [-110.2645865, 49.6579129], [-110.2645565, 49.6579393], [-110.2644535, 49.657949], [-110.2643655, 49.6580226], [-110.2643247, 49.6580379], [-110.2642797, 49.6580629], [-110.2642518, 49.6580823], [-110.2642239, 49.6581421], [-110.2641917, 49.6581851], [-110.2641552, 49.6582185], [-110.2640758, 49.6582351], [-110.26402, 49.6582768], [-110.26402, 49.6583046], [-110.2640415, 49.6583379], [-110.2640887, 49.6583782], [-110.2640865, 49.6584004], [-110.2640822, 49.658456], [-110.264078, 49.6584893], [-110.2640372, 49.6585643], [-110.2639514, 49.6586518], [-110.2638677, 49.6587341], [-110.2638591, 49.6587674], [-110.2638569, 49.658816], [-110.2638269, 49.6588549], [-110.2637582, 49.6588785], [-110.2636488, 49.6587868], [-110.2636445, 49.6587285], [-110.2635437, 49.6587132], [-110.2634407, 49.6586882], [-110.2633269, 49.6587007], [-110.2629622, 49.6588452], [-110.2628077, 49.6588591], [-110.2627326, 49.6588257], [-110.2627111, 49.6587868], [-110.2625609, 49.6587507], [-110.262503, 49.6587285], [-110.2625287, 49.6586993], [-110.2624879, 49.6586688], [-110.2624021, 49.6586299], [-110.2623849, 49.6585618], [-110.2623849, 49.6585021], [-110.2624085, 49.6584563], [-110.2624257, 49.6584146], [-110.2624128, 49.6583638], [-110.2624322, 49.6583458], [-110.2623871, 49.6583082], [-110.2623957, 49.658268], [-110.2624214, 49.6581818], [-110.262503, 49.6581471], [-110.2625845, 49.6581082], [-110.2626467, 49.6580999], [-110.2626381, 49.6580652], [-110.2625502, 49.6580513], [-110.2624386, 49.6581027], [-110.2623485, 49.6581263], [-110.2622583, 49.6581777], [-110.2621961, 49.6582569], [-110.2621532, 49.6583708], [-110.2621446, 49.6584347], [-110.262121, 49.658511], [-110.2620974, 49.658568], [-110.2620116, 49.658643], [-110.2619408, 49.6586166], [-110.2619236, 49.6585374], [-110.2619386, 49.6584458], [-110.2619451, 49.6583833], [-110.2618743, 49.6583013], [-110.2618893, 49.6581985], [-110.2619129, 49.6581054], [-110.2619558, 49.6580207], [-110.262003, 49.6579374], [-110.2620459, 49.6578499], [-110.2620545, 49.657786]]}}, {"type": "Feature", "properties": {"name": "Hoser", "difficulty": "intermediate", "area": "Cypress Hills / Elkwater", "osm_id": 1002675529, "highway": "path"}, "geometry": {"type": "LineString", "coordinates": [[-110.2700084, 49.6539043], [-110.2699998, 49.6539597], [-110.2699111, 49.6540329], [-110.2698966, 49.6540651], [-110.2698562, 49.6540953], [-110.2697806, 49.6541355], [-110.2694688, 49.6543381], [-110.2693364, 49.6544098], [-110.269181, 49.6544608], [-110.2690909, 49.6545366], [-110.2689801, 49.6546137], [-110.2689434, 49.6546613], [-110.268846, 49.6548108], [-110.2688284, 49.6548591], [-110.2687953, 49.654898], [-110.2687362, 49.6549423], [-110.2686575, 49.6549758], [-110.2685446, 49.6549966], [-110.2683219, 49.6550113], [-110.26818, 49.655012], [-110.2681246, 49.6550288], [-110.2680821, 49.655065], [-110.2680655, 49.6551099], [-110.2679878, 49.6551186], [-110.2680044, 49.6551957], [-110.2679588, 49.6552266], [-110.2678097, 49.6552226], [-110.2677682, 49.6552353], [-110.2677247, 49.6552762], [-110.2676087, 49.6552648], [-110.2673739, 49.6553654], [-110.2672672, 49.6553996], [-110.2671273, 49.6554304], [-110.2670704, 49.6554626], [-110.2669782, 49.6555022], [-110.2669181, 49.6555377], [-110.2668736, 49.6555518], [-110.2668238, 49.6555371], [-110.2668, 49.6554995], [-110.2667886, 49.6553252], [-110.2668, 49.6552849], [-110.2668414, 49.65524], [-110.2667907, 49.6552252], [-110.266598, 49.655305], [-110.2664835, 49.6553788], [-110.2664121, 49.6554687], [-110.2663841, 49.6556469], [-110.2663344, 49.6557314], [-110.2663157, 49.6557877], [-110.266324, 49.6559211], [-110.2663406, 49.6559687], [-110.2663634, 49.6560002], [-110.2663934, 49.656076], [-110.2664369, 49.6561343], [-110.2664048, 49.6561538], [-110.2661977, 49.6561209], [-110.2661158, 49.6560686], [-110.2659491, 49.6560384], [-110.2659076, 49.6559888], [-110.2658217, 49.6559727], [-110.2658051, 49.6559975], [-110.2657833, 49.6560451], [-110.2657895, 49.6560854], [-110.2656779, 49.6562461], [-110.2655101, 49.6562548], [-110.2652294, 49.6564036], [-110.2651569, 49.656405], [-110.2651186, 49.6563788], [-110.2650512, 49.6563527], [-110.2649901, 49.6563547], [-110.2647861, 49.656415], [-110.264592, 49.6564159], [-110.2642543, 49.6564957], [-110.2641932, 49.6565326], [-110.2639247, 49.6566562], [-110.2637372, 49.6567125], [-110.2635124, 49.6567574], [-110.2633249, 49.6568131], [-110.263053, 49.6568377], [-110.2630116, 49.6568571], [-110.2629785, 49.6569007], [-110.2629329, 49.6569128], [-110.2628873, 49.6569101], [-110.262704, 49.6569778], [-110.2625724, 49.6570818], [-110.2624624, 49.6572096], [-110.2623361, 49.6572357], [-110.2622812, 49.6572961], [-110.26216, 49.6573263], [-110.2621372, 49.6573618], [-110.2621061, 49.6573947], [-110.2620605, 49.6573967], [-110.2620367, 49.6573906], [-110.2619818, 49.6573343], [-110.2619497, 49.6573699], [-110.2619424, 49.6574101], [-110.2619787, 49.657449], [-110.2620212, 49.6574631], [-110.2620295, 49.6574897], [-110.2620078, 49.6575286], [-110.2619539, 49.6575896], [-110.2619374, 49.6576493], [-110.2620002, 49.6577916]]}}, {"type": "Feature", "properties": {"name": "Mitt Nibler", "difficulty": "intermediate", "area": "Cypress Hills / Elkwater", "osm_id": 1002679465, "highway": "path"}, "geometry": {"type": "LineString", "coordinates": [[-110.2681353, 49.6510847], [-110.2680258, 49.6510514], [-110.2679057, 49.650943], [-110.2678858, 49.6509049], [-110.2677748, 49.6506832], [-110.2677683, 49.650478], [-110.2678713, 49.6503641], [-110.2680022, 49.6501376], [-110.2680859, 49.6500709], [-110.2681331, 49.6499848], [-110.2681589, 49.6497903], [-110.2682147, 49.649593], [-110.268234, 49.6494708], [-110.268234, 49.6492999], [-110.2682318, 49.6491165], [-110.2682233, 49.6490276], [-110.2681138, 49.6487622], [-110.2680945, 49.6487192], [-110.2680173, 49.6486081], [-110.2679872, 49.6485081], [-110.267895, 49.6484428], [-110.2678241, 49.6484358], [-110.2677405, 49.6484039], [-110.2676761, 49.6483705], [-110.2675345, 49.6483664], [-110.2673757, 49.6483483], [-110.2672813, 49.6483025], [-110.2669916, 49.6483205], [-110.2668028, 49.6483094], [-110.266659, 49.6482914], [-110.2665302, 49.6482941], [-110.2664358, 49.6483511], [-110.2663843, 49.6485178], [-110.26638, 49.6485859], [-110.2663564, 49.6486387], [-110.2663479, 49.6487137], [-110.2662556, 49.6487887], [-110.2662341, 49.6488193], [-110.2659809, 49.6489304], [-110.2658586, 49.6489471], [-110.2657921, 49.6489846], [-110.2656676, 49.6490041], [-110.2653888, 49.6489763], [-110.2649962, 49.6490055], [-110.2649554, 49.6490346], [-110.2648996, 49.6491194], [-110.2648224, 49.6491666], [-110.2647065, 49.6492111], [-110.2646491, 49.6492718], [-110.2646335, 49.6492889], [-110.2645606, 49.6493445], [-110.2644683, 49.6493861], [-110.2644533, 49.6494681], [-110.2644833, 49.649507], [-110.2644962, 49.6495751], [-110.2644554, 49.6496056], [-110.2644232, 49.6496487], [-110.2644533, 49.6497044], [-110.264464, 49.6497614], [-110.2643911, 49.6498475], [-110.2643481, 49.6499017], [-110.2642924, 49.6499309], [-110.2641915, 49.6500212], [-110.2641443, 49.6501059], [-110.2642151, 49.6502184], [-110.2642688, 49.6504028], [-110.2643031, 49.6504611], [-110.2643117, 49.6506626], [-110.2643203, 49.6507126], [-110.2643546, 49.6507487], [-110.2642816, 49.6507973], [-110.2642151, 49.6508779], [-110.2641894, 49.6510175], [-110.2641658, 49.6510912], [-110.2641357, 49.6512106], [-110.2640971, 49.6512231], [-110.2640456, 49.6512259], [-110.2640113, 49.6511898], [-110.2640091, 49.6511412], [-110.264037, 49.6510995], [-110.2640477, 49.6510106], [-110.2640134, 49.6509258], [-110.2639791, 49.6508731], [-110.2638847, 49.6508175], [-110.2638246, 49.6507966], [-110.263801, 49.650748], [-110.263786, 49.6505847], [-110.2637173, 49.6505444], [-110.2636658, 49.6504971], [-110.2635564, 49.6504513], [-110.2635006, 49.650411], [-110.2634383, 49.650411], [-110.2633868, 49.6503888], [-110.2633525, 49.6503499], [-110.2632796, 49.6503013], [-110.2632967, 49.6503804], [-110.2633268, 49.6504235], [-110.2634619, 49.6504624], [-110.2635113, 49.6505069], [-110.2635456, 49.6507083], [-110.2634984, 49.6507708], [-110.2633933, 49.6508181], [-110.2633139, 49.6508208], [-110.2632238, 49.6509375], [-110.2631851, 49.6510417], [-110.2630242, 49.6511112], [-110.2627603, 49.651107], [-110.2625232, 49.6511975], [-110.2624224, 49.6512017], [-110.2623387, 49.6512253], [-110.2623087, 49.6512322], [-110.2622894, 49.6512725], [-110.2623709, 49.6513031], [-110.2624782, 49.6513142], [-110.2625576, 49.6513642], [-110.2625747, 49.6514142], [-110.2626112, 49.6514754], [-110.2626606, 49.6515795], [-110.2625983, 49.6517115], [-110.2625855, 49.6517907], [-110.2625941, 49.6519321], [-110.2625705, 49.6519974], [-110.2625383, 49.6520224], [-110.2625511, 49.6521057], [-110.2625018, 49.6521307], [-110.2622743, 49.6521738], [-110.2621971, 49.6523405], [-110.2621735, 49.6523657], [-110.2620104, 49.6524116], [-110.2619074, 49.6524519], [-110.261813, 49.6524949], [-110.2617014, 49.6525255], [-110.2616649, 49.6525588], [-110.2616714, 49.65262], [-110.261622, 49.6526658], [-110.2614976, 49.6526422], [-110.2614353, 49.6526394], [-110.2614074, 49.652645], [-110.2613989, 49.65272], [-110.2613087, 49.65272], [-110.2611907, 49.6527019], [-110.2611607, 49.6527228], [-110.2611285, 49.6527881], [-110.2611328, 49.6528936], [-110.2611585, 49.6529117], [-110.2610212, 49.6529561], [-110.2610749, 49.652995], [-110.2611414, 49.6529937], [-110.2612444, 49.6529631], [-110.2614439, 49.6529339], [-110.2616263, 49.6529353], [-110.2615169, 49.6530062], [-110.2614761, 49.6530437], [-110.2614225, 49.6530603], [-110.2611435, 49.6530826], [-110.2610791, 49.6531235], [-110.2610598, 49.6532332], [-110.2609933, 49.6532846], [-110.2609118, 49.653318], [-110.2608281, 49.6533221], [-110.2607251, 49.6533708], [-110.2606371, 49.6533819], [-110.2606157, 49.6534124]]}}, {"type": "Feature", "properties": {"name": "Great White", "difficulty": "intermediate", "area": "Cypress Hills / Elkwater", "osm_id": 1002683714, "highway": "path"}, "geometry": {"type": "LineString", "coordinates": [[-110.2678858, 49.6509049], [-110.2677701, 49.6508835], [-110.26762, 49.6508151], [-110.2675484, 49.6507577], [-110.2675075, 49.6506605], [-110.2675075, 49.6505833], [-110.2674905, 49.6505369], [-110.2674666, 49.6504773], [-110.2674291, 49.6504596], [-110.267337, 49.6504596], [-110.2672518, 49.6504905], [-110.2671938, 49.650506], [-110.2671324, 49.6504861], [-110.2671324, 49.6504353], [-110.2670915, 49.6503912], [-110.2670642, 49.6503647], [-110.2670506, 49.6503227], [-110.2670403, 49.6502786], [-110.2670028, 49.6502477], [-110.2669619, 49.650219], [-110.2668835, 49.6501991], [-110.2668323, 49.6502101], [-110.2667539, 49.6502234], [-110.2667096, 49.6502168], [-110.2666618, 49.6501726], [-110.2666311, 49.6501307], [-110.2665732, 49.6500821], [-110.2665595, 49.6500446], [-110.2665254, 49.6499783], [-110.2664992, 49.6499145], [-110.2664822, 49.6498637], [-110.2664617, 49.6498085], [-110.2664378, 49.6497379], [-110.2663833, 49.649707], [-110.2663014, 49.6496694], [-110.2662094, 49.6496694], [-110.2661377, 49.6496429], [-110.2659911, 49.6496231], [-110.2659093, 49.6496164], [-110.265824, 49.6496032], [-110.2657626, 49.6495657], [-110.2657285, 49.6495502], [-110.2655103, 49.6495502], [-110.2654285, 49.6495502], [-110.2652989, 49.6495303], [-110.2652034, 49.649548], [-110.2650022, 49.6496209], [-110.2649411, 49.6497069]]}}, {"type": "Feature", "properties": {"name": "Mack Jacket", "difficulty": "intermediate", "area": "Cypress Hills / Elkwater", "osm_id": 1002687040, "highway": "path"}, "geometry": {"type": "LineString", "coordinates": [[-110.2678858, 49.6509049], [-110.2677711, 49.650833], [-110.2676654, 49.6507932], [-110.2675938, 49.650685], [-110.2675665, 49.65061], [-110.2675768, 49.6505592], [-110.2676484, 49.6504554], [-110.2677473, 49.6503892], [-110.2677609, 49.650334], [-110.2678325, 49.650217], [-110.2678325, 49.6501706], [-110.26787, 49.6501419], [-110.2679314, 49.6500315], [-110.2679417, 49.6500028], [-110.2679621, 49.6498805], [-110.2679417, 49.6498385], [-110.2678393, 49.6498473], [-110.2677234, 49.6498805], [-110.267662, 49.6498672], [-110.2677234, 49.6497767], [-110.2677677, 49.6497237], [-110.2677405, 49.6496729], [-110.267662, 49.6496751], [-110.2674983, 49.6497171], [-110.267396, 49.6497634], [-110.2673176, 49.6498186], [-110.2672528, 49.6498208], [-110.267246, 49.6497701], [-110.2673006, 49.6497259], [-110.2673483, 49.649695], [-110.267396, 49.6496221], [-110.2673995, 49.6495691], [-110.267321, 49.6495206], [-110.267246, 49.6494654], [-110.2671914, 49.6493616], [-110.2670312, 49.6493749], [-110.2670209, 49.6493263], [-110.2669903, 49.6492932], [-110.2668675, 49.6492424], [-110.2668095, 49.6492048], [-110.2667788, 49.6491386], [-110.2667277, 49.6490613], [-110.2666629, 49.6489752], [-110.2666458, 49.64892], [-110.2665811, 49.6489134], [-110.2665367, 49.6489355], [-110.2664856, 49.6490083], [-110.2664412, 49.6490503], [-110.2663594, 49.6491342], [-110.2661991, 49.649132], [-110.2661105, 49.6491519], [-110.2660559, 49.6491651], [-110.265957, 49.649132], [-110.2657865, 49.6491386], [-110.2656501, 49.6491651], [-110.2655427, 49.6492203], [-110.2654847, 49.649313], [-110.2654233, 49.6493572], [-110.2653006, 49.6493793], [-110.265171, 49.6493726], [-110.2651301, 49.6493881], [-110.2650482, 49.6494124], [-110.2648743, 49.6494389], [-110.2647993, 49.6494389], [-110.2647652, 49.6493947], [-110.2647959, 49.6493329], [-110.2648095, 49.6492733], [-110.264755, 49.6492578], [-110.2646491, 49.6492718]]}}, {"type": "Feature", "properties": {"name": "Hidden Valley Connector", "difficulty": "intermediate", "area": "Cypress Hills / Elkwater", "osm_id": 1002688168, "highway": "path"}, "geometry": {"type": "LineString", "coordinates": [[-110.2703265, 49.6525625], [-110.2701565, 49.6524525], [-110.2700951, 49.6523664], [-110.2700439, 49.652298], [-110.270003, 49.6521788], [-110.269853, 49.6519668], [-110.2697336, 49.6518012], [-110.2695427, 49.6517438], [-110.2694404, 49.6516489], [-110.2693687, 49.6515738], [-110.2692153, 49.6514127], [-110.2691051, 49.6513238], [-110.2690482, 49.6512537], [-110.2690005, 49.6511477], [-110.2689186, 49.6510462], [-110.2687924, 49.6509822], [-110.2686833, 49.650949], [-110.2685299, 49.6509468], [-110.2683491, 49.6509535], [-110.2681353, 49.6510847]]}}, {"type": "Feature", "properties": {"name": "Kerfuffle", "difficulty": "intermediate", "area": "Cypress Hills / Elkwater", "osm_id": 1002689431, "highway": "path"}, "geometry": {"type": "LineString", "coordinates": [[-110.2606157, 49.6534124], [-110.2606203, 49.6535122], [-110.2606288, 49.6536083], [-110.2605947, 49.6537518], [-110.2605351, 49.6538962], [-110.2604942, 49.6539536], [-110.2604413, 49.654086], [-110.2604072, 49.6541754], [-110.2604242, 49.6542748], [-110.2604515, 49.6543278], [-110.2604942, 49.6544325], [-110.2605334, 49.6545407], [-110.260726, 49.6546268], [-110.260777, 49.6548126], [-110.2609016, 49.6550154], [-110.2609289, 49.6550904], [-110.2609579, 49.6551909], [-110.2610363, 49.6552697], [-110.2611063, 49.6553161], [-110.2611063, 49.6553878], [-110.261125, 49.6554441], [-110.2611455, 49.6555986], [-110.2611216, 49.6556649], [-110.2610943, 49.6557629], [-110.26105, 49.6558534], [-110.2610176, 49.6559384], [-110.2609818, 49.656009], [-110.2609579, 49.6561371], [-110.2609852, 49.6564352], [-110.2610534, 49.6566052], [-110.2610312, 49.657005], [-110.2610926, 49.6572829], [-110.2611642, 49.6574242], [-110.2612546, 49.6576259], [-110.2613347, 49.6577561], [-110.2614527, 49.6578112], [-110.2614984, 49.6578323], [-110.26179, 49.6578135], [-110.2620002, 49.6577916], [-110.2620545, 49.657786]]}}, {"type": "Feature", "properties": {"name": "Aspen Ridge Connector", "difficulty": "intermediate", "area": "Cypress Hills / Elkwater", "osm_id": 1008966068, "highway": "path"}, "geometry": {"type": "LineString", "coordinates": [[-110.2657856, 49.6626141], [-110.2654361, 49.6625124], [-110.2652446, 49.6624867], [-110.2651676, 49.6624595], [-110.2649131, 49.6624171], [-110.2650205, 49.6623159], [-110.2650719, 49.6620937], [-110.2650789, 49.662062], [-110.2650975, 49.6620438], [-110.2651186, 49.6618896], [-110.2651092, 49.6617597], [-110.2651326, 49.6616599], [-110.2651839, 49.6615314], [-110.2651979, 49.6614725], [-110.2652353, 49.6614271], [-110.265289, 49.6613606], [-110.2653637, 49.6612972], [-110.2653544, 49.6612548], [-110.2653404, 49.6612261], [-110.2653427, 49.6611097], [-110.2654408, 49.6610266], [-110.2654688, 49.660883], [-110.2655435, 49.6608044], [-110.2654805, 49.6606759], [-110.2654875, 49.6606336], [-110.2656136, 49.6605596], [-110.2656042, 49.6605052], [-110.2655972, 49.6604356], [-110.2656299, 49.6604054], [-110.2656883, 49.6603056], [-110.2657467, 49.6602527], [-110.265749, 49.6601938], [-110.2657747, 49.6601756], [-110.265756, 49.6600804], [-110.2658681, 49.6599414], [-110.265791, 49.6598718], [-110.2656034, 49.6597584]]}}, {"type": "Feature", "properties": {"name": "Sunset Trail", "difficulty": "intermediate", "area": "Cypress Hills / Elkwater", "osm_id": 1014963053, "highway": "path"}, "geometry": {"type": "LineString", "coordinates": [[-110.272634, 49.6632265], [-110.272412, 49.6631245], [-110.2723302, 49.6631097], [-110.2722524, 49.6631262], [-110.2721451, 49.6632321], [-110.2719869, 49.6632894], [-110.2717991, 49.6632938], [-110.2714598, 49.6633389], [-110.2712466, 49.6633476], [-110.2710374, 49.663299], [-110.2709006, 49.6632174], [-110.2707464, 49.6631158], [-110.2705599, 49.6630655], [-110.2702126, 49.6630707], [-110.2694568, 49.66316], [-110.2689955, 49.6631739], [-110.2686676, 49.6632321], [-110.2685067, 49.6632295], [-110.2683082, 49.6631531], [-110.2681119, 49.6630535], [-110.2678737, 49.6629066], [-110.267635, 49.6627868], [-110.2673413, 49.6627208], [-110.2671804, 49.6626496], [-110.266947, 49.6626106], [-110.2667472, 49.6626279], [-110.2666453, 49.662601], [-110.2665527, 49.662529], [-110.2664635, 49.6624238], [-110.2663556, 49.6623857], [-110.266259, 49.6623857], [-110.2660283, 49.6624309], [-110.2659157, 49.6624665], [-110.2658232, 49.6625394], [-110.2657856, 49.6626141], [-110.2657481, 49.6626922], [-110.2652639, 49.6628762], [-110.2650306, 49.6629465], [-110.2647574, 49.6630002], [-110.2645963, 49.6630315], [-110.2645175, 49.6631461], [-110.2644606, 49.6633293], [-110.2644432, 49.6634179], [-110.2645176, 49.6636137], [-110.2645645, 49.6638683], [-110.2646396, 49.6640767], [-110.2644036, 49.6643475], [-110.2641675, 49.6644725], [-110.2636847, 49.6650141], [-110.2633951, 49.6651044], [-110.2626118, 49.6654377], [-110.2617123, 49.6654883]]}}, {"type": "Feature", "properties": {"name": "Shoreline", "difficulty": "intermediate", "area": "Cypress Hills / Elkwater", "osm_id": 1025718960, "highway": "path"}, "geometry": {"type": "LineString", "coordinates": [[-110.273556, 49.66347], [-110.2734265, 49.6634725], [-110.2732564, 49.6634716], [-110.2731878, 49.6634421], [-110.2729826, 49.6633119], [-110.2727853, 49.6632599], [-110.272634, 49.6632265]]}}, {"type": "Feature", "properties": {"name": "Spruce Coulee East", "difficulty": "intermediate", "area": "Cypress Hills / Elkwater", "osm_id": 1025718962, "highway": "path"}, "geometry": {"type": "LineString", "coordinates": [[-110.2405855, 49.6707637], [-110.2403924, 49.6709095], [-110.239856, 49.6710761], [-110.2394161, 49.6712983], [-110.238987, 49.6714997], [-110.2381394, 49.6714233], [-110.2372596, 49.6715483], [-110.2367124, 49.6714858], [-110.2359936, 49.6712081], [-110.2355752, 49.6709928], [-110.2349851, 49.6708123], [-110.234674, 49.6707706], [-110.2340624, 49.6708401], [-110.2335796, 49.6710136], [-110.2334187, 49.6710136], [-110.2327964, 49.6710761], [-110.2325175, 49.6710345], [-110.2316592, 49.67109], [-110.2309832, 49.6712219], [-110.2299425, 49.6709234], [-110.2291164, 49.6710206], [-110.2284727, 49.6710136], [-110.2281616, 49.6710831], [-110.2277002, 49.671097], [-110.2273998, 49.6708956], [-110.2269814, 49.6705137], [-110.226917, 49.6702707], [-110.2269492, 49.6699235], [-110.2268848, 49.6696041], [-110.2265951, 49.6691944], [-110.2264235, 49.6689167], [-110.2262733, 49.6688056], [-110.2259836, 49.6687361]]}}, {"type": "Feature", "properties": {"name": "Path 1060896042", "difficulty": "intermediate", "area": "Medicine Hat", "osm_id": 1060896042, "highway": "cycleway"}, "geometry": {"type": "LineString", "coordinates": [[-110.6471024, 49.9942877], [-110.6471658, 49.9944051], [-110.6470632, 49.9945229], [-110.6470548, 49.9945856], [-110.6470767, 49.9946526], [-110.64712, 49.9947263]]}}, {"type": "Feature", "properties": {"name": "Path 1078679923", "difficulty": "intermediate", "area": "Cypress Hills / Elkwater", "osm_id": 1078679923, "highway": "path"}, "geometry": {"type": "LineString", "coordinates": [[-110.2607522, 49.6577693], [-110.2607124, 49.657879], [-110.2607282, 49.6579347], [-110.2608256, 49.6579802], [-110.2609955, 49.6579728], [-110.2612514, 49.6579083], [-110.2614527, 49.6578112]]}}, {"type": "Feature", "properties": {"name": "Path 1127995612", "difficulty": "intermediate", "area": "Medicine Hat", "osm_id": 1127995612, "highway": "track"}, "geometry": {"type": "LineString", "coordinates": [[-110.4096893, 49.9312696], [-110.4089923, 49.9312466], [-110.4088602, 49.9312245], [-110.4086352, 49.9311143], [-110.408415, 49.9309978], [-110.4081215, 49.9307836], [-110.40796, 49.9306073], [-110.407823, 49.9303931], [-110.4076958, 49.930201], [-110.4075197, 49.9300719], [-110.4072165, 49.9299014], [-110.4070549, 49.9298105], [-110.4068103, 49.9297538], [-110.406458, 49.9297538], [-110.4061645, 49.9298451], [-110.4056753, 49.9301002], [-110.4054894, 49.9301475], [-110.4053034, 49.9301412], [-110.405186, 49.9301034], [-110.4050148, 49.930031], [-110.4043837, 49.9296278], [-110.4043348, 49.9295145], [-110.4043396, 49.9293664], [-110.4044424, 49.9288058], [-110.4044424, 49.9285067], [-110.4044522, 49.9282736], [-110.4045011, 49.9281791], [-110.4047506, 49.9280405], [-110.4051175, 49.9278705], [-110.4052888, 49.9277508], [-110.4053817, 49.9275807], [-110.4053719, 49.9274988], [-110.4050344, 49.9271177], [-110.4043739, 49.926639], [-110.4042075, 49.9264658], [-110.4042075, 49.9263366], [-110.4044473, 49.9261445], [-110.4047017, 49.9260091], [-110.4049805, 49.9259366], [-110.4052496, 49.9259303], [-110.4054698, 49.9259776], [-110.4056361, 49.9260437], [-110.4057633, 49.9261949], [-110.4059003, 49.9263366], [-110.4061547, 49.9264878], [-110.4065265, 49.9267051], [-110.4067076, 49.9268532], [-110.4074414, 49.927502], [-110.4075423, 49.9275873], [-110.4077107, 49.9277939]]}}, {"type": "Feature", "properties": {"name": "Path 1127995613", "difficulty": "intermediate", "area": "Medicine Hat", "osm_id": 1127995613, "highway": "track"}, "geometry": {"type": "LineString", "coordinates": [[-110.4076497, 49.9296646], [-110.4074128, 49.9297771], [-110.4073363, 49.9298171], [-110.4072165, 49.9299014]]}}, {"type": "Feature", "properties": {"name": "Path 1127995621", "difficulty": "intermediate", "area": "Medicine Hat", "osm_id": 1127995621, "highway": "track"}, "geometry": {"type": "LineString", "coordinates": [[-110.4012319, 49.9439891], [-110.4012159, 49.9451813], [-110.4011839, 49.9452534], [-110.4010825, 49.9453634], [-110.4009383, 49.9454939], [-110.4009276, 49.9455626], [-110.4009543, 49.9456279], [-110.4009917, 49.9456519], [-110.4010825, 49.9456863], [-110.401264, 49.9457104], [-110.4142132, 49.9457481]]}}, {"type": "Feature", "properties": {"name": "Path 1134643084", "difficulty": "intermediate", "area": "Medicine Hat", "osm_id": 1134643084, "highway": "track"}, "geometry": {"type": "LineString", "coordinates": [[-110.7325163, 50.0933001], [-110.7331707, 50.0933076], [-110.7350747, 50.0933055], [-110.7357423, 50.0933049], [-110.7363906, 50.0933043], [-110.7369882, 50.0933037]]}}, {"type": "Feature", "properties": {"name": "Path 1207327156", "difficulty": "intermediate", "area": "Medicine Hat", "osm_id": 1207327156, "highway": "cycleway"}, "geometry": {"type": "LineString", "coordinates": [[-110.5866433, 49.9676669], [-110.5869291, 49.9676194], [-110.5869893, 49.9676069], [-110.5873223, 49.9675199], [-110.5874233, 49.9674881], [-110.5875136, 49.9674563], [-110.5877349, 49.9673678], [-110.5878294, 49.9673319], [-110.5882441, 49.9671923], [-110.5884181, 49.9671343], [-110.5892282, 49.9668855], [-110.5896944, 49.966757], [-110.5899372, 49.9666851], [-110.5917743, 49.9661641], [-110.5920622, 49.9660797], [-110.5921568, 49.9660576], [-110.5922234, 49.9660452], [-110.5923072, 49.9660355], [-110.5923845, 49.9660341], [-110.5924705, 49.9660424], [-110.592623, 49.9660618], [-110.5927111, 49.9660701], [-110.5928271, 49.966077], [-110.592941, 49.966077], [-110.593083, 49.9660703], [-110.5931942, 49.9660573], [-110.5933247, 49.9660318], [-110.5934301, 49.9659963], [-110.593523, 49.9659528], [-110.5936187, 49.9659036], [-110.5936477, 49.9658887], [-110.5936912, 49.9658657], [-110.5937299, 49.9658415], [-110.593754, 49.9658228], [-110.5938643, 49.9657345], [-110.5938836, 49.9657146], [-110.5938971, 49.9656965], [-110.5939039, 49.9656816], [-110.5939058, 49.965663], [-110.593901, 49.9656437], [-110.5938952, 49.9656306], [-110.5933604, 49.9647465], [-110.5933485, 49.9647226], [-110.5933401, 49.9647007], [-110.5933351, 49.9646819], [-110.5933234, 49.9646243], [-110.5933174, 49.9646001], [-110.5933094, 49.9645769], [-110.5932646, 49.9644849], [-110.5932344, 49.9644318], [-110.5922993, 49.9628606], [-110.5918302, 49.962076], [-110.5914089, 49.9613624], [-110.5913742, 49.9613027], [-110.5913515, 49.9612762], [-110.5913263, 49.9612543], [-110.5912986, 49.9612381], [-110.5912683, 49.9612259], [-110.5912317, 49.9612154], [-110.591185, 49.9612056], [-110.591127, 49.9611967], [-110.5910121, 49.9611878], [-110.5909819, 49.9611862], [-110.5909554, 49.961187], [-110.5909276, 49.9611902], [-110.5893182, 49.9615792], [-110.5891914, 49.9616074], [-110.5891309, 49.9615782], [-110.589088, 49.9615636], [-110.5890489, 49.9615579], [-110.5890022, 49.9615611], [-110.5889567, 49.9615685], [-110.5889139, 49.9615798], [-110.5887776, 49.9616196], [-110.5887271, 49.9616383], [-110.5886729, 49.9616602], [-110.5885214, 49.9617275], [-110.588476, 49.9617462], [-110.5883738, 49.9617868], [-110.5882779, 49.9618209], [-110.5880925, 49.9618834], [-110.5880369, 49.9619004], [-110.5878565, 49.9619524], [-110.5878073, 49.9619646], [-110.5877165, 49.9619848], [-110.5876752, 49.9619905], [-110.5876458, 49.9619922], [-110.5876092, 49.9619905], [-110.587565, 49.9619848], [-110.5873859, 49.961954], [-110.5872849, 49.9619329], [-110.5871562, 49.961911], [-110.5870616, 49.9618988], [-110.5869695, 49.9618907], [-110.5868332, 49.9618834], [-110.5867285, 49.9618826], [-110.5866591, 49.9618826], [-110.5865973, 49.9618866], [-110.5865355, 49.9618931], [-110.5864584, 49.9619037], [-110.586384, 49.9619159], [-110.5863197, 49.9619272], [-110.5858554, 49.9620254], [-110.5849999, 49.9621926], [-110.5849255, 49.9622097], [-110.5848763, 49.9622267], [-110.5848296, 49.9622478], [-110.5847917, 49.9622673], [-110.5847564, 49.96229], [-110.5847059, 49.9623257], [-110.5846252, 49.9623891], [-110.5845924, 49.9624167], [-110.5845293, 49.9624751], [-110.5844902, 49.9625132], [-110.5844473, 49.9625571], [-110.5843981, 49.962609], [-110.5843565, 49.9626674], [-110.584331, 49.9627117], [-110.5842892, 49.9627998], [-110.5842632, 49.9628656], [-110.5842445, 49.9629212], [-110.584233, 49.9629843], [-110.5842258, 49.9630538], [-110.5842315, 49.9630844], [-110.5842416, 49.9631113], [-110.5842647, 49.963153], [-110.5842892, 49.9631883], [-110.5844106, 49.9633229]]}}, {"type": "Feature", "properties": {"name": "Path 1207327157", "difficulty": "intermediate", "area": "Medicine Hat", "osm_id": 1207327157, "highway": "cycleway"}, "geometry": {"type": "LineString", "coordinates": [[-110.5933604, 49.9647465], [-110.5929895, 49.964829], [-110.5921418, 49.9650414]]}}, {"type": "Feature", "properties": {"name": "Path 1207327163", "difficulty": "intermediate", "area": "Medicine Hat", "osm_id": 1207327163, "highway": "cycleway"}, "geometry": {"type": "LineString", "coordinates": [[-110.5865313, 49.9635125], [-110.5865662, 49.9634274], [-110.586673, 49.9628708], [-110.5866796, 49.9628496], [-110.5866902, 49.9628318], [-110.586706, 49.9628123], [-110.5867324, 49.9627902], [-110.5867509, 49.9627707], [-110.5867614, 49.962752], [-110.5867693, 49.962724], [-110.5867693, 49.9627045], [-110.5867601, 49.9626774], [-110.5867271, 49.9626214], [-110.5867034, 49.96259], [-110.5866084, 49.9624729], [-110.5865622, 49.9624144], [-110.5865042, 49.9623287], [-110.5864711, 49.9622745], [-110.5864608, 49.962248], [-110.5864557, 49.9622231], [-110.5864531, 49.9622007], [-110.5864531, 49.9621766], [-110.5864544, 49.9621583], [-110.5864711, 49.9620048], [-110.5864724, 49.9619766], [-110.5864711, 49.9619484], [-110.586466, 49.9619285], [-110.5864584, 49.9619037]]}}, {"type": "Feature", "properties": {"name": "Path 1207327166", "difficulty": "intermediate", "area": "Medicine Hat", "osm_id": 1207327166, "highway": "cycleway"}, "geometry": {"type": "LineString", "coordinates": [[-110.5840878, 49.963478], [-110.5836102, 49.9636054], [-110.5802206, 49.9644489], [-110.5800619, 49.9644846], [-110.5800465, 49.9644925], [-110.5800403, 49.9645044], [-110.5800612, 49.9646078], [-110.5800742, 49.964658], [-110.5796321, 49.9647462], [-110.5795982, 49.9647551], [-110.5795705, 49.96477], [-110.5795489, 49.9647878], [-110.5795412, 49.9648076], [-110.5795427, 49.9648235], [-110.5795489, 49.9648393], [-110.5812654, 49.967702]]}}, {"type": "Feature", "properties": {"name": "Path 1207327167", "difficulty": "intermediate", "area": "Medicine Hat", "osm_id": 1207327167, "highway": "cycleway"}, "geometry": {"type": "LineString", "coordinates": [[-110.5819233, 49.9675364], [-110.5812654, 49.967702], [-110.5791453, 49.9682283], [-110.5739324, 49.9695222], [-110.573879, 49.9695324], [-110.5738531, 49.9695324], [-110.5738286, 49.9695287], [-110.5738055, 49.9695212], [-110.5737623, 49.9694897], [-110.5736643, 49.9694295], [-110.5736513, 49.9694267], [-110.5735749, 49.9694258], [-110.5733515, 49.9694221]]}}, {"type": "Feature", "properties": {"name": "Path 1207327168", "difficulty": "intermediate", "area": "Medicine Hat", "osm_id": 1207327168, "highway": "cycleway"}, "geometry": {"type": "LineString", "coordinates": [[-110.5795181, 49.9688497], [-110.5791453, 49.9682283]]}}, {"type": "Feature", "properties": {"name": "Path 1207327169", "difficulty": "intermediate", "area": "Medicine Hat", "osm_id": 1207327169, "highway": "cycleway"}, "geometry": {"type": "LineString", "coordinates": [[-110.5727317, 49.9636366], [-110.5727738, 49.9636474], [-110.5727954, 49.9636575], [-110.5728524, 49.9636967], [-110.5728957, 49.9637271], [-110.5729331, 49.9637537], [-110.5729704, 49.9637752], [-110.5730156, 49.9637954], [-110.5730609, 49.9638106], [-110.5731324, 49.9638307], [-110.5731867, 49.9638498], [-110.573228, 49.9638662], [-110.5732555, 49.9638852], [-110.5732752, 49.9639067], [-110.5732929, 49.9639459], [-110.5733165, 49.9640357], [-110.5733243, 49.9640762], [-110.5733243, 49.9641015], [-110.5733243, 49.9641862], [-110.5733263, 49.9642292], [-110.5733558, 49.9646706], [-110.5733578, 49.9647225], [-110.5733696, 49.9658987], [-110.5733637, 49.9659594], [-110.5733558, 49.9659987], [-110.5733063, 49.9662005], [-110.5733013, 49.9662247], [-110.5733013, 49.9662499], [-110.5733272, 49.9663261], [-110.5733484, 49.9663897], [-110.573352, 49.9664098], [-110.5733549, 49.9664587], [-110.573357, 49.9674547], [-110.5733584, 49.9681253], [-110.5733562, 49.9681552], [-110.5733473, 49.9682063], [-110.5733253, 49.9682696], [-110.5733197, 49.9682873], [-110.5733186, 49.968303], [-110.5733197, 49.9683724], [-110.5733242, 49.9684593], [-110.5733264, 49.9684834], [-110.5733319, 49.9685118], [-110.5733451, 49.9685793], [-110.5733496, 49.9686127], [-110.5733518, 49.9686447], [-110.5733515, 49.9694221], [-110.573351, 49.9695822], [-110.5733483, 49.9701406], [-110.5733543, 49.9703478]]}}, {"type": "Feature", "properties": {"name": "Path 1207327170", "difficulty": "intermediate", "area": "Medicine Hat", "osm_id": 1207327170, "highway": "cycleway"}, "geometry": {"type": "LineString", "coordinates": [[-110.573357, 49.9674547], [-110.5678896, 49.9672457], [-110.5678248, 49.9672469], [-110.5677439, 49.9672527], [-110.5676665, 49.9672642], [-110.5675963, 49.9672828], [-110.5675207, 49.9673105], [-110.5672275, 49.9674297], [-110.5669897, 49.9675345], [-110.566908, 49.9675705]]}}, {"type": "Feature", "properties": {"name": "Path 1207327174", "difficulty": "intermediate", "area": "Medicine Hat", "osm_id": 1207327174, "highway": "cycleway"}, "geometry": {"type": "LineString", "coordinates": [[-110.5733558, 49.9646706], [-110.5732046, 49.9646839], [-110.573135, 49.9646938], [-110.5730666, 49.9647104], [-110.5730227, 49.9647278], [-110.5729918, 49.9647477], [-110.5729711, 49.9647726], [-110.5729621, 49.9647992], [-110.5729582, 49.9648299], [-110.5729415, 49.9651286], [-110.5729337, 49.9651693], [-110.5729183, 49.9652058], [-110.5728873, 49.9652373], [-110.572846, 49.9652614], [-110.572831, 49.9652664], [-110.5728009, 49.9652763], [-110.572757, 49.9652855], [-110.572479, 49.9653285]]}}, {"type": "Feature", "properties": {"name": "Path 1207327181", "difficulty": "intermediate", "area": "Medicine Hat", "osm_id": 1207327181, "highway": "cycleway"}, "geometry": {"type": "LineString", "coordinates": [[-110.5731324, 49.9638307], [-110.5732331, 49.9636414]]}}, {"type": "Feature", "properties": {"name": "Path 1207327182", "difficulty": "intermediate", "area": "Medicine Hat", "osm_id": 1207327182, "highway": "cycleway"}, "geometry": {"type": "LineString", "coordinates": [[-110.5876752, 49.9619905], [-110.5876684, 49.9620486], [-110.5876663, 49.9620717], [-110.5876684, 49.9620914], [-110.5876748, 49.9621118], [-110.5876832, 49.9621301], [-110.5880111, 49.9626828]]}}, {"type": "Feature", "properties": {"name": "Path 1216666162", "difficulty": "intermediate", "area": "Cypress Hills / Elkwater", "osm_id": 1216666162, "highway": "path"}, "geometry": {"type": "LineString", "coordinates": [[-110.2921397, 49.6607078], [-110.2922057, 49.6606023]]}}, {"type": "Feature", "properties": {"name": "Path 1222268690", "difficulty": "intermediate", "area": "Medicine Hat", "osm_id": 1222268690, "highway": "path"}, "geometry": {"type": "LineString", "coordinates": [[-110.7222323, 50.0344094], [-110.7238759, 50.0355741], [-110.7240292, 50.0357464], [-110.7240292, 50.0359039], [-110.7236843, 50.0361599], [-110.72342, 50.0363363], [-110.72163, 50.0364701], [-110.7213768, 50.0364098], [-110.7205416, 50.0363864], [-110.720373, 50.0364603], [-110.7192998, 50.036475], [-110.7177515, 50.0367113], [-110.7173759, 50.0366917], [-110.7169467, 50.036544], [-110.7167167, 50.036411], [-110.7165557, 50.0362486], [-110.7159119, 50.0350866], [-110.7158045, 50.03487], [-110.7158045, 50.0347617], [-110.7160115, 50.0345992], [-110.7165787, 50.034225], [-110.7170156, 50.0341807], [-110.7173529, 50.0342201], [-110.7175958, 50.0342492], [-110.7179891, 50.0343136], [-110.7186866, 50.0343383], [-110.7190086, 50.0343383], [-110.720028, 50.0341906], [-110.7202548, 50.0341148], [-110.7207563, 50.0339502], [-110.7211486, 50.0340373], [-110.7217098, 50.0341084]]}}, {"type": "Feature", "properties": {"name": "Path 1222268691", "difficulty": "intermediate", "area": "Medicine Hat", "osm_id": 1222268691, "highway": "path"}, "geometry": {"type": "LineString", "coordinates": [[-110.7214432, 50.0339547], [-110.7218794, 50.0340531], [-110.7240178, 50.0354266], [-110.724404, 50.0358332], [-110.7241381, 50.0361008]]}}, {"type": "Feature", "properties": {"name": "Path 1247768363", "difficulty": "intermediate", "area": "Cypress Hills / Elkwater", "osm_id": 1247768363, "highway": "track"}, "geometry": {"type": "LineString", "coordinates": [[-110.2817273, 49.634494], [-110.2813196, 49.6351403], [-110.2808851, 49.6356996], [-110.2807403, 49.6358976], [-110.2807134, 49.6360227], [-110.2807456, 49.6367349], [-110.2807242, 49.6369225], [-110.2806491, 49.6372387], [-110.280059, 49.6385797], [-110.2794367, 49.6397851], [-110.2792382, 49.6403896], [-110.2790612, 49.6410566], [-110.2790558, 49.6412199], [-110.2791041, 49.6413276], [-110.2792651, 49.6416159], [-110.2792597, 49.6417097], [-110.2791846, 49.6417792], [-110.2790773, 49.6418313], [-110.2789432, 49.641859], [-110.2784228, 49.6418347], [-110.277468, 49.6418208], [-110.2767545, 49.6418486], [-110.276497, 49.6418973], [-110.2761805, 49.6420049], [-110.2752471, 49.6423975], [-110.2748823, 49.6424878], [-110.274716, 49.6425017], [-110.2745873, 49.6424843], [-110.2744156, 49.6424392], [-110.2741045, 49.6422168], [-110.2739865, 49.6420501], [-110.2739327, 49.6419053]]}}, {"type": "Feature", "properties": {"name": "Path 1247768364", "difficulty": "intermediate", "area": "Cypress Hills / Elkwater", "osm_id": 1247768364, "highway": "track"}, "geometry": {"type": "LineString", "coordinates": [[-110.2739327, 49.6419053], [-110.2738188, 49.6419164], [-110.2737129, 49.6418973], [-110.2736895, 49.641858], [-110.2736378, 49.641734], [-110.2737343, 49.6414283], [-110.2740294, 49.6409767], [-110.2743083, 49.6407405], [-110.2747589, 49.6404869], [-110.2751344, 49.6402854], [-110.2752364, 49.6401881], [-110.2753007, 49.6398025], [-110.2752847, 49.6394551], [-110.2752525, 49.6393509], [-110.2751881, 49.6392849], [-110.2749574, 49.6391598], [-110.2748179, 49.6391216], [-110.2746785, 49.6391147], [-110.2745551, 49.6391529], [-110.2743727, 49.6393405], [-110.2742171, 49.639535], [-110.2740938, 49.639601], [-110.2739596, 49.6396288], [-110.2737612, 49.639608], [-110.2718031, 49.6392849], [-110.2716476, 49.6392154], [-110.2715671, 49.6391286], [-110.2715617, 49.6390348], [-110.2716637, 49.6388576], [-110.2719855, 49.6384893], [-110.272066, 49.6383504], [-110.2720821, 49.6382323], [-110.2719963, 49.6380065], [-110.2718353, 49.6378675], [-110.2715832, 49.6377563], [-110.2712989, 49.6376382], [-110.2711219, 49.6375201], [-110.2709448, 49.6373325], [-110.2707839, 49.6372144], [-110.2706498, 49.6371761], [-110.2705318, 49.6371692], [-110.2704191, 49.63719], [-110.2701134, 49.6373394], [-110.2698612, 49.6375166], [-110.2695125, 49.6377945], [-110.2692765, 49.6378883], [-110.2690136, 49.6379474], [-110.2686971, 49.6379682], [-110.2683967, 49.6379648], [-110.2682412, 49.6380169], [-110.2681232, 49.6381246], [-110.267871, 49.6385276], [-110.2678013, 49.6386075], [-110.2677262, 49.6386457], [-110.2673024, 49.6387117], [-110.2670449, 49.6387777], [-110.266251, 49.6390765], [-110.2653605, 49.6393127], [-110.2651084, 49.6393474], [-110.2648991, 49.6393092], [-110.2647167, 49.6392502], [-110.2645987, 49.6391598], [-110.2645451, 49.639], [-110.2644432, 49.6386665], [-110.2642876, 49.6385449], [-110.264132, 49.6384998], [-110.2638263, 49.6384477], [-110.2635258, 49.6384477], [-110.263145, 49.6384963], [-110.2629197, 49.6385067], [-110.2627051, 49.6384477], [-110.2623135, 49.6383226], [-110.2616429, 49.6380169], [-110.2613211, 49.6378397], [-110.2611816, 49.637798], [-110.2608061, 49.6377702], [-110.2603608, 49.6376973], [-110.2599853, 49.6375687], [-110.25976, 49.6374888], [-110.2596849, 49.6373742], [-110.2596581, 49.6372074], [-110.2596849, 49.6370094], [-110.2596688, 49.6369521], [-110.2596125, 49.6369191], [-110.2595535, 49.6369156], [-110.2594945, 49.6369191], [-110.2594274, 49.6369555], [-110.2593952, 49.6370337], [-110.2594891, 49.6372699], [-110.2595696, 49.6373359], [-110.2596849, 49.6373742]]}}, {"type": "Feature", "properties": {"name": "Path 1247792514", "difficulty": "intermediate", "area": "Cypress Hills / Elkwater", "osm_id": 1247792514, "highway": "path"}, "geometry": {"type": "LineString", "coordinates": [[-110.2649131, 49.6624171], [-110.2646738, 49.6625064], [-110.264352, 49.6625706], [-110.2640596, 49.6626123], [-110.2637109, 49.66268], [-110.263558, 49.6627217], [-110.2634722, 49.6627825], [-110.263314, 49.6629474], [-110.2631637, 49.6631523], [-110.2630967, 49.6633467]]}}, {"type": "Feature", "properties": {"name": "Path 1247792526", "difficulty": "intermediate", "area": "Cypress Hills / Elkwater", "osm_id": 1247792526, "highway": "track"}, "geometry": {"type": "LineString", "coordinates": [[-110.2615705, 49.6706501], [-110.2615732, 49.6708219], [-110.2617368, 49.6712403], [-110.2618253, 49.6713913], [-110.2618682, 49.6714434], [-110.2618817, 49.6714763], [-110.2618709, 49.6715163], [-110.2617395, 49.6716534], [-110.2613211, 49.6719919], [-110.2613184, 49.6720509], [-110.2613596, 49.6723354], [-110.2613828, 49.6724953], [-110.2614337, 49.6727279], [-110.2615544, 49.67299], [-110.2615678, 49.6730993], [-110.2614981, 49.6732764], [-110.2613103, 49.6736027], [-110.2613103, 49.6736513], [-110.261364, 49.6737155], [-110.2617636, 49.6739776], [-110.261946, 49.6741286], [-110.2621847, 49.6744272], [-110.2623349, 49.6745417], [-110.2625978, 49.6746355], [-110.262689, 49.6746355], [-110.2628392, 49.674606], [-110.2633595, 49.6744012], [-110.2637297, 49.6741894], [-110.2642366, 49.6740436], [-110.2645505, 49.6739499], [-110.2645853, 49.6739082], [-110.2645907, 49.6738544], [-110.2645397, 49.6737364], [-110.2643949, 49.673561], [-110.2642179, 49.6734899], [-110.2639872, 49.6734586], [-110.2636492, 49.6734517], [-110.2635178, 49.6734638], [-110.2633837, 49.6734899], [-110.2631262, 49.6735593], [-110.263043, 49.6735576], [-110.2628043, 49.6734864], [-110.2626166, 49.6733701], [-110.262571, 49.6733111], [-110.2625629, 49.6732573], [-110.2625763, 49.6729639], [-110.2625361, 49.6729014], [-110.2624422, 49.6727869], [-110.2623618, 49.6727279], [-110.2621633, 49.6726758], [-110.2619863, 49.6726168], [-110.2617878, 49.6725283], [-110.2617583, 49.6724831], [-110.2617288, 49.6724224], [-110.2616805, 49.6723946], [-110.2613596, 49.6723354]]}}, {"type": "Feature", "properties": {"name": "Path 1247792529", "difficulty": "intermediate", "area": "Cypress Hills / Elkwater", "osm_id": 1247792529, "highway": "track"}, "geometry": {"type": "LineString", "coordinates": [[-110.2617824, 49.6702144], [-110.2617261, 49.6702769], [-110.2615947, 49.6704782], [-110.2615705, 49.6706501], [-110.2617288, 49.6707351], [-110.2618817, 49.6707889], [-110.2622679, 49.6709209], [-110.263271, 49.6711326], [-110.2633435, 49.6711326], [-110.2634186, 49.671124], [-110.2640489, 49.6708948], [-110.264183, 49.6707855], [-110.2642098, 49.6707021], [-110.2642044, 49.6706258], [-110.2638155, 49.6702439], [-110.2635661, 49.670164], [-110.2633944, 49.6701501], [-110.2631316, 49.6701987], [-110.262689, 49.6703133], [-110.2626139, 49.670322], [-110.2623993, 49.6703064], [-110.2617824, 49.6702144]]}}, {"type": "Feature", "properties": {"name": "Turkey Trott", "difficulty": "intermediate", "area": "Cypress Hills / Elkwater", "osm_id": 1248892218, "highway": "path"}, "geometry": {"type": "LineString", "coordinates": [[-110.2966431, 49.6585009], [-110.2968691, 49.658576], [-110.2970132, 49.658599], [-110.2970674, 49.6586092], [-110.2971927, 49.6586376], [-110.2973096, 49.6586598]]}}, {"type": "Feature", "properties": {"name": "Turkey Trott", "difficulty": "intermediate", "area": "Cypress Hills / Elkwater", "osm_id": 1248892219, "highway": "path"}, "geometry": {"type": "LineString", "coordinates": [[-110.2963185, 49.6584575], [-110.2966431, 49.6585009]]}}, {"type": "Feature", "properties": {"name": "Path 1248892363", "difficulty": "intermediate", "area": "Cypress Hills / Elkwater", "osm_id": 1248892363, "highway": "path"}, "geometry": {"type": "LineString", "coordinates": [[-110.3005611, 49.6602237], [-110.3003546, 49.6602993], [-110.3002419, 49.6603427], [-110.3001239, 49.6603665], [-110.2999429, 49.6603882], [-110.2998691, 49.6604073], [-110.2997658, 49.6604442]]}}, {"type": "Feature", "properties": {"name": "Turkey Trott", "difficulty": "intermediate", "area": "Cypress Hills / Elkwater", "osm_id": 1248892365, "highway": "path"}, "geometry": {"type": "LineString", "coordinates": [[-110.2941108, 49.6609525], [-110.294048, 49.6609386]]}}, {"type": "Feature", "properties": {"name": "Turkey Trott", "difficulty": "intermediate", "area": "Cypress Hills / Elkwater", "osm_id": 1248892366, "highway": "path"}, "geometry": {"type": "LineString", "coordinates": [[-110.2979476, 49.6585332], [-110.2979352, 49.6585725], [-110.2979017, 49.6586133], [-110.2978662, 49.6586967], [-110.2977683, 49.6587831], [-110.2977294, 49.6588065], [-110.2974337, 49.6589376], [-110.2973284, 49.6590309], [-110.2972761, 49.6591117], [-110.297209, 49.6591499], [-110.2970763, 49.6591846], [-110.2970233, 49.6592015], [-110.2969287, 49.6592957], [-110.2967363, 49.6594363], [-110.2966518, 49.6594724], [-110.2966216, 49.6595127], [-110.2965083, 49.6595922], [-110.2964325, 49.6596256], [-110.2963393, 49.6596855], [-110.2963232, 49.6597146], [-110.296291, 49.6597354], [-110.296228, 49.659758], [-110.2961791, 49.6597858], [-110.2961382, 49.6598101], [-110.2961091, 49.6598536], [-110.2960805, 49.6598782], [-110.2959591, 49.6599208], [-110.2959306, 49.6599322], [-110.2959021, 49.6599828], [-110.2957875, 49.6600579], [-110.2957268, 49.6600811], [-110.2954577, 49.6601494], [-110.2953878, 49.6601634], [-110.295068, 49.6602537], [-110.2950163, 49.6602815], [-110.2949855, 49.6603353], [-110.2949479, 49.6603709], [-110.2948353, 49.6604299], [-110.294724, 49.6604751], [-110.2945925, 49.6605567], [-110.2944745, 49.6605749], [-110.2943324, 49.6606591], [-110.2942559, 49.6607424], [-110.2942117, 49.6608544], [-110.2941939, 49.6609621], [-110.2941108, 49.6609525]]}}, {"type": "Feature", "properties": {"name": "Path 1248903220", "difficulty": "intermediate", "area": "Cypress Hills / Elkwater", "osm_id": 1248903220, "highway": "path"}, "geometry": {"type": "LineString", "coordinates": [[-110.3327845, 49.6554666], [-110.3325914, 49.6555083], [-110.3323849, 49.6555864], [-110.3321797, 49.6556611], [-110.3320496, 49.6556889], [-110.3319436, 49.6557036], [-110.3318216, 49.6557089], [-110.3316459, 49.655721], [-110.3314635, 49.6557323], [-110.3312637, 49.655774], [-110.3310987, 49.6558252], [-110.3309606, 49.6558912], [-110.3308667, 49.6559563], [-110.3306548, 49.6561204]]}}, {"type": "Feature", "properties": {"name": "Path 1248903224", "difficulty": "intermediate", "area": "Cypress Hills / Elkwater", "osm_id": 1248903224, "highway": "track"}, "geometry": {"type": "LineString", "coordinates": [[-110.327931, 49.6594802], [-110.3273356, 49.6596868], [-110.3260589, 49.6602806], [-110.3246856, 49.6608223], [-110.323264, 49.6613466], [-110.3225398, 49.6615793], [-110.3222287, 49.6616279], [-110.3217191, 49.6616279], [-110.3210378, 49.6616522], [-110.32085, 49.6616696], [-110.3206582, 49.6617049]]}}, {"type": "Feature", "properties": {"name": "Path 1248903225", "difficulty": "intermediate", "area": "Cypress Hills / Elkwater", "osm_id": 1248903225, "highway": "track"}, "geometry": {"type": "LineString", "coordinates": [[-110.3296316, 49.6588968], [-110.3296772, 49.6590583], [-110.3298381, 49.659376], [-110.3299293, 49.6595965], [-110.3299186, 49.6599108], [-110.3299052, 49.6601782], [-110.3297791, 49.6603553], [-110.3296101, 49.6605202], [-110.3295431, 49.6606643], [-110.3295243, 49.6608362], [-110.3293955, 49.6613084], [-110.3293124, 49.6613935], [-110.3287384, 49.6616626], [-110.3284326, 49.661897], [-110.3280464, 49.6623085], [-110.3275555, 49.6628016], [-110.3273356, 49.6631262], [-110.3273222, 49.6633016], [-110.3273946, 49.6633918], [-110.3275743, 49.6635898], [-110.3276467, 49.6637252], [-110.327754, 49.6641853], [-110.3278425, 49.6643137], [-110.3279364, 49.6643537], [-110.3280169, 49.6643571], [-110.3281403, 49.6643241], [-110.3286257, 49.6641557], [-110.3291032, 49.6640655], [-110.3292373, 49.6640672], [-110.3293043, 49.6641019], [-110.3293285, 49.6641835], [-110.3293312, 49.6645498], [-110.3293794, 49.664687], [-110.3294385, 49.6648224], [-110.3295001, 49.6651644], [-110.3294411, 49.6652738], [-110.3293419, 49.6654456], [-110.3291863, 49.6657182], [-110.3286016, 49.6663449], [-110.3282422, 49.6665845], [-110.3277513, 49.6667841], [-110.3271049, 49.6670254], [-110.3266275, 49.6672529], [-110.3260347, 49.667581]]}}, {"type": "Feature", "properties": {"name": "Path 1248903274", "difficulty": "intermediate", "area": "Cypress Hills / Elkwater", "osm_id": 1248903274, "highway": "track"}, "geometry": {"type": "LineString", "coordinates": [[-110.3306347, 49.6362346], [-110.3310102, 49.6361165], [-110.331654, 49.6359498], [-110.332303, 49.6358907], [-110.3332177, 49.6358351], [-110.3337193, 49.6358612], [-110.3340197, 49.6358924], [-110.3343415, 49.6359532], [-110.33454, 49.6359775], [-110.3346983, 49.6359706], [-110.3348404, 49.6359115], [-110.3350094, 49.6357361], [-110.3352749, 49.6352427], [-110.3357577, 49.6343898], [-110.3360099, 49.6341935], [-110.3363317, 49.6340059], [-110.3365758, 49.6339242], [-110.3370988, 49.633794], [-110.3374636, 49.6336862], [-110.3381851, 49.6334013], [-110.339148, 49.6330574], [-110.339427, 49.6329462], [-110.3396228, 49.6328124], [-110.3399071, 49.632571], [-110.3399983, 49.6324476], [-110.3400627, 49.6322322], [-110.3401002, 49.6320689], [-110.3402773, 49.6318882], [-110.3405938, 49.6317023], [-110.3411087, 49.631473], [-110.3413931, 49.6313184], [-110.3415084, 49.6312089], [-110.3415594, 49.6310786], [-110.3415433, 49.6308267], [-110.3415701, 49.630726], [-110.3416854, 49.6305019], [-110.3417819, 49.6302157]]}}, {"type": "Feature", "properties": {"name": "Path 1248903275", "difficulty": "intermediate", "area": "Cypress Hills / Elkwater", "osm_id": 1248903275, "highway": "path"}, "geometry": {"type": "LineString", "coordinates": [[-110.3289913, 49.6374412], [-110.3288001, 49.6374819], [-110.3286016, 49.6374575], [-110.3284621, 49.6373429], [-110.3284407, 49.6372456], [-110.3285014, 49.6371762], [-110.3286928, 49.6370441], [-110.3295695, 49.6368223]]}}, {"type": "Feature", "properties": {"name": "Path 1248903285", "difficulty": "intermediate", "area": "Cypress Hills / Elkwater", "osm_id": 1248903285, "highway": "track"}, "geometry": {"type": "LineString", "coordinates": [[-110.3616092, 49.6237671], [-110.3615606, 49.6235869], [-110.3614909, 49.6233749], [-110.3613728, 49.6232359], [-110.3611851, 49.6231039], [-110.3608739, 49.6229371], [-110.3604823, 49.6228502], [-110.3599513, 49.6228745], [-110.3591251, 49.6229649], [-110.3575909, 49.6230587], [-110.3568721, 49.6230135], [-110.3560031, 49.6228676], [-110.3557348, 49.6227424], [-110.3551716, 49.6223254], [-110.3547263, 49.6220335], [-110.3542543, 49.6218736], [-110.3539753, 49.6218215], [-110.3537607, 49.6218528], [-110.3534657, 49.6219953], [-110.3533691, 49.622176], [-110.3533745, 49.6223219], [-110.3537715, 49.6227563], [-110.353868, 49.622878], [-110.3539217, 49.6230483], [-110.3538573, 49.6236807], [-110.3538895, 49.6239518], [-110.3539699, 49.6242333], [-110.3539109, 49.624407], [-110.3537554, 49.6246155], [-110.3533101, 49.6248518], [-110.3519154, 49.6254182], [-110.3507137, 49.6258908], [-110.3504723, 49.6259152], [-110.3502041, 49.6258874], [-110.349614, 49.6257206], [-110.3492546, 49.6256406], [-110.3486913, 49.6255955], [-110.348348, 49.6255433], [-110.3478545, 49.6255572], [-110.3473878, 49.6256059], [-110.3468728, 49.6257032], [-110.3462505, 49.6258735], [-110.3459019, 49.6259221], [-110.3455746, 49.62587], [-110.3448933, 49.6256719], [-110.3445017, 49.625592], [-110.3439117, 49.6255121], [-110.3431231, 49.6254148], [-110.3417015, 49.6251403], [-110.3401137, 49.6245148], [-110.3377962, 49.6234444], [-110.3365731, 49.6225409], [-110.3355003, 49.6213454], [-110.3333116, 49.6194687], [-110.33108, 49.6177032], [-110.3284407, 49.6159585], [-110.327282, 49.6152772], [-110.3265631, 49.6146307], [-110.326193, 49.6142866], [-110.3259462, 49.6139912], [-110.3255332, 49.6135081], [-110.3252006, 49.6129345], [-110.324868, 49.612222], [-110.3244764, 49.6114399], [-110.3243637, 49.611068], [-110.3243637, 49.6106891], [-110.3244817, 49.6100703], [-110.3245086, 49.6098096], [-110.3245461, 49.609389], [-110.3246963, 49.6089232], [-110.3252596, 49.60771], [-110.3256512, 49.606768], [-110.3256726, 49.6063091], [-110.32556, 49.6059058], [-110.325281, 49.6053357]]}}, {"type": "Feature", "properties": {"name": "Path 1248903286", "difficulty": "intermediate", "area": "Cypress Hills / Elkwater", "osm_id": 1248903286, "highway": "track"}, "geometry": {"type": "LineString", "coordinates": [[-110.3446204, 49.629194], [-110.3446841, 49.628358], [-110.3446734, 49.627253], [-110.3445339, 49.6266553], [-110.3441745, 49.6260681], [-110.3436917, 49.6257032], [-110.3431231, 49.6254148]]}}, {"type": "Feature", "properties": {"name": "Path 1248903287", "difficulty": "intermediate", "area": "Cypress Hills / Elkwater", "osm_id": 1248903287, "highway": "track"}, "geometry": {"type": "LineString", "coordinates": [[-110.3534616, 49.6291459], [-110.3532618, 49.6292128], [-110.3527254, 49.6295672], [-110.3523874, 49.6297722], [-110.3522265, 49.6299008], [-110.3521246, 49.6299216], [-110.3520012, 49.6298799], [-110.351674, 49.6296402], [-110.3511, 49.6293796], [-110.3503919, 49.6291259], [-110.3498018, 49.6289973], [-110.3491312, 49.6289695], [-110.348053, 49.6290877], [-110.3473395, 49.6291746], [-110.3469694, 49.6291363], [-110.3465456, 49.6290981], [-110.3461003, 49.6291051], [-110.3449505, 49.6290751]]}}, {"type": "Feature", "properties": {"name": "Path 1248903288", "difficulty": "intermediate", "area": "Cypress Hills / Elkwater", "osm_id": 1248903288, "highway": "track"}, "geometry": {"type": "LineString", "coordinates": [[-110.349191, 49.6275794], [-110.3500915, 49.6277395], [-110.3522587, 49.6285526], [-110.3534616, 49.6291459], [-110.355767, 49.630283], [-110.3594899, 49.6320758], [-110.3602624, 49.6325692], [-110.3616464, 49.6330209], [-110.3631645, 49.6330035], [-110.3634542, 49.6330417], [-110.3636956, 49.6331356], [-110.3644466, 49.6337019], [-110.3645271, 49.6338061], [-110.3645164, 49.6338825], [-110.3644359, 49.6339416], [-110.3641731, 49.6339416], [-110.3633791, 49.6339416], [-110.3631109, 49.634018], [-110.3627461, 49.6342022], [-110.3621453, 49.634501], [-110.3616089, 49.6346539], [-110.3612012, 49.6346504], [-110.3608525, 49.6345948], [-110.3606057, 49.6344489], [-110.360477, 49.6342369], [-110.3603268, 49.633959], [-110.3601819, 49.6337783], [-110.3600156, 49.6336567], [-110.3598547, 49.6335942], [-110.3594953, 49.6335247], [-110.3593022, 49.6335004], [-110.3591573, 49.6334066], [-110.3590822, 49.6332502], [-110.3589696, 49.632868], [-110.3587496, 49.6326109], [-110.3578645, 49.6319925], [-110.3570759, 49.6316797], [-110.3565878, 49.6315512], [-110.3560406, 49.6314782], [-110.3557295, 49.6314053], [-110.355354, 49.6312559], [-110.3550375, 49.6311759], [-110.3544956, 49.6311551], [-110.3540611, 49.6311898], [-110.353573, 49.6312802], [-110.3533959, 49.6312489], [-110.3533047, 49.6310995], [-110.3530151, 49.6307034], [-110.3527951, 49.6304185], [-110.3528166, 49.6302517], [-110.352999, 49.6299529], [-110.3533799, 49.6294977], [-110.3534496, 49.6292823], [-110.3534616, 49.6291459]]}}, {"type": "Feature", "properties": {"name": "Path 1248916579", "difficulty": "intermediate", "area": "Cypress Hills / Elkwater", "osm_id": 1248916579, "highway": "path"}, "geometry": {"type": "LineString", "coordinates": [[-110.361405, 49.6112592], [-110.3610295, 49.6117666], [-110.3606808, 49.6123749], [-110.3604126, 49.6130458], [-110.3598011, 49.6139773], [-110.3592593, 49.614735], [-110.3584385, 49.6159585], [-110.357312, 49.61681], [-110.3567755, 49.6173139], [-110.3564, 49.6176893], [-110.3558797, 49.6187424], [-110.3553969, 49.6195243], [-110.3545278, 49.6204314], [-110.354265, 49.6207338], [-110.3541952, 49.6209458], [-110.3541201, 49.6214149], [-110.3539753, 49.6218215]]}}, {"type": "Feature", "properties": {"name": "Path 1249245486", "difficulty": "intermediate", "area": "Cypress Hills / Elkwater", "osm_id": 1249245486, "highway": "track"}, "geometry": {"type": "LineString", "coordinates": [[-110.2702005, 49.6205574], [-110.2699685, 49.6204731], [-110.2698103, 49.6204488], [-110.2696896, 49.6204505], [-110.2692845, 49.620494], [-110.2689064, 49.6205305], [-110.2684718, 49.6205026], [-110.2681714, 49.6204905], [-110.2678013, 49.6205096], [-110.2674633, 49.6205496], [-110.2670985, 49.6206017], [-110.2668893, 49.6206086], [-110.2667177, 49.6205913], [-110.2663529, 49.6205044], [-110.2659801, 49.6203793], [-110.2657065, 49.6202211], [-110.2654865, 49.6200335], [-110.265162, 49.6197589], [-110.2648535, 49.619434], [-110.2646658, 49.619189], [-110.2645505, 49.6189439], [-110.2644271, 49.6187354], [-110.2643842, 49.6184939]]}}, {"type": "Feature", "properties": {"name": "Ross Creek Coulee Trail", "difficulty": "intermediate", "area": "Medicine Hat", "osm_id": 1270203722, "highway": "cycleway"}, "geometry": {"type": "LineString", "coordinates": [[-110.6329081, 50.0157355], [-110.6328399, 50.0158763], [-110.6325261, 50.0164125], [-110.631988, 50.0167613], [-110.6316752, 50.0169447], [-110.6314865, 50.0170243], [-110.6313233, 50.0170855], [-110.6311729, 50.017121], [-110.6309852, 50.0171594], [-110.6308649, 50.0171852], [-110.6305803, 50.0172265], [-110.6303751, 50.0172353], [-110.6302004, 50.0172297], [-110.629167, 50.017138], [-110.629012, 50.017104], [-110.6287393, 50.0169975], [-110.628615, 50.016911], [-110.6286081, 50.0168223], [-110.6286226, 50.0165553]]}}, {"type": "Feature", "properties": {"name": "Ross Creek Coulee Trail", "difficulty": "intermediate", "area": "Medicine Hat", "osm_id": 1270203723, "highway": "cycleway"}, "geometry": {"type": "LineString", "coordinates": [[-110.6286226, 50.0165553], [-110.6286181, 50.0164703]]}}, {"type": "Feature", "properties": {"name": "Ross Creek Coulee Trail", "difficulty": "intermediate", "area": "Medicine Hat", "osm_id": 1270203724, "highway": "cycleway"}, "geometry": {"type": "LineString", "coordinates": [[-110.6286181, 50.0164703], [-110.6286123, 50.0164519], [-110.6285898, 50.0164416], [-110.6285603, 50.0164328], [-110.6284465, 50.0164192], [-110.628361, 50.0164018], [-110.6283074, 50.0163784], [-110.6282678, 50.0163451], [-110.6282076, 50.0162586]]}}, {"type": "Feature", "properties": {"name": "Ross Creek Coulee Trail", "difficulty": "intermediate", "area": "Medicine Hat", "osm_id": 1270203725, "highway": "cycleway"}, "geometry": {"type": "LineString", "coordinates": [[-110.6282076, 50.0162586], [-110.6281864, 50.0162281]]}}, {"type": "Feature", "properties": {"name": "Ross Creek Coulee Trail", "difficulty": "intermediate", "area": "Medicine Hat", "osm_id": 1270203726, "highway": "cycleway"}, "geometry": {"type": "LineString", "coordinates": [[-110.6281864, 50.0162281], [-110.6281008, 50.0161051], [-110.6280705, 50.0160526], [-110.6280624, 50.0159948], [-110.6280636, 50.015937], [-110.6280794, 50.0156782], [-110.6281163, 50.0155315], [-110.6281191, 50.0154964]]}}, {"type": "Feature", "properties": {"name": "Ross Creek Coulee Trail", "difficulty": "intermediate", "area": "Medicine Hat", "osm_id": 1270203727, "highway": "cycleway"}, "geometry": {"type": "LineString", "coordinates": [[-110.6281191, 50.0154964], [-110.6280964, 50.0154476], [-110.6280576, 50.0154143], [-110.6280117, 50.0153824]]}}, {"type": "Feature", "properties": {"name": "Path 1277900493", "difficulty": "intermediate", "area": "Medicine Hat", "osm_id": 1277900493, "highway": "track"}, "geometry": {"type": "LineString", "coordinates": [[-110.7369926, 50.0937824], [-110.7369882, 50.0933037], [-110.7369801, 50.0924206]]}}, {"type": "Feature", "properties": {"name": "Path 1277900495", "difficulty": "intermediate", "area": "Medicine Hat", "osm_id": 1277900495, "highway": "track"}, "geometry": {"type": "LineString", "coordinates": [[-110.7357423, 50.0933049], [-110.7357422, 50.0928848], [-110.7357422, 50.0925898]]}}, {"type": "Feature", "properties": {"name": "Path 1277900497", "difficulty": "intermediate", "area": "Medicine Hat", "osm_id": 1277900497, "highway": "track"}, "geometry": {"type": "LineString", "coordinates": [[-110.7190244, 50.0903559], [-110.7190941, 50.0903215], [-110.7191639, 50.0901907], [-110.7192283, 50.0899946], [-110.7193141, 50.0896194], [-110.7194053, 50.088673], [-110.7193677, 50.0880639], [-110.7193274, 50.0874342], [-110.7193491, 50.0865533]]}}, {"type": "Feature", "properties": {"name": "Path 1277900499", "difficulty": "intermediate", "area": "Medicine Hat", "osm_id": 1277900499, "highway": "track"}, "geometry": {"type": "LineString", "coordinates": [[-110.7190995, 50.0870418], [-110.7191585, 50.0867665], [-110.7192592, 50.0865508], [-110.7192357, 50.0857423], [-110.7191228, 50.0852593], [-110.7189704, 50.0849863], [-110.7187779, 50.0848596], [-110.7185914, 50.0847987], [-110.7184088, 50.0847688], [-110.7181338, 50.0847758], [-110.7178907, 50.0848386], [-110.7176886, 50.0849536], [-110.7175733, 50.0851289], [-110.7175463, 50.0853299], [-110.7175934, 50.0854596], [-110.71789, 50.0857218], [-110.718212, 50.085935], [-110.7185212, 50.086174], [-110.7187321, 50.0863652], [-110.7188763, 50.0866695], [-110.7189003, 50.086955], [-110.7190995, 50.0870418], [-110.7190179, 50.0878821], [-110.7189707, 50.0885319], [-110.7189547, 50.0892684], [-110.7189761, 50.0899808], [-110.7189815, 50.0902458], [-110.7190244, 50.0903559], [-110.7189922, 50.0905899], [-110.7189815, 50.091144], [-110.7189868, 50.0913952], [-110.7189654, 50.0915191], [-110.7189868, 50.0917657], [-110.7189922, 50.0921455], [-110.7190454, 50.0924208], [-110.7193834, 50.0929301], [-110.7199144, 50.0933155], [-110.7204723, 50.0935771], [-110.7212663, 50.0937423], [-110.7270974, 50.0937836], [-110.7325157, 50.0937939]]}}, {"type": "Feature", "properties": {"name": "Path 1277900500", "difficulty": "intermediate", "area": "Medicine Hat", "osm_id": 1277900500, "highway": "track"}, "geometry": {"type": "LineString", "coordinates": [[-110.7192357, 50.0857423], [-110.7193281, 50.0851223], [-110.7193397, 50.0844455]]}}, {"type": "Feature", "properties": {"name": "Path 1293720730", "difficulty": "intermediate", "area": "Medicine Hat", "osm_id": 1293720730, "highway": "cycleway"}, "geometry": {"type": "LineString", "coordinates": [[-110.6671545, 50.0455026], [-110.6671272, 50.0455353], [-110.6671208, 50.0455536], [-110.667122, 50.0455703], [-110.667148, 50.0456953], [-110.66714, 50.0457375], [-110.667122, 50.0457652], [-110.6670792, 50.0458112], [-110.6670189, 50.0458379], [-110.6668263, 50.0459187]]}}, {"type": "Feature", "properties": {"name": "Path 1295540040", "difficulty": "intermediate", "area": "Medicine Hat", "osm_id": 1295540040, "highway": "track"}, "geometry": {"type": "LineString", "coordinates": [[-110.2207534, 49.9487819], [-110.2206109, 49.9490749], [-110.2206251, 49.9491495], [-110.2205844, 49.9492201], [-110.2204828, 49.9492188], [-110.2202897, 49.9491796], [-110.2201372, 49.9491128], [-110.2200925, 49.9490697]]}}, {"type": "Feature", "properties": {"name": "Path 1295540042", "difficulty": "intermediate", "area": "Medicine Hat", "osm_id": 1295540042, "highway": "track"}, "geometry": {"type": "LineString", "coordinates": [[-110.289274, 49.9565815], [-110.2892683, 49.9562965], [-110.2892765, 49.955385], [-110.2893822, 49.9552764], [-110.2897481, 49.9551875], [-110.2906445, 49.9550463]]}}, {"type": "Feature", "properties": {"name": "Path 1295540044", "difficulty": "intermediate", "area": "Medicine Hat", "osm_id": 1295540044, "highway": "track"}, "geometry": {"type": "LineString", "coordinates": [[-110.3232263, 49.9562203], [-110.3231859, 49.9560165], [-110.3232347, 49.9554475], [-110.3231147, 49.9549244], [-110.3229603, 49.9547701], [-110.3226736, 49.9546105], [-110.321767, 49.9543398], [-110.3209296, 49.9540822], [-110.3202486, 49.9540534], [-110.3199701, 49.9539658], [-110.3199986, 49.9536937], [-110.3201713, 49.9535655], [-110.3212243, 49.9535682], [-110.3214052, 49.953661], [-110.3216837, 49.9542417], [-110.321767, 49.9543398]]}}, {"type": "Feature", "properties": {"name": "Path 1295546415", "difficulty": "intermediate", "area": "Medicine Hat", "osm_id": 1295546415, "highway": "path"}, "geometry": {"type": "LineString", "coordinates": [[-110.6756021, 50.0112164], [-110.6753809, 50.0111362], [-110.67525, 50.0110469], [-110.6750031, 50.0109099], [-110.6749217, 50.0108434], [-110.6748341, 50.0106722], [-110.6747032, 50.0105244], [-110.6745934, 50.0104948], [-110.6743944, 50.0104675], [-110.6742989, 50.0104587], [-110.6741431, 50.0104442], [-110.6738175, 50.010389], [-110.6736432, 50.0103379], [-110.6734821, 50.010343], [-110.6731273, 50.0103009], [-110.6728858, 50.0102605], [-110.6728053, 50.0102059]]}}, {"type": "Feature", "properties": {"name": "Path 1295546416", "difficulty": "intermediate", "area": "Medicine Hat", "osm_id": 1295546416, "highway": "path"}, "geometry": {"type": "LineString", "coordinates": [[-110.679817, 50.0120182], [-110.6799351, 50.0120791], [-110.6801012, 50.0121053], [-110.6801653, 50.0121474], [-110.6802717, 50.0122935], [-110.6804291, 50.0123619], [-110.6805792, 50.0124977], [-110.68076, 50.0125698], [-110.6811972, 50.0127131], [-110.6815091, 50.0128105], [-110.6815543, 50.0128845], [-110.681493, 50.0130849], [-110.6813575, 50.0133004], [-110.6813007, 50.0133743], [-110.6812992, 50.0134483]]}}, {"type": "Feature", "properties": {"name": "Path 1296529080", "difficulty": "intermediate", "area": "Cypress Hills / Elkwater", "osm_id": 1296529080, "highway": "path"}, "geometry": {"type": "LineString", "coordinates": [[-110.2821597, 49.6629138], [-110.2818693, 49.6630821]]}}, {"type": "Feature", "properties": {"name": "Path 1303783255", "difficulty": "intermediate", "area": "Cypress Hills / Elkwater", "osm_id": 1303783255, "highway": "track"}, "geometry": {"type": "LineString", "coordinates": [[-110.3206582, 49.6617049], [-110.3200185, 49.6618224], [-110.319348, 49.6618675], [-110.319069, 49.6619231], [-110.3184199, 49.6621349], [-110.3177655, 49.6624613], [-110.3171781, 49.6626991], [-110.3170024, 49.6627347], [-110.3168334, 49.6627677], [-110.3165518, 49.6628476], [-110.3162857, 49.6629503]]}}, {"type": "Feature", "properties": {"name": "Path 1330563955", "difficulty": "intermediate", "area": "Medicine Hat", "osm_id": 1330563955, "highway": "cycleway"}, "geometry": {"type": "LineString", "coordinates": [[-110.7335259, 49.993856], [-110.7336944, 49.99378], [-110.7337112, 49.9937569], [-110.7337184, 49.9937291], [-110.733704, 49.9937013], [-110.7327564, 49.9929074], [-110.7327011, 49.9928534], [-110.7326531, 49.9927932], [-110.7326099, 49.9927222], [-110.7325859, 49.9926667], [-110.7325691, 49.9926158], [-110.7325691, 49.9925911], [-110.7325859, 49.9925602], [-110.7326195, 49.9925293], [-110.7326483, 49.9925139], [-110.7326843, 49.9924969]]}}, {"type": "Feature", "properties": {"name": "Path 1330563958", "difficulty": "intermediate", "area": "Medicine Hat", "osm_id": 1330563958, "highway": "cycleway"}, "geometry": {"type": "LineString", "coordinates": [[-110.7328993, 49.9924251], [-110.732956, 49.9924086], [-110.7329951, 49.9924043], [-110.7330342, 49.9924043], [-110.7332108, 49.9924286], [-110.7332688, 49.9924338], [-110.7333295, 49.9924294], [-110.7334536, 49.9924095], [-110.7335156, 49.9923861], [-110.7335588, 49.9923583], [-110.7335776, 49.9923358], [-110.733583, 49.9923063], [-110.7335776, 49.9919526], [-110.7334965, 49.9919218]]}}, {"type": "Feature", "properties": {"name": "Path 1330563959", "difficulty": "intermediate", "area": "Medicine Hat", "osm_id": 1330563959, "highway": "cycleway"}, "geometry": {"type": "LineString", "coordinates": [[-110.7326843, 49.9924969], [-110.7328993, 49.9924251]]}}, {"type": "Feature", "properties": {"name": "Path 1330563963", "difficulty": "intermediate", "area": "Medicine Hat", "osm_id": 1330563963, "highway": "cycleway"}, "geometry": {"type": "LineString", "coordinates": [[-110.7271257, 49.9889624], [-110.7271203, 49.9894481]]}}, {"type": "Feature", "properties": {"name": "Path 1330563964", "difficulty": "intermediate", "area": "Medicine Hat", "osm_id": 1330563964, "highway": "path"}, "geometry": {"type": "LineString", "coordinates": [[-110.7271203, 49.9894481], [-110.7271203, 49.9896699]]}}, {"type": "Feature", "properties": {"name": "Path 1330563965", "difficulty": "intermediate", "area": "Medicine Hat", "osm_id": 1330563965, "highway": "cycleway"}, "geometry": {"type": "LineString", "coordinates": [[-110.7234423, 49.9878453], [-110.723381, 49.9879337], [-110.7233343, 49.9879892], [-110.723276, 49.9880418], [-110.7231989, 49.9880793], [-110.7231195, 49.9881124], [-110.7230728, 49.9881409], [-110.7230331, 49.9881844], [-110.7230168, 49.9882355], [-110.7230261, 49.9882925], [-110.7230611, 49.9883451], [-110.7231102, 49.9883826], [-110.7231849, 49.9884096], [-110.7232456, 49.9884156], [-110.723337, 49.9884155], [-110.7235865, 49.9884171], [-110.7236986, 49.9884216], [-110.7237873, 49.9884351], [-110.7238667, 49.9884591], [-110.7239112, 49.988483], [-110.7239414, 49.9885087], [-110.7239508, 49.9885222], [-110.7239554, 49.9885462], [-110.7239507, 49.9889595]]}}, {"type": "Feature", "properties": {"name": "Path 1330563967", "difficulty": "intermediate", "area": "Medicine Hat", "osm_id": 1330563967, "highway": "cycleway"}, "geometry": {"type": "LineString", "coordinates": [[-110.7299006, 49.9890731], [-110.7298774, 49.9890846], [-110.7298255, 49.9890972], [-110.7297789, 49.9891018], [-110.729736, 49.9891018], [-110.7296948, 49.989088], [-110.7296716, 49.9890685], [-110.7296591, 49.9890466], [-110.7296322, 49.9888637], [-110.7296233, 49.9888361], [-110.7296054, 49.9888085], [-110.7295803, 49.9887843], [-110.7295392, 49.9887636], [-110.7294622, 49.9887406], [-110.7294068, 49.9887188], [-110.7293763, 49.988698], [-110.729328, 49.9886405], [-110.729303, 49.9886095], [-110.7292744, 49.9885957], [-110.7292368, 49.9885899], [-110.7292099, 49.9885899], [-110.7291759, 49.9885957], [-110.7287376, 49.9887349], [-110.7287053, 49.9887498], [-110.7286552, 49.9887786], [-110.7285336, 49.9888856]]}}, {"type": "Feature", "properties": {"name": "Path 1330563969", "difficulty": "intermediate", "area": "Medicine Hat", "osm_id": 1330563969, "highway": "cycleway"}, "geometry": {"type": "LineString", "coordinates": [[-110.7219303, 49.9782058], [-110.7219349, 49.9793439]]}}, {"type": "Feature", "properties": {"name": "Path 1330563974", "difficulty": "intermediate", "area": "Medicine Hat", "osm_id": 1330563974, "highway": "cycleway"}, "geometry": {"type": "LineString", "coordinates": [[-110.7273142, 49.9851765], [-110.7275748, 49.9851371], [-110.728256, 49.985117], [-110.7283163, 49.9851069], [-110.728361, 49.9850883], [-110.7283945, 49.985061], [-110.7284169, 49.9850251], [-110.7284794, 49.9848585], [-110.7285107, 49.9848096], [-110.7285553, 49.9847579], [-110.7285933, 49.9847335], [-110.7286335, 49.9847206], [-110.7286551, 49.9847174], [-110.7287117, 49.9847091], [-110.7288725, 49.9846833], [-110.7289306, 49.9846603], [-110.728973, 49.9846344], [-110.7290133, 49.9845985], [-110.7290646, 49.9845439], [-110.7291048, 49.9845123], [-110.729145, 49.9844908], [-110.7291875, 49.9844721], [-110.7293505, 49.9844104], [-110.7294399, 49.9843658], [-110.7295203, 49.9843041], [-110.7295627, 49.9842423], [-110.7295873, 49.9841878], [-110.7295985, 49.9841231], [-110.7295784, 49.9840556], [-110.729527, 49.9839738], [-110.7294645, 49.9839192], [-110.729384, 49.983889], [-110.7293126, 49.983879], [-110.7292277, 49.9838818], [-110.7291607, 49.9838976], [-110.7291026, 49.9839264], [-110.7290646, 49.9839565], [-110.7290378, 49.9839982], [-110.7289753, 49.9840973], [-110.7289038, 49.9841849], [-110.7287832, 49.9842955], [-110.728638, 49.9844003], [-110.7284452, 49.9845108], [-110.7283498, 49.9845655], [-110.7282091, 49.9846272], [-110.7281332, 49.9846416], [-110.7280706, 49.9846459], [-110.7274943, 49.9846689], [-110.7273335, 49.984666], [-110.726621, 49.9846574], [-110.7265316, 49.9846603], [-110.7264602, 49.9846675], [-110.7263596, 49.9846904], [-110.7262376, 49.9847278], [-110.7261606, 49.9847564], [-110.7261127, 49.9847828], [-110.726075, 49.9847938], [-110.7260459, 49.9847971], [-110.7260168, 49.9847949], [-110.7259946, 49.9847861], [-110.7259843, 49.984774], [-110.7258611, 49.9845495], [-110.7258114, 49.9844923], [-110.7257481, 49.9844361], [-110.7256831, 49.9844031], [-110.725606, 49.9843767], [-110.7255222, 49.9843569], [-110.7254537, 49.9843426], [-110.7254109, 49.9843228], [-110.725315, 49.9842446], [-110.7251849, 49.98415], [-110.725161, 49.9841191], [-110.7251404, 49.9840784], [-110.7250959, 49.9839684], [-110.7250754, 49.983932], [-110.7250429, 49.9839067], [-110.7249813, 49.9838792], [-110.7249059, 49.9838605], [-110.7248341, 49.9838473], [-110.7247553, 49.9838407], [-110.7246868, 49.983844], [-110.7246372, 49.9838506], [-110.7245859, 49.9838649], [-110.7245672, 49.9838727], [-110.7245123, 49.9838957], [-110.7244523, 49.9839243], [-110.7244078, 49.983953], [-110.7243565, 49.9839959], [-110.7241716, 49.9841555], [-110.7240946, 49.9842105], [-110.7240364, 49.9842446], [-110.7238464, 49.9843404], [-110.7237163, 49.9843976], [-110.7236581, 49.9844328], [-110.7236085, 49.9844713], [-110.723564, 49.9845242], [-110.7235297, 49.9845539], [-110.7234921, 49.984566], [-110.7234459, 49.9845671], [-110.7234168, 49.9845572], [-110.7233449, 49.984533], [-110.7233158, 49.9845297], [-110.7232987, 49.9845352], [-110.7232867, 49.9845484], [-110.7232644, 49.9845968], [-110.7232182, 49.9847036], [-110.7232011, 49.9847135], [-110.7231788, 49.9847157], [-110.72316, 49.9847102], [-110.723148, 49.9847003], [-110.7230693, 49.9845836], [-110.7230539, 49.9845726], [-110.7230299, 49.9845726], [-110.7230043, 49.9845847], [-110.7229923, 49.9845979], [-110.7229563, 49.9846661], [-110.7229461, 49.9847058], [-110.7229495, 49.9847465], [-110.7229632, 49.9847927], [-110.7229957, 49.9848477], [-110.7230128, 49.9848698], [-110.7230197, 49.9848852], [-110.7230162, 49.9848962], [-110.7230043, 49.9849039], [-110.7228838, 49.9849651]]}}, {"type": "Feature", "properties": {"name": "Path 1330563975", "difficulty": "intermediate", "area": "Medicine Hat", "osm_id": 1330563975, "highway": "cycleway"}, "geometry": {"type": "LineString", "coordinates": [[-110.7286551, 49.9847174], [-110.7285633, 49.9846164], [-110.7285359, 49.98459], [-110.7284452, 49.9845108]]}}, {"type": "Feature", "properties": {"name": "Path 1330563976", "difficulty": "intermediate", "area": "Medicine Hat", "osm_id": 1330563976, "highway": "cycleway"}, "geometry": {"type": "LineString", "coordinates": [[-110.7245672, 49.9838727], [-110.7245523, 49.9838432], [-110.7245506, 49.9838238], [-110.7245573, 49.9837948], [-110.724569, 49.9837679], [-110.7245908, 49.9837442], [-110.7246259, 49.9837248], [-110.7246678, 49.9837097], [-110.7247297, 49.9836925], [-110.7247582, 49.9836731], [-110.7247833, 49.9836419], [-110.7248, 49.9836032], [-110.7248017, 49.9835773], [-110.7247883, 49.9835289], [-110.7247729, 49.9834788], [-110.7247632, 49.9834471], [-110.7247515, 49.9833879], [-110.7247481, 49.9833276], [-110.7247498, 49.9832705], [-110.7247932, 49.9829488]]}}, {"type": "Feature", "properties": {"name": "Path 1330563977", "difficulty": "intermediate", "area": "Medicine Hat", "osm_id": 1330563977, "highway": "cycleway"}, "geometry": {"type": "LineString", "coordinates": [[-110.7251416, 49.9829659], [-110.7247932, 49.9829488], [-110.7240852, 49.9829142], [-110.7239931, 49.982912], [-110.7239111, 49.9829174], [-110.7238642, 49.9829336], [-110.7238257, 49.9829583], [-110.7238006, 49.9829971], [-110.7237922, 49.983038], [-110.7238006, 49.9830767], [-110.723819, 49.9831026], [-110.7238608, 49.9831349], [-110.7239094, 49.9831543], [-110.7241555, 49.9832231], [-110.7242091, 49.9832458], [-110.724261, 49.9832759], [-110.7242944, 49.9833017], [-110.7243966, 49.9834094], [-110.7244468, 49.9834449], [-110.7245104, 49.9834718], [-110.7245489, 49.9834826], [-110.7245975, 49.9834901], [-110.724641, 49.9834901], [-110.7247729, 49.9834788]]}}, {"type": "Feature", "properties": {"name": "Path 1330563981", "difficulty": "intermediate", "area": "Medicine Hat", "osm_id": 1330563981, "highway": "cycleway"}, "geometry": {"type": "LineString", "coordinates": [[-110.723977, 49.975807], [-110.7233748, 49.9758085], [-110.7233007, 49.9758158], [-110.7232237, 49.9758323], [-110.7231638, 49.9758415], [-110.7230612, 49.9758488], [-110.7229956, 49.975858], [-110.7229414, 49.975869], [-110.722906, 49.9758842], [-110.7228901, 49.975891], [-110.7228445, 49.9759277], [-110.7228189, 49.9759717], [-110.7227789, 49.9760853], [-110.7227618, 49.9761568], [-110.7227618, 49.9762228], [-110.7227675, 49.9763109], [-110.7227932, 49.9764337], [-110.7227989, 49.9764869], [-110.7227846, 49.9767545], [-110.7227789, 49.9767894], [-110.7227504, 49.9768774], [-110.7227447, 49.9769177], [-110.7227419, 49.9769911], [-110.7227362, 49.9770296], [-110.7227248, 49.9770681], [-110.7226849, 49.9771469], [-110.7226621, 49.9771964], [-110.7226203, 49.9773127]]}}, {"type": "Feature", "properties": {"name": "Path 1330563982", "difficulty": "intermediate", "area": "Medicine Hat", "osm_id": 1330563982, "highway": "cycleway"}, "geometry": {"type": "LineString", "coordinates": [[-110.722906, 49.9758842], [-110.7228498, 49.9758532], [-110.7228068, 49.9758394], [-110.7227618, 49.9758356], [-110.7226855, 49.9758381], [-110.7226484, 49.9758407], [-110.7226151, 49.9758407], [-110.7224704, 49.9758331], [-110.7223805, 49.9758318], [-110.722271, 49.9758318], [-110.7221771, 49.9758381], [-110.7219231, 49.975852]]}}, {"type": "Feature", "properties": {"name": "Path 1330563990", "difficulty": "intermediate", "area": "Medicine Hat", "osm_id": 1330563990, "highway": "cycleway"}, "geometry": {"type": "LineString", "coordinates": [[-110.7002154, 49.9971275], [-110.701936, 49.9974393], [-110.7021742, 49.9974585], [-110.7025118, 49.9974617], [-110.7028592, 49.9974553], [-110.7030429, 49.997433], [-110.7043682, 49.9971713], [-110.7046511, 49.9971139], [-110.7047653, 49.9971011], [-110.7048665, 49.9971003], [-110.709501, 49.9971108], [-110.7095876, 49.9971001], [-110.7096442, 49.9970765], [-110.7096575, 49.9970508], [-110.7096575, 49.9970316], [-110.7096689, 49.9967733], [-110.709678, 49.9900152], [-110.7096836, 49.9899614], [-110.7097043, 49.9898725]]}}, {"type": "Feature", "properties": {"name": "Path 1330563991", "difficulty": "intermediate", "area": "Medicine Hat", "osm_id": 1330563991, "highway": "cycleway"}, "geometry": {"type": "LineString", "coordinates": [[-110.7051425, 50.0017926], [-110.7049745, 50.0017841], [-110.7048628, 50.0017876], [-110.7045618, 50.00179], [-110.7044837, 50.001802], [-110.7044391, 50.0018259], [-110.7043983, 50.0018545], [-110.7043871, 50.0018904], [-110.704402, 50.0019357], [-110.7044243, 50.0020552], [-110.7044317, 50.0021746], [-110.7044391, 50.0022964], [-110.704454, 50.0023514], [-110.7044837, 50.0023944], [-110.7049483, 50.0026834], [-110.7050337, 50.002755], [-110.7050672, 50.0028052], [-110.7052493, 50.0031014], [-110.7053088, 50.0031755], [-110.7054054, 50.0032423], [-110.7055057, 50.0032949], [-110.7055912, 50.0033235], [-110.7058699, 50.0034119], [-110.7061003, 50.0034573], [-110.7062676, 50.0034716], [-110.7063753, 50.0034764], [-110.7064942, 50.0034597], [-110.7065909, 50.003431], [-110.7066503, 50.0034048], [-110.706799, 50.0032973], [-110.7068956, 50.0032447], [-110.7069774, 50.0032113], [-110.7076054, 50.0030035], [-110.707676, 50.0029867], [-110.7078581, 50.0029366], [-110.7079919, 50.0028816], [-110.7081591, 50.0028148], [-110.7084044, 50.002724], [-110.7085233, 50.0026953], [-110.7086683, 50.0026691], [-110.7090473, 50.0026261], [-110.7093632, 50.0025902], [-110.7096011, 50.0025783], [-110.7097603, 50.0025783]]}}, {"type": "Feature", "properties": {"name": "Path 1330563993", "difficulty": "intermediate", "area": "Medicine Hat", "osm_id": 1330563993, "highway": "track"}, "geometry": {"type": "LineString", "coordinates": [[-110.7062478, 49.9976859], [-110.7064273, 49.9976382], [-110.7065077, 49.9976064], [-110.7065449, 49.9975387], [-110.7065449, 49.9974751], [-110.7065511, 49.9972715], [-110.706582, 49.9972324], [-110.7066687, 49.9971926], [-110.7068048, 49.9971766], [-110.7075414, 49.9971965], [-110.7079685, 49.9972125], [-110.7086741, 49.9973398], [-110.7090764, 49.9974631], [-110.7093612, 49.9975745], [-110.7094788, 49.9976064], [-110.7096335, 49.9976223], [-110.7097819, 49.9976263]]}}, {"type": "Feature", "properties": {"name": "Path 1331091909", "difficulty": "intermediate", "area": "Medicine Hat", "osm_id": 1331091909, "highway": "cycleway"}, "geometry": {"type": "LineString", "coordinates": [[-110.6732817, 49.9951687], [-110.6734875, 49.9950115], [-110.6735791, 49.99493], [-110.6736865, 49.9948208], [-110.6737724, 49.9947067], [-110.6738348, 49.9946076], [-110.6738699, 49.9945311], [-110.6739012, 49.9944545], [-110.6739343, 49.9943605], [-110.6739558, 49.9942476], [-110.6739675, 49.9941221], [-110.6739694, 49.9931136], [-110.6739792, 49.9930735], [-110.6740065, 49.9930459], [-110.6740612, 49.9930246], [-110.6741236, 49.9930195], [-110.6755148, 49.9930208], [-110.6755597, 49.9930158], [-110.6756475, 49.9930045], [-110.6756904, 49.9930007], [-110.6757294, 49.9930007]]}}, {"type": "Feature", "properties": {"name": "Path 1331091910", "difficulty": "intermediate", "area": "Medicine Hat", "osm_id": 1331091910, "highway": "cycleway"}, "geometry": {"type": "LineString", "coordinates": [[-110.6739012, 49.9944545], [-110.6740142, 49.9944541], [-110.674119, 49.9944507], [-110.6741627, 49.9944418], [-110.6742151, 49.9944283], [-110.674264, 49.9944238], [-110.6742989, 49.9944339], [-110.6743216, 49.9944519], [-110.6743286, 49.9944889], [-110.6743233, 49.9945428], [-110.6743181, 49.9945619], [-110.6742989, 49.9945832], [-110.6742657, 49.9946191], [-110.6742535, 49.9946427], [-110.6742238, 49.9947258], [-110.6742046, 49.9948089], [-110.6742081, 49.9948605], [-110.6742255, 49.9949425], [-110.6742255, 49.9949705], [-110.6742133, 49.9949975], [-110.6741819, 49.9950211], [-110.6741469, 49.9950323], [-110.6741015, 49.9950312], [-110.6740596, 49.9950166], [-110.6740299, 49.9949964], [-110.6739741, 49.994929], [-110.6739339, 49.9948942], [-110.673885, 49.9948684], [-110.6738378, 49.9948504], [-110.6736865, 49.9948208]]}}, {"type": "Feature", "properties": {"name": "Path 1331091913", "difficulty": "intermediate", "area": "Medicine Hat", "osm_id": 1331091913, "highway": "cycleway"}, "geometry": {"type": "LineString", "coordinates": [[-110.6697401, 49.9954448], [-110.6697401, 49.9950938]]}}, {"type": "Feature", "properties": {"name": "Path 1331091915", "difficulty": "intermediate", "area": "Medicine Hat", "osm_id": 1331091915, "highway": "cycleway"}, "geometry": {"type": "LineString", "coordinates": [[-110.6730862, 49.9965606], [-110.6730829, 49.9965085], [-110.6730747, 49.9964553]]}}, {"type": "Feature", "properties": {"name": "Path 1331091916", "difficulty": "intermediate", "area": "Medicine Hat", "osm_id": 1331091916, "highway": "cycleway"}, "geometry": {"type": "LineString", "coordinates": [[-110.6730747, 49.9964553], [-110.6730763, 49.9964058], [-110.6730923, 49.9961675], [-110.6730907, 49.9961367], [-110.6730603, 49.9959939], [-110.6730571, 49.9959559], [-110.6730667, 49.9959189], [-110.6730843, 49.9958911], [-110.6731482, 49.9958285], [-110.6731738, 49.9957966], [-110.6731834, 49.9957648], [-110.673177, 49.9957329], [-110.6731594, 49.9956929], [-110.6730891, 49.9955593], [-110.6730747, 49.995509], [-110.6730699, 49.9954566], [-110.6730715, 49.9954077]]}}, {"type": "Feature", "properties": {"name": "Path 1331104437", "difficulty": "intermediate", "area": "Medicine Hat", "osm_id": 1331104437, "highway": "cycleway"}, "geometry": {"type": "LineString", "coordinates": [[-110.6882646, 50.0640429], [-110.6882198, 50.0640046], [-110.6881819, 50.0639842], [-110.6880653, 50.0639307], [-110.6879925, 50.0638869], [-110.6879137, 50.0638159], [-110.6878244, 50.0637206], [-110.687641, 50.0635056], [-110.687599, 50.0634448], [-110.6875762, 50.063417], [-110.6874925, 50.0632625], [-110.6874289, 50.0631156], [-110.6873925, 50.0630145], [-110.6873683, 50.0628929], [-110.6873698, 50.062819], [-110.6873835, 50.0627898], [-110.6874168, 50.0627528]]}}, {"type": "Feature", "properties": {"name": "Path 1331104443", "difficulty": "intermediate", "area": "Medicine Hat", "osm_id": 1331104443, "highway": "cycleway"}, "geometry": {"type": "LineString", "coordinates": [[-110.6913614, 50.0597426], [-110.6909535, 50.0599749], [-110.6909247, 50.0599813], [-110.6908973, 50.0599841], [-110.6908382, 50.0599786]]}}, {"type": "Feature", "properties": {"name": "Path 1331104444", "difficulty": "intermediate", "area": "Medicine Hat", "osm_id": 1331104444, "highway": "cycleway"}, "geometry": {"type": "LineString", "coordinates": [[-110.6909247, 50.0599813], [-110.6909204, 50.0600109], [-110.6909232, 50.0600313], [-110.690955, 50.060122]]}}, {"type": "Feature", "properties": {"name": "Path 1331104445", "difficulty": "intermediate", "area": "Medicine Hat", "osm_id": 1331104445, "highway": "cycleway"}, "geometry": {"type": "LineString", "coordinates": [[-110.6907013, 50.0599915], [-110.6906105, 50.0599813], [-110.6905744, 50.0599786], [-110.6905528, 50.0599786], [-110.6904202, 50.0599832], [-110.6903755, 50.0599832], [-110.6903352, 50.0599795], [-110.6899547, 50.0599156], [-110.6898913, 50.0599229], [-110.6898408, 50.0599277], [-110.6897255, 50.0599045], [-110.6896505, 50.0598916], [-110.6884394, 50.0597178], [-110.6882673, 50.0596836], [-110.6880487, 50.0596438], [-110.6879007, 50.0596272], [-110.6877682, 50.0596184], [-110.6875151, 50.0596106], [-110.687448, 50.0596051], [-110.687405, 50.0595952], [-110.6873614, 50.0595661]]}}, {"type": "Feature", "properties": {"name": "Path 1331104447", "difficulty": "intermediate", "area": "Medicine Hat", "osm_id": 1331104447, "highway": "cycleway"}, "geometry": {"type": "LineString", "coordinates": [[-110.6873284, 50.0624792], [-110.6873596, 50.0624086], [-110.687365, 50.0623682], [-110.687356, 50.0623243], [-110.6873092, 50.0621591], [-110.687293, 50.0620909], [-110.6873182, 50.0617906], [-110.6873164, 50.061652], [-110.6872732, 50.0603283], [-110.6872766, 50.0602427], [-110.6872902, 50.0601479], [-110.687311, 50.0600888], [-110.6873651, 50.0599821], [-110.6873677, 50.0599593], [-110.6873624, 50.0599474], [-110.6873492, 50.059933]]}}, {"type": "Feature", "properties": {"name": "Brier Run Trail", "difficulty": "intermediate", "area": "Medicine Hat", "osm_id": 1331104448, "highway": "cycleway"}, "geometry": {"type": "LineString", "coordinates": [[-110.687325, 50.0595817], [-110.6873012, 50.0596055], [-110.6872652, 50.0596376]]}}, {"type": "Feature", "properties": {"name": "Brier Run Trail", "difficulty": "intermediate", "area": "Medicine Hat", "osm_id": 1331104449, "highway": "cycleway"}, "geometry": {"type": "LineString", "coordinates": [[-110.6872106, 50.0596487], [-110.6872654, 50.0596516], [-110.6872652, 50.0596376]]}}, {"type": "Feature", "properties": {"name": "Path 1331104451", "difficulty": "intermediate", "area": "Medicine Hat", "osm_id": 1331104451, "highway": "cycleway"}, "geometry": {"type": "LineString", "coordinates": [[-110.6868495, 50.0596702], [-110.6868724, 50.0596537], [-110.6868921, 50.0596352]]}}, {"type": "Feature", "properties": {"name": "Path 1331104452", "difficulty": "intermediate", "area": "Medicine Hat", "osm_id": 1331104452, "highway": "cycleway"}, "geometry": {"type": "LineString", "coordinates": [[-110.6867025, 50.0599195], [-110.6868472, 50.0598502]]}}, {"type": "Feature", "properties": {"name": "Path 1331104453", "difficulty": "intermediate", "area": "Medicine Hat", "osm_id": 1331104453, "highway": "cycleway"}, "geometry": {"type": "LineString", "coordinates": [[-110.6872654, 50.0596516], [-110.6872713, 50.0596781]]}}, {"type": "Feature", "properties": {"name": "Path 1331104454", "difficulty": "intermediate", "area": "Medicine Hat", "osm_id": 1331104454, "highway": "cycleway"}, "geometry": {"type": "LineString", "coordinates": [[-110.6872028, 50.059863], [-110.6872744, 50.0598664], [-110.687275, 50.0598439]]}}, {"type": "Feature", "properties": {"name": "Path 1331104455", "difficulty": "intermediate", "area": "Medicine Hat", "osm_id": 1331104455, "highway": "cycleway"}, "geometry": {"type": "LineString", "coordinates": [[-110.6873492, 50.059933], [-110.6873122, 50.0599078], [-110.6872772, 50.0598825], [-110.6872744, 50.0598664]]}}, {"type": "Feature", "properties": {"name": "Path 1331104459", "difficulty": "intermediate", "area": "Medicine Hat", "osm_id": 1331104459, "highway": "cycleway"}, "geometry": {"type": "LineString", "coordinates": [[-110.6874168, 50.0627528], [-110.6873707, 50.0627216], [-110.6873314, 50.0626862]]}}, {"type": "Feature", "properties": {"name": "Path 1331104460", "difficulty": "intermediate", "area": "Medicine Hat", "osm_id": 1331104460, "highway": "cycleway"}, "geometry": {"type": "LineString", "coordinates": [[-110.6873314, 50.0626862], [-110.6873314, 50.062649]]}}, {"type": "Feature", "properties": {"name": "Path 1331104461", "difficulty": "intermediate", "area": "Medicine Hat", "osm_id": 1331104461, "highway": "cycleway"}, "geometry": {"type": "LineString", "coordinates": [[-110.6881964, 50.0641562], [-110.6881241, 50.0641922], [-110.6879948, 50.064258], [-110.6879898, 50.0642602]]}}, {"type": "Feature", "properties": {"name": "Path 1331104462", "difficulty": "intermediate", "area": "Medicine Hat", "osm_id": 1331104462, "highway": "cycleway"}, "geometry": {"type": "LineString", "coordinates": [[-110.6882576, 50.064106], [-110.6882595, 50.0640887], [-110.6882611, 50.0640743], [-110.6882646, 50.0640429]]}}, {"type": "Feature", "properties": {"name": "Path 1331104463", "difficulty": "intermediate", "area": "Medicine Hat", "osm_id": 1331104463, "highway": "cycleway"}, "geometry": {"type": "LineString", "coordinates": [[-110.6882576, 50.064106], [-110.6881964, 50.0641562]]}}, {"type": "Feature", "properties": {"name": "Path 1331107798", "difficulty": "intermediate", "area": "Medicine Hat", "osm_id": 1331107798, "highway": "cycleway"}, "geometry": {"type": "LineString", "coordinates": [[-110.7050359, 50.05019], [-110.7048048, 50.0501582], [-110.7046963, 50.0501515], [-110.7046053, 50.0501515], [-110.704458, 50.0501439]]}}, {"type": "Feature", "properties": {"name": "Path 1331107799", "difficulty": "intermediate", "area": "Medicine Hat", "osm_id": 1331107799, "highway": "cycleway"}, "geometry": {"type": "LineString", "coordinates": [[-110.7044397, 50.0533322], [-110.7044402, 50.0534359], [-110.7044455, 50.0535244]]}}, {"type": "Feature", "properties": {"name": "Path 1331107800", "difficulty": "intermediate", "area": "Medicine Hat", "osm_id": 1331107800, "highway": "cycleway"}, "geometry": {"type": "LineString", "coordinates": [[-110.7129085, 50.0452454], [-110.7129162, 50.0452521], [-110.7129621, 50.0452698], [-110.7130096, 50.0452747], [-110.7131123, 50.0452718], [-110.7131858, 50.0452718], [-110.7132502, 50.0452777], [-110.7134465, 50.0453178], [-110.7143012, 50.0455335], [-110.7146745, 50.0456465], [-110.7150831, 50.0458003], [-110.7155762, 50.0460069], [-110.715872, 50.0461486], [-110.7162876, 50.0463703], [-110.7166562, 50.0465738], [-110.717532, 50.0470699], [-110.7176166, 50.0471362], [-110.7176612, 50.047192], [-110.7176964, 50.0472433], [-110.7177269, 50.0472719], [-110.7177574, 50.0472795], [-110.7178159, 50.0472734]]}}, {"type": "Feature", "properties": {"name": "Path 1331107801", "difficulty": "intermediate", "area": "Medicine Hat", "osm_id": 1331107801, "highway": "cycleway"}, "geometry": {"type": "LineString", "coordinates": [[-110.7180171, 50.0472856], [-110.7181012, 50.0473297], [-110.7181679, 50.0473624]]}}, {"type": "Feature", "properties": {"name": "Path 1331107802", "difficulty": "intermediate", "area": "Medicine Hat", "osm_id": 1331107802, "highway": "cycleway"}, "geometry": {"type": "LineString", "coordinates": [[-110.7178159, 50.0472734], [-110.7178743, 50.0472674], [-110.7179227, 50.0472644]]}}, {"type": "Feature", "properties": {"name": "Path 1331107803", "difficulty": "intermediate", "area": "Medicine Hat", "osm_id": 1331107803, "highway": "cycleway"}, "geometry": {"type": "LineString", "coordinates": [[-110.7179227, 50.0472644], [-110.7179711, 50.0472614], [-110.7180171, 50.0472856]]}}, {"type": "Feature", "properties": {"name": "Path 1331107804", "difficulty": "intermediate", "area": "Medicine Hat", "osm_id": 1331107804, "highway": "cycleway"}, "geometry": {"type": "LineString", "coordinates": [[-110.7181679, 50.0473624], [-110.7182014, 50.0473788]]}}, {"type": "Feature", "properties": {"name": "Path 1331107805", "difficulty": "intermediate", "area": "Medicine Hat", "osm_id": 1331107805, "highway": "cycleway"}, "geometry": {"type": "LineString", "coordinates": [[-110.7185092, 50.0472141], [-110.7184348, 50.0472531], [-110.7183191, 50.0473176], [-110.7182579, 50.0473557]]}}, {"type": "Feature", "properties": {"name": "Path 1331107806", "difficulty": "intermediate", "area": "Medicine Hat", "osm_id": 1331107806, "highway": "cycleway"}, "geometry": {"type": "LineString", "coordinates": [[-110.7181826, 50.0474209], [-110.7181868, 50.0474503], [-110.7181968, 50.0474832]]}}, {"type": "Feature", "properties": {"name": "Path 1331107807", "difficulty": "intermediate", "area": "Medicine Hat", "osm_id": 1331107807, "highway": "cycleway"}, "geometry": {"type": "LineString", "coordinates": [[-110.7182579, 50.0473557], [-110.7182014, 50.0473788], [-110.71818, 50.0474025], [-110.7181826, 50.0474209]]}}, {"type": "Feature", "properties": {"name": "Path 1331107808", "difficulty": "intermediate", "area": "Medicine Hat", "osm_id": 1331107808, "highway": "cycleway"}, "geometry": {"type": "LineString", "coordinates": [[-110.7095777, 50.0448483], [-110.7114393, 50.0450396], [-110.7119909, 50.0451006], [-110.7120399, 50.0451104], [-110.7121012, 50.0451399], [-110.7121716, 50.0451832], [-110.7122053, 50.045195], [-110.712236, 50.045197], [-110.7122779, 50.0451788]]}}, {"type": "Feature", "properties": {"name": "Path 1331107809", "difficulty": "intermediate", "area": "Medicine Hat", "osm_id": 1331107809, "highway": "cycleway"}, "geometry": {"type": "LineString", "coordinates": [[-110.7128486, 50.0451933], [-110.712876, 50.0452171], [-110.7129085, 50.0452454]]}}, {"type": "Feature", "properties": {"name": "Path 1331107810", "difficulty": "intermediate", "area": "Medicine Hat", "osm_id": 1331107810, "highway": "cycleway"}, "geometry": {"type": "LineString", "coordinates": [[-110.7127637, 50.0451603], [-110.7128212, 50.0451695], [-110.7128486, 50.0451933]]}}, {"type": "Feature", "properties": {"name": "Path 1331107811", "difficulty": "intermediate", "area": "Medicine Hat", "osm_id": 1331107811, "highway": "cycleway"}, "geometry": {"type": "LineString", "coordinates": [[-110.7125413, 50.0451274], [-110.7125864, 50.0451322], [-110.7127062, 50.0451512], [-110.7127637, 50.0451603]]}}, {"type": "Feature", "properties": {"name": "Path 1331107812", "difficulty": "intermediate", "area": "Medicine Hat", "osm_id": 1331107812, "highway": "cycleway"}, "geometry": {"type": "LineString", "coordinates": [[-110.7123572, 50.0451433], [-110.7124198, 50.0451144], [-110.7125413, 50.0451274]]}}, {"type": "Feature", "properties": {"name": "Path 1331107813", "difficulty": "intermediate", "area": "Medicine Hat", "osm_id": 1331107813, "highway": "cycleway"}, "geometry": {"type": "LineString", "coordinates": [[-110.7122779, 50.0451788], [-110.7123199, 50.0451605], [-110.7123572, 50.0451433]]}}, {"type": "Feature", "properties": {"name": "Path 1331107814", "difficulty": "intermediate", "area": "Medicine Hat", "osm_id": 1331107814, "highway": "cycleway"}, "geometry": {"type": "LineString", "coordinates": [[-110.7097842, 50.0439626], [-110.7097388, 50.0444065], [-110.7096906, 50.0444755], [-110.709647, 50.0445187], [-110.7096296, 50.0445657], [-110.709621, 50.0446465], [-110.7096165, 50.0446883]]}}, {"type": "Feature", "properties": {"name": "Path 1331107815", "difficulty": "intermediate", "area": "Medicine Hat", "osm_id": 1331107815, "highway": "cycleway"}, "geometry": {"type": "LineString", "coordinates": [[-110.7096165, 50.0446883], [-110.7096121, 50.0447301], [-110.7096001, 50.0447927]]}}, {"type": "Feature", "properties": {"name": "Path 1331107816", "difficulty": "intermediate", "area": "Medicine Hat", "osm_id": 1331107816, "highway": "cycleway"}, "geometry": {"type": "LineString", "coordinates": [[-110.7398606, 50.065844], [-110.7398265, 50.0658322], [-110.7398449, 50.0657868], [-110.7398475, 50.0657531], [-110.739816, 50.0657009], [-110.7397373, 50.0655746], [-110.7397268, 50.0655207], [-110.739719, 50.0654534], [-110.7396953, 50.0653439], [-110.7395799, 50.0647175], [-110.7395694, 50.0646686], [-110.7395825, 50.06464], [-110.739593, 50.0646097], [-110.7395773, 50.0645726], [-110.7395484, 50.06448], [-110.7394619, 50.0639175], [-110.7394645, 50.063862], [-110.7394645, 50.0638249], [-110.7394514, 50.0637896], [-110.739433, 50.0637458], [-110.7394278, 50.0637171], [-110.7394146, 50.0635588], [-110.7393989, 50.0634799], [-110.739322, 50.0629177], [-110.7392992, 50.0628263], [-110.7392782, 50.062732], [-110.7392651, 50.0626579], [-110.7392463, 50.062451], [-110.7392258, 50.0623598], [-110.7391576, 50.0621779], [-110.7390238, 50.061959], [-110.738869, 50.0617805], [-110.7386906, 50.0616121], [-110.7385647, 50.0615177], [-110.7380119, 50.0612026], [-110.7370667, 50.0607026], [-110.7368831, 50.0605864], [-110.7368306, 50.0605612], [-110.7367624, 50.0605359], [-110.7367336, 50.0605224], [-110.7365381, 50.060408], [-110.735755, 50.0599667], [-110.7354402, 50.0598151], [-110.7351674, 50.0596551], [-110.7349156, 50.0595237], [-110.7347267, 50.0594479], [-110.7345955, 50.0593957], [-110.7345404, 50.0593789], [-110.7344722, 50.0593721], [-110.734467, 50.0593502]]}}, {"type": "Feature", "properties": {"name": "Path 1331107818", "difficulty": "intermediate", "area": "Medicine Hat", "osm_id": 1331107818, "highway": "cycleway"}, "geometry": {"type": "LineString", "coordinates": [[-110.734467, 50.0593502], [-110.734462, 50.059314], [-110.7344528, 50.0592709]]}}, {"type": "Feature", "properties": {"name": "Path 1331107819", "difficulty": "intermediate", "area": "Medicine Hat", "osm_id": 1331107819, "highway": "cycleway"}, "geometry": {"type": "LineString", "coordinates": [[-110.7398606, 50.065844], [-110.7399127, 50.0658565], [-110.7399742, 50.0658729]]}}, {"type": "Feature", "properties": {"name": "Path 1331107820", "difficulty": "intermediate", "area": "Medicine Hat", "osm_id": 1331107820, "highway": "cycleway"}, "geometry": {"type": "LineString", "coordinates": [[-110.7400312, 50.0658918], [-110.7400559, 50.0659212], [-110.7400931, 50.0659655], [-110.7401119, 50.0659878]]}}, {"type": "Feature", "properties": {"name": "Path 1331107821", "difficulty": "intermediate", "area": "Medicine Hat", "osm_id": 1331107821, "highway": "cycleway"}, "geometry": {"type": "LineString", "coordinates": [[-110.7401079, 50.0660319], [-110.740094, 50.0660651], [-110.7400804, 50.0660976]]}}, {"type": "Feature", "properties": {"name": "Path 1331107822", "difficulty": "intermediate", "area": "Medicine Hat", "osm_id": 1331107822, "highway": "cycleway"}, "geometry": {"type": "LineString", "coordinates": [[-110.7401119, 50.0659878], [-110.7401194, 50.0660056], [-110.7401079, 50.0660319]]}}, {"type": "Feature", "properties": {"name": "Path 1331107823", "difficulty": "intermediate", "area": "Medicine Hat", "osm_id": 1331107823, "highway": "cycleway"}, "geometry": {"type": "LineString", "coordinates": [[-110.7400312, 50.0658918], [-110.7400101, 50.0658696], [-110.7399742, 50.0658729]]}}, {"type": "Feature", "properties": {"name": "Path 1331107824", "difficulty": "intermediate", "area": "Medicine Hat", "osm_id": 1331107824, "highway": "cycleway"}, "geometry": {"type": "LineString", "coordinates": [[-110.7400804, 50.0660976], [-110.7400588, 50.066119], [-110.7400332, 50.0661329], [-110.7399703, 50.0661468], [-110.7399211, 50.0661569], [-110.7398543, 50.0661695], [-110.7393647, 50.0662869], [-110.7392271, 50.0663109], [-110.7390088, 50.0663386], [-110.7387807, 50.0663576], [-110.738476, 50.0663778], [-110.7383167, 50.0663828], [-110.7382695, 50.0663904], [-110.7382184, 50.0664093], [-110.738185, 50.0664257], [-110.7381614, 50.0664383], [-110.7381397, 50.0664409], [-110.738122, 50.0664358]]}}, {"type": "Feature", "properties": {"name": "Path 1331107825", "difficulty": "intermediate", "area": "Medicine Hat", "osm_id": 1331107825, "highway": "cycleway"}, "geometry": {"type": "LineString", "coordinates": [[-110.7356544, 50.066379], [-110.7356328, 50.0663853], [-110.7356053, 50.0663815], [-110.7355306, 50.0663702], [-110.7354834, 50.0663677], [-110.7343155, 50.0663765], [-110.7337571, 50.0663879], [-110.7334739, 50.0663929], [-110.7332537, 50.0664068], [-110.7331534, 50.0664245], [-110.7330826, 50.0664484], [-110.7330551, 50.0664598], [-110.7330296, 50.0664598], [-110.7329883, 50.066451], [-110.7329411, 50.0664242]]}}, {"type": "Feature", "properties": {"name": "Path 1331107826", "difficulty": "intermediate", "area": "Medicine Hat", "osm_id": 1331107826, "highway": "cycleway"}, "geometry": {"type": "LineString", "coordinates": [[-110.7358609, 50.066379], [-110.7357941, 50.066379], [-110.7356544, 50.066379]]}}, {"type": "Feature", "properties": {"name": "Path 1331107827", "difficulty": "intermediate", "area": "Medicine Hat", "osm_id": 1331107827, "highway": "cycleway"}, "geometry": {"type": "LineString", "coordinates": [[-110.7360359, 50.0664346], [-110.7359841, 50.066408], [-110.7359429, 50.0663868]]}}, {"type": "Feature", "properties": {"name": "Path 1331107828", "difficulty": "intermediate", "area": "Medicine Hat", "osm_id": 1331107828, "highway": "cycleway"}, "geometry": {"type": "LineString", "coordinates": [[-110.7359429, 50.0663868], [-110.7359278, 50.066379], [-110.7358609, 50.066379]]}}, {"type": "Feature", "properties": {"name": "Path 1331107829", "difficulty": "intermediate", "area": "Medicine Hat", "osm_id": 1331107829, "highway": "cycleway"}, "geometry": {"type": "LineString", "coordinates": [[-110.7376836, 50.0664358], [-110.7376561, 50.0664409], [-110.7376167, 50.0664371], [-110.7372903, 50.0663841], [-110.7371822, 50.0663727], [-110.7371212, 50.0663689], [-110.7365687, 50.0663677], [-110.7364036, 50.066374], [-110.7362699, 50.0663904], [-110.7361499, 50.0664169], [-110.7360988, 50.0664333], [-110.7360654, 50.0664371], [-110.7360359, 50.0664346]]}}, {"type": "Feature", "properties": {"name": "Path 1331107830", "difficulty": "intermediate", "area": "Medicine Hat", "osm_id": 1331107830, "highway": "cycleway"}, "geometry": {"type": "LineString", "coordinates": [[-110.73779, 50.0663774], [-110.7377382, 50.0664059], [-110.7376836, 50.0664358]]}}, {"type": "Feature", "properties": {"name": "Path 1331107831", "difficulty": "intermediate", "area": "Medicine Hat", "osm_id": 1331107831, "highway": "cycleway"}, "geometry": {"type": "LineString", "coordinates": [[-110.7378438, 50.0663692], [-110.7378055, 50.0663689], [-110.73779, 50.0663774]]}}, {"type": "Feature", "properties": {"name": "Path 1331107832", "difficulty": "intermediate", "area": "Medicine Hat", "osm_id": 1331107832, "highway": "cycleway"}, "geometry": {"type": "LineString", "coordinates": [[-110.7379629, 50.0663699], [-110.7379019, 50.0663708], [-110.7378438, 50.0663692]]}}, {"type": "Feature", "properties": {"name": "Path 1331107833", "difficulty": "intermediate", "area": "Medicine Hat", "osm_id": 1331107833, "highway": "cycleway"}, "geometry": {"type": "LineString", "coordinates": [[-110.738122, 50.0664358], [-110.7380672, 50.0664053], [-110.738023, 50.0663807]]}}, {"type": "Feature", "properties": {"name": "Path 1331107834", "difficulty": "intermediate", "area": "Medicine Hat", "osm_id": 1331107834, "highway": "cycleway"}, "geometry": {"type": "LineString", "coordinates": [[-110.738023, 50.0663807], [-110.7380041, 50.0663702], [-110.7379629, 50.0663699]]}}, {"type": "Feature", "properties": {"name": "Path 1331135017", "difficulty": "intermediate", "area": "Medicine Hat", "osm_id": 1331135017, "highway": "cycleway"}, "geometry": {"type": "LineString", "coordinates": [[-110.7117849, 50.0417432], [-110.7119664, 50.0417027], [-110.7119978, 50.0416857], [-110.7120227, 50.0416665], [-110.7120326, 50.0416495], [-110.7120309, 50.0416304], [-110.7120045, 50.0416155], [-110.7117164, 50.041489], [-110.7116501, 50.0414677], [-110.711622, 50.041456], [-110.7116088, 50.0414422], [-110.7116104, 50.0414145], [-110.7116203, 50.0413762]]}}, {"type": "Feature", "properties": {"name": "Path 1331135021", "difficulty": "intermediate", "area": "Medicine Hat", "osm_id": 1331135021, "highway": "cycleway"}, "geometry": {"type": "LineString", "coordinates": [[-110.7157823, 50.0419163], [-110.7161939, 50.041947], [-110.716343, 50.0419621], [-110.7164379, 50.0419794], [-110.7165187, 50.0419985], [-110.7165712, 50.0420158], [-110.7166265, 50.0420531], [-110.7166633, 50.0420859], [-110.7166959, 50.0421232], [-110.7167285, 50.0421742], [-110.7168092, 50.0423652]]}}, {"type": "Feature", "properties": {"name": "Echo Dale Campground Chip", "difficulty": "intermediate", "area": "Medicine Hat", "osm_id": 1331135024, "highway": "cycleway"}, "geometry": {"type": "LineString", "coordinates": [[-110.7206801, 50.0405756], [-110.7206851, 50.0404711], [-110.7207061, 50.0404563], [-110.7207612, 50.0404468], [-110.720937, 50.0404359], [-110.7210178, 50.0404249], [-110.7211148, 50.0403865], [-110.7211958, 50.0403464], [-110.7212464, 50.0403008], [-110.7212994, 50.0402335], [-110.7213285, 50.040151], [-110.7213494, 50.0397468], [-110.7213166, 50.0393227], [-110.7213175, 50.0391328], [-110.7213443, 50.0390096], [-110.7213975, 50.0388818], [-110.721533, 50.0386613], [-110.721564, 50.0385955], [-110.7215734, 50.0385324], [-110.7215558, 50.0380926], [-110.7215848, 50.0379829], [-110.7215439, 50.0370698], [-110.7215153, 50.0368233], [-110.7215108, 50.0367621], [-110.7215381, 50.0367205], [-110.7215951, 50.0366867], [-110.7216841, 50.0366589], [-110.721783, 50.0366501], [-110.7234183, 50.0364992], [-110.7235558, 50.0364798], [-110.7236629, 50.0364403], [-110.7237534, 50.0363859], [-110.7238942, 50.0362803], [-110.7240017, 50.0361716], [-110.7240674, 50.0361297], [-110.7241381, 50.0361008], [-110.7242808, 50.0360539], [-110.7245334, 50.0359947], [-110.7247871, 50.0359466]]}}, {"type": "Feature", "properties": {"name": "Echo Dale Campground Chip", "difficulty": "intermediate", "area": "Medicine Hat", "osm_id": 1331135025, "highway": "cycleway"}, "geometry": {"type": "LineString", "coordinates": [[-110.7247871, 50.0359466], [-110.7249923, 50.0359094]]}}, {"type": "Feature", "properties": {"name": "Path 1331137176", "difficulty": "intermediate", "area": "Medicine Hat", "osm_id": 1331137176, "highway": "path"}, "geometry": {"type": "LineString", "coordinates": [[-110.6798996, 50.0132512], [-110.6798997, 50.0132942], [-110.6799069, 50.0133186], [-110.679916, 50.0133419], [-110.6799504, 50.0133814], [-110.6800209, 50.0134768], [-110.6800408, 50.0135186], [-110.6800462, 50.0135512], [-110.680039, 50.0135779], [-110.6799504, 50.0137291]]}}, {"type": "Feature", "properties": {"name": "Path 1331137177", "difficulty": "intermediate", "area": "Medicine Hat", "osm_id": 1331137177, "highway": "path"}, "geometry": {"type": "LineString", "coordinates": [[-110.6772346, 50.0168937], [-110.6770682, 50.0169135], [-110.6770302, 50.0169158], [-110.6769415, 50.016917], [-110.6768981, 50.0169216], [-110.6768287, 50.0169356]]}}, {"type": "Feature", "properties": {"name": "Path 1331137178", "difficulty": "intermediate", "area": "Medicine Hat", "osm_id": 1331137178, "highway": "path"}, "geometry": {"type": "LineString", "coordinates": [[-110.675711, 50.0175579], [-110.6754872, 50.0175744], [-110.6754684, 50.0175708], [-110.6754439, 50.0175601], [-110.675435, 50.0175158]]}}, {"type": "Feature", "properties": {"name": "Path 1331137179", "difficulty": "intermediate", "area": "Medicine Hat", "osm_id": 1331137179, "highway": "path"}, "geometry": {"type": "LineString", "coordinates": [[-110.673772, 50.0140363], [-110.6737202, 50.0140161], [-110.6737078, 50.0140014], [-110.6736137, 50.0137943], [-110.6735447, 50.0137239], [-110.6735171, 50.0136957], [-110.6734619, 50.0136601], [-110.6732861, 50.0135852], [-110.6728413, 50.0134482], [-110.672797, 50.0134267], [-110.6727441, 50.0133786], [-110.6726697, 50.0133174], [-110.672635, 50.0132985], [-110.6726022, 50.0133029], [-110.6720459, 50.0134994], [-110.6714875, 50.0136967], [-110.6713889, 50.0137167], [-110.6713058, 50.0137222], [-110.6712279, 50.0137178], [-110.6711137, 50.0136978]]}}, {"type": "Feature", "properties": {"name": "Path 1331137180", "difficulty": "intermediate", "area": "Medicine Hat", "osm_id": 1331137180, "highway": "path"}, "geometry": {"type": "LineString", "coordinates": [[-110.668933, 50.0166882], [-110.6691291, 50.0167403], [-110.6692011, 50.0167703], [-110.6692587, 50.016805], [-110.6692929, 50.0168524], [-110.6693145, 50.0169056], [-110.6693127, 50.0169611], [-110.6692929, 50.0170062], [-110.6692407, 50.0170686], [-110.6691777, 50.0171183], [-110.6688539, 50.0173183], [-110.6687873, 50.0173472], [-110.6687207, 50.0173657], [-110.6686325, 50.0173819], [-110.6685264, 50.0173946], [-110.6681719, 50.0174363], [-110.6680262, 50.0174467], [-110.6679344, 50.0174478], [-110.6678966, 50.0174432], [-110.6678714, 50.0174363], [-110.6678642, 50.0174178], [-110.6678553, 50.0172201], [-110.6678535, 50.0171611], [-110.667875, 50.0169171]]}}, {"type": "Feature", "properties": {"name": "Path 1331137181", "difficulty": "intermediate", "area": "Medicine Hat", "osm_id": 1331137181, "highway": "path"}, "geometry": {"type": "LineString", "coordinates": [[-110.6705337, 50.0102405], [-110.6703976, 50.0102476], [-110.6703001, 50.0102594], [-110.6702136, 50.0102783], [-110.6701253, 50.0103043], [-110.6700793, 50.010315], [-110.6700407, 50.0103173], [-110.6699928, 50.0103103], [-110.6699671, 50.0102949], [-110.669945, 50.0102748], [-110.6699064, 50.0102109], [-110.669888, 50.0101495], [-110.669888, 50.0100998], [-110.6698935, 50.0100265], [-110.6699064, 50.0099627], [-110.6699285, 50.0099189], [-110.6699763, 50.0098634], [-110.6700867, 50.0097723], [-110.6702191, 50.0096766], [-110.6703148, 50.0095926], [-110.6703773, 50.0095051], [-110.6704141, 50.0094425], [-110.6704215, 50.0094224], [-110.6704141, 50.0093976], [-110.6703994, 50.0093845], [-110.6703644, 50.0093727], [-110.6701989, 50.0093455], [-110.6701253, 50.0093396], [-110.6700701, 50.0093432], [-110.6700204, 50.0093526], [-110.6699744, 50.0093715], [-110.6699211, 50.0094058], [-110.6698898, 50.0094413], [-110.6697445, 50.0096234], [-110.6695587, 50.0097972], [-110.6695182, 50.0098243], [-110.6694796, 50.0098385], [-110.6694189, 50.0098539], [-110.6693159, 50.0098598], [-110.6691806, 50.0098693], [-110.6690528, 50.0098835], [-110.6689222, 50.0099024], [-110.6688136, 50.0099272], [-110.6687033, 50.0099615], [-110.6686094, 50.0100005], [-110.6685671, 50.0100253], [-110.6685487, 50.0100419], [-110.668534, 50.0100608]]}}, {"type": "Feature", "properties": {"name": "Path 1331137182", "difficulty": "intermediate", "area": "Medicine Hat", "osm_id": 1331137182, "highway": "path"}, "geometry": {"type": "LineString", "coordinates": [[-110.6672901, 50.0130751], [-110.6671252, 50.0130213], [-110.6670435, 50.0129895], [-110.6669812, 50.0129702], [-110.6669081, 50.0129495], [-110.6668394, 50.0129329], [-110.6667986, 50.0129053], [-110.6665816, 50.0126071], [-110.6665579, 50.0125878], [-110.6664032, 50.012527], [-110.6663688, 50.0125008], [-110.6663495, 50.0124704], [-110.6663409, 50.0124234], [-110.6663559, 50.0123862], [-110.6665837, 50.0121197], [-110.6666546, 50.0120603], [-110.6667126, 50.0120258], [-110.6669296, 50.0119305]]}}, {"type": "Feature", "properties": {"name": "Path 1331137183", "difficulty": "intermediate", "area": "Medicine Hat", "osm_id": 1331137183, "highway": "path"}, "geometry": {"type": "LineString", "coordinates": [[-110.667297, 50.0130589], [-110.6673078, 50.0127907], [-110.6673164, 50.0127672], [-110.6673443, 50.0127286], [-110.667398, 50.0126706], [-110.6674389, 50.0126402], [-110.6674668, 50.0126319], [-110.6675119, 50.012625]]}}, {"type": "Feature", "properties": {"name": "Path 1331137184", "difficulty": "intermediate", "area": "Medicine Hat", "osm_id": 1331137184, "highway": "path"}, "geometry": {"type": "LineString", "coordinates": [[-110.6684242, 50.0140537], [-110.6683809, 50.0140707], [-110.6682775, 50.014119], [-110.6682098, 50.0141408], [-110.668112, 50.0141528], [-110.6680292, 50.0141516], [-110.6679653, 50.0141456], [-110.6678957, 50.0141395], [-110.6678204, 50.0141383], [-110.6677602, 50.0141444], [-110.6676963, 50.0141565], [-110.6676154, 50.0141758], [-110.667574, 50.0141903], [-110.6675063, 50.0142205], [-110.6674687, 50.0142459], [-110.6674292, 50.0142798]]}}, {"type": "Feature", "properties": {"name": "Path 1331137185", "difficulty": "intermediate", "area": "Medicine Hat", "osm_id": 1331137185, "highway": "path"}, "geometry": {"type": "LineString", "coordinates": [[-110.6677809, 50.0147777], [-110.6677527, 50.0147161], [-110.6677333, 50.0146849], [-110.6677183, 50.0146679], [-110.6676987, 50.0146548], [-110.6676702, 50.0146417], [-110.6676533, 50.0146322], [-110.6676418, 50.0146189], [-110.6676361, 50.0145988], [-110.6676342, 50.0145662], [-110.6676342, 50.014542], [-110.6676229, 50.0145203], [-110.6675966, 50.0144925], [-110.6675439, 50.0144429], [-110.6675157, 50.0144127], [-110.6674725, 50.0143571], [-110.6674292, 50.0142798], [-110.6673519, 50.0141774], [-110.6673088, 50.0141202], [-110.6672787, 50.0140634], [-110.6672562, 50.0139812], [-110.6672279, 50.0139353], [-110.6671922, 50.0138833], [-110.6671734, 50.0138507], [-110.6671508, 50.0138023], [-110.667132, 50.0137794], [-110.6671019, 50.013754], [-110.6670718, 50.0137395], [-110.6670267, 50.0137286], [-110.6669966, 50.0137165], [-110.6669759, 50.0136935], [-110.6669721, 50.013679], [-110.6669684, 50.0136476]]}}, {"type": "Feature", "properties": {"name": "Path 1331137186", "difficulty": "intermediate", "area": "Medicine Hat", "osm_id": 1331137186, "highway": "path"}, "geometry": {"type": "LineString", "coordinates": [[-110.6676154, 50.0141758], [-110.6675827, 50.0141411], [-110.6675035, 50.0140868], [-110.66747, 50.0140562], [-110.6674559, 50.0140336], [-110.6674313, 50.0140031], [-110.6674049, 50.0139895], [-110.6673662, 50.0139827], [-110.6673187, 50.0139827], [-110.6672562, 50.0139812]]}}, {"type": "Feature", "properties": {"name": "Path 1331144535", "difficulty": "intermediate", "area": "Medicine Hat", "osm_id": 1331144535, "highway": "path"}, "geometry": {"type": "LineString", "coordinates": [[-110.6608864, 50.0564659], [-110.6608149, 50.056467]]}}, {"type": "Feature", "properties": {"name": "Path 1331144536", "difficulty": "intermediate", "area": "Medicine Hat", "osm_id": 1331144536, "highway": "path"}, "geometry": {"type": "LineString", "coordinates": [[-110.6606566, 50.0565511], [-110.6606225, 50.0565719], [-110.6606199, 50.0566123]]}}, {"type": "Feature", "properties": {"name": "Path 1331144537", "difficulty": "intermediate", "area": "Medicine Hat", "osm_id": 1331144537, "highway": "path"}, "geometry": {"type": "LineString", "coordinates": [[-110.6605919, 50.0563063], [-110.6605566, 50.056277]]}}, {"type": "Feature", "properties": {"name": "Path 1331144538", "difficulty": "intermediate", "area": "Medicine Hat", "osm_id": 1331144538, "highway": "cycleway"}, "geometry": {"type": "LineString", "coordinates": [[-110.6614439, 50.0478555], [-110.6605862, 50.0478121], [-110.660374, 50.047795], [-110.6601937, 50.0477695], [-110.659443, 50.0476264], [-110.6593395, 50.0476145], [-110.6592944, 50.0476145], [-110.659244, 50.047623], [-110.6592122, 50.0476366], [-110.6591883, 50.0476553], [-110.6591724, 50.0476826], [-110.6591432, 50.047749], [-110.6592042, 50.0477627], [-110.6591737, 50.047845]]}}, {"type": "Feature", "properties": {"name": "Path 1331144539", "difficulty": "intermediate", "area": "Medicine Hat", "osm_id": 1331144539, "highway": "cycleway"}, "geometry": {"type": "LineString", "coordinates": [[-110.6716291, 50.0473041], [-110.67152, 50.0473121]]}}, {"type": "Feature", "properties": {"name": "Path 1331144540", "difficulty": "intermediate", "area": "Medicine Hat", "osm_id": 1331144540, "highway": "path"}, "geometry": {"type": "LineString", "coordinates": [[-110.6499521, 50.0357538], [-110.6499629, 50.035629], [-110.6499801, 50.0355742], [-110.6500109, 50.0355238], [-110.6506839, 50.0346839]]}}, {"type": "Feature", "properties": {"name": "Path 1331144541", "difficulty": "intermediate", "area": "Medicine Hat", "osm_id": 1331144541, "highway": "cycleway"}, "geometry": {"type": "LineString", "coordinates": [[-110.6490447, 50.0356261], [-110.6490747, 50.0355843], [-110.6490956, 50.0355668], [-110.6491484, 50.0355484], [-110.649219, 50.0355012], [-110.6492688, 50.0354693], [-110.6493045, 50.0354248], [-110.6493041, 50.0353631], [-110.6492805, 50.0353166], [-110.6492458, 50.0352754], [-110.6491283, 50.0351887]]}}, {"type": "Feature", "properties": {"name": "Saratoga Park Trail", "difficulty": "intermediate", "area": "Medicine Hat", "osm_id": 1331144542, "highway": "cycleway"}, "geometry": {"type": "LineString", "coordinates": [[-110.6716077, 50.0233356], [-110.6713399, 50.0232929], [-110.6712368, 50.0232796], [-110.6711508, 50.0232821], [-110.6710868, 50.0233102], [-110.671063, 50.0233526], [-110.6710457, 50.0234035], [-110.6710358, 50.0234846]]}}, {"type": "Feature", "properties": {"name": "Saratoga Park Trail", "difficulty": "intermediate", "area": "Medicine Hat", "osm_id": 1331144543, "highway": "path"}, "geometry": {"type": "LineString", "coordinates": [[-110.6724074, 50.0231497], [-110.6723302, 50.0231903], [-110.6721668, 50.0232763], [-110.6718533, 50.0233537], [-110.6716077, 50.0233356]]}}, {"type": "Feature", "properties": {"name": "Path 1331144544", "difficulty": "intermediate", "area": "Medicine Hat", "osm_id": 1331144544, "highway": "cycleway"}, "geometry": {"type": "LineString", "coordinates": [[-110.6777399, 50.0236565], [-110.6777473, 50.0237389], [-110.6777233, 50.0237935], [-110.6777009, 50.0238197], [-110.6776819, 50.0238394]]}}, {"type": "Feature", "properties": {"name": "Parkview Street Side Trail", "difficulty": "intermediate", "area": "Medicine Hat", "osm_id": 1331500145, "highway": "cycleway"}, "geometry": {"type": "LineString", "coordinates": [[-110.6554275, 50.0613469], [-110.6554116, 50.0613209], [-110.6553921, 50.061291]]}}, {"type": "Feature", "properties": {"name": "Path 1331500146", "difficulty": "intermediate", "area": "Medicine Hat", "osm_id": 1331500146, "highway": "cycleway"}, "geometry": {"type": "LineString", "coordinates": [[-110.6557202, 50.0615053], [-110.6556325, 50.0614747], [-110.6554702, 50.061417], [-110.655423, 50.0614024]]}}, {"type": "Feature", "properties": {"name": "Path 1331500147", "difficulty": "intermediate", "area": "Medicine Hat", "osm_id": 1331500147, "highway": "cycleway"}, "geometry": {"type": "LineString", "coordinates": [[-110.655407, 50.0614215], [-110.655423, 50.0614024], [-110.6554462, 50.0613748], [-110.6554275, 50.0613469]]}}, {"type": "Feature", "properties": {"name": "Path 1331500148", "difficulty": "intermediate", "area": "Medicine Hat", "osm_id": 1331500148, "highway": "cycleway"}, "geometry": {"type": "LineString", "coordinates": [[-110.6553207, 50.0615227], [-110.6553297, 50.0615115], [-110.6553909, 50.0614406], [-110.655407, 50.0614215]]}}, {"type": "Feature", "properties": {"name": "Path 1331500149", "difficulty": "intermediate", "area": "Medicine Hat", "osm_id": 1331500149, "highway": "cycleway"}, "geometry": {"type": "LineString", "coordinates": [[-110.6552369, 50.0616176], [-110.6553207, 50.0615227]]}}, {"type": "Feature", "properties": {"name": "Path 1331500150", "difficulty": "intermediate", "area": "Medicine Hat", "osm_id": 1331500150, "highway": "cycleway"}, "geometry": {"type": "LineString", "coordinates": [[-110.6551056, 50.0616271], [-110.6551574, 50.061622], [-110.6552369, 50.0616176]]}}, {"type": "Feature", "properties": {"name": "Path 1331503381", "difficulty": "intermediate", "area": "Medicine Hat", "osm_id": 1331503381, "highway": "cycleway"}, "geometry": {"type": "LineString", "coordinates": [[-110.6534, 50.0281995], [-110.6537655, 50.0282563], [-110.6539907, 50.0282944], [-110.654455, 50.0283904], [-110.6546668, 50.0284375], [-110.6548787, 50.0284903], [-110.655024, 50.0285259], [-110.6550977, 50.0285387]]}}, {"type": "Feature", "properties": {"name": "Path 1331503382", "difficulty": "intermediate", "area": "Medicine Hat", "osm_id": 1331503382, "highway": "cycleway"}, "geometry": {"type": "LineString", "coordinates": [[-110.6550977, 50.0285387], [-110.6551936, 50.0285674], [-110.6553276, 50.0286111]]}}, {"type": "Feature", "properties": {"name": "Path 1331503383", "difficulty": "intermediate", "area": "Medicine Hat", "osm_id": 1331503383, "highway": "cycleway"}, "geometry": {"type": "LineString", "coordinates": [[-110.6553276, 50.0286111], [-110.6553547, 50.0286124], [-110.6553745, 50.0286335], [-110.6558352, 50.028822], [-110.6561131, 50.0289314], [-110.656421, 50.0290421], [-110.6564524, 50.0290508], [-110.6565198, 50.0290647], [-110.6565563, 50.0290744], [-110.6591448, 50.0299985]]}}, {"type": "Feature", "properties": {"name": "Path 1331503384", "difficulty": "intermediate", "area": "Medicine Hat", "osm_id": 1331503384, "highway": "cycleway"}, "geometry": {"type": "LineString", "coordinates": [[-110.6611414, 50.0306349], [-110.6611623, 50.0306602], [-110.6611839, 50.0306913]]}}, {"type": "Feature", "properties": {"name": "Path 1331503385", "difficulty": "intermediate", "area": "Medicine Hat", "osm_id": 1331503385, "highway": "cycleway"}, "geometry": {"type": "LineString", "coordinates": [[-110.6612414, 50.0307261], [-110.6613101, 50.0307522], [-110.6614083, 50.0307895]]}}, {"type": "Feature", "properties": {"name": "Path 1331503386", "difficulty": "intermediate", "area": "Medicine Hat", "osm_id": 1331503386, "highway": "cycleway"}, "geometry": {"type": "LineString", "coordinates": [[-110.6611839, 50.0306913], [-110.6611992, 50.0307101], [-110.6612414, 50.0307261]]}}, {"type": "Feature", "properties": {"name": "Path 1331503387", "difficulty": "intermediate", "area": "Medicine Hat", "osm_id": 1331503387, "highway": "cycleway"}, "geometry": {"type": "LineString", "coordinates": [[-110.6614083, 50.0307895], [-110.6614352, 50.0307996], [-110.6614559, 50.0308271], [-110.6614863, 50.0308545], [-110.6629426, 50.0313843]]}}, {"type": "Feature", "properties": {"name": "Path 1331503388", "difficulty": "intermediate", "area": "Medicine Hat", "osm_id": 1331503388, "highway": "cycleway"}, "geometry": {"type": "LineString", "coordinates": [[-110.6629426, 50.0313843], [-110.6630001, 50.0314046], [-110.663069, 50.0314304]]}}, {"type": "Feature", "properties": {"name": "Path 1331503389", "difficulty": "intermediate", "area": "Medicine Hat", "osm_id": 1331503389, "highway": "cycleway"}, "geometry": {"type": "LineString", "coordinates": [[-110.6688909, 50.0345208], [-110.668881, 50.034553], [-110.6689032, 50.034585], [-110.6689154, 50.0346099], [-110.6689187, 50.0346327], [-110.6689154, 50.0346598], [-110.6689021, 50.0346897], [-110.6688662, 50.034766], [-110.6688409, 50.0348333], [-110.6688307, 50.0348854], [-110.6688324, 50.0349255], [-110.6688459, 50.0349841], [-110.6688746, 50.0350406], [-110.6689186, 50.0350927], [-110.6690943, 50.0353162], [-110.6691704, 50.0354107], [-110.6692194, 50.0354747], [-110.669341, 50.035619], [-110.6694661, 50.0357525], [-110.6695539, 50.0358383], [-110.6705019, 50.0367076], [-110.6705914, 50.0367923], [-110.6706793, 50.0368867], [-110.6707469, 50.0369681], [-110.6708212, 50.037069], [-110.6708787, 50.0371624], [-110.6713856, 50.0380176], [-110.6714701, 50.0381424], [-110.6715748, 50.0383008], [-110.6716357, 50.0383898], [-110.6717573, 50.0385429], [-110.6718368, 50.0386416], [-110.6719973, 50.0388229]]}}, {"type": "Feature", "properties": {"name": "Path 1331503390", "difficulty": "intermediate", "area": "Medicine Hat", "osm_id": 1331503390, "highway": "cycleway"}, "geometry": {"type": "LineString", "coordinates": [[-110.6689384, 50.0343673], [-110.6689144, 50.0344439], [-110.6688909, 50.0345208]]}}, {"type": "Feature", "properties": {"name": "Path 1331503391", "difficulty": "intermediate", "area": "Medicine Hat", "osm_id": 1331503391, "highway": "cycleway"}, "geometry": {"type": "LineString", "coordinates": [[-110.6689287, 50.034308], [-110.6689433, 50.0343518], [-110.6689384, 50.0343673]]}}, {"type": "Feature", "properties": {"name": "Path 1331503392", "difficulty": "intermediate", "area": "Medicine Hat", "osm_id": 1331503392, "highway": "cycleway"}, "geometry": {"type": "LineString", "coordinates": [[-110.6689434, 50.0342022], [-110.6689359, 50.0342559], [-110.6689287, 50.034308]]}}, {"type": "Feature", "properties": {"name": "Path 1331503396", "difficulty": "intermediate", "area": "Medicine Hat", "osm_id": 1331503396, "highway": "cycleway"}, "geometry": {"type": "LineString", "coordinates": [[-110.6638906, 50.0303674], [-110.663944, 50.0303471], [-110.6639902, 50.0303276]]}}, {"type": "Feature", "properties": {"name": "Path 1331503397", "difficulty": "intermediate", "area": "Medicine Hat", "osm_id": 1331503397, "highway": "cycleway"}, "geometry": {"type": "LineString", "coordinates": [[-110.6640113, 50.030059], [-110.6639811, 50.0300414], [-110.6639274, 50.0300099]]}}, {"type": "Feature", "properties": {"name": "Path 1331503398", "difficulty": "intermediate", "area": "Medicine Hat", "osm_id": 1331503398, "highway": "cycleway"}, "geometry": {"type": "LineString", "coordinates": [[-110.6640384, 50.0300972], [-110.6640392, 50.0300764], [-110.6640113, 50.030059]]}}, {"type": "Feature", "properties": {"name": "Path 1331503405", "difficulty": "intermediate", "area": "Medicine Hat", "osm_id": 1331503405, "highway": "cycleway"}, "geometry": {"type": "LineString", "coordinates": [[-110.6639902, 50.0303276], [-110.6640338, 50.0303115], [-110.6640341, 50.0302913], [-110.6640344, 50.0302712]]}}, {"type": "Feature", "properties": {"name": "Path 1331503406", "difficulty": "intermediate", "area": "Medicine Hat", "osm_id": 1331503406, "highway": "cycleway"}, "geometry": {"type": "LineString", "coordinates": [[-110.6640666, 50.0351408], [-110.6640799, 50.0351105], [-110.6640799, 50.035028], [-110.6640839, 50.0342491], [-110.6640921, 50.0336532]]}}, {"type": "Feature", "properties": {"name": "Path 1331503407", "difficulty": "intermediate", "area": "Medicine Hat", "osm_id": 1331503407, "highway": "cycleway"}, "geometry": {"type": "LineString", "coordinates": [[-110.6640153, 50.0311138], [-110.6640169, 50.0305845], [-110.6640053, 50.0305304], [-110.6639959, 50.0305072], [-110.6639837, 50.0304773], [-110.6639464, 50.0304217], [-110.6638906, 50.0303674]]}}, {"type": "Feature", "properties": {"name": "Path 1331503408", "difficulty": "intermediate", "area": "Medicine Hat", "osm_id": 1331503408, "highway": "cycleway"}, "geometry": {"type": "LineString", "coordinates": [[-110.6640842, 50.0317039], [-110.6640817, 50.0316249], [-110.6640764, 50.0315655], [-110.6640627, 50.0314606], [-110.6640545, 50.0313641], [-110.6640185, 50.0311663], [-110.6640153, 50.0311138]]}}, {"type": "Feature", "properties": {"name": "Path 1331503412", "difficulty": "intermediate", "area": "Medicine Hat", "osm_id": 1331503412, "highway": "cycleway"}, "geometry": {"type": "LineString", "coordinates": [[-110.663069, 50.0314304], [-110.6631064, 50.0314547], [-110.6632084, 50.0314922], [-110.6639447, 50.0317631], [-110.6640196, 50.0317907], [-110.6644741, 50.0319481], [-110.664603, 50.0319806], [-110.6648811, 50.0320842], [-110.6649043, 50.0320989]]}}, {"type": "Feature", "properties": {"name": "Path 1331503413", "difficulty": "intermediate", "area": "Medicine Hat", "osm_id": 1331503413, "highway": "cycleway"}, "geometry": {"type": "LineString", "coordinates": [[-110.6649043, 50.0320989], [-110.6650154, 50.0321419], [-110.6651155, 50.0321798]]}}, {"type": "Feature", "properties": {"name": "Path 1331503414", "difficulty": "intermediate", "area": "Medicine Hat", "osm_id": 1331503414, "highway": "cycleway"}, "geometry": {"type": "LineString", "coordinates": [[-110.6651155, 50.0321798], [-110.6652341, 50.0322039], [-110.6652963, 50.0322197], [-110.6653412, 50.0322346], [-110.6665597, 50.0327811]]}}, {"type": "Feature", "properties": {"name": "Path 1331503415", "difficulty": "intermediate", "area": "Medicine Hat", "osm_id": 1331503415, "highway": "cycleway"}, "geometry": {"type": "LineString", "coordinates": [[-110.6665597, 50.0327811], [-110.6666607, 50.0328317], [-110.6667648, 50.0328768]]}}, {"type": "Feature", "properties": {"name": "Path 1331503416", "difficulty": "intermediate", "area": "Medicine Hat", "osm_id": 1331503416, "highway": "cycleway"}, "geometry": {"type": "LineString", "coordinates": [[-110.6667648, 50.0328768], [-110.6667821, 50.0328898], [-110.6668009, 50.0329074], [-110.6668371, 50.0329288], [-110.6669702, 50.0329929], [-110.6669905, 50.0329994], [-110.6670582, 50.0330378]]}}, {"type": "Feature", "properties": {"name": "Path 1331503417", "difficulty": "intermediate", "area": "Medicine Hat", "osm_id": 1331503417, "highway": "cycleway"}, "geometry": {"type": "LineString", "coordinates": [[-110.6670582, 50.0330378], [-110.6671259, 50.0330762], [-110.6672009, 50.0331197]]}}, {"type": "Feature", "properties": {"name": "Path 1331503418", "difficulty": "intermediate", "area": "Medicine Hat", "osm_id": 1331503418, "highway": "cycleway"}, "geometry": {"type": "LineString", "coordinates": [[-110.6640125, 50.0293831], [-110.664012, 50.0293427], [-110.6640118, 50.029296]]}}, {"type": "Feature", "properties": {"name": "Path 1331503422", "difficulty": "intermediate", "area": "Medicine Hat", "osm_id": 1331503422, "highway": "cycleway"}, "geometry": {"type": "LineString", "coordinates": [[-110.6593054, 50.030056], [-110.6607632, 50.0305824], [-110.6608236, 50.0305995], [-110.6608904, 50.0306146], [-110.6609583, 50.0306236], [-110.6610453, 50.0306265], [-110.66113, 50.0306199], [-110.6611414, 50.0306349]]}}, {"type": "Feature", "properties": {"name": "Path 1331503423", "difficulty": "intermediate", "area": "Medicine Hat", "osm_id": 1331503423, "highway": "cycleway"}, "geometry": {"type": "LineString", "coordinates": [[-110.6591448, 50.0299985], [-110.6592138, 50.0300238], [-110.6593054, 50.030056]]}}, {"type": "Feature", "properties": {"name": "Path 1331504065", "difficulty": "intermediate", "area": "Medicine Hat", "osm_id": 1331504065, "highway": "cycleway"}, "geometry": {"type": "LineString", "coordinates": [[-110.6639959, 50.0305072], [-110.6639636, 50.0306759], [-110.6639322, 50.0308621], [-110.663926, 50.0309536], [-110.6639197, 50.0311036], [-110.6639213, 50.0311851], [-110.6639307, 50.0312273], [-110.6639495, 50.0312605], [-110.6639714, 50.0312897], [-110.6639808, 50.0313038], [-110.6639808, 50.0313169], [-110.6637709, 50.0315624], [-110.6638031, 50.0315752], [-110.6638327, 50.0315942], [-110.6638507, 50.0316115], [-110.6639345, 50.0317174]]}}, {"type": "Feature", "properties": {"name": "Path 1331504068", "difficulty": "intermediate", "area": "Medicine Hat", "osm_id": 1331504068, "highway": "cycleway"}, "geometry": {"type": "LineString", "coordinates": [[-110.67221, 50.0335969], [-110.6721714, 50.0336356], [-110.6720408, 50.0337625], [-110.671974, 50.0338198], [-110.6716597, 50.0340045], [-110.6715642, 50.0340528], [-110.6714934, 50.0340918], [-110.6714172, 50.0341496], [-110.6713643, 50.0341831], [-110.6710388, 50.0343601], [-110.6709623, 50.0344169], [-110.6708742, 50.0344982], [-110.6708285, 50.0345362], [-110.6708004, 50.0345779], [-110.6708052, 50.0346157], [-110.6708333, 50.034648], [-110.6709657, 50.0347922], [-110.6710368, 50.0348549], [-110.6711469, 50.0349261], [-110.6711964, 50.0349669], [-110.6712167, 50.0350052], [-110.6712224, 50.0350677], [-110.6712134, 50.0351705], [-110.6712116, 50.0352167], [-110.6712152, 50.0352595], [-110.6712274, 50.0352929], [-110.6712488, 50.0353515], [-110.6712622, 50.0354053], [-110.6712668, 50.0354479], [-110.6712614, 50.0355611], [-110.6712653, 50.0357183], [-110.6712745, 50.0357672], [-110.6712895, 50.0358086], [-110.6714215, 50.0360141], [-110.6714671, 50.0360797], [-110.6715186, 50.0361377], [-110.6716652, 50.0362576], [-110.6717178, 50.0362898], [-110.6718009, 50.036327], [-110.6718374, 50.0363529], [-110.6718906, 50.036402], [-110.6719678, 50.0364736], [-110.6721149, 50.0365938], [-110.6721733, 50.0366272], [-110.6722522, 50.0366624], [-110.6724852, 50.0367572], [-110.6725337, 50.0367862], [-110.6725706, 50.036832], [-110.6726506, 50.036941], [-110.6726966, 50.0369877], [-110.6728268, 50.0370713], [-110.6730597, 50.0372059], [-110.6732382, 50.0372658], [-110.6734479, 50.0373007], [-110.6735409, 50.0372529]]}}, {"type": "Feature", "properties": {"name": "Path 1331504069", "difficulty": "intermediate", "area": "Medicine Hat", "osm_id": 1331504069, "highway": "cycleway"}, "geometry": {"type": "LineString", "coordinates": [[-110.6722324, 50.0334775], [-110.6722514, 50.0335272], [-110.672274, 50.0335785]]}}, {"type": "Feature", "properties": {"name": "Path 1331504070", "difficulty": "intermediate", "area": "Medicine Hat", "osm_id": 1331504070, "highway": "cycleway"}, "geometry": {"type": "LineString", "coordinates": [[-110.6705687, 50.0281086], [-110.6704752, 50.0281129], [-110.6704676, 50.0280699], [-110.6704898, 50.0280547], [-110.670515, 50.0280501], [-110.6705594, 50.0280437]]}}, {"type": "Feature", "properties": {"name": "Path 1331506551", "difficulty": "intermediate", "area": "Medicine Hat", "osm_id": 1331506551, "highway": "cycleway"}, "geometry": {"type": "LineString", "coordinates": [[-110.7242619, 50.023108], [-110.7242212, 50.0231364], [-110.7240916, 50.0232341], [-110.7240498, 50.0232658]]}}, {"type": "Feature", "properties": {"name": "Path 1331506552", "difficulty": "intermediate", "area": "Medicine Hat", "osm_id": 1331506552, "highway": "cycleway"}, "geometry": {"type": "LineString", "coordinates": [[-110.7241511, 50.0234148], [-110.7240997, 50.0233824], [-110.7240425, 50.0233463]]}}, {"type": "Feature", "properties": {"name": "Path 1331506563", "difficulty": "intermediate", "area": "Medicine Hat", "osm_id": 1331506563, "highway": "cycleway"}, "geometry": {"type": "LineString", "coordinates": [[-110.7232383, 50.0223707], [-110.723269, 50.0223712], [-110.7233116, 50.0223699], [-110.72335, 50.0223645], [-110.7233739, 50.0223645], [-110.7234009, 50.0223699], [-110.7234269, 50.0223852], [-110.7234456, 50.0224099], [-110.723455, 50.0224373], [-110.723455, 50.0224607], [-110.7234539, 50.0224894], [-110.7234612, 50.0225107], [-110.723481, 50.0225341], [-110.7235038, 50.0225568], [-110.7235412, 50.0225788], [-110.7235693, 50.0225909], [-110.7235901, 50.0225982], [-110.7236296, 50.0226042], [-110.7236961, 50.0226082], [-110.7237439, 50.0226136], [-110.7237833, 50.0226263], [-110.7238187, 50.0226469], [-110.7238499, 50.0226703], [-110.7238769, 50.022703], [-110.7239257, 50.0227831], [-110.7239475, 50.0228079], [-110.7239704, 50.0228272], [-110.7240608, 50.0228893], [-110.7240837, 50.0229], [-110.7241419, 50.0229227], [-110.7242032, 50.0229427], [-110.7242364, 50.0229554], [-110.7242718, 50.0229748], [-110.7242915, 50.0229921], [-110.7242998, 50.0230081], [-110.724304, 50.0230302], [-110.7242988, 50.0230555], [-110.7242905, 50.0230749], [-110.724279, 50.0230916], [-110.7242619, 50.023108]]}}, {"type": "Feature", "properties": {"name": "Path 1331506564", "difficulty": "intermediate", "area": "Medicine Hat", "osm_id": 1331506564, "highway": "cycleway"}, "geometry": {"type": "LineString", "coordinates": [[-110.7240498, 50.0232658], [-110.724039, 50.0232805], [-110.7240317, 50.0233012], [-110.7240317, 50.0233219], [-110.7240425, 50.0233463]]}}, {"type": "Feature", "properties": {"name": "Path 1331506565", "difficulty": "intermediate", "area": "Medicine Hat", "osm_id": 1331506565, "highway": "cycleway"}, "geometry": {"type": "LineString", "coordinates": [[-110.7241511, 50.0234148], [-110.7241762, 50.0234314], [-110.7241938, 50.0234521], [-110.7242073, 50.0235836]]}}, {"type": "Feature", "properties": {"name": "Path 1331506566", "difficulty": "intermediate", "area": "Medicine Hat", "osm_id": 1331506566, "highway": "cycleway"}, "geometry": {"type": "LineString", "coordinates": [[-110.7240317, 50.0233012], [-110.7239124, 50.0232516], [-110.7238759, 50.0232367], [-110.7237369, 50.0231825], [-110.7236839, 50.0231612], [-110.7236458, 50.0231431], [-110.7235514, 50.0230857], [-110.7234256, 50.0229953], [-110.7233776, 50.0229708], [-110.7233213, 50.022941], [-110.7232468, 50.0229091], [-110.723015, 50.0228378], [-110.7226987, 50.0227293], [-110.7226706, 50.0227176], [-110.722612, 50.0226619]]}}, {"type": "Feature", "properties": {"name": "Path 1331506569", "difficulty": "intermediate", "area": "Medicine Hat", "osm_id": 1331506569, "highway": "cycleway"}, "geometry": {"type": "LineString", "coordinates": [[-110.7228934, 50.0222263], [-110.7230601, 50.0223398], [-110.7230798, 50.0223505], [-110.7231131, 50.0223619], [-110.7231318, 50.0223659], [-110.7231617, 50.0223672]]}}, {"type": "Feature", "properties": {"name": "Path 1331506570", "difficulty": "intermediate", "area": "Medicine Hat", "osm_id": 1331506570, "highway": "cycleway"}, "geometry": {"type": "LineString", "coordinates": [[-110.7231617, 50.0223672], [-110.7231955, 50.022369], [-110.7232383, 50.0223707]]}}, {"type": "Feature", "properties": {"name": "Southview Trail", "difficulty": "intermediate", "area": "Medicine Hat", "osm_id": 1331540715, "highway": "cycleway"}, "geometry": {"type": "LineString", "coordinates": [[-110.6349518, 50.0145655], [-110.6350782, 50.014528], [-110.6351157, 50.0145237], [-110.6351545, 50.0145277], [-110.6352011, 50.0145374], [-110.6352556, 50.0145535], [-110.635443, 50.0146068], [-110.635517, 50.0146235], [-110.6356012, 50.0146385], [-110.6358059, 50.0146676], [-110.6358768, 50.0146726], [-110.6359323, 50.0146685], [-110.6359956, 50.0146611], [-110.6360607, 50.0146386], [-110.6364031, 50.0145373], [-110.6364823, 50.0145209], [-110.6365637, 50.0145135], [-110.6366273, 50.0145177], [-110.6366837, 50.014524], [-110.6369185, 50.0145742], [-110.6370033, 50.0145944], [-110.637181, 50.0146544], [-110.637277, 50.0146932], [-110.6374207, 50.0147702], [-110.6374608, 50.0147817], [-110.637519, 50.0147866], [-110.6376069, 50.0147996], [-110.6377441, 50.0148357]]}}, {"type": "Feature", "properties": {"name": "Southview Trail", "difficulty": "intermediate", "area": "Medicine Hat", "osm_id": 1331540716, "highway": "cycleway"}, "geometry": {"type": "LineString", "coordinates": [[-110.6377441, 50.0148357], [-110.6377692, 50.0148384], [-110.6377862, 50.0148402], [-110.6379067, 50.0148547]]}}, {"type": "Feature", "properties": {"name": "Southview Trail", "difficulty": "intermediate", "area": "Medicine Hat", "osm_id": 1331540718, "highway": "cycleway"}, "geometry": {"type": "LineString", "coordinates": [[-110.6379067, 50.0148547], [-110.6380065, 50.0148808], [-110.6384614, 50.0150191], [-110.6385018, 50.015039], [-110.6385426, 50.0150696], [-110.6385757, 50.0151135], [-110.6387252, 50.0154124], [-110.638767, 50.0154959], [-110.6387824, 50.0155153], [-110.6388037, 50.0155347], [-110.6388314, 50.0155551], [-110.6392801, 50.0157719], [-110.6392921, 50.0157782], [-110.6398465, 50.0160695], [-110.6399079, 50.016093], [-110.6399774, 50.016114], [-110.6401652, 50.0161683], [-110.6402497, 50.0162036], [-110.64031, 50.0162407], [-110.6403785, 50.0162889], [-110.6404309, 50.0163407], [-110.640459, 50.016388], [-110.6404885, 50.0164579], [-110.6405195, 50.0165545], [-110.6405328, 50.0165877], [-110.6405596, 50.0166208], [-110.6405903, 50.0166556], [-110.6406373, 50.0166965], [-110.640746, 50.0167754], [-110.6408264, 50.0168206], [-110.640867, 50.0168374], [-110.6409184, 50.0168541], [-110.6411148, 50.0169198], [-110.6411737, 50.0169473], [-110.6412117, 50.0169674], [-110.6414113, 50.0171116]]}}, {"type": "Feature", "properties": {"name": "Southview Trail", "difficulty": "intermediate", "area": "Medicine Hat", "osm_id": 1331540719, "highway": "cycleway"}, "geometry": {"type": "LineString", "coordinates": [[-110.6414113, 50.0171116], [-110.641461, 50.0171475], [-110.6415638, 50.0172212]]}}, {"type": "Feature", "properties": {"name": "Ross Glen Town Center Loop", "difficulty": "intermediate", "area": "Medicine Hat", "osm_id": 1331540720, "highway": "cycleway"}, "geometry": {"type": "LineString", "coordinates": [[-110.6346852, 50.0088629], [-110.6346239, 50.0089002], [-110.6345522, 50.008942]]}}, {"type": "Feature", "properties": {"name": "Ross Glen Finger Park Loop", "difficulty": "intermediate", "area": "Medicine Hat", "osm_id": 1331540721, "highway": "cycleway"}, "geometry": {"type": "LineString", "coordinates": [[-110.6297182, 50.0051732], [-110.6298283, 50.005239], [-110.6300701, 50.0053696], [-110.6301699, 50.0054267], [-110.6302853, 50.0054712], [-110.6305417, 50.0055199], [-110.6308426, 50.0055943], [-110.6313717, 50.0057076], [-110.6314721, 50.0057154], [-110.6315638, 50.0057041], [-110.6316376, 50.0056856], [-110.6317305, 50.0056435], [-110.6318598, 50.0055785], [-110.6320471, 50.0055138], [-110.6322196, 50.0054574], [-110.6323946, 50.0054241], [-110.6328542, 50.0053719]]}}, {"type": "Feature", "properties": {"name": "Ross Glen Finger Park Loop", "difficulty": "intermediate", "area": "Medicine Hat", "osm_id": 1331540722, "highway": "cycleway"}, "geometry": {"type": "LineString", "coordinates": [[-110.6295898, 50.0051049], [-110.6296478, 50.0051351], [-110.6297182, 50.0051732]]}}, {"type": "Feature", "properties": {"name": "Path 1331540724", "difficulty": "intermediate", "area": "Medicine Hat", "osm_id": 1331540724, "highway": "cycleway"}, "geometry": {"type": "LineString", "coordinates": [[-110.6286205, 50.004327], [-110.6285028, 50.0043669]]}}, {"type": "Feature", "properties": {"name": "Ross Creek Coulee Trail", "difficulty": "intermediate", "area": "Medicine Hat", "osm_id": 1331540725, "highway": "cycleway"}, "geometry": {"type": "LineString", "coordinates": [[-110.6251279, 50.0042689], [-110.6252168, 50.0042779], [-110.6253529, 50.0042916]]}}, {"type": "Feature", "properties": {"name": "Ross Creek Coulee Trail", "difficulty": "intermediate", "area": "Medicine Hat", "osm_id": 1331540727, "highway": "cycleway"}, "geometry": {"type": "LineString", "coordinates": [[-110.6232485, 50.005225], [-110.6233415, 50.0049954], [-110.6234878, 50.0045355], [-110.6235019, 50.004412], [-110.623492, 50.0042916], [-110.6234388, 50.0040941]]}}, {"type": "Feature", "properties": {"name": "Ross Creek Coulee Trail", "difficulty": "intermediate", "area": "Medicine Hat", "osm_id": 1331540728, "highway": "cycleway"}, "geometry": {"type": "LineString", "coordinates": [[-110.6234388, 50.0040941], [-110.6234273, 50.0039535]]}}, {"type": "Feature", "properties": {"name": "Path 1331540729", "difficulty": "intermediate", "area": "Medicine Hat", "osm_id": 1331540729, "highway": "cycleway"}, "geometry": {"type": "LineString", "coordinates": [[-110.6339658, 50.0142308], [-110.6341031, 50.0142752]]}}, {"type": "Feature", "properties": {"name": "Path 1331540730", "difficulty": "intermediate", "area": "Medicine Hat", "osm_id": 1331540730, "highway": "cycleway"}, "geometry": {"type": "LineString", "coordinates": [[-110.6338355, 50.0141879], [-110.633888, 50.0142057], [-110.6339658, 50.0142308]]}}, {"type": "Feature", "properties": {"name": "Path 1331540731", "difficulty": "intermediate", "area": "Medicine Hat", "osm_id": 1331540731, "highway": "cycleway"}, "geometry": {"type": "LineString", "coordinates": [[-110.6350237, 50.0125619], [-110.6349964, 50.0125997], [-110.6349764, 50.0126338], [-110.6349588, 50.012672], [-110.6349287, 50.0127252], [-110.6348965, 50.0127735], [-110.6348578, 50.0128115], [-110.6347891, 50.0128757], [-110.6347418, 50.0129164], [-110.6347074, 50.0129516], [-110.634687, 50.0129779], [-110.634673, 50.0130006], [-110.6346591, 50.0130276], [-110.6346483, 50.0130393], [-110.6346311, 50.0130538], [-110.6346075, 50.0130669], [-110.6345699, 50.0130869], [-110.6345506, 50.0131007], [-110.6345355, 50.0131152], [-110.6345291, 50.0131318], [-110.6345237, 50.0131684], [-110.6345226, 50.0131939], [-110.6345151, 50.0132098], [-110.6345076, 50.0132229], [-110.6344614, 50.0132637], [-110.6344431, 50.0132809], [-110.6344302, 50.0132989], [-110.6344023, 50.0133541], [-110.6343851, 50.0133748], [-110.6343679, 50.0133838], [-110.6343078, 50.0134073], [-110.6342917, 50.0134176], [-110.6342798, 50.0134321], [-110.6342798, 50.0134487], [-110.6342841, 50.0134763], [-110.634282, 50.0134977], [-110.6342766, 50.0135143], [-110.6342583, 50.0135419], [-110.6341187, 50.0137152], [-110.6340929, 50.0137366], [-110.6340682, 50.013749], [-110.6339898, 50.0137897], [-110.6339694, 50.0138015], [-110.6339586, 50.0138146], [-110.6339457, 50.0138381], [-110.6339371, 50.0138664], [-110.6339103, 50.0139678], [-110.6339006, 50.0139941], [-110.6338877, 50.0140134], [-110.6338673, 50.0140334], [-110.6337996, 50.0140997], [-110.6337508, 50.014159], [-110.6335396, 50.0144186], [-110.6335171, 50.0144504], [-110.633487, 50.0144946], [-110.6334483, 50.0145429], [-110.6333785, 50.0146223], [-110.6333387, 50.014654], [-110.6333054, 50.014683], [-110.6332829, 50.01471], [-110.6332721, 50.0147293], [-110.6332506, 50.0147845], [-110.6332377, 50.0148121], [-110.6332173, 50.0148377], [-110.6331744, 50.0148895], [-110.6331206, 50.0149544], [-110.6330433, 50.0150379], [-110.6330046, 50.01508], [-110.6329724, 50.0151173], [-110.6329509, 50.0151483], [-110.6329337, 50.0151663], [-110.6328961, 50.0152008], [-110.6328628, 50.0152353], [-110.6328381, 50.0152691], [-110.6328198, 50.0153078], [-110.6328016, 50.0153499], [-110.6327951, 50.0153844], [-110.6327898, 50.0154217], [-110.6327919, 50.0154597], [-110.6328096, 50.0155107], [-110.632904, 50.0157228], [-110.6329081, 50.0157355], [-110.6329126, 50.0157496], [-110.6329225, 50.0157819], [-110.632936, 50.0158356], [-110.6329507, 50.0158742], [-110.6329777, 50.0159255], [-110.6330857, 50.0161305], [-110.6331127, 50.0161723], [-110.6331409, 50.0162062], [-110.633179, 50.0162401], [-110.6332231, 50.0162685], [-110.6332673, 50.0162874], [-110.6333483, 50.0163087], [-110.633606, 50.0163694], [-110.6336858, 50.0163907], [-110.6337877, 50.0164254], [-110.6338576, 50.0164538], [-110.6339055, 50.0164838], [-110.6340503, 50.0165776]]}}, {"type": "Feature", "properties": {"name": "Ross Creek Coulee Trail", "difficulty": "intermediate", "area": "Medicine Hat", "osm_id": 1331540732, "highway": "cycleway"}, "geometry": {"type": "LineString", "coordinates": [[-110.6374027, 50.0191654], [-110.6374499, 50.0191425]]}}, {"type": "Feature", "properties": {"name": "Path 1331540733", "difficulty": "intermediate", "area": "Medicine Hat", "osm_id": 1331540733, "highway": "cycleway"}, "geometry": {"type": "LineString", "coordinates": [[-110.6398144, 50.0224765], [-110.6398997, 50.0226518], [-110.6399347, 50.0227013], [-110.6399785, 50.0227469], [-110.6400251, 50.0227799], [-110.6400786, 50.0228029], [-110.6401573, 50.0228636]]}}, {"type": "Feature", "properties": {"name": "Path 1331540735", "difficulty": "intermediate", "area": "Medicine Hat", "osm_id": 1331540735, "highway": "cycleway"}, "geometry": {"type": "LineString", "coordinates": [[-110.6300352, 50.0133006], [-110.630008, 50.0133288], [-110.6298575, 50.0136036], [-110.6297528, 50.0137714], [-110.6296981, 50.0138526], [-110.6295773, 50.0139765]]}}, {"type": "Feature", "properties": {"name": "Path 1331540736", "difficulty": "intermediate", "area": "Medicine Hat", "osm_id": 1331540736, "highway": "cycleway"}, "geometry": {"type": "LineString", "coordinates": [[-110.6295773, 50.0139765], [-110.6295284, 50.0140174], [-110.6294883, 50.014054]]}}, {"type": "Feature", "properties": {"name": "Path 1331540737", "difficulty": "intermediate", "area": "Medicine Hat", "osm_id": 1331540737, "highway": "cycleway"}, "geometry": {"type": "LineString", "coordinates": [[-110.636452, 50.0184839], [-110.6364897, 50.0185081], [-110.6365416, 50.0185317], [-110.6365747, 50.018553], [-110.636603, 50.0185719], [-110.6366324, 50.0185964], [-110.6366533, 50.018624], [-110.6366655, 50.0186476], [-110.6366692, 50.0186673], [-110.6366717, 50.0187273], [-110.6366766, 50.018747], [-110.6366864, 50.0187675], [-110.6367011, 50.0187769], [-110.6367269, 50.0187888], [-110.6367834, 50.0188116], [-110.6368288, 50.0188298], [-110.636868, 50.0188511], [-110.6369024, 50.0188755], [-110.6369294, 50.0189], [-110.636976, 50.0189473], [-110.6370472, 50.0189993], [-110.6371847, 50.0190845], [-110.6372644, 50.0191428], [-110.6373612, 50.0192184]]}}, {"type": "Feature", "properties": {"name": "Path 1331540738", "difficulty": "intermediate", "area": "Medicine Hat", "osm_id": 1331540738, "highway": "cycleway"}, "geometry": {"type": "LineString", "coordinates": [[-110.6363489, 50.0183936], [-110.6363771, 50.0184164], [-110.6364146, 50.0184502], [-110.636452, 50.0184839]]}}, {"type": "Feature", "properties": {"name": "Path 1331540739", "difficulty": "intermediate", "area": "Medicine Hat", "osm_id": 1331540739, "highway": "cycleway"}, "geometry": {"type": "LineString", "coordinates": [[-110.634162, 50.0166738], [-110.6342098, 50.0167204], [-110.6342687, 50.0167764], [-110.634351, 50.016841], [-110.6345265, 50.0169869], [-110.634567, 50.017024], [-110.6345817, 50.0170429], [-110.6345952, 50.0170729], [-110.634605, 50.0170926], [-110.6346161, 50.0171044], [-110.6346345, 50.0171162], [-110.6346553, 50.0171241], [-110.6347069, 50.017136], [-110.6347314, 50.0171438], [-110.6347474, 50.0171509], [-110.6348664, 50.0172503], [-110.6348897, 50.0172755], [-110.6349032, 50.0172984], [-110.6349069, 50.0173134], [-110.6349106, 50.0173489], [-110.6349118, 50.0173631], [-110.634918, 50.0173749], [-110.6349351, 50.0173938], [-110.6350247, 50.0174608], [-110.6352677, 50.0176477], [-110.6353757, 50.0177132], [-110.6354481, 50.0177487], [-110.6355046, 50.01777], [-110.6355512, 50.0177849], [-110.6355733, 50.017796], [-110.6355893, 50.0178086], [-110.6356003, 50.0178244], [-110.6356101, 50.0178614], [-110.6356224, 50.0178867], [-110.6356371, 50.0179017], [-110.6356555, 50.0179119], [-110.6356923, 50.0179237], [-110.6357206, 50.0179395], [-110.6357316, 50.0179529], [-110.6357402, 50.0179687], [-110.6357427, 50.0179979], [-110.6357476, 50.0180168], [-110.6357525, 50.018031], [-110.6357721, 50.018042], [-110.6357991, 50.018046], [-110.6358335, 50.0180499], [-110.6358642, 50.0180594], [-110.6358826, 50.018072], [-110.6358936, 50.0180885], [-110.6358985, 50.0181106], [-110.6359071, 50.0181445], [-110.6359145, 50.0181603], [-110.6359218, 50.0181706], [-110.6359366, 50.0181832], [-110.6360004, 50.0182155], [-110.6360581, 50.0182399], [-110.636155, 50.0182739], [-110.6361992, 50.0182936], [-110.6362336, 50.0183141], [-110.6363182, 50.0183787], [-110.6363489, 50.0183936]]}}, {"type": "Feature", "properties": {"name": "Path 1331540740", "difficulty": "intermediate", "area": "Medicine Hat", "osm_id": 1331540740, "highway": "cycleway"}, "geometry": {"type": "LineString", "coordinates": [[-110.6340503, 50.0165776], [-110.6341022, 50.0166213], [-110.634162, 50.0166738]]}}, {"type": "Feature", "properties": {"name": "Path 1331541479", "difficulty": "intermediate", "area": "Medicine Hat", "osm_id": 1331541479, "highway": "cycleway"}, "geometry": {"type": "LineString", "coordinates": [[-110.6455183, 50.0070964], [-110.6453995, 50.0071552], [-110.6453455, 50.0071837]]}}, {"type": "Feature", "properties": {"name": "Path 1331541480", "difficulty": "intermediate", "area": "Medicine Hat", "osm_id": 1331541480, "highway": "cycleway"}, "geometry": {"type": "LineString", "coordinates": [[-110.6453455, 50.0071837], [-110.6453125, 50.0072329], [-110.6452808, 50.0072549], [-110.6449867, 50.0073953], [-110.6448942, 50.0074389], [-110.6448305, 50.0074681], [-110.6446328, 50.0075488], [-110.6445455, 50.0075831], [-110.6442332, 50.0077], [-110.6440492, 50.0077636], [-110.6439754, 50.0077883], [-110.6439097, 50.0078072], [-110.6436127, 50.00788], [-110.6435903, 50.0078851], [-110.6435529, 50.007891], [-110.6434347, 50.0079033], [-110.6434195, 50.0079059], [-110.6433801, 50.0079176]]}}, {"type": "Feature", "properties": {"name": "Path 1331541481", "difficulty": "intermediate", "area": "Medicine Hat", "osm_id": 1331541481, "highway": "cycleway"}, "geometry": {"type": "LineString", "coordinates": [[-110.6433801, 50.0079176], [-110.6432594, 50.0079452], [-110.6431674, 50.0079676]]}}, {"type": "Feature", "properties": {"name": "Path 1331541482", "difficulty": "intermediate", "area": "Medicine Hat", "osm_id": 1331541482, "highway": "cycleway"}, "geometry": {"type": "LineString", "coordinates": [[-110.6431674, 50.0079676], [-110.6431507, 50.0079767], [-110.6428492, 50.0080263]]}}, {"type": "Feature", "properties": {"name": "Path 1331541483", "difficulty": "intermediate", "area": "Medicine Hat", "osm_id": 1331541483, "highway": "cycleway"}, "geometry": {"type": "LineString", "coordinates": [[-110.6428492, 50.0080263], [-110.6427358, 50.0080331], [-110.6426211, 50.008048], [-110.6424612, 50.0080792], [-110.6423226, 50.0081111], [-110.6421966, 50.0081452], [-110.6420746, 50.0081849], [-110.6419456, 50.0082282], [-110.6418008, 50.0082828], [-110.6416398, 50.0083507], [-110.6415278, 50.0084043], [-110.641444, 50.0084468], [-110.6410675, 50.0086464]]}}, {"type": "Feature", "properties": {"name": "Path 1331541484", "difficulty": "intermediate", "area": "Medicine Hat", "osm_id": 1331541484, "highway": "cycleway"}, "geometry": {"type": "LineString", "coordinates": [[-110.6410675, 50.0086464], [-110.640958, 50.0087044], [-110.6408725, 50.0087494]]}}, {"type": "Feature", "properties": {"name": "Path 1331541485", "difficulty": "intermediate", "area": "Medicine Hat", "osm_id": 1331541485, "highway": "cycleway"}, "geometry": {"type": "LineString", "coordinates": [[-110.6408725, 50.0087494], [-110.6404512, 50.0089789], [-110.6400844, 50.0091671]]}}, {"type": "Feature", "properties": {"name": "Path 1331541486", "difficulty": "intermediate", "area": "Medicine Hat", "osm_id": 1331541486, "highway": "cycleway"}, "geometry": {"type": "LineString", "coordinates": [[-110.6400844, 50.0091671], [-110.6399964, 50.0092123], [-110.6399051, 50.0092612]]}}, {"type": "Feature", "properties": {"name": "Path 1331541487", "difficulty": "intermediate", "area": "Medicine Hat", "osm_id": 1331541487, "highway": "cycleway"}, "geometry": {"type": "LineString", "coordinates": [[-110.6399051, 50.0092612], [-110.6394949, 50.0094809], [-110.6390824, 50.0096875]]}}, {"type": "Feature", "properties": {"name": "Path 1331541488", "difficulty": "intermediate", "area": "Medicine Hat", "osm_id": 1331541488, "highway": "cycleway"}, "geometry": {"type": "LineString", "coordinates": [[-110.6390824, 50.0096875], [-110.639003, 50.0097294], [-110.6389098, 50.0097824]]}}, {"type": "Feature", "properties": {"name": "Path 1331541489", "difficulty": "intermediate", "area": "Medicine Hat", "osm_id": 1331541489, "highway": "cycleway"}, "geometry": {"type": "LineString", "coordinates": [[-110.6389098, 50.0097824], [-110.6384999, 50.0100054], [-110.6372388, 50.010677], [-110.6372094, 50.0106908], [-110.6371744, 50.0107031], [-110.6371428, 50.0107096], [-110.6371213, 50.0107103], [-110.6371044, 50.0107133], [-110.6370892, 50.0107221]]}}, {"type": "Feature", "properties": {"name": "Path 1331541490", "difficulty": "intermediate", "area": "Medicine Hat", "osm_id": 1331541490, "highway": "cycleway"}, "geometry": {"type": "LineString", "coordinates": [[-110.6370892, 50.0107221], [-110.6369978, 50.010782], [-110.6369031, 50.0108378]]}}, {"type": "Feature", "properties": {"name": "Path 1331541491", "difficulty": "intermediate", "area": "Medicine Hat", "osm_id": 1331541491, "highway": "cycleway"}, "geometry": {"type": "LineString", "coordinates": [[-110.6369031, 50.0108378], [-110.6368785, 50.0108577], [-110.6368593, 50.0108809], [-110.6364446, 50.0111033], [-110.6363764, 50.0111166], [-110.6362803, 50.0111445], [-110.6362225, 50.0111677], [-110.636146, 50.0112063], [-110.6360674, 50.0112574], [-110.6360085, 50.0113006], [-110.635929, 50.0113749], [-110.6358411, 50.0114633], [-110.6358132, 50.0114972], [-110.6357954, 50.0115302], [-110.6357262, 50.0116928], [-110.6356966, 50.0117576], [-110.6355315, 50.0120156], [-110.6354517, 50.0121158], [-110.6354256, 50.0121433], [-110.6353865, 50.0121745], [-110.6353506, 50.0122012], [-110.6353011, 50.0122523], [-110.6351894, 50.0123752], [-110.6350949, 50.0124718]]}}, {"type": "Feature", "properties": {"name": "Path 1331541492", "difficulty": "intermediate", "area": "Medicine Hat", "osm_id": 1331541492, "highway": "cycleway"}, "geometry": {"type": "LineString", "coordinates": [[-110.6350949, 50.0124718], [-110.6350614, 50.0125149], [-110.6350237, 50.0125619]]}}, {"type": "Feature", "properties": {"name": "Path 1331681776", "difficulty": "intermediate", "area": "Medicine Hat", "osm_id": 1331681776, "highway": "cycleway"}, "geometry": {"type": "LineString", "coordinates": [[-110.6378166, 50.005446], [-110.6378771, 50.0054396], [-110.637941, 50.0054385], [-110.6380126, 50.0054426], [-110.6380843, 50.0054516], [-110.638131, 50.0054566], [-110.6381933, 50.005457], [-110.6382375, 50.0054539], [-110.6382721, 50.0054478], [-110.6383103, 50.0054386], [-110.6383521, 50.0054248], [-110.6383807, 50.0054148], [-110.6384129, 50.0054086], [-110.6384368, 50.0054063], [-110.6384595, 50.0054079], [-110.6384846, 50.0054109], [-110.6386051, 50.0054401], [-110.638635, 50.0054485], [-110.6386732, 50.0054662], [-110.6387257, 50.0054892], [-110.6388844, 50.0055421], [-110.6389035, 50.0055498], [-110.6389179, 50.0055636], [-110.6389334, 50.0055882], [-110.6389417, 50.0056096], [-110.6389441, 50.0056365], [-110.6389346, 50.0056626]]}}, {"type": "Feature", "properties": {"name": "Path 1331681777", "difficulty": "intermediate", "area": "Medicine Hat", "osm_id": 1331681777, "highway": "cycleway"}, "geometry": {"type": "LineString", "coordinates": [[-110.6389035, 50.0055498], [-110.6388761, 50.0055168], [-110.6388642, 50.0054946], [-110.6388522, 50.0054762], [-110.6388403, 50.005457], [-110.6388307, 50.0054324], [-110.6388331, 50.0054125], [-110.6388415, 50.0053833], [-110.6388474, 50.0053626], [-110.6388498, 50.005345], [-110.6388474, 50.0053319], [-110.6388248, 50.0053127], [-110.6387985, 50.0052943], [-110.638788, 50.0052845], [-110.6387567, 50.0052552]]}}, {"type": "Feature", "properties": {"name": "Path 1331681778", "difficulty": "intermediate", "area": "Medicine Hat", "osm_id": 1331681778, "highway": "cycleway"}, "geometry": {"type": "LineString", "coordinates": [[-110.638788, 50.0052845], [-110.6387603, 50.005289], [-110.6387293, 50.0052905], [-110.6387018, 50.0052874]]}}, {"type": "Feature", "properties": {"name": "Path 1331681780", "difficulty": "intermediate", "area": "Medicine Hat", "osm_id": 1331681780, "highway": "cycleway"}, "geometry": {"type": "LineString", "coordinates": [[-110.6387567, 50.0052552], [-110.6387114, 50.0052138], [-110.6386863, 50.0051769], [-110.6386767, 50.0051501], [-110.6386755, 50.0051309], [-110.6386827, 50.0051041], [-110.6386982, 50.0050795], [-110.6387114, 50.0050596]]}}, {"type": "Feature", "properties": {"name": "Path 1331681781", "difficulty": "intermediate", "area": "Medicine Hat", "osm_id": 1331681781, "highway": "path"}, "geometry": {"type": "LineString", "coordinates": [[-110.6387018, 50.0052874], [-110.6386848, 50.0052831], [-110.6383232, 50.005192]]}}, {"type": "Feature", "properties": {"name": "Path 1331681782", "difficulty": "intermediate", "area": "Medicine Hat", "osm_id": 1331681782, "highway": "path"}, "geometry": {"type": "LineString", "coordinates": [[-110.6386848, 50.0052831], [-110.6386321, 50.0053718], [-110.638635, 50.0054485]]}}, {"type": "Feature", "properties": {"name": "Path 1331681783", "difficulty": "intermediate", "area": "Medicine Hat", "osm_id": 1331681783, "highway": "path"}, "geometry": {"type": "LineString", "coordinates": [[-110.6382375, 50.0054539], [-110.6381501, 50.0054271]]}}, {"type": "Feature", "properties": {"name": "Southlands Connection", "difficulty": "intermediate", "area": "Medicine Hat", "osm_id": 1331681789, "highway": "cycleway"}, "geometry": {"type": "LineString", "coordinates": [[-110.6537645, 50.0003299], [-110.653683, 50.0003495], [-110.6536288, 50.0003593]]}}, {"type": "Feature", "properties": {"name": "Southlands Connection", "difficulty": "intermediate", "area": "Medicine Hat", "osm_id": 1331681790, "highway": "cycleway"}, "geometry": {"type": "LineString", "coordinates": [[-110.6534611, 50.0002747], [-110.653451, 50.0002181], [-110.6534453, 50.0001801]]}}, {"type": "Feature", "properties": {"name": "Path 1331681800", "difficulty": "intermediate", "area": "Medicine Hat", "osm_id": 1331681800, "highway": "cycleway"}, "geometry": {"type": "LineString", "coordinates": [[-110.6517656, 49.9966443], [-110.6516428, 49.9967264], [-110.651614, 49.9967527], [-110.6508266, 49.9977634]]}}, {"type": "Feature", "properties": {"name": "Path 1331681818", "difficulty": "intermediate", "area": "Medicine Hat", "osm_id": 1331681818, "highway": "cycleway"}, "geometry": {"type": "LineString", "coordinates": [[-110.695012, 49.9986366], [-110.6950029, 49.9986151], [-110.6950114, 49.9972539]]}}, {"type": "Feature", "properties": {"name": "Path 1331681819", "difficulty": "intermediate", "area": "Medicine Hat", "osm_id": 1331681819, "highway": "cycleway"}, "geometry": {"type": "LineString", "coordinates": [[-110.6950048, 49.9988022], [-110.695008, 49.9987197], [-110.695012, 49.9986366]]}}, {"type": "Feature", "properties": {"name": "Path 1331681820", "difficulty": "intermediate", "area": "Medicine Hat", "osm_id": 1331681820, "highway": "cycleway"}, "geometry": {"type": "LineString", "coordinates": [[-110.6888089, 49.9986594], [-110.6888453, 49.9986366], [-110.6888696, 49.9986175], [-110.6889083, 49.9985742], [-110.6889558, 49.9985053], [-110.6890104, 49.9984137], [-110.6890411, 49.9983646], [-110.6890718, 49.9983037], [-110.6891072, 49.9982291], [-110.6891314, 49.9981704], [-110.6891537, 49.9981086], [-110.6891878, 49.9979778], [-110.6892089, 49.9978857], [-110.6892184, 49.9977633], [-110.6892184, 49.9976887], [-110.6891632, 49.9976628]]}}, {"type": "Feature", "properties": {"name": "Path 1331681821", "difficulty": "intermediate", "area": "Medicine Hat", "osm_id": 1331681821, "highway": "cycleway"}, "geometry": {"type": "LineString", "coordinates": [[-110.6891632, 49.9976628], [-110.6891598, 49.9975982], [-110.6891551, 49.9975493]]}}, {"type": "Feature", "properties": {"name": "Path 1331681823", "difficulty": "intermediate", "area": "Medicine Hat", "osm_id": 1331681823, "highway": "cycleway"}, "geometry": {"type": "LineString", "coordinates": [[-110.6888089, 49.9986594], [-110.6887561, 49.9987189]]}}, {"type": "Feature", "properties": {"name": "Path 1331681825", "difficulty": "intermediate", "area": "Medicine Hat", "osm_id": 1331681825, "highway": "cycleway"}, "geometry": {"type": "LineString", "coordinates": [[-110.6883713, 50.0120429], [-110.6884191, 50.0120748], [-110.6884916, 50.0120843], [-110.6887219, 50.0121143], [-110.6888142, 50.0121228]]}}, {"type": "Feature", "properties": {"name": "Path 1331681826", "difficulty": "intermediate", "area": "Medicine Hat", "osm_id": 1331681826, "highway": "cycleway"}, "geometry": {"type": "LineString", "coordinates": [[-110.6883959, 50.0119659], [-110.6883843, 50.012002], [-110.6883713, 50.0120429]]}}, {"type": "Feature", "properties": {"name": "Path 1331738233", "difficulty": "intermediate", "area": "Medicine Hat", "osm_id": 1331738233, "highway": "cycleway"}, "geometry": {"type": "LineString", "coordinates": [[-110.6727228, 50.023124], [-110.6727103, 50.0230147]]}}, {"type": "Feature", "properties": {"name": "Path 1331738234", "difficulty": "intermediate", "area": "Medicine Hat", "osm_id": 1331738234, "highway": "path"}, "geometry": {"type": "LineString", "coordinates": [[-110.6727103, 50.0230147], [-110.6726784, 50.0228948], [-110.6727254, 50.0226303]]}}, {"type": "Feature", "properties": {"name": "Path 1331738235", "difficulty": "intermediate", "area": "Medicine Hat", "osm_id": 1331738235, "highway": "cycleway"}, "geometry": {"type": "LineString", "coordinates": [[-110.6722517, 50.0201557], [-110.6722378, 50.0199654], [-110.6722372, 50.0199213], [-110.6722435, 50.0198795], [-110.6722674, 50.0198417], [-110.6722948, 50.019825], [-110.672346, 50.0198095], [-110.6723872, 50.0197995], [-110.6724765, 50.0197918], [-110.6725276, 50.0197814], [-110.6725736, 50.0197589], [-110.6725976, 50.0197316], [-110.6726113, 50.0197009], [-110.6726054, 50.0196657], [-110.6725843, 50.0196369], [-110.6725444, 50.0196131], [-110.672484, 50.0195894], [-110.6719111, 50.0194417], [-110.6717452, 50.0193912], [-110.6716104, 50.0193407], [-110.6714761, 50.0192894], [-110.6714508, 50.0192628], [-110.6713728, 50.019181]]}}, {"type": "Feature", "properties": {"name": "Path 1331738236", "difficulty": "intermediate", "area": "Medicine Hat", "osm_id": 1331738236, "highway": "cycleway"}, "geometry": {"type": "LineString", "coordinates": [[-110.6722586, 50.0202439], [-110.6722517, 50.0201557]]}}, {"type": "Feature", "properties": {"name": "Path 1331738238", "difficulty": "intermediate", "area": "Medicine Hat", "osm_id": 1331738238, "highway": "cycleway"}, "geometry": {"type": "LineString", "coordinates": [[-110.6959726, 50.0238407], [-110.6958815, 50.0238878], [-110.6954128, 50.0241301], [-110.6949802, 50.0243488], [-110.694882, 50.0243985]]}}, {"type": "Feature", "properties": {"name": "Ajax Trail", "difficulty": "intermediate", "area": "Medicine Hat", "osm_id": 1331738252, "highway": "cycleway"}, "geometry": {"type": "LineString", "coordinates": [[-110.692488, 50.026039], [-110.6931009, 50.0261576], [-110.6931573, 50.0261662], [-110.6932232, 50.0261667]]}}, {"type": "Feature", "properties": {"name": "Ajax Trail", "difficulty": "intermediate", "area": "Medicine Hat", "osm_id": 1331738253, "highway": "cycleway"}, "geometry": {"type": "LineString", "coordinates": [[-110.6932232, 50.0261667], [-110.6934031, 50.0261336]]}}, {"type": "Feature", "properties": {"name": "Path 1332078312", "difficulty": "intermediate", "area": "Medicine Hat", "osm_id": 1332078312, "highway": "path"}, "geometry": {"type": "LineString", "coordinates": [[-110.6798125, 50.0392421], [-110.6797771, 50.0391999]]}}, {"type": "Feature", "properties": {"name": "Path 1332108399", "difficulty": "intermediate", "area": "Medicine Hat", "osm_id": 1332108399, "highway": "cycleway"}, "geometry": {"type": "LineString", "coordinates": [[-110.6815227, 50.0183719], [-110.6816777, 50.0183423], [-110.6817078, 50.018335], [-110.6817247, 50.018335], [-110.6817454, 50.018335], [-110.6817849, 50.0183375], [-110.6818997, 50.0183737], [-110.6819674, 50.0183955], [-110.6820182, 50.0184051], [-110.6820652, 50.0184124], [-110.6820896, 50.0184148], [-110.6821141, 50.0184027]]}}, {"type": "Feature", "properties": {"name": "Path 1332108400", "difficulty": "intermediate", "area": "Medicine Hat", "osm_id": 1332108400, "highway": "cycleway"}, "geometry": {"type": "LineString", "coordinates": [[-110.6818715, 50.017958], [-110.6818225, 50.0179676], [-110.6818131, 50.0179809], [-110.6817962, 50.0180172], [-110.6817774, 50.018051], [-110.6817567, 50.0180764], [-110.6817153, 50.0181018], [-110.6816401, 50.0181381], [-110.6815803, 50.0181622]]}}, {"type": "Feature", "properties": {"name": "Path 1332108402", "difficulty": "intermediate", "area": "Medicine Hat", "osm_id": 1332108402, "highway": "cycleway"}, "geometry": {"type": "LineString", "coordinates": [[-110.6817065, 50.0182898], [-110.6816988, 50.0182706], [-110.6816897, 50.0182501], [-110.6816785, 50.0182247], [-110.6816703, 50.0182062], [-110.6816596, 50.0181821]]}}, {"type": "Feature", "properties": {"name": "Path 1332108403", "difficulty": "intermediate", "area": "Medicine Hat", "osm_id": 1332108403, "highway": "cycleway"}, "geometry": {"type": "LineString", "coordinates": [[-110.6822658, 50.0183429], [-110.6822347, 50.0183551], [-110.6821382, 50.0183926], [-110.6821141, 50.0184027]]}}, {"type": "Feature", "properties": {"name": "Path 1332108404", "difficulty": "intermediate", "area": "Medicine Hat", "osm_id": 1332108404, "highway": "cycleway"}, "geometry": {"type": "LineString", "coordinates": [[-110.6818715, 50.017958], [-110.6819081, 50.0179537], [-110.6819635, 50.0179468], [-110.681999, 50.0179424], [-110.6820401, 50.0179365]]}}, {"type": "Feature", "properties": {"name": "Path 1332108405", "difficulty": "intermediate", "area": "Medicine Hat", "osm_id": 1332108405, "highway": "cycleway"}, "geometry": {"type": "LineString", "coordinates": [[-110.6824563, 50.0182299], [-110.6824023, 50.0181781], [-110.6823849, 50.0181612]]}}, {"type": "Feature", "properties": {"name": "Path 1332108406", "difficulty": "intermediate", "area": "Medicine Hat", "osm_id": 1332108406, "highway": "cycleway"}, "geometry": {"type": "LineString", "coordinates": [[-110.6823626, 50.0180132], [-110.6823128, 50.0180186], [-110.6822255, 50.0180283], [-110.6821916, 50.0180271], [-110.6821615, 50.0180162], [-110.682139, 50.0180041], [-110.6821258, 50.0179908], [-110.682119, 50.0179743], [-110.6821019, 50.0179263], [-110.6820401, 50.0179365]]}}, {"type": "Feature", "properties": {"name": "Path 1332108407", "difficulty": "intermediate", "area": "Medicine Hat", "osm_id": 1332108407, "highway": "cycleway"}, "geometry": {"type": "LineString", "coordinates": [[-110.6823849, 50.0181612], [-110.6823637, 50.018131], [-110.682335, 50.0180716], [-110.6823273, 50.0180556]]}}, {"type": "Feature", "properties": {"name": "Path 1332108408", "difficulty": "intermediate", "area": "Medicine Hat", "osm_id": 1332108408, "highway": "cycleway"}, "geometry": {"type": "LineString", "coordinates": [[-110.6817247, 50.018335], [-110.6817065, 50.0182898]]}}, {"type": "Feature", "properties": {"name": "Path 1332108409", "difficulty": "intermediate", "area": "Medicine Hat", "osm_id": 1332108409, "highway": "cycleway"}, "geometry": {"type": "LineString", "coordinates": [[-110.6816596, 50.0181821], [-110.6816401, 50.0181381]]}}, {"type": "Feature", "properties": {"name": "Path 1332108410", "difficulty": "intermediate", "area": "Medicine Hat", "osm_id": 1332108410, "highway": "cycleway"}, "geometry": {"type": "LineString", "coordinates": [[-110.6815803, 50.0181622], [-110.6815059, 50.0182381]]}}, {"type": "Feature", "properties": {"name": "Path 1332108411", "difficulty": "intermediate", "area": "Medicine Hat", "osm_id": 1332108411, "highway": "cycleway"}, "geometry": {"type": "LineString", "coordinates": [[-110.6813623, 50.0183392], [-110.6815227, 50.0183719]]}}, {"type": "Feature", "properties": {"name": "Path 1332108414", "difficulty": "intermediate", "area": "Medicine Hat", "osm_id": 1332108414, "highway": "cycleway"}, "geometry": {"type": "LineString", "coordinates": [[-110.6824497, 50.0180531], [-110.6823626, 50.0180132]]}}, {"type": "Feature", "properties": {"name": "Path 1332108415", "difficulty": "intermediate", "area": "Medicine Hat", "osm_id": 1332108415, "highway": "cycleway"}, "geometry": {"type": "LineString", "coordinates": [[-110.6823273, 50.0180556], [-110.6823128, 50.0180186]]}}, {"type": "Feature", "properties": {"name": "Path 1332108416", "difficulty": "intermediate", "area": "Medicine Hat", "osm_id": 1332108416, "highway": "cycleway"}, "geometry": {"type": "LineString", "coordinates": [[-110.6824023, 50.0181781], [-110.68249, 50.018106]]}}, {"type": "Feature", "properties": {"name": "Path 1332108434", "difficulty": "intermediate", "area": "Medicine Hat", "osm_id": 1332108434, "highway": "cycleway"}, "geometry": {"type": "LineString", "coordinates": [[-110.6834896, 50.0175982], [-110.6834557, 50.0175829], [-110.683398, 50.0176305], [-110.6833052, 50.0176958], [-110.6831948, 50.0177651], [-110.6830732, 50.0178239], [-110.6829352, 50.0178779], [-110.6827997, 50.0179222], [-110.6826868, 50.0179521], [-110.6825777, 50.0179754], [-110.6824937, 50.0179915], [-110.6824309, 50.018002], [-110.6823626, 50.0180132]]}}, {"type": "Feature", "properties": {"name": "Path 1332108435", "difficulty": "intermediate", "area": "Medicine Hat", "osm_id": 1332108435, "highway": "cycleway"}, "geometry": {"type": "LineString", "coordinates": [[-110.6839315, 50.0168875], [-110.6840137, 50.0168201]]}}, {"type": "Feature", "properties": {"name": "Path 1332108436", "difficulty": "intermediate", "area": "Medicine Hat", "osm_id": 1332108436, "highway": "cycleway"}, "geometry": {"type": "LineString", "coordinates": [[-110.683723, 50.0168266], [-110.6837863, 50.0168799]]}}, {"type": "Feature", "properties": {"name": "Path 1332500143", "difficulty": "intermediate", "area": "Redcliff", "osm_id": 1332500143, "highway": "cycleway"}, "geometry": {"type": "LineString", "coordinates": [[-110.7780113, 50.0506491], [-110.7782048, 50.0506353], [-110.77827, 50.0506266], [-110.7783173, 50.0506123], [-110.7783589, 50.0505902], [-110.7783933, 50.0505663], [-110.7784162, 50.05054], [-110.7784299, 50.0505156], [-110.7784385, 50.050494], [-110.77844, 50.0504859], [-110.7784428, 50.050471], [-110.7784456, 50.0504351], [-110.7784529, 50.0496587], [-110.7784568, 50.0492372], [-110.7784607, 50.0488276], [-110.7784571, 50.0487977], [-110.7784492, 50.0487756], [-110.7784306, 50.0487434], [-110.7784055, 50.0487245], [-110.7783654, 50.0487038], [-110.7783102, 50.0486891], [-110.77825, 50.048678], [-110.7782063, 50.0486702], [-110.7779273, 50.0486439]]}}, {"type": "Feature", "properties": {"name": "Path 1332500144", "difficulty": "intermediate", "area": "Redcliff", "osm_id": 1332500144, "highway": "cycleway"}, "geometry": {"type": "LineString", "coordinates": [[-110.7780113, 50.0506491], [-110.7779554, 50.0506463], [-110.7779049, 50.0506448]]}}, {"type": "Feature", "properties": {"name": "Path 1332500145", "difficulty": "intermediate", "area": "Redcliff", "osm_id": 1332500145, "highway": "cycleway"}, "geometry": {"type": "LineString", "coordinates": [[-110.7782836, 50.0496583], [-110.7784529, 50.0496587], [-110.7785412, 50.0496624], [-110.7786112, 50.0496662], [-110.7786844, 50.0496818], [-110.7787496, 50.049698], [-110.7788035, 50.0497164], [-110.7788334, 50.0497267], [-110.7788913, 50.0497476], [-110.7789417, 50.0497732], [-110.7789995, 50.0498057], [-110.7790492, 50.0498443], [-110.779094, 50.0498872], [-110.7791249, 50.0499201], [-110.7791591, 50.0499599], [-110.7792031, 50.0500127], [-110.7792552, 50.050077], [-110.7792764, 50.0501068], [-110.7792804, 50.0501202], [-110.7792853, 50.0501366], [-110.7792853, 50.0501596], [-110.7792829, 50.05018], [-110.7792682, 50.0502155], [-110.7792064, 50.0503247]]}}, {"type": "Feature", "properties": {"name": "Path 1332500146", "difficulty": "intermediate", "area": "Redcliff", "osm_id": 1332500146, "highway": "cycleway"}, "geometry": {"type": "LineString", "coordinates": [[-110.7782763, 50.0504875], [-110.77844, 50.0504859], [-110.7786406, 50.0504871], [-110.7787414, 50.0504814], [-110.7788169, 50.0504709], [-110.7788851, 50.0504576], [-110.778944, 50.0504398], [-110.7789636, 50.0504338], [-110.7790259, 50.0504139], [-110.7790837, 50.0503863], [-110.7791592, 50.0503492], [-110.7792064, 50.0503247], [-110.7792467, 50.0503035], [-110.7792971, 50.0502863], [-110.779407, 50.0502474], [-110.7794906, 50.0502108], [-110.779512, 50.0501991], [-110.7795557, 50.050175], [-110.7796114, 50.0501325], [-110.779659, 50.0500863], [-110.7796973, 50.0500379], [-110.7797205, 50.0499969], [-110.779731, 50.0499529], [-110.7797252, 50.0499149], [-110.7797101, 50.0498709], [-110.7795591, 50.049519], [-110.779522, 50.0494646], [-110.7794906, 50.0494265], [-110.7794628, 50.0493997], [-110.7794245, 50.0493728], [-110.7793734, 50.049346], [-110.7793084, 50.0493214], [-110.7792561, 50.0493102], [-110.7792213, 50.0493071], [-110.7791981, 50.049305], [-110.7791237, 50.0493058], [-110.779068, 50.0493147], [-110.7790111, 50.0493341], [-110.7789624, 50.0493624], [-110.7789217, 50.0493952], [-110.7788915, 50.0494273], [-110.7788683, 50.0494623], [-110.7788346, 50.0495182], [-110.7788103, 50.0495756], [-110.7787859, 50.049601], [-110.7787545, 50.0496233], [-110.7787255, 50.0496353], [-110.7786675, 50.0496591], [-110.77865, 50.0496629], [-110.7786112, 50.0496662]]}}, {"type": "Feature", "properties": {"name": "Path 1332500147", "difficulty": "intermediate", "area": "Redcliff", "osm_id": 1332500147, "highway": "cycleway"}, "geometry": {"type": "LineString", "coordinates": [[-110.7788035, 50.0497164], [-110.7788091, 50.0496986], [-110.7788114, 50.0496793], [-110.7788103, 50.0495756]]}}, {"type": "Feature", "properties": {"name": "Path 1332500148", "difficulty": "intermediate", "area": "Redcliff", "osm_id": 1332500148, "highway": "cycleway"}, "geometry": {"type": "LineString", "coordinates": [[-110.779068, 50.0493147], [-110.7790251, 50.0492968], [-110.778967, 50.0492811], [-110.7788869, 50.0492677], [-110.7787731, 50.0492536], [-110.7786744, 50.0492454], [-110.7785978, 50.0492401], [-110.77852, 50.0492387], [-110.7784568, 50.0492372]]}}, {"type": "Feature", "properties": {"name": "Path 1332500149", "difficulty": "intermediate", "area": "Redcliff", "osm_id": 1332500149, "highway": "cycleway"}, "geometry": {"type": "LineString", "coordinates": [[-110.7792213, 50.0493071], [-110.7792248, 50.0492647], [-110.7792317, 50.0492469], [-110.7792457, 50.0492334], [-110.7792712, 50.0492178], [-110.7793861, 50.0491492], [-110.7794755, 50.0491067], [-110.779544, 50.0490799], [-110.7796404, 50.049053], [-110.7797275, 50.0490396], [-110.7798169, 50.0490336], [-110.7798935, 50.0490359], [-110.7800038, 50.0490433], [-110.7801188, 50.049056], [-110.7802476, 50.0490776], [-110.7804032, 50.0491082], [-110.780546, 50.0491425], [-110.7806865, 50.0491827], [-110.7808212, 50.0492305], [-110.7809257, 50.0492707], [-110.7811126, 50.0493482], [-110.7814516, 50.0495011], [-110.7815828, 50.049554], [-110.7817883, 50.0496241], [-110.7818246, 50.0496366], [-110.7819207, 50.0496696], [-110.7820155, 50.0496971], [-110.7820542, 50.0497083], [-110.7821912, 50.0497464], [-110.7824223, 50.049803], [-110.7826626, 50.049856], [-110.7830216, 50.0499369], [-110.7830562, 50.0499447], [-110.7838898, 50.0501035], [-110.7840617, 50.0501288], [-110.7845594, 50.0502033], [-110.784605, 50.0502101], [-110.7847583, 50.0502384], [-110.7848541, 50.0502599], [-110.7849766, 50.0502966], [-110.7850416, 50.0503264], [-110.7850706, 50.0503532], [-110.7851089, 50.0503942], [-110.7851391, 50.050433], [-110.7851728, 50.0504919], [-110.7851948, 50.0505471], [-110.7852181, 50.0506127], [-110.7854363, 50.0513328], [-110.7854596, 50.0513932], [-110.7854851, 50.0514394], [-110.7855118, 50.0514775], [-110.7856662, 50.0517023], [-110.7856992, 50.0517586], [-110.7857179, 50.0517991], [-110.7857265, 50.0518373], [-110.785735, 50.0518838], [-110.7857503, 50.0519635], [-110.7857648, 50.0520089], [-110.7857801, 50.0520422], [-110.7857856, 50.0520494], [-110.785798, 50.0520652], [-110.7858788, 50.052133]]}}, {"type": "Feature", "properties": {"name": "Path 1332500150", "difficulty": "intermediate", "area": "Redcliff", "osm_id": 1332500150, "highway": "cycleway"}, "geometry": {"type": "LineString", "coordinates": [[-110.785946, 50.0521947], [-110.7859144, 50.0521657], [-110.7858788, 50.052133]]}}, {"type": "Feature", "properties": {"name": "Path 1332500151", "difficulty": "intermediate", "area": "Redcliff", "osm_id": 1332500151, "highway": "cycleway"}, "geometry": {"type": "LineString", "coordinates": [[-110.7857856, 50.0520494], [-110.7857547, 50.0520344], [-110.7857238, 50.0520249], [-110.7856682, 50.0520172], [-110.7856175, 50.052014], [-110.7854008, 50.0520134], [-110.7853103, 50.0520089], [-110.7852268, 50.052], [-110.7851264, 50.0519815], [-110.7849206, 50.0519413], [-110.7848192, 50.0519221], [-110.7847487, 50.0519144], [-110.784687, 50.0519132], [-110.7846333, 50.051917], [-110.7845866, 50.051924], [-110.7844584, 50.0519464], [-110.7843341, 50.051963], [-110.7842119, 50.0519757], [-110.7840588, 50.0519821], [-110.7838868, 50.0519879], [-110.783678, 50.0519891], [-110.783523, 50.0519853], [-110.7833341, 50.0519738], [-110.7832367, 50.0519636], [-110.7831587, 50.0519554], [-110.7829215, 50.0519304], [-110.7827516, 50.0519042], [-110.7825965, 50.0518717], [-110.7824444, 50.051834], [-110.7822804, 50.05179], [-110.7821223, 50.0517421], [-110.7819971, 50.0517013], [-110.7818937, 50.0516636], [-110.7817505, 50.051603], [-110.7816747, 50.0515672], [-110.7816462, 50.0515538], [-110.7815855, 50.0515315], [-110.7815179, 50.051513], [-110.7814394, 50.0514989], [-110.781339, 50.0514893], [-110.7812714, 50.0514868], [-110.781172, 50.0514868], [-110.7810358, 50.05149], [-110.7808052, 50.0514964], [-110.7806948, 50.0514945], [-110.7805954, 50.0514823], [-110.7805278, 50.051467], [-110.7804841, 50.0514517], [-110.7803519, 50.051391], [-110.7802874, 50.0513629], [-110.7800228, 50.0512474], [-110.7799642, 50.0512308]]}}, {"type": "Feature", "properties": {"name": "Path 1332500152", "difficulty": "intermediate", "area": "Redcliff", "osm_id": 1332500152, "highway": "cycleway"}, "geometry": {"type": "LineString", "coordinates": [[-110.778944, 50.0504398], [-110.7789529, 50.0505436], [-110.7789594, 50.0505886], [-110.778971, 50.0506253], [-110.7789879, 50.0506502], [-110.7790177, 50.0506927], [-110.7790411, 50.0507269], [-110.7790644, 50.0507652], [-110.7790995, 50.0508235], [-110.7791241, 50.0508568], [-110.7791708, 50.0509076], [-110.7792422, 50.0509718], [-110.7793044, 50.0510184], [-110.7793654, 50.0510567], [-110.7794225, 50.0510867], [-110.779486, 50.0511167], [-110.7795781, 50.0511525], [-110.7796871, 50.0511842], [-110.7797803, 50.051203], [-110.7797818, 50.0512033], [-110.7798726, 50.0512192], [-110.7799642, 50.0512308], [-110.7800581, 50.05123], [-110.7801541, 50.0512158], [-110.7802786, 50.0511942], [-110.780331, 50.0511803], [-110.7803759, 50.0511683], [-110.7804641, 50.0511384], [-110.7805601, 50.0510967], [-110.7807742, 50.0510076], [-110.7808326, 50.0509801], [-110.7809285, 50.0509218], [-110.7809934, 50.0508718], [-110.781044, 50.0508193], [-110.7811569, 50.0506752], [-110.7811919, 50.0506203], [-110.7812243, 50.0505545], [-110.7812697, 50.0504453], [-110.7812892, 50.0504129], [-110.7813177, 50.050387], [-110.7813618, 50.0503629], [-110.7814085, 50.0503462], [-110.7814669, 50.0503362], [-110.7815162, 50.0503362], [-110.7816031, 50.0503412], [-110.7816667, 50.0503479], [-110.7819417, 50.0503745], [-110.7820727, 50.0503862], [-110.782123, 50.0503887], [-110.7821557, 50.0503904], [-110.7822582, 50.0503887], [-110.7826097, 50.0503679]]}}, {"type": "Feature", "properties": {"name": "Path 1332500153", "difficulty": "intermediate", "area": "Redcliff", "osm_id": 1332500153, "highway": "cycleway"}, "geometry": {"type": "LineString", "coordinates": [[-110.7830216, 50.0499369], [-110.7829756, 50.0499447], [-110.7829276, 50.0499547], [-110.7828783, 50.0499755], [-110.7828121, 50.0500122], [-110.7827628, 50.0500447], [-110.7827421, 50.0500663], [-110.7827304, 50.0500855], [-110.7827174, 50.050118], [-110.782707, 50.0501555], [-110.7827044, 50.0502821], [-110.7827018, 50.0503079], [-110.782685, 50.0503329], [-110.7826642, 50.0503462], [-110.7826097, 50.0503679], [-110.7825202, 50.0504037], [-110.7824683, 50.0504312], [-110.7824242, 50.050462], [-110.7823853, 50.050502], [-110.7823807, 50.0505091], [-110.7823607, 50.0505403], [-110.7823308, 50.0505911], [-110.7823049, 50.0506527], [-110.782266, 50.0507502], [-110.7822569, 50.0507919], [-110.7822569, 50.0508235], [-110.7822699, 50.0509001], [-110.7822958, 50.0509726], [-110.7823321, 50.0510401], [-110.7823672, 50.0510875], [-110.7824255, 50.0511434], [-110.7824969, 50.0512033], [-110.7825656, 50.0512558], [-110.7826279, 50.0512916], [-110.7826603, 50.0513074], [-110.7826694, 50.0513283], [-110.7826889, 50.0513383], [-110.7827952, 50.0513791], [-110.7828108, 50.0513799], [-110.7828406, 50.0513774], [-110.7828679, 50.0513866], [-110.7829587, 50.0514124], [-110.7830716, 50.0514366], [-110.7832, 50.0514565], [-110.7833375, 50.051474], [-110.7834815, 50.0514857], [-110.783546, 50.0514869], [-110.7836138, 50.0514882], [-110.7837046, 50.0514774], [-110.783785, 50.0514599], [-110.7838486, 50.0514382], [-110.7839134, 50.0514099], [-110.7839835, 50.0513708], [-110.78406, 50.0513233], [-110.7841495, 50.0512516], [-110.7842092, 50.05119], [-110.7842702, 50.0511192], [-110.7843558, 50.0510009], [-110.7843856, 50.0509518], [-110.7844103, 50.0509018], [-110.7844336, 50.0508377], [-110.784457, 50.0507519], [-110.7844687, 50.0507027], [-110.7844751, 50.0506686], [-110.7844868, 50.0506269], [-110.7845076, 50.0505836], [-110.7845608, 50.0504978], [-110.7846243, 50.0504129], [-110.7846338, 50.0504022], [-110.7846658, 50.0503662], [-110.7847048, 50.0503354], [-110.7847527, 50.0503071], [-110.7848059, 50.0502812], [-110.7848541, 50.0502599]]}}, {"type": "Feature", "properties": {"name": "Path 1332500154", "difficulty": "intermediate", "area": "Redcliff", "osm_id": 1332500154, "highway": "cycleway"}, "geometry": {"type": "LineString", "coordinates": [[-110.7845594, 50.0502033], [-110.7846101, 50.0502871], [-110.7846295, 50.0503254], [-110.7846373, 50.0503554], [-110.7846386, 50.0503779], [-110.7846338, 50.0504022]]}}, {"type": "Feature", "properties": {"name": "Path 1332500155", "difficulty": "intermediate", "area": "Redcliff", "osm_id": 1332500155, "highway": "cycleway"}, "geometry": {"type": "LineString", "coordinates": [[-110.7823807, 50.0505091], [-110.7823384, 50.0504721], [-110.7822995, 50.0504465], [-110.7822406, 50.0504186], [-110.7821951, 50.0504022], [-110.7821685, 50.0503965], [-110.782123, 50.0503887]]}}, {"type": "Feature", "properties": {"name": "Path 1332500156", "difficulty": "intermediate", "area": "Redcliff", "osm_id": 1332500156, "highway": "cycleway"}, "geometry": {"type": "LineString", "coordinates": [[-110.7802874, 50.0513629], [-110.780331, 50.0511803]]}}, {"type": "Feature", "properties": {"name": "Path 1332500157", "difficulty": "intermediate", "area": "Redcliff", "osm_id": 1332500157, "highway": "cycleway"}, "geometry": {"type": "LineString", "coordinates": [[-110.779512, 50.0501991], [-110.7794552, 50.0501955], [-110.779405, 50.0501883], [-110.7793564, 50.0501727], [-110.7793208, 50.0501529], [-110.7792804, 50.0501202]]}}, {"type": "Feature", "properties": {"name": "Path 1332500158", "difficulty": "intermediate", "area": "Redcliff", "osm_id": 1332500158, "highway": "cycleway"}, "geometry": {"type": "LineString", "coordinates": [[-110.783546, 50.0514869], [-110.7834305, 50.0518244], [-110.783411, 50.051851], [-110.7833903, 50.0518652], [-110.7833669, 50.0518785], [-110.7831587, 50.0519554]]}}, {"type": "Feature", "properties": {"name": "Path 1332500159", "difficulty": "intermediate", "area": "Redcliff", "osm_id": 1332500159, "highway": "cycleway"}, "geometry": {"type": "LineString", "coordinates": [[-110.7816747, 50.0515672], [-110.7815686, 50.0516608]]}}, {"type": "Feature", "properties": {"name": "Path 1332500160", "difficulty": "intermediate", "area": "Redcliff", "osm_id": 1332500160, "highway": "cycleway"}, "geometry": {"type": "LineString", "coordinates": [[-110.7846347, 50.0520341], [-110.7845866, 50.051924]]}}, {"type": "Feature", "properties": {"name": "Path 1332500161", "difficulty": "intermediate", "area": "Redcliff", "osm_id": 1332500161, "highway": "cycleway"}, "geometry": {"type": "LineString", "coordinates": [[-110.7879662, 50.0521221], [-110.787905, 50.0521116], [-110.787893, 50.0521031], [-110.7878877, 50.0520912], [-110.7878784, 50.0520503], [-110.7878625, 50.0520162], [-110.787832, 50.0519813], [-110.7877962, 50.0519617], [-110.7877365, 50.0519404], [-110.7876875, 50.0519319], [-110.7876211, 50.0519276], [-110.78758, 50.0519294], [-110.7875509, 50.0519345]]}}, {"type": "Feature", "properties": {"name": "Path 1332500162", "difficulty": "intermediate", "area": "Redcliff", "osm_id": 1332500162, "highway": "cycleway"}, "geometry": {"type": "LineString", "coordinates": [[-110.7877962, 50.0519617], [-110.7878519, 50.0519336], [-110.7878784, 50.0519251], [-110.7879023, 50.0519234], [-110.7879249, 50.0519225], [-110.7880377, 50.051935], [-110.788088, 50.0519336], [-110.7883032, 50.0519657], [-110.7883904, 50.0519787], [-110.7884408, 50.051983], [-110.7884978, 50.0519847], [-110.7886676, 50.0519873], [-110.788726, 50.0519907], [-110.7888273, 50.0520021], [-110.7888546, 50.0520051], [-110.7890111, 50.0520247], [-110.7891, 50.052029], [-110.7891902, 50.0520273], [-110.7892552, 50.0520154], [-110.7892821, 50.0520053], [-110.7893056, 50.0519966], [-110.7893414, 50.0519711], [-110.7893533, 50.051943], [-110.7893533, 50.05192], [-110.7893414, 50.0518995], [-110.7893069, 50.0518723], [-110.7892671, 50.0518536], [-110.789226, 50.0518399], [-110.7889658, 50.0517674], [-110.7889145, 50.0517434], [-110.7888826, 50.0517167], [-110.7888646, 50.0516855], [-110.788866, 50.0516499], [-110.7888895, 50.0516063], [-110.7889242, 50.0515805], [-110.7889741, 50.0515645], [-110.7890226, 50.0515547], [-110.7890837, 50.0515493], [-110.7891724, 50.0515458], [-110.7892403, 50.0515386], [-110.7892902, 50.0515226], [-110.7893332, 50.0514986], [-110.7893901, 50.0514505], [-110.7894192, 50.0514131], [-110.7894317, 50.0513624], [-110.7894317, 50.0513232], [-110.7894109, 50.0512831], [-110.7893873, 50.0512555], [-110.7893388, 50.0512235], [-110.7892833, 50.0512012], [-110.7892168, 50.0511888], [-110.7891225, 50.051179], [-110.7890504, 50.0511665], [-110.7889921, 50.0511478], [-110.7889478, 50.0511167], [-110.7889284, 50.0510882], [-110.7889256, 50.0510543], [-110.788945, 50.0510196], [-110.7889741, 50.0509956], [-110.7890143, 50.050976], [-110.789257, 50.0508656], [-110.7892986, 50.0508531], [-110.7893623, 50.050846], [-110.7894025, 50.0508478], [-110.7894428, 50.0508558], [-110.7894899, 50.0508709], [-110.7895246, 50.0508905], [-110.7895772, 50.050927], [-110.78977, 50.0510882], [-110.7898296, 50.051154], [-110.7898601, 50.0512039], [-110.7898642, 50.0512564], [-110.7898615, 50.0513036], [-110.7898434, 50.0513526], [-110.7898018, 50.0514265], [-110.789727, 50.0515502], [-110.7897227, 50.0515611], [-110.7897131, 50.0515858], [-110.7897103, 50.0516161], [-110.7897311, 50.0516535], [-110.7897603, 50.0516846], [-110.789806, 50.0517042], [-110.7898518, 50.0517131], [-110.7900694, 50.0517523], [-110.7901096, 50.0517639], [-110.7901318, 50.0517746], [-110.7901623, 50.0518119], [-110.7901859, 50.0518422], [-110.7902164, 50.0518654], [-110.7902469, 50.0518912], [-110.7903689, 50.0519971], [-110.7903883, 50.0520212], [-110.7903994, 50.0520434], [-110.7903966, 50.0520621], [-110.7903842, 50.0520772], [-110.7903551, 50.0520897], [-110.7902233, 50.0521155], [-110.7901471, 50.0521209], [-110.7901041, 50.0521209], [-110.7900486, 50.0521137], [-110.7897838, 50.0520701], [-110.7896937, 50.0520523], [-110.7896466, 50.0520505], [-110.7896064, 50.0520577], [-110.7895745, 50.0520763], [-110.7895661, 50.0520942], [-110.7895661, 50.0521102], [-110.7895759, 50.0521253], [-110.7896064, 50.0521672], [-110.7896133, 50.0521921], [-110.7896091, 50.0522099], [-110.7895939, 50.052225], [-110.7895578, 50.0522393], [-110.7895301, 50.0522464], [-110.7894982, 50.0522482], [-110.7894622, 50.0522446], [-110.7894233, 50.0522384], [-110.7894025, 50.0522375], [-110.7893693, 50.0522393], [-110.7893374, 50.0522499], [-110.7892875, 50.0522642], [-110.7892168, 50.0522767], [-110.789146, 50.0522829], [-110.7891031, 50.052282], [-110.7890587, 50.0522749], [-110.7888674, 50.0522206], [-110.7888161, 50.0522117], [-110.788737, 50.0521948], [-110.7886622, 50.0521716], [-110.788604, 50.0521472], [-110.7885263, 50.0521111], [-110.7884362, 50.0520585], [-110.7883032, 50.0519657]]}}, {"type": "Feature", "properties": {"name": "Path 1332500163", "difficulty": "intermediate", "area": "Redcliff", "osm_id": 1332500163, "highway": "path"}, "geometry": {"type": "LineString", "coordinates": [[-110.7892821, 50.0520053], [-110.7893831, 50.0519766], [-110.7894511, 50.051949], [-110.7895176, 50.0519152], [-110.7895689, 50.0518841], [-110.7896119, 50.0518369], [-110.7896396, 50.0517941], [-110.7896674, 50.0517309], [-110.7896771, 50.0516882], [-110.7896812, 50.0516535], [-110.7896882, 50.051625], [-110.7897013, 50.051593], [-110.7897227, 50.0515611]]}}, {"type": "Feature", "properties": {"name": "Path 1332500164", "difficulty": "intermediate", "area": "Redcliff", "osm_id": 1332500164, "highway": "cycleway"}, "geometry": {"type": "LineString", "coordinates": [[-110.7797803, 50.051203], [-110.7796526, 50.0512162], [-110.779515, 50.0512391], [-110.7794438, 50.0512588], [-110.779419, 50.0512693], [-110.7793919, 50.0512806], [-110.779081, 50.0514304], [-110.7790438, 50.0514553], [-110.7790243, 50.0514741], [-110.7790033, 50.051499]]}}, {"type": "Feature", "properties": {"name": "Path 1332500165", "difficulty": "intermediate", "area": "Redcliff", "osm_id": 1332500165, "highway": "cycleway"}, "geometry": {"type": "LineString", "coordinates": [[-110.7794225, 50.0510867], [-110.7794502, 50.0511174], [-110.7794599, 50.0511465], [-110.7794599, 50.051185], [-110.7794486, 50.0512245], [-110.7794308, 50.0512526], [-110.779419, 50.0512693]]}}, {"type": "Feature", "properties": {"name": "Path 1332500166", "difficulty": "intermediate", "area": "Redcliff", "osm_id": 1332500166, "highway": "cycleway"}, "geometry": {"type": "LineString", "coordinates": [[-110.7790033, 50.051499], [-110.7789842, 50.0515319], [-110.7789693, 50.0515583]]}}, {"type": "Feature", "properties": {"name": "Path 1332500167", "difficulty": "intermediate", "area": "Redcliff", "osm_id": 1332500167, "highway": "path"}, "geometry": {"type": "LineString", "coordinates": [[-110.7789693, 50.0515583], [-110.7788592, 50.0518016], [-110.7788446, 50.0518245], [-110.7785706, 50.0520723]]}}, {"type": "Feature", "properties": {"name": "Echo Dale Campground Chip", "difficulty": "intermediate", "area": "Redcliff", "osm_id": 1332500168, "highway": "cycleway"}, "geometry": {"type": "LineString", "coordinates": [[-110.7759331, 50.0431259], [-110.7759466, 50.0431995], [-110.7759905, 50.0433762], [-110.7760944, 50.0437939], [-110.7761954, 50.0442134], [-110.7763293, 50.0445278], [-110.7763946, 50.0446662], [-110.7764531, 50.0447639], [-110.7765382, 50.0448408], [-110.7767295, 50.0449827], [-110.7767627, 50.0450274], [-110.7767847, 50.0450714], [-110.7767887, 50.0452082], [-110.7768047, 50.045249], [-110.7768364, 50.0452941], [-110.7771484, 50.0456163], [-110.7773676, 50.0458455], [-110.7774954, 50.0459414], [-110.7776801, 50.0460634], [-110.7778132, 50.0461487], [-110.7779204, 50.0462336]]}}, {"type": "Feature", "properties": {"name": "Echo Dale Campground Chip", "difficulty": "intermediate", "area": "Redcliff", "osm_id": 1332500169, "highway": "cycleway"}, "geometry": {"type": "LineString", "coordinates": [[-110.7758636, 50.0427999], [-110.7759331, 50.0431259]]}}, {"type": "Feature", "properties": {"name": "Path 1332500170", "difficulty": "intermediate", "area": "Redcliff", "osm_id": 1332500170, "highway": "cycleway"}, "geometry": {"type": "LineString", "coordinates": [[-110.7820155, 50.0496971], [-110.7820211, 50.0495554]]}}, {"type": "Feature", "properties": {"name": "Powder Monkey", "difficulty": "intermediate", "area": "Redcliff", "osm_id": 1332500171, "highway": "path"}, "geometry": {"type": "LineString", "coordinates": [[-110.7848541, 50.0502599], [-110.7849027, 50.0502413], [-110.7849419, 50.0502314], [-110.7849858, 50.0502253], [-110.7850321, 50.0502185], [-110.7850772, 50.0502055], [-110.7851223, 50.0501842], [-110.7851484, 50.0501628], [-110.7851508, 50.0501422], [-110.785146, 50.0501201], [-110.7851187, 50.0500858], [-110.7850701, 50.0500531], [-110.7850404, 50.0500409], [-110.7850083, 50.0500317], [-110.7849525, 50.050021], [-110.7848742, 50.0500058], [-110.7848243, 50.0499905], [-110.7847412, 50.0499555], [-110.7847139, 50.0499425], [-110.78467, 50.0499296], [-110.7846522, 50.0499151], [-110.7846391, 50.0498945], [-110.7846344, 50.0498701], [-110.7846439, 50.0497939], [-110.7846439, 50.049771], [-110.7846285, 50.0497497], [-110.7846012, 50.0497329], [-110.7845679, 50.0497207], [-110.784543, 50.049707], [-110.7845109, 50.0496811], [-110.784486, 50.0496658], [-110.7844516, 50.0496574], [-110.7844065, 50.0496422], [-110.7843673, 50.0496292], [-110.7843388, 50.0496224], [-110.7843068, 50.0496186], [-110.7842818, 50.0496178], [-110.7842652, 50.0496239], [-110.7842533, 50.0496353], [-110.7841916, 50.0497558], [-110.7841738, 50.0497756], [-110.7841418, 50.0497924], [-110.7841121, 50.0497985], [-110.78408, 50.0498], [-110.7838818, 50.0497687], [-110.7838248, 50.049755], [-110.7837916, 50.049739], [-110.7837607, 50.0497238], [-110.7837156, 50.0497108], [-110.7836622, 50.0496978], [-110.783585, 50.0496872], [-110.783553, 50.0496788], [-110.7835316, 50.0496635], [-110.7835114, 50.0496353], [-110.7835007, 50.0496132], [-110.7834829, 50.0495957], [-110.783458, 50.0495858], [-110.7834212, 50.0495812], [-110.783382, 50.0495843], [-110.7833286, 50.0495995], [-110.7832882, 50.0496087], [-110.7832598, 50.0496094], [-110.7832182, 50.0496064], [-110.7831968, 50.0496117], [-110.7831795, 50.0496189], [-110.7830378, 50.049678]]}}, {"type": "Feature", "properties": {"name": "Powder Monkey", "difficulty": "intermediate", "area": "Redcliff", "osm_id": 1332500172, "highway": "path"}, "geometry": {"type": "LineString", "coordinates": [[-110.7831505, 50.04971], [-110.7831446, 50.0496887], [-110.7831458, 50.0496727], [-110.7831468, 50.0496691], [-110.7831505, 50.0496552], [-110.7831612, 50.0496384], [-110.7831795, 50.0496189]]}}, {"type": "Feature", "properties": {"name": "Stink Damp", "difficulty": "intermediate", "area": "Redcliff", "osm_id": 1332500173, "highway": "path"}, "geometry": {"type": "LineString", "coordinates": [[-110.7821333, 50.0494799], [-110.7820774, 50.049457], [-110.7820086, 50.0494356], [-110.7819575, 50.0494227], [-110.7819183, 50.0494189], [-110.7818709, 50.0494143], [-110.7818281, 50.0494059], [-110.78177, 50.0493868], [-110.7817142, 50.0493632], [-110.7816667, 50.0493411], [-110.7816287, 50.0493274], [-110.781586, 50.049316], [-110.7815325, 50.0493038], [-110.7814174, 50.0492824], [-110.7813699, 50.049271], [-110.7813414, 50.0492603], [-110.7813224, 50.0492474], [-110.7812797, 50.0492161], [-110.7812488, 50.0492001], [-110.7812108, 50.0491887], [-110.7811527, 50.0491742], [-110.7810613, 50.0491589], [-110.7808868, 50.0491345], [-110.7808227, 50.0491239], [-110.7807776, 50.0491101], [-110.7807491, 50.0490903], [-110.7807182, 50.0490659], [-110.780685, 50.049053], [-110.7806268, 50.0490408], [-110.7805674, 50.0490324], [-110.7805235, 50.0490293], [-110.7804701, 50.0490263], [-110.7804297, 50.0490232], [-110.7803775, 50.0490179], [-110.7803229, 50.0490042], [-110.7802636, 50.0489813], [-110.7801401, 50.0489325], [-110.7800938, 50.0489074], [-110.7800629, 50.0488937], [-110.7799324, 50.0488525], [-110.7798564, 50.0488304], [-110.779816, 50.0488258], [-110.7797887, 50.0488258], [-110.7797602, 50.0488273], [-110.7797258, 50.0488327], [-110.7796938, 50.0488334], [-110.7795552, 50.04884], [-110.7794794, 50.0488476], [-110.7794251, 50.0488568], [-110.7793988, 50.048858], [-110.7793791, 50.0488549], [-110.7793535, 50.0488457], [-110.7792063, 50.0487769], [-110.7791002, 50.0487172], [-110.7790559, 50.0486896], [-110.7790191, 50.0486667], [-110.7789686, 50.0486495], [-110.7789168, 50.0486399], [-110.7788831, 50.0486371], [-110.7788326, 50.0486375], [-110.7788051, 50.0486355], [-110.7787814, 50.0486307], [-110.7787193, 50.0486206], [-110.7786936, 50.0486187], [-110.7786584, 50.0486193], [-110.7786242, 50.0486163], [-110.7785966, 50.0486065], [-110.7785405, 50.0485906], [-110.7785082, 50.0485845], [-110.7784588, 50.0485803]]}}, {"type": "Feature", "properties": {"name": "Black Lung Pop", "difficulty": "intermediate", "area": "Redcliff", "osm_id": 1332500174, "highway": "path"}, "geometry": {"type": "LineString", "coordinates": [[-110.7748743, 50.0472898], [-110.7748196, 50.0472713], [-110.7747613, 50.0472588], [-110.7747055, 50.0472531], [-110.7746015, 50.0472385], [-110.7745355, 50.0472173], [-110.7744974, 50.0471994], [-110.774467, 50.0471847], [-110.7744137, 50.0471733], [-110.7743465, 50.047144], [-110.7742894, 50.0471114], [-110.7742462, 50.047091], [-110.7741866, 50.0470771], [-110.7741308, 50.0470714], [-110.774094, 50.0470698], [-110.7740673, 50.0470674], [-110.7739037, 50.0470389], [-110.7737489, 50.0470038], [-110.7737045, 50.0469834], [-110.7735919, 50.0469296], [-110.7735031, 50.0468828], [-110.773454, 50.046864], [-110.773328, 50.0468104], [-110.7733028, 50.0467908], [-110.7732882, 50.0467695], [-110.7731967, 50.0465685], [-110.7731834, 50.0465208], [-110.7731728, 50.0464807], [-110.7731503, 50.0464501], [-110.7731198, 50.0464143], [-110.7730986, 50.0464032], [-110.7730256, 50.0463819], [-110.7729991, 50.0463683], [-110.7729248, 50.0463291], [-110.7728691, 50.0463104], [-110.7727882, 50.0462925], [-110.7727564, 50.0462908], [-110.7727073, 50.0462968], [-110.7726821, 50.0462993], [-110.7726609, 50.0462968], [-110.7726251, 50.04629], [-110.7725826, 50.0462823], [-110.7725468, 50.0462789], [-110.7725004, 50.0462823], [-110.7724182, 50.0462866], [-110.7723797, 50.0462866], [-110.7721781, 50.0462687], [-110.7721463, 50.0462619], [-110.7719142, 50.0462133], [-110.7718067, 50.0461767], [-110.7717484, 50.046152], [-110.771694, 50.046112], [-110.7716714, 50.0460873], [-110.7716582, 50.04606], [-110.7716356, 50.0460149], [-110.771621, 50.045997], [-110.7715852, 50.045974], [-110.7715746, 50.0459638], [-110.7715706, 50.045951], [-110.7715547, 50.0458948], [-110.7715415, 50.0458777], [-110.7715176, 50.0458658], [-110.7714831, 50.0458607], [-110.7714287, 50.0458641], [-110.7713996, 50.0458718], [-110.7713598, 50.0458837], [-110.7712974, 50.0458939], [-110.7712563, 50.0459033], [-110.7712099, 50.0459186], [-110.7711648, 50.045928], [-110.7711224, 50.0459322], [-110.7710706, 50.0459305], [-110.7710136, 50.0459195], [-110.7709685, 50.0458922], [-110.7709433, 50.045853], [-110.7709393, 50.0458181], [-110.7709592, 50.0457857], [-110.7709857, 50.0457662], [-110.7710216, 50.0457457], [-110.7710627, 50.0457346], [-110.7710985, 50.0457253], [-110.7711237, 50.0457142], [-110.7711422, 50.045698], [-110.7711794, 50.0456691], [-110.771198, 50.045658], [-110.771235, 50.045645], [-110.7712703, 50.0456285], [-110.7712961, 50.0456059], [-110.771311, 50.0455789], [-110.771315, 50.0455536], [-110.7713015, 50.0455135], [-110.7712744, 50.0454848], [-110.7712486, 50.0454639], [-110.7712147, 50.0454535], [-110.7711659, 50.0454508], [-110.7711225, 50.0454526], [-110.7710859, 50.0454622], [-110.7710492, 50.0454709], [-110.7710153, 50.0454735], [-110.7709923, 50.0454726], [-110.7709611, 50.0454665], [-110.7709381, 50.0454622], [-110.7709096, 50.0454604], [-110.7708784, 50.0454613], [-110.7708052, 50.0454683], [-110.7707374, 50.0454744], [-110.7707116, 50.0454822], [-110.770698, 50.0454944], [-110.7706614, 50.0455423], [-110.7706275, 50.0455684], [-110.7706017, 50.0455806], [-110.7705692, 50.0455832], [-110.7705394, 50.0455771], [-110.7705122, 50.0455606], [-110.770496, 50.0455344], [-110.7704756, 50.0455014], [-110.7704607, 50.0454883], [-110.7704282, 50.0454805], [-110.7704078, 50.0454839], [-110.7703807, 50.0454944], [-110.7703441, 50.0455135], [-110.7703102, 50.0455249], [-110.7702817, 50.0455327], [-110.7702627, 50.0455432], [-110.7702044, 50.045571], [-110.7701597, 50.045585], [-110.7701109, 50.0455919], [-110.7700742, 50.0455928], [-110.7700308, 50.0455867], [-110.7699875, 50.0455719], [-110.7699102, 50.0455223], [-110.7698654, 50.0454813], [-110.7698301, 50.0454404], [-110.7698207, 50.0454247], [-110.7698057, 50.0453768], [-110.769803, 50.0453437], [-110.7697881, 50.0453254], [-110.7697691, 50.0453185], [-110.7697406, 50.0453176], [-110.7697122, 50.0453281], [-110.7696783, 50.0453402], [-110.7696539, 50.0453498], [-110.7696186, 50.0453559], [-110.7695522, 50.0453699], [-110.7694776, 50.0453881], [-110.7694342, 50.0454038], [-110.7694071, 50.0454125], [-110.7693786, 50.0454151], [-110.7693487, 50.0454082], [-110.7693148, 50.0453899], [-110.769304, 50.0453768], [-110.7692931, 50.0453594], [-110.7692918, 50.0453376], [-110.769285, 50.0453167], [-110.7692647, 50.0452645], [-110.769262, 50.045241], [-110.7692579, 50.0452044], [-110.7692457, 50.0451748], [-110.7692226, 50.04514], [-110.7691928, 50.0451103], [-110.7691711, 50.0450746], [-110.7691535, 50.0450529], [-110.7691318, 50.0450407], [-110.7690694, 50.0450215], [-110.7689894, 50.0449989], [-110.7689514, 50.0449806], [-110.768908, 50.0449458], [-110.7688755, 50.0449074], [-110.7688592, 50.0448831], [-110.768847, 50.0448761], [-110.7688145, 50.0448613], [-110.7687873, 50.0448325], [-110.7687697, 50.0448082], [-110.7687616, 50.0447846], [-110.7687534, 50.0447672], [-110.7687236, 50.0447455], [-110.7687046, 50.0447298], [-110.7686992, 50.0447167], [-110.7686965, 50.0446775], [-110.7686829, 50.0446505], [-110.7686531, 50.0446209], [-110.768607, 50.0445939], [-110.7685148, 50.0445643], [-110.7684863, 50.0445582], [-110.7684592, 50.04456], [-110.7684212, 50.0445652], [-110.7684036, 50.0445643], [-110.7683642, 50.0445617], [-110.7683317, 50.0445635], [-110.7682829, 50.0445722], [-110.7682395, 50.0445739], [-110.7681988, 50.0445617], [-110.7681785, 50.0445452], [-110.768173, 50.0445277], [-110.7681758, 50.0445103], [-110.7681907, 50.0444755], [-110.7681975, 50.0444058], [-110.7682042, 50.0443841], [-110.7682137, 50.0443658], [-110.768211, 50.0443484], [-110.7681961, 50.0443222], [-110.7681541, 50.0442735], [-110.7681242, 50.0442552], [-110.7680944, 50.0442473], [-110.7680076, 50.0442378], [-110.7679629, 50.0442378], [-110.7679195, 50.0442439], [-110.7678923, 50.0442439], [-110.7678584, 50.0442386], [-110.7678232, 50.0442282], [-110.7678042, 50.044216], [-110.767792, 50.0441933], [-110.7677757, 50.0441193], [-110.7677744, 50.0440035], [-110.7677879, 50.0438955], [-110.7677906, 50.0438328], [-110.7677798, 50.0437927], [-110.7677554, 50.0437684], [-110.7677255, 50.0437509], [-110.7676686, 50.0437309], [-110.7676252, 50.0437257], [-110.7675886, 50.0437274], [-110.7675493, 50.0437379], [-110.7674896, 50.0437666], [-110.7674503, 50.0437893], [-110.7674259, 50.0438093], [-110.7673838, 50.0438485], [-110.7673431, 50.0438746], [-110.7672916, 50.043892], [-110.7672292, 50.0439094], [-110.7671492, 50.0439199], [-110.7671126, 50.0439199], [-110.7670706, 50.0439147], [-110.7670285, 50.0439042], [-110.7669851, 50.0438981], [-110.7669661, 50.043899], [-110.76692, 50.0439051], [-110.7668766, 50.0439173], [-110.7668333, 50.0439277], [-110.7667966, 50.0439321], [-110.7667573, 50.0439286], [-110.7666366, 50.0438955], [-110.7666041, 50.0438929], [-110.7665688, 50.0438964], [-110.766478, 50.0439025], [-110.7664332, 50.0439033], [-110.7663641, 50.0439016], [-110.7663342, 50.0439016], [-110.7662963, 50.0439051], [-110.7662664, 50.0439025], [-110.7662325, 50.0438903], [-110.7661932, 50.043872], [-110.7661539, 50.0438633], [-110.7660983, 50.0438615], [-110.7660671, 50.0438589], [-110.7660278, 50.0438433], [-110.7659016, 50.0437945], [-110.7657484, 50.0437266], [-110.7656792, 50.0436787], [-110.7656453, 50.0436569], [-110.7655897, 50.043636], [-110.7655341, 50.0436203], [-110.7654826, 50.0435924], [-110.7654162, 50.043575], [-110.7653755, 50.0435533], [-110.7653226, 50.0435254], [-110.7652819, 50.0435184], [-110.7651965, 50.0435062], [-110.7651531, 50.0434958], [-110.7651111, 50.0434714], [-110.7650365, 50.0434322], [-110.7649429, 50.0433921], [-110.7648358, 50.0433495], [-110.7647883, 50.043339], [-110.7647558, 50.0433286], [-110.7646771, 50.0432868], [-110.7646215, 50.0432598], [-110.764593, 50.0432354], [-110.7644995, 50.0431335], [-110.7644534, 50.0431082], [-110.7644195, 50.0430969], [-110.7643069, 50.0430603], [-110.7642527, 50.0430342], [-110.7641849, 50.0430185], [-110.7641401, 50.0430037], [-110.764075, 50.0429802], [-110.7639299, 50.0429454], [-110.7638933, 50.0429254], [-110.7638567, 50.0429071], [-110.763774, 50.042887], [-110.763717, 50.0428714], [-110.7636411, 50.0428322], [-110.7636045, 50.0428209], [-110.7635475, 50.0428026], [-110.7635055, 50.0427747], [-110.7634919, 50.0427642], [-110.7633807, 50.0427076], [-110.7633509, 50.0426972], [-110.7633102, 50.042692], [-110.7631423, 50.042667]]}}, {"type": "Feature", "properties": {"name": "Coal Burner", "difficulty": "intermediate", "area": "Redcliff", "osm_id": 1332500175, "highway": "path"}, "geometry": {"type": "LineString", "coordinates": [[-110.782143, 50.0483924], [-110.7820988, 50.0484342], [-110.7820712, 50.0484467], [-110.782034, 50.048454], [-110.7819854, 50.048454], [-110.7819433, 50.0484436], [-110.7818785, 50.0484207], [-110.7817862, 50.0483666], [-110.7817344, 50.0483396], [-110.7816907, 50.0483282], [-110.7815725, 50.0483094], [-110.781545, 50.048298], [-110.7814818, 50.048272], [-110.7813895, 50.0482408], [-110.7813522, 50.0482263], [-110.7812745, 50.0482138], [-110.7812389, 50.0482044], [-110.781064, 50.048142], [-110.7808794, 50.0480859], [-110.7807725, 50.0480464], [-110.7807272, 50.048038], [-110.7806786, 50.0480391], [-110.7806397, 50.0480536], [-110.7806203, 50.0480817], [-110.7806138, 50.0481046], [-110.7806138, 50.0481316], [-110.7806203, 50.0481503], [-110.7806414, 50.0481743], [-110.7806916, 50.0482034], [-110.7807207, 50.0482252], [-110.7807401, 50.0482554], [-110.7807563, 50.0483032], [-110.7807677, 50.0483313], [-110.7808146, 50.0483885], [-110.7808438, 50.0484249], [-110.7808454, 50.0484488], [-110.7808454, 50.0484758], [-110.7808065, 50.0486016], [-110.7808017, 50.0486401], [-110.7808049, 50.0486724], [-110.7808195, 50.0486983], [-110.7808422, 50.0487171], [-110.7808794, 50.0487285], [-110.7809247, 50.0487306], [-110.7811887, 50.0487285], [-110.7812276, 50.0487233], [-110.7813134, 50.0487004], [-110.7813733, 50.0486859], [-110.7814138, 50.0486859], [-110.7814397, 50.0486911], [-110.7814607, 50.0487046], [-110.7814624, 50.0487191], [-110.7814607, 50.0487306], [-110.7814235, 50.0488096], [-110.7814138, 50.0488387], [-110.7814138, 50.0488564], [-110.7814494, 50.0489365], [-110.7814591, 50.0489687], [-110.7814753, 50.0490176], [-110.7814996, 50.0490498], [-110.7815207, 50.0490675], [-110.7816178, 50.0490987], [-110.7817312, 50.0491299], [-110.7817798, 50.0491559], [-110.7818154, 50.0491694], [-110.7818591, 50.0491777], [-110.7819368, 50.0491871], [-110.7820389, 50.0492079], [-110.7820729, 50.049211], [-110.7822834, 50.0492016], [-110.782332, 50.0491975], [-110.7823805, 50.0492016], [-110.7824194, 50.049211], [-110.7824469, 50.049237], [-110.7824518, 50.0492515], [-110.7824388, 50.0492734], [-110.7824243, 50.0492848], [-110.7823935, 50.0492963], [-110.7823563, 50.0493077], [-110.7823336, 50.0493181], [-110.7823174, 50.0493285], [-110.7822737, 50.0493545]]}}, {"type": "Feature", "properties": {"name": "Stink Damp", "difficulty": "intermediate", "area": "Redcliff", "osm_id": 1332500176, "highway": "path"}, "geometry": {"type": "LineString", "coordinates": [[-110.7784055, 50.0487245], [-110.7784045, 50.0486957], [-110.7784093, 50.0486773], [-110.7784226, 50.0486609], [-110.7784369, 50.048637], [-110.7784559, 50.0485986], [-110.7784588, 50.0485803], [-110.7784626, 50.0485485], [-110.7784649, 50.0485005], [-110.7784636, 50.0484842], [-110.7784547, 50.048472], [-110.7784331, 50.0484573], [-110.7784217, 50.0484443], [-110.7783925, 50.0484043], [-110.7783735, 50.0483881], [-110.7783126, 50.0483498], [-110.7782581, 50.0483335], [-110.7782073, 50.0483229], [-110.778135, 50.0483155], [-110.7780589, 50.0483033], [-110.7780348, 50.0482952], [-110.7779967, 50.048283], [-110.7779599, 50.0482732], [-110.77788, 50.048261], [-110.7778241, 50.0482414], [-110.7777975, 50.0482276], [-110.7777556, 50.0481884], [-110.7777353, 50.048177], [-110.7776973, 50.0481632], [-110.7776719, 50.0481542], [-110.777649, 50.0481404], [-110.7775831, 50.0480915], [-110.7775602, 50.0480785], [-110.7775069, 50.0480638], [-110.7774727, 50.0480467], [-110.7774511, 50.048041], [-110.7773382, 50.0480149], [-110.7772925, 50.0479978], [-110.777271, 50.0479823], [-110.7772075, 50.0479318], [-110.7771695, 50.0478976], [-110.7771403, 50.0478854], [-110.777106, 50.0478764], [-110.7770667, 50.0478707], [-110.7770274, 50.0478699], [-110.7768573, 50.0478756], [-110.7768155, 50.0478756], [-110.7767787, 50.0478715], [-110.7766886, 50.0478577], [-110.7766328, 50.0478438], [-110.7765871, 50.0478243], [-110.7765617, 50.047808], [-110.7765401, 50.0478014], [-110.7764945, 50.0477966], [-110.7764361, 50.0477925], [-110.7763854, 50.0477884], [-110.7763549, 50.0477811], [-110.7762915, 50.047755], [-110.7762534, 50.0477355], [-110.7762192, 50.0477257], [-110.7761747, 50.0477192], [-110.7761544, 50.0477135], [-110.7761265, 50.0476988], [-110.7760085, 50.04761], [-110.7759755, 50.0475921], [-110.7759464, 50.0475831], [-110.775921, 50.0475807], [-110.7757686, 50.0475632], [-110.7757434, 50.0475603], [-110.7756672, 50.0475432], [-110.7756076, 50.0475277], [-110.775586, 50.0475196], [-110.7755416, 50.0474943], [-110.775513, 50.0474751], [-110.7754274, 50.0474177], [-110.775378, 50.0473876], [-110.7753386, 50.0473737], [-110.7753082, 50.0473705], [-110.775279, 50.0473672], [-110.7752485, 50.0473607], [-110.7752232, 50.0473517], [-110.7752016, 50.0473436], [-110.775175, 50.0473403], [-110.7751306, 50.0473387], [-110.7751026, 50.0473322], [-110.775076, 50.0473208], [-110.7750532, 50.0473151], [-110.7750088, 50.047311], [-110.7749517, 50.0473077], [-110.7748996, 50.0472996], [-110.7748743, 50.0472898], [-110.7748575, 50.0472701], [-110.7748603, 50.0472565], [-110.7748711, 50.0472442], [-110.7748964, 50.0472401], [-110.7749487, 50.047235], [-110.7749819, 50.047235], [-110.7750073, 50.0472391], [-110.7750516, 50.0472391], [-110.7750896, 50.047236], [-110.7751292, 50.0472391], [-110.7751704, 50.0472391], [-110.7752037, 50.047232], [-110.7752338, 50.0472147], [-110.7752496, 50.0471913], [-110.7752813, 50.0470672], [-110.7752908, 50.0470418], [-110.7753114, 50.0470194], [-110.7753431, 50.0469909], [-110.7753652, 50.0469665], [-110.7753763, 50.0469431], [-110.7753842, 50.0469177], [-110.7753922, 50.0468882], [-110.7754001, 50.0468679], [-110.7754175, 50.0468434], [-110.7754587, 50.0468007], [-110.7754856, 50.0467611], [-110.775503, 50.0467214], [-110.7755252, 50.0466848], [-110.775549, 50.0466573], [-110.7755917, 50.0466116], [-110.7756377, 50.0465668], [-110.7756487, 50.0465495], [-110.7756567, 50.0465332], [-110.7756598, 50.0465139], [-110.7756614, 50.0464987], [-110.7756725, 50.0464742], [-110.7756725, 50.0464468], [-110.7756836, 50.0464092], [-110.7757042, 50.0463817], [-110.7757406, 50.0463441], [-110.7757644, 50.0463207], [-110.775796, 50.0463074], [-110.7758594, 50.0462942], [-110.7759243, 50.0462841], [-110.7759718, 50.0462841], [-110.7760099, 50.0462973], [-110.7760431, 50.0463166], [-110.7760827, 50.04634], [-110.776116, 50.0463746], [-110.7762157, 50.0464488], [-110.7762411, 50.0464692], [-110.7762791, 50.0464783], [-110.7763187, 50.0464814], [-110.7763678, 50.0464712], [-110.7764422, 50.0464458], [-110.7764818, 50.0464224], [-110.7765056, 50.0464061], [-110.7765246, 50.046398], [-110.7765531, 50.046399], [-110.7765832, 50.0464061], [-110.776626, 50.0464346], [-110.7766497, 50.04646], [-110.7766608, 50.0465037], [-110.7766592, 50.0465434], [-110.7766481, 50.0465627], [-110.7766196, 50.0465943], [-110.7766085, 50.0466197], [-110.7766117, 50.0466461], [-110.7766291, 50.0466644], [-110.7766608, 50.0466787], [-110.7766957, 50.0466828], [-110.7767416, 50.0466766], [-110.7767701, 50.0466655], [-110.7767812, 50.0466431], [-110.7767875, 50.0466034], [-110.776797, 50.0465105], [-110.7768116, 50.0464876], [-110.7768407, 50.0464699], [-110.7768666, 50.0464647], [-110.7768942, 50.0464689], [-110.7769913, 50.0464959], [-110.7770383, 50.0465032], [-110.7771209, 50.0465011], [-110.7771824, 50.0465011], [-110.7772423, 50.0465084], [-110.7772958, 50.0465219], [-110.7773622, 50.0465489], [-110.7774868, 50.0465822], [-110.7775565, 50.046602], [-110.7775824, 50.046604], [-110.7776051, 50.0465978], [-110.7776132, 50.0465822], [-110.7776132, 50.0465645], [-110.7775905, 50.0465427], [-110.7775451, 50.0465146], [-110.7774949, 50.0464813], [-110.7774512, 50.0464325], [-110.7773929, 50.0463628], [-110.7773508, 50.0463347], [-110.7772472, 50.0462796], [-110.7772261, 50.0462682], [-110.7772116, 50.0462526], [-110.7772164, 50.0462338], [-110.7772342, 50.0462234], [-110.7772601, 50.0462182], [-110.7772925, 50.0462224], [-110.7773395, 50.0462401], [-110.7774091, 50.0462505], [-110.7774561, 50.0462515], [-110.7774917, 50.0462578], [-110.7775678, 50.0462796], [-110.7776148, 50.0462879], [-110.7776731, 50.0462879], [-110.7777184, 50.0462858], [-110.7777767, 50.0462682], [-110.7778059, 50.046264], [-110.7778816, 50.0463085]]}}, {"type": "Feature", "properties": {"name": "Windy Shot", "difficulty": "intermediate", "area": "Redcliff", "osm_id": 1332500177, "highway": "path"}, "geometry": {"type": "LineString", "coordinates": [[-110.7748575, 50.0472701], [-110.7748061, 50.0472157], [-110.7747808, 50.0471933], [-110.7747586, 50.0471781], [-110.7746858, 50.0471435], [-110.7746351, 50.0471048], [-110.7746097, 50.0470692], [-110.774502, 50.0469279], [-110.7744767, 50.0469116], [-110.774426, 50.0468902], [-110.7744007, 50.0468679], [-110.774369, 50.0468414], [-110.7743278, 50.046815], [-110.7743025, 50.0467885], [-110.7742946, 50.0467641], [-110.7743072, 50.0467428], [-110.7743294, 50.0467295], [-110.7743532, 50.0467245], [-110.7743833, 50.0467255], [-110.7744276, 50.0467255], [-110.7744719, 50.0467194], [-110.7745036, 50.0467092], [-110.7745505, 50.0466925], [-110.7745921, 50.0466872], [-110.7746351, 50.0466881], [-110.7746795, 50.0466863], [-110.7747252, 50.0466747], [-110.7747613, 50.0466542], [-110.7748043, 50.0466355], [-110.7748569, 50.0466258], [-110.7748902, 50.0466231], [-110.7749263, 50.0466266], [-110.7749803, 50.0466284], [-110.7750358, 50.0466266], [-110.7750857, 50.0466168], [-110.7751218, 50.0466062], [-110.775162, 50.0466017], [-110.7752174, 50.0465946], [-110.7752535, 50.0465803], [-110.7752632, 50.0465608], [-110.7752618, 50.0465403], [-110.7752465, 50.0465225], [-110.7752105, 50.0465136], [-110.7751675, 50.0465118], [-110.7751065, 50.0465038], [-110.7750746, 50.046494], [-110.7750275, 50.0464744], [-110.7749484, 50.0464236], [-110.7749082, 50.0464076], [-110.7748334, 50.046388], [-110.7747932, 50.0463693], [-110.7747654, 50.0463417], [-110.7747058, 50.0463132], [-110.7746725, 50.0462999], [-110.7746185, 50.0462865], [-110.7743634, 50.0462385], [-110.7743134, 50.0462206], [-110.7742913, 50.0462002], [-110.7742829, 50.0461735], [-110.7742926, 50.0461539], [-110.7743176, 50.0461423], [-110.7743453, 50.0461414], [-110.7743758, 50.0461485], [-110.7744036, 50.0461654], [-110.7744396, 50.0461752], [-110.7744746, 50.0461809], [-110.7745068, 50.0461798], [-110.7745999, 50.0461613], [-110.7746507, 50.0461592], [-110.7746998, 50.0461646], [-110.7747726, 50.0461809], [-110.7748369, 50.0461831], [-110.7748945, 50.0461787], [-110.7749808, 50.0461581], [-110.7750146, 50.0461548], [-110.7750722, 50.0461613], [-110.7752144, 50.0461831], [-110.7752482, 50.0461809], [-110.7752686, 50.0461613], [-110.7752635, 50.0461439], [-110.7752432, 50.0461265], [-110.7751975, 50.0461157], [-110.7750756, 50.0460918], [-110.7750214, 50.0460776], [-110.7749706, 50.0460505], [-110.7748267, 50.0459515], [-110.7747692, 50.045932], [-110.7746507, 50.0459026], [-110.7745356, 50.0458765], [-110.7744696, 50.0458537], [-110.7744391, 50.0458276], [-110.7744374, 50.0458048], [-110.774456, 50.0457917], [-110.7744848, 50.0457863], [-110.7745136, 50.0457841], [-110.7745728, 50.0457928], [-110.7746625, 50.0458004], [-110.7746981, 50.0458026], [-110.7747269, 50.0458102], [-110.7748064, 50.0458309], [-110.7748606, 50.045832], [-110.7749452, 50.0458341], [-110.774996, 50.0458406], [-110.7750519, 50.0458537], [-110.7750925, 50.0458537], [-110.7751365, 50.0458515], [-110.775189, 50.0458657], [-110.7752212, 50.045883], [-110.7752669, 50.0459059], [-110.7753058, 50.0459146], [-110.7753447, 50.0459113], [-110.7753667, 50.0458917], [-110.7753718, 50.0458646], [-110.7753549, 50.0458439], [-110.7753278, 50.0458309], [-110.7752584, 50.0458167], [-110.7751856, 50.0458015], [-110.7751518, 50.0457841], [-110.7751348, 50.0457591], [-110.7751128, 50.0457069], [-110.7750908, 50.045683], [-110.7750654, 50.0456711], [-110.7750333, 50.0456635], [-110.7749571, 50.0456591], [-110.7749046, 50.0456482], [-110.7748724, 50.0456319], [-110.774864, 50.0456048], [-110.7748741, 50.0455776], [-110.7749351, 50.0455221], [-110.7749452, 50.045496], [-110.7749317, 50.0454732], [-110.7748928, 50.0454623], [-110.7748047, 50.0454547], [-110.7747743, 50.0454482], [-110.7747506, 50.0454363], [-110.7747235, 50.0454134], [-110.7747201, 50.0453884], [-110.7747302, 50.0453623], [-110.7747743, 50.0452895], [-110.7747963, 50.045233], [-110.7748047, 50.0451862], [-110.7747929, 50.0451427], [-110.7747675, 50.0451134], [-110.7747404, 50.0450949], [-110.7747286, 50.0450797], [-110.7747336, 50.0450656], [-110.7747523, 50.0450558], [-110.7747793, 50.0450525], [-110.7748098, 50.045059], [-110.7748775, 50.0450862], [-110.7749435, 50.0451253], [-110.7749892, 50.0451362], [-110.7750197, 50.045134], [-110.7750383, 50.0451221], [-110.7750366, 50.0451069], [-110.7750265, 50.0450949], [-110.7749943, 50.0450764], [-110.7749791, 50.0450666], [-110.7749385, 50.045034], [-110.774886, 50.0450036], [-110.7748504, 50.044984], [-110.7748318, 50.0449655], [-110.7748318, 50.0449503], [-110.7748521, 50.0449318], [-110.7748843, 50.0449264], [-110.7749249, 50.0449329], [-110.77504, 50.0449655], [-110.7751196, 50.0449873], [-110.7751924, 50.0450036], [-110.7752398, 50.0450079], [-110.7752787, 50.0449982], [-110.7752973, 50.0449873], [-110.7752973, 50.0449677], [-110.7752787, 50.0449525], [-110.7752398, 50.0449351], [-110.7751975, 50.0449123], [-110.7751501, 50.044871], [-110.7750891, 50.0448112], [-110.7750079, 50.0447731], [-110.7749385, 50.0447557], [-110.7748606, 50.0447492], [-110.7747844, 50.0447481], [-110.7747438, 50.0447416], [-110.7747082, 50.0447296], [-110.7747015, 50.044709], [-110.7747184, 50.0446916], [-110.7747489, 50.0446785], [-110.7747912, 50.0446709], [-110.7749097, 50.0446688], [-110.774952, 50.0446644], [-110.774996, 50.0446481], [-110.775035, 50.0446383], [-110.7750824, 50.0446383], [-110.7751788, 50.0446351], [-110.7752212, 50.0446264], [-110.7752584, 50.0446079], [-110.7752804, 50.0445796], [-110.775299, 50.0445361], [-110.7753126, 50.0444818], [-110.7753227, 50.04446], [-110.7753634, 50.0444285], [-110.7754412, 50.0443578], [-110.7754599, 50.0443285], [-110.7755123, 50.0442654], [-110.7755563, 50.0442372], [-110.7756224, 50.04421], [-110.7757002, 50.0441806], [-110.7757426, 50.0441513], [-110.7757578, 50.0441209], [-110.7757595, 50.0440959], [-110.7757527, 50.0440719], [-110.7757341, 50.0440458], [-110.7756867, 50.0440089], [-110.7756071, 50.0439589], [-110.7755106, 50.0439187], [-110.7754091, 50.0438904], [-110.7751181, 50.043785], [-110.7750508, 50.0437656], [-110.774934, 50.0437361], [-110.7748102, 50.043694], [-110.7747305, 50.0436747], [-110.7745907, 50.0436554], [-110.7743642, 50.0436327], [-110.7741225, 50.0436186], [-110.7740187, 50.0436], [-110.7738714, 50.0435752], [-110.7738135, 50.0435411], [-110.7737845, 50.043493], [-110.7737676, 50.0434387], [-110.773783, 50.043415], [-110.7738147, 50.0434007], [-110.7738511, 50.0433967], [-110.7740031, 50.0433845], [-110.7740633, 50.0433651], [-110.7740982, 50.0433418], [-110.7741615, 50.0432797], [-110.7742423, 50.0432319], [-110.7743167, 50.0432004], [-110.7743658, 50.0431851], [-110.7744054, 50.0431841], [-110.7744308, 50.0431912], [-110.7744593, 50.0432065], [-110.7744909, 50.0432177], [-110.7745369, 50.0432278], [-110.7748584, 50.0432858], [-110.7749154, 50.0432909], [-110.7749645, 50.0432899], [-110.7750279, 50.0432817], [-110.7750643, 50.0432787], [-110.7751166, 50.0432807], [-110.7751752, 50.0432858], [-110.7752148, 50.0432848], [-110.7752496, 50.0432767], [-110.7752781, 50.0432624], [-110.7752971, 50.0432411], [-110.7753114, 50.0431953], [-110.7753225, 50.0431719], [-110.7753526, 50.0431505], [-110.7754048, 50.0431414], [-110.7754317, 50.0431454], [-110.7754634, 50.0431627], [-110.7754999, 50.0431993], [-110.775522, 50.0432421], [-110.7755252, 50.0432655], [-110.7755236, 50.0433245], [-110.7755331, 50.043356], [-110.775549, 50.0433753], [-110.7755743, 50.0433835], [-110.7757026, 50.0433936], [-110.7757691, 50.0433865], [-110.7758055, 50.0433784], [-110.7758166, 50.0433672], [-110.7758214, 50.0433356], [-110.7758325, 50.043299], [-110.7758325, 50.0432807], [-110.7758245, 50.0432665], [-110.7758245, 50.0432533], [-110.7758404, 50.0432339], [-110.7758529, 50.0432123]]}}, {"type": "Feature", "properties": {"name": "Path 1332500179", "difficulty": "intermediate", "area": "Redcliff", "osm_id": 1332500179, "highway": "path"}, "geometry": {"type": "LineString", "coordinates": [[-110.7753771, 50.0428385], [-110.7753309, 50.0427837]]}}, {"type": "Feature", "properties": {"name": "The Choker", "difficulty": "intermediate", "area": "Redcliff", "osm_id": 1332500180, "highway": "path"}, "geometry": {"type": "LineString", "coordinates": [[-110.7758529, 50.0432123], [-110.7759466, 50.0431995], [-110.7762002, 50.0431965], [-110.7762482, 50.0431883], [-110.7763251, 50.0431616], [-110.7765266, 50.043073], [-110.7765938, 50.0430561], [-110.7766923, 50.0430468], [-110.7768027, 50.0430299], [-110.7768771, 50.0430098], [-110.7769635, 50.0429774], [-110.7770019, 50.0429697], [-110.7770595, 50.0429697], [-110.777194, 50.0429821], [-110.7772372, 50.0429805], [-110.7773188, 50.0429759], [-110.7773836, 50.0429821], [-110.777422, 50.0429774], [-110.7775085, 50.0429697], [-110.7776021, 50.0429651], [-110.7778252, 50.0429226], [-110.7778756, 50.0429199], [-110.7779723, 50.0429294], [-110.7780332, 50.0429361], [-110.7780794, 50.0429361], [-110.778153, 50.0429307], [-110.7781845, 50.0429307], [-110.7782476, 50.0429361], [-110.778277, 50.0429334], [-110.7783568, 50.042924], [-110.7783968, 50.0429253], [-110.7784304, 50.0429361], [-110.7785649, 50.0430036], [-110.778651, 50.043059], [-110.7787141, 50.0431075], [-110.778733, 50.0431183], [-110.7787792, 50.0431224], [-110.7788423, 50.0431345], [-110.778899, 50.0431332], [-110.7790125, 50.0431399], [-110.7791323, 50.0431521], [-110.7792899, 50.0431521], [-110.779458, 50.043121], [-110.7795274, 50.0430954], [-110.7795694, 50.0430684], [-110.7796556, 50.0430023], [-110.7797249, 50.0429658], [-110.7797964, 50.0429429], [-110.7798741, 50.0429321], [-110.7799264, 50.0429224], [-110.7800083, 50.0428866], [-110.7800738, 50.0428551], [-110.7802801, 50.0428277], [-110.780362, 50.0428298], [-110.7804995, 50.0428551], [-110.7805926, 50.0428878], [-110.7806786, 50.0429347], [-110.7807108, 50.0429637], [-110.7807602, 50.0429996], [-110.7807989, 50.0430161], [-110.7808354, 50.0430203], [-110.7808913, 50.0430147], [-110.7809514, 50.0430216], [-110.7810718, 50.0430354], [-110.7811061, 50.0430299], [-110.7811513, 50.0430285], [-110.7812028, 50.0430368], [-110.7812587, 50.0430617], [-110.7812931, 50.0430699], [-110.7813446, 50.0430782], [-110.7813855, 50.0430892], [-110.781465, 50.043132], [-110.7815187, 50.0431458], [-110.781553, 50.0431596], [-110.7815874, 50.0431969], [-110.7816304, 50.0432328], [-110.7816992, 50.0432645], [-110.7817357, 50.0433073], [-110.7817593, 50.0433252], [-110.7818324, 50.0433597], [-110.781871, 50.0433956], [-110.7818904, 50.0434356], [-110.7819011, 50.0434604], [-110.7819312, 50.0434991], [-110.7819892, 50.0435791], [-110.7819978, 50.0436122], [-110.7820215, 50.0436384], [-110.7821031, 50.0437005], [-110.7821375, 50.0437198], [-110.7821525, 50.0437502], [-110.782189, 50.0437861], [-110.7822514, 50.0438551], [-110.7822879, 50.043913], [-110.7823051, 50.0439724], [-110.7822793, 50.0440248], [-110.7821676, 50.04412], [-110.7821482, 50.0441421], [-110.7821052, 50.0441655], [-110.7820709, 50.0441904], [-110.7820752, 50.0442194], [-110.7821074, 50.0442732], [-110.7821525, 50.0443353], [-110.7821461, 50.0443532], [-110.7821203, 50.0443918], [-110.7821074, 50.0444691], [-110.7821181, 50.0444981], [-110.7821568, 50.0445616], [-110.7821568, 50.0445836], [-110.7821396, 50.0446043], [-110.7821095, 50.0446154], [-110.7820537, 50.0446209], [-110.781899, 50.0446292], [-110.7818431, 50.0446319], [-110.7817915, 50.0446581], [-110.78174, 50.0446857], [-110.7816884, 50.0446995], [-110.7816626, 50.0447271], [-110.7816046, 50.0447975], [-110.781581, 50.0448058], [-110.7815359, 50.0448154], [-110.7813683, 50.0448251], [-110.7813339, 50.0448361], [-110.7813167, 50.0448596], [-110.7812136, 50.0449631], [-110.7811684, 50.0449879], [-110.7811233, 50.0450045], [-110.7810632, 50.0450114], [-110.7809794, 50.0450045], [-110.7809428, 50.0450045], [-110.7808762, 50.0450128], [-110.7808268, 50.0450307], [-110.7807903, 50.0450431], [-110.780776, 50.0450702]]}}, {"type": "Feature", "properties": {"name": "Dale but no Chip", "difficulty": "intermediate", "area": "Redcliff", "osm_id": 1332500181, "highway": "path"}, "geometry": {"type": "LineString", "coordinates": [[-110.7724184, 50.0415343], [-110.7724532, 50.0415389], [-110.7725604, 50.0415687], [-110.7725865, 50.0415846], [-110.7726039, 50.0416078], [-110.7726039, 50.0416423], [-110.7726155, 50.0416693], [-110.7726314, 50.0416888], [-110.7726488, 50.0417298], [-110.7726706, 50.0417549], [-110.7727764, 50.0418024], [-110.7728503, 50.0418284], [-110.7728967, 50.0418387], [-110.7729909, 50.041847], [-110.7732199, 50.0418675], [-110.7732793, 50.0418787]]}}, {"type": "Feature", "properties": {"name": "Dale but no Chip", "difficulty": "intermediate", "area": "Redcliff", "osm_id": 1332500182, "highway": "path"}, "geometry": {"type": "LineString", "coordinates": [[-110.7732793, 50.0418787], [-110.7735924, 50.0419522]]}}, {"type": "Feature", "properties": {"name": "Dale but no Chip", "difficulty": "intermediate", "area": "Redcliff", "osm_id": 1332500183, "highway": "path"}, "geometry": {"type": "LineString", "coordinates": [[-110.7700414, 50.0414635], [-110.7700545, 50.0414719], [-110.7700762, 50.0414784], [-110.7701139, 50.0414812], [-110.7701777, 50.041484], [-110.7702443, 50.041498], [-110.7704791, 50.0415315], [-110.7706386, 50.0415287], [-110.7707893, 50.0415129], [-110.7709821, 50.0415129], [-110.7710763, 50.0415138], [-110.7711574, 50.0415241], [-110.771198, 50.0415287], [-110.7712415, 50.0415259], [-110.7714053, 50.0415147], [-110.7714604, 50.0415138], [-110.7715183, 50.0415231]]}}, {"type": "Feature", "properties": {"name": "Dale but no Chip", "difficulty": "intermediate", "area": "Redcliff", "osm_id": 1332500184, "highway": "path"}, "geometry": {"type": "LineString", "coordinates": [[-110.7715183, 50.0415231], [-110.7715575, 50.0415268]]}}, {"type": "Feature", "properties": {"name": "Dale but no Chip", "difficulty": "intermediate", "area": "Redcliff", "osm_id": 1332500185, "highway": "path"}, "geometry": {"type": "LineString", "coordinates": [[-110.7715575, 50.0415268], [-110.7715778, 50.0415287], [-110.7717067, 50.0415296], [-110.7719952, 50.0415324]]}}, {"type": "Feature", "properties": {"name": "Dale but no Chip", "difficulty": "intermediate", "area": "Redcliff", "osm_id": 1332500186, "highway": "path"}, "geometry": {"type": "LineString", "coordinates": [[-110.7719952, 50.0415324], [-110.7724184, 50.0415343]]}}, {"type": "Feature", "properties": {"name": "Dale but no Chip", "difficulty": "intermediate", "area": "Redcliff", "osm_id": 1332500187, "highway": "path"}, "geometry": {"type": "LineString", "coordinates": [[-110.7699284, 50.0413258], [-110.7700414, 50.0414635]]}}, {"type": "Feature", "properties": {"name": "Dale but no Chip", "difficulty": "intermediate", "area": "Redcliff", "osm_id": 1332500188, "highway": "path"}, "geometry": {"type": "LineString", "coordinates": [[-110.7698081, 50.0412522], [-110.7698501, 50.0412606], [-110.7698661, 50.0412699], [-110.7699284, 50.0413258]]}}, {"type": "Feature", "properties": {"name": "Dale but no Chip", "difficulty": "intermediate", "area": "Redcliff", "osm_id": 1332500189, "highway": "path"}, "geometry": {"type": "LineString", "coordinates": [[-110.769766, 50.0412467], [-110.7698081, 50.0412522]]}}, {"type": "Feature", "properties": {"name": "The Choker", "difficulty": "intermediate", "area": "Redcliff", "osm_id": 1332500190, "highway": "path"}, "geometry": {"type": "LineString", "coordinates": [[-110.7632289, 50.0424167], [-110.7632434, 50.0423916], [-110.7632622, 50.0423739], [-110.7632666, 50.0423497], [-110.7632434, 50.0423218], [-110.7632231, 50.0422911], [-110.7632231, 50.0422539], [-110.7632477, 50.0422241], [-110.7632628, 50.0422147], [-110.7632854, 50.0422008], [-110.7633709, 50.0421822], [-110.7634231, 50.0421664], [-110.7635898, 50.0421124], [-110.7637173, 50.0420714], [-110.7638231, 50.042023], [-110.7639304, 50.0419625], [-110.7639753, 50.0419448], [-110.7640188, 50.0419318], [-110.7643087, 50.0418964], [-110.7644261, 50.0418955], [-110.7644637, 50.0418908], [-110.7645507, 50.0418769], [-110.7645898, 50.0418759], [-110.7646782, 50.0418806], [-110.7647739, 50.0418694], [-110.7648971, 50.0418629], [-110.764942, 50.0418536], [-110.765029, 50.0418238], [-110.7651015, 50.0418089], [-110.7652841, 50.0417521], [-110.7653421, 50.0417345], [-110.7654073, 50.0417233], [-110.765445, 50.0417065], [-110.7654899, 50.0416935], [-110.7655479, 50.0416693], [-110.7656363, 50.0416386], [-110.7657421, 50.0415939], [-110.7658174, 50.0415585], [-110.7659827, 50.041485], [-110.7660305, 50.0414748], [-110.766274, 50.0414412], [-110.7663899, 50.0414301], [-110.7664914, 50.0414245], [-110.7665755, 50.041418], [-110.7666204, 50.0414012], [-110.7666668, 50.0413882], [-110.7666943, 50.0413882], [-110.7667378, 50.0413919], [-110.7668306, 50.0414068], [-110.7668972, 50.0414105], [-110.7669784, 50.0414059], [-110.7671422, 50.0413807], [-110.7673074, 50.0413444], [-110.7674074, 50.0413081], [-110.7675045, 50.0412811], [-110.7676596, 50.0412458], [-110.7677219, 50.0412244], [-110.7677726, 50.0412067], [-110.7678176, 50.0411964], [-110.7678611, 50.0411936], [-110.7679306, 50.0411983], [-110.7679915, 50.0411946], [-110.768064, 50.0411797], [-110.7681219, 50.0411694], [-110.7681799, 50.0411657], [-110.7686249, 50.041162], [-110.7686828, 50.0411676], [-110.7688075, 50.0411853], [-110.7689684, 50.0412113], [-110.7693597, 50.0412309], [-110.7694075, 50.0412327], [-110.7694655, 50.0412439], [-110.7696278, 50.0412597], [-110.7696568, 50.041256], [-110.769722, 50.0412476], [-110.769766, 50.0412467]]}}, {"type": "Feature", "properties": {"name": "The Choker", "difficulty": "intermediate", "area": "Redcliff", "osm_id": 1332500191, "highway": "path"}, "geometry": {"type": "LineString", "coordinates": [[-110.7632057, 50.0424558], [-110.7632289, 50.0424167]]}}, {"type": "Feature", "properties": {"name": "Iron Leg", "difficulty": "intermediate", "area": "Redcliff", "osm_id": 1332500192, "highway": "path"}, "geometry": {"type": "LineString", "coordinates": [[-110.7632628, 50.0422147], [-110.7631862, 50.0421796], [-110.7630179, 50.0422854], [-110.7629106, 50.0423353], [-110.7628126, 50.0423911], [-110.7627367, 50.0424457], [-110.7626757, 50.0424743], [-110.7626257, 50.0424814], [-110.7625184, 50.0424766], [-110.7624648, 50.0424743], [-110.7624056, 50.0424838], [-110.762339, 50.0424897], [-110.7622872, 50.0424849], [-110.7622391, 50.0424731], [-110.7621892, 50.0424446], [-110.7621651, 50.0424315], [-110.7621318, 50.0424255], [-110.762019, 50.042416], [-110.7619542, 50.0424077], [-110.7618673, 50.042384], [-110.7618155, 50.0423768], [-110.761686, 50.0423733], [-110.7615731, 50.0423709], [-110.7615029, 50.0423602], [-110.76144, 50.0423543], [-110.7613808, 50.0423673], [-110.7613234, 50.0423721], [-110.7612698, 50.0423673], [-110.7611921, 50.0423448], [-110.7611292, 50.0423376], [-110.7610903, 50.0423341], [-110.7610589, 50.04234], [-110.7610219, 50.0423566], [-110.7609923, 50.042359], [-110.7609534, 50.0423602], [-110.760885, 50.0423709], [-110.7608276, 50.0423614], [-110.7607833, 50.0423436], [-110.760774, 50.0423293], [-110.7607814, 50.0422901], [-110.7607796, 50.0422628], [-110.7607962, 50.0422402], [-110.7608184, 50.0422022], [-110.7608184, 50.0421713], [-110.7607999, 50.0421487], [-110.7607648, 50.0421369], [-110.7606963, 50.042125], [-110.7606741, 50.0421155], [-110.760589, 50.0420133], [-110.7605576, 50.0419967], [-110.7605354, 50.04198], [-110.7604965, 50.041942], [-110.7604632, 50.0419266], [-110.7602246, 50.0418957], [-110.7601931, 50.0418862], [-110.7601635, 50.0418707], [-110.7600983, 50.0418178], [-110.7600655, 50.0417911], [-110.7600359, 50.0417686], [-110.7598879, 50.0417127], [-110.7598565, 50.0416902], [-110.7597399, 50.0415607], [-110.7596863, 50.0415179], [-110.7596456, 50.0414906], [-110.7596197, 50.0414656], [-110.7596141, 50.0414383], [-110.7596215, 50.0413813], [-110.7596104, 50.0413468], [-110.7595975, 50.0413076], [-110.7595771, 50.0412815], [-110.7595697, 50.0412423], [-110.7595716, 50.041184], [-110.7595808, 50.0411567], [-110.7596067, 50.0411044], [-110.759616, 50.0410736], [-110.7596049, 50.0410332], [-110.7595938, 50.0410058], [-110.7595993, 50.0409797], [-110.7596104, 50.0409393], [-110.7596104, 50.0409132], [-110.7595956, 50.0408787], [-110.7595457, 50.0407849], [-110.7595031, 50.0406898], [-110.7594606, 50.0406518], [-110.7594402, 50.0406162], [-110.7594402, 50.0405924], [-110.7594624, 50.040508], [-110.7594587, 50.0404807], [-110.7594476, 50.0404356], [-110.7594476, 50.0404035], [-110.7594495, 50.0403631], [-110.7595364, 50.0401219], [-110.7595512, 50.0401017], [-110.7595827, 50.0400578], [-110.7595901, 50.0400304], [-110.7595734, 50.0399437], [-110.7595734, 50.039914], [-110.7595827, 50.039895], [-110.7596141, 50.0398641], [-110.7596271, 50.0398415], [-110.7596289, 50.039819], [-110.7596215, 50.0397358], [-110.7596271, 50.0396847], [-110.7596197, 50.0396467], [-110.7596104, 50.0395695], [-110.759616, 50.0394994], [-110.7596197, 50.0394768], [-110.759616, 50.0394578], [-110.7595901, 50.0394293], [-110.759579, 50.0394114], [-110.7595771, 50.0393901], [-110.7595882, 50.0392867], [-110.7595864, 50.0392404], [-110.7595753, 50.0392095], [-110.7595753, 50.0391869], [-110.7595919, 50.0391192], [-110.7595956, 50.039099], [-110.7596067, 50.0390633], [-110.759603, 50.039036], [-110.7595827, 50.0390158], [-110.7594624, 50.0389398], [-110.7594273, 50.0389303], [-110.759394, 50.0389314], [-110.7593552, 50.0389279], [-110.7593256, 50.0389124], [-110.7593015, 50.0388922], [-110.7592886, 50.0388673], [-110.7592886, 50.0388245], [-110.7592738, 50.0388055], [-110.759111, 50.0386594], [-110.7590536, 50.0386344], [-110.7590222, 50.0386261], [-110.7589722, 50.0386249], [-110.7589352, 50.0386225], [-110.7589056, 50.038613], [-110.7588205, 50.0385821], [-110.7587798, 50.038575], [-110.7587059, 50.0385774], [-110.7586411, 50.0385774], [-110.7586171, 50.0385714], [-110.7585912, 50.0385608], [-110.7585745, 50.0385429], [-110.7585691, 50.0385141], [-110.7585764, 50.0384871], [-110.758593, 50.038455], [-110.7586356, 50.0384206], [-110.7586744, 50.0384039], [-110.7587059, 50.0384063], [-110.7587502, 50.0384063], [-110.7587965, 50.0383992], [-110.7588298, 50.0383944], [-110.7588649, 50.038398], [-110.758926, 50.0384134], [-110.7589833, 50.0384312], [-110.7590425, 50.0384372], [-110.7590999, 50.0384455], [-110.7591406, 50.0384562], [-110.7591757, 50.0384693], [-110.7592164, 50.03848], [-110.759259, 50.0384847], [-110.7593126, 50.0384811], [-110.7593718, 50.0384693], [-110.7594532, 50.0384372], [-110.7595882, 50.0383742], [-110.7596215, 50.0383635], [-110.7597344, 50.0383172], [-110.7597621, 50.0383006], [-110.7597751, 50.0382804], [-110.7598232, 50.0382305], [-110.7598805, 50.0381853], [-110.7599582, 50.0381318], [-110.7600008, 50.03812], [-110.7600581, 50.0381033], [-110.7600896, 50.0380998], [-110.7601876, 50.0380986], [-110.7602523, 50.0380914], [-110.7602801, 50.0380796], [-110.7602912, 50.0380653], [-110.7602801, 50.0380475], [-110.7602579, 50.0380392], [-110.7602246, 50.0380415], [-110.7601358, 50.0380558], [-110.760084, 50.038057], [-110.7600637, 50.0380499], [-110.7600526, 50.038038], [-110.7600563, 50.0380249], [-110.7600766, 50.038013], [-110.7601062, 50.0380059], [-110.7601469, 50.0379976], [-110.7602116, 50.0379928], [-110.7602634, 50.0379833], [-110.7602967, 50.0379762], [-110.7603245, 50.0379738], [-110.7603763, 50.0379809], [-110.7604281, 50.0379798], [-110.7605206, 50.037975], [-110.7605465, 50.0379774], [-110.7605835, 50.0379809], [-110.7606846, 50.0379762], [-110.7607235, 50.0379671], [-110.7607554, 50.0379614], [-110.7609642, 50.0379569], [-110.7610296, 50.0379489], [-110.7610792, 50.0379421], [-110.7611305, 50.0379273], [-110.7612296, 50.0379012], [-110.7612579, 50.0378978], [-110.7612968, 50.0379], [-110.7613376, 50.0379125], [-110.7613924, 50.0379353], [-110.7614296, 50.0379421], [-110.7614579, 50.037941], [-110.7614809, 50.0379307], [-110.761495, 50.0379103], [-110.7614862, 50.0378955], [-110.7614561, 50.0378694], [-110.7614402, 50.0378512], [-110.7614349, 50.0378353], [-110.7614366, 50.0378228], [-110.7614526, 50.037808], [-110.7614773, 50.037808], [-110.7615871, 50.0378341], [-110.7616295, 50.0378421], [-110.7616738, 50.0378375], [-110.7616985, 50.0378262], [-110.761718, 50.0377978], [-110.7617552, 50.0377318], [-110.7617764, 50.0377023], [-110.7618065, 50.0376875], [-110.7618684, 50.0376739], [-110.7619197, 50.0376602], [-110.7619445, 50.0376386], [-110.7619392, 50.0376159], [-110.7619197, 50.0376045], [-110.7618897, 50.0376023], [-110.7618525, 50.0376079], [-110.7618083, 50.0376329], [-110.7617782, 50.0376432], [-110.7617392, 50.0376477], [-110.7616472, 50.0376557], [-110.7616083, 50.0376648], [-110.7615499, 50.0376864], [-110.7615145, 50.0376932], [-110.7614791, 50.037692], [-110.7614172, 50.0376818], [-110.7613836, 50.0376807], [-110.7613517, 50.0376864], [-110.7612845, 50.0377034], [-110.7612331, 50.0377125], [-110.7611836, 50.0377136], [-110.7611323, 50.0377136], [-110.7611004, 50.0377171], [-110.7610332, 50.0377273], [-110.7610031, 50.0377284], [-110.7609748, 50.0377261], [-110.7609447, 50.0377125], [-110.7608031, 50.0376386], [-110.7606934, 50.0375977], [-110.7605908, 50.0375738], [-110.760543, 50.037567], [-110.7604864, 50.037567], [-110.7604209, 50.037567], [-110.7603678, 50.0375716], [-110.7603094, 50.0375716], [-110.7602404, 50.0375727], [-110.7601873, 50.0375727], [-110.76017, 50.0375774], [-110.7600564, 50.0376079], [-110.7599944, 50.0376409], [-110.7599183, 50.0376886], [-110.7598812, 50.037708], [-110.7598405, 50.0377193], [-110.759798, 50.0377341], [-110.7597732, 50.0377512], [-110.7597361, 50.0377875], [-110.7597113, 50.0378114], [-110.7596777, 50.0378307], [-110.7595697, 50.0378853], [-110.7595202, 50.0379171], [-110.7595042, 50.0379546], [-110.7594866, 50.0379773], [-110.7594565, 50.0379898], [-110.759414, 50.0379967], [-110.7593804, 50.0379921], [-110.7593414, 50.037983], [-110.7591839, 50.0378648], [-110.7591609, 50.0378364], [-110.759145, 50.0378012], [-110.759122, 50.0377182], [-110.7591202, 50.0376909], [-110.7591096, 50.0376636], [-110.7590795, 50.0376409], [-110.7590424, 50.0376273], [-110.7589999, 50.0376193], [-110.7589327, 50.0376102], [-110.7589008, 50.0376011], [-110.758876, 50.0375829], [-110.7588672, 50.0375568], [-110.7588725, 50.0375352], [-110.7588902, 50.0374897], [-110.7588813, 50.037467], [-110.7588566, 50.0374011], [-110.758853, 50.0373806], [-110.7588654, 50.0373113], [-110.7588583, 50.0372897], [-110.7588318, 50.0372579], [-110.7587946, 50.037184], [-110.7586814, 50.0370624], [-110.7586513, 50.0370067], [-110.7585628, 50.0368487], [-110.758508, 50.0367975], [-110.758469, 50.0367828], [-110.7583487, 50.0367873], [-110.7582779, 50.0368021], [-110.7582018, 50.0368203], [-110.7581363, 50.0368248], [-110.7580744, 50.0368123], [-110.7580249, 50.0367873], [-110.7579558, 50.0367282], [-110.7579098, 50.0367032], [-110.7578603, 50.0366896], [-110.7578072, 50.0366748], [-110.7577293, 50.0366418], [-110.7576515, 50.0366168], [-110.7576232, 50.0366157], [-110.7575842, 50.0366236], [-110.7575311, 50.0366418], [-110.7574781, 50.0366623], [-110.7574232, 50.0367134], [-110.7574002, 50.0367521], [-110.7573489, 50.0368021], [-110.7573046, 50.0368464], [-110.7572728, 50.0368862], [-110.7572409, 50.0369487], [-110.7571648, 50.0371431], [-110.7571127, 50.0372977], [-110.7570801, 50.0373372], [-110.7569933, 50.0374046], [-110.7569426, 50.0374267], [-110.7569118, 50.0374569], [-110.7568648, 50.0374836], [-110.7568503, 50.0374975], [-110.7568395, 50.0375289], [-110.7568286, 50.037587], [-110.7568159, 50.0376079], [-110.7566658, 50.0377555], [-110.7566024, 50.0377881], [-110.7565681, 50.0377985], [-110.7563998, 50.0378218], [-110.7562786, 50.0378229], [-110.7561212, 50.0378125], [-110.7559927, 50.0378171], [-110.7558823, 50.037845], [-110.7558226, 50.0378531], [-110.7557286, 50.037852], [-110.7556833, 50.0378415], [-110.7556489, 50.0378136], [-110.7556236, 50.0377486], [-110.7556055, 50.0377276], [-110.7554355, 50.0375708], [-110.7553558, 50.0374685], [-110.7553323, 50.037436], [-110.755316, 50.037422], [-110.7552473, 50.0373964], [-110.7552328, 50.0373837], [-110.7551478, 50.0373], [-110.7550374, 50.0371826], [-110.7549469, 50.0370908], [-110.7546158, 50.0367422], [-110.754582, 50.0367164], [-110.7545579, 50.036698], [-110.754482, 50.0366364], [-110.7544186, 50.036612], [-110.7543119, 50.0365609], [-110.7542667, 50.0365481], [-110.7542377, 50.0365295], [-110.7541545, 50.0364784], [-110.7541056, 50.03644], [-110.7540658, 50.0363912], [-110.7540134, 50.0363599], [-110.7539663, 50.0363401], [-110.7539175, 50.0363285], [-110.7537854, 50.0363029], [-110.7537022, 50.036275], [-110.7536605, 50.036246], [-110.7536081, 50.036196], [-110.7535701, 50.0361623], [-110.753514, 50.0361414], [-110.7533765, 50.0361239], [-110.753286, 50.036103], [-110.7532408, 50.0360821], [-110.7531666, 50.0360194], [-110.7531214, 50.0359984], [-110.7530852, 50.0359903], [-110.7530092, 50.0359798], [-110.7529676, 50.0359798], [-110.7528265, 50.0359694], [-110.752774, 50.0359601], [-110.7527342, 50.0359403], [-110.7526745, 50.0359066], [-110.7526492, 50.0358985], [-110.752537, 50.0358741], [-110.7524863, 50.0358509], [-110.7524212, 50.0358218], [-110.7523796, 50.0358125], [-110.7522891, 50.0358032], [-110.7522185, 50.0357986], [-110.7521805, 50.0357881], [-110.7520032, 50.0357544], [-110.7519254, 50.0357532], [-110.7518712, 50.0357439], [-110.7518223, 50.0357126], [-110.7517825, 50.0356905], [-110.7515907, 50.0356405], [-110.7514804, 50.0356115], [-110.7514279, 50.0356068], [-110.7513483, 50.0356022], [-110.7512868, 50.0355917], [-110.7512071, 50.0355696], [-110.7511547, 50.0355638], [-110.7510986, 50.0355731], [-110.7510154, 50.0355836], [-110.7509719, 50.0355824], [-110.7509159, 50.0355719], [-110.7508815, 50.0355487], [-110.7508779, 50.0355127], [-110.7508815, 50.0354825], [-110.7508941, 50.035465], [-110.7509973, 50.0353418], [-110.7509955, 50.0353081], [-110.7510063, 50.0352524], [-110.7510208, 50.0351664], [-110.7510292, 50.0350521]]}}, {"type": "Feature", "properties": {"name": "Path 1332500193", "difficulty": "intermediate", "area": "Medicine Hat", "osm_id": 1332500193, "highway": "path"}, "geometry": {"type": "LineString", "coordinates": [[-110.7552152, 50.036634], [-110.7551631, 50.0366683], [-110.7551167, 50.0366794], [-110.7550394, 50.0366894], [-110.7549736, 50.036708], [-110.7549311, 50.036713], [-110.7548847, 50.036713], [-110.7548305, 50.0367043], [-110.7547841, 50.0367068], [-110.7546662, 50.0367179], [-110.754582, 50.0367164]]}}, {"type": "Feature", "properties": {"name": "Path 1332500194", "difficulty": "intermediate", "area": "Redcliff", "osm_id": 1332500194, "highway": "path"}, "geometry": {"type": "LineString", "coordinates": [[-110.76017, 50.0375774], [-110.7601361, 50.0375682], [-110.7601124, 50.0375584], [-110.7600972, 50.0375486], [-110.7600921, 50.0375163], [-110.7600836, 50.0375562], [-110.7600769, 50.0375769], [-110.7600564, 50.0376079]]}}, {"type": "Feature", "properties": {"name": "Dale but no Chip", "difficulty": "intermediate", "area": "Redcliff", "osm_id": 1332500195, "highway": "path"}, "geometry": {"type": "LineString", "coordinates": [[-110.7735924, 50.0419522], [-110.7736243, 50.0419578], [-110.7736547, 50.0419578], [-110.773717, 50.0419494], [-110.7737684, 50.0419389], [-110.7738308, 50.0419365], [-110.7738951, 50.0419377], [-110.7739651, 50.0419559], [-110.7740427, 50.0419863], [-110.7741391, 50.0420203], [-110.7742526, 50.0420701], [-110.7743226, 50.0421139], [-110.7744077, 50.0421588], [-110.7745722, 50.0422207], [-110.7746857, 50.0422572], [-110.7747992, 50.0422778], [-110.774856, 50.04229], [-110.7750432, 50.0423374], [-110.775174, 50.042393], [-110.7752345, 50.0424284], [-110.7752605, 50.0424711], [-110.7752761, 50.0425627], [-110.7753029, 50.0427197], [-110.7753296, 50.0427721], [-110.7753309, 50.0427837], [-110.7753383, 50.0428501], [-110.775354, 50.0428763], [-110.7753755, 50.0428947], [-110.7754066, 50.0429131], [-110.7754591, 50.0429316], [-110.775554, 50.043036], [-110.775647, 50.043179], [-110.7756526, 50.0431962], [-110.7756513, 50.0432124], [-110.7756625, 50.0432261], [-110.7756865, 50.0432393], [-110.7757141, 50.0432449], [-110.7757443, 50.0432434], [-110.7758529, 50.0432123]]}}, {"type": "Feature", "properties": {"name": "Powder Monkey", "difficulty": "intermediate", "area": "Redcliff", "osm_id": 1332500196, "highway": "path"}, "geometry": {"type": "LineString", "coordinates": [[-110.7845594, 50.0502033], [-110.7844967, 50.0500896], [-110.7844765, 50.0500652], [-110.784454, 50.0500492], [-110.7844207, 50.0500332], [-110.784391, 50.0500241], [-110.7843614, 50.0500172], [-110.7843436, 50.0500172], [-110.7843151, 50.0500165], [-110.7842913, 50.0500142], [-110.7842569, 50.0500035], [-110.7842201, 50.0499898], [-110.7841299, 50.0499433], [-110.7840931, 50.0499288], [-110.78394, 50.0498922], [-110.7839055, 50.0498861], [-110.7838628, 50.0498831], [-110.7838189, 50.0498815], [-110.7837821, 50.0498793], [-110.7837571, 50.0498754], [-110.7837168, 50.0498633], [-110.7836527, 50.0498411], [-110.7835648, 50.0498053], [-110.7835292, 50.0497962], [-110.7834912, 50.0497908], [-110.78342, 50.0497863], [-110.7833666, 50.0497832], [-110.7833286, 50.0497786], [-110.783293, 50.0497695], [-110.7832324, 50.0497466], [-110.7831505, 50.04971], [-110.7831031, 50.0496895], [-110.7830769, 50.0496826], [-110.7830378, 50.049678], [-110.7829796, 50.049675], [-110.7829286, 50.049675], [-110.7828811, 50.0496803], [-110.7828526, 50.0496818], [-110.78283, 50.0496796], [-110.7828063, 50.0496742], [-110.7827529, 50.0496552], [-110.7826626, 50.049617], [-110.7826175, 50.0496018], [-110.7825463, 50.0495866], [-110.7824976, 50.049582], [-110.7824549, 50.0495805], [-110.7824039, 50.0495843], [-110.7823647, 50.049585], [-110.782335, 50.0495782], [-110.7823042, 50.049569], [-110.782278, 50.0495545], [-110.7821333, 50.0494799]]}}, {"type": "Feature", "properties": {"name": "A Jacked", "difficulty": "intermediate", "area": "Redcliff", "osm_id": 1332500197, "highway": "path"}, "geometry": {"type": "LineString", "coordinates": [[-110.7807217, 50.045585], [-110.7805582, 50.0454757], [-110.780428, 50.045392], [-110.780377, 50.0453645], [-110.7803287, 50.0453512], [-110.7802777, 50.0453468], [-110.7801978, 50.0453468], [-110.7801578, 50.0453566], [-110.7801385, 50.0453751], [-110.7801357, 50.0453937], [-110.7801564, 50.0454114], [-110.7801936, 50.0454274], [-110.7802474, 50.0454407], [-110.7802653, 50.0454593], [-110.7802763, 50.0454894], [-110.780339, 50.0456956], [-110.7803315, 50.0457842], [-110.7803301, 50.0458081], [-110.7803467, 50.0458418], [-110.7804142, 50.0459684], [-110.7804377, 50.0460162], [-110.7804556, 50.0460835], [-110.7804901, 50.0461676], [-110.7804928, 50.0462393], [-110.780497, 50.046257], [-110.7804873, 50.0462863], [-110.7804721, 50.0463172], [-110.7804652, 50.0463491], [-110.7804611, 50.0463907], [-110.7804749, 50.0464306], [-110.7805039, 50.0464695], [-110.7805245, 50.0464846], [-110.7805356, 50.0464952], [-110.7805549, 50.0465377], [-110.7806197, 50.0466431], [-110.7806638, 50.0466989], [-110.7807107, 50.0467378], [-110.7809051, 50.04686], [-110.7809575, 50.0468937], [-110.7810595, 50.0469282], [-110.7811009, 50.0469468], [-110.7812029, 50.0470052], [-110.7812277, 50.0470256], [-110.7812415, 50.0470583], [-110.781247, 50.0471106], [-110.7812539, 50.0471292], [-110.7812829, 50.0471584], [-110.781298, 50.0471805], [-110.781298, 50.0471991], [-110.7812787, 50.0472239], [-110.7812305, 50.0472434], [-110.7811671, 50.0472584], [-110.7810981, 50.0472584], [-110.7810057, 50.0472478], [-110.7808568, 50.0472186], [-110.7807975, 50.0472009], [-110.7807562, 50.0471814], [-110.7807231, 50.0471549], [-110.7806969, 50.0471389], [-110.7806679, 50.0471292], [-110.780639, 50.0471256], [-110.7806114, 50.0471292], [-110.7805949, 50.0471425], [-110.7805907, 50.0471708], [-110.7806017, 50.0471903], [-110.7806445, 50.0472549], [-110.7806914, 50.047316], [-110.7807286, 50.0473426], [-110.7808044, 50.0473727], [-110.7808623, 50.0474099], [-110.7808996, 50.0474408], [-110.7809478, 50.047501], [-110.7809768, 50.0475258], [-110.7810554, 50.0475657], [-110.7810747, 50.0475807], [-110.7810857, 50.0476029], [-110.7810788, 50.047633], [-110.7810526, 50.0476684], [-110.7810154, 50.0476923], [-110.7809754, 50.0476994], [-110.780934, 50.047695], [-110.7808803, 50.0476817], [-110.7808417, 50.0476675], [-110.7808058, 50.0476604], [-110.7807644, 50.0476604], [-110.7807258, 50.0476533], [-110.7806748, 50.047633], [-110.7806169, 50.0476091], [-110.7805838, 50.0476002], [-110.7805287, 50.047602], [-110.7804487, 50.0476038], [-110.7803834, 50.0475951], [-110.7803067, 50.0475798], [-110.7802832, 50.0475754], [-110.7802308, 50.0475604], [-110.7801909, 50.047548], [-110.7801467, 50.0475418], [-110.7801054, 50.0475338], [-110.7800447, 50.0475081], [-110.7799854, 50.0474949], [-110.7799399, 50.0474975], [-110.7798737, 50.0475126], [-110.7797745, 50.0475418], [-110.7797331, 50.0475568], [-110.77966, 50.047594], [-110.7796033, 50.0476034], [-110.779545, 50.0476086], [-110.7794625, 50.0476044], [-110.7793928, 50.047593], [-110.7793572, 50.0475919], [-110.7793054, 50.047593], [-110.77926, 50.0475878], [-110.7791969, 50.0475805], [-110.7791532, 50.0475857], [-110.7791127, 50.0476003], [-110.7790851, 50.0476325], [-110.7790851, 50.0476564], [-110.7791046, 50.0476793], [-110.7791402, 50.047697], [-110.7791936, 50.0477282], [-110.7792503, 50.047775], [-110.7793281, 50.0478769], [-110.7794074, 50.0479996], [-110.7794204, 50.048036], [-110.7794252, 50.0480703], [-110.7794333, 50.0480921], [-110.7794544, 50.0481212], [-110.7794819, 50.0481618], [-110.7794787, 50.0481847], [-110.7794641, 50.0482159], [-110.7794706, 50.0482367], [-110.7794965, 50.0482543], [-110.7795791, 50.0482803], [-110.7796244, 50.0482938], [-110.7798074, 50.0483656], [-110.7798608, 50.0483947], [-110.7798803, 50.0484113], [-110.7798981, 50.0484436], [-110.7799126, 50.0484831], [-110.7799402, 50.0485226], [-110.7799936, 50.0485611], [-110.7800568, 50.0485808], [-110.7801151, 50.0485912], [-110.7801701, 50.0485912], [-110.7802462, 50.0485829], [-110.7803045, 50.0485829], [-110.7803515, 50.0485933], [-110.7804227, 50.0486276], [-110.78046, 50.048662], [-110.7805523, 50.0487982], [-110.7805863, 50.0488231], [-110.7806446, 50.048846], [-110.7807822, 50.0488741], [-110.7808762, 50.0488814], [-110.7809555, 50.0488803], [-110.7810235, 50.0488918], [-110.7810818, 50.0489115], [-110.7812081, 50.0489947], [-110.7813992, 50.0490893], [-110.7814737, 50.0491288], [-110.7815012, 50.0491403], [-110.7815725, 50.0491528], [-110.7816033, 50.0491621], [-110.7816373, 50.049185], [-110.7816567, 50.0491933], [-110.7816907, 50.0491996], [-110.7817344, 50.0492027], [-110.7817652, 50.0492151], [-110.7818057, 50.049237], [-110.7818591, 50.0492505], [-110.7819579, 50.049264], [-110.7820032, 50.0492692], [-110.7821133, 50.049289], [-110.78217, 50.0492931], [-110.7822121, 50.0492983], [-110.7822332, 50.0493098], [-110.7822737, 50.0493545], [-110.7823004, 50.0494077]]}}, {"type": "Feature", "properties": {"name": "A Jacked", "difficulty": "intermediate", "area": "Redcliff", "osm_id": 1332500198, "highway": "path"}, "geometry": {"type": "LineString", "coordinates": [[-110.7778816, 50.0463085], [-110.7779516, 50.0463555], [-110.778005, 50.0463888], [-110.7780714, 50.0464169], [-110.7781475, 50.0464564], [-110.7782301, 50.0464938], [-110.7782868, 50.0465292], [-110.7783386, 50.046551], [-110.7783872, 50.0465645], [-110.7784245, 50.0465801], [-110.7785232, 50.046654], [-110.7787337, 50.0468547], [-110.7787629, 50.0468848], [-110.7787953, 50.0469035], [-110.7788341, 50.0469129], [-110.7789426, 50.0469129], [-110.7790479, 50.0469035], [-110.7790657, 50.0469067], [-110.7790916, 50.0469264], [-110.7791985, 50.0470106], [-110.7792633, 50.0470533], [-110.7793151, 50.0470814], [-110.7793637, 50.047098], [-110.7794123, 50.0471219], [-110.7794527, 50.0471583], [-110.7795305, 50.0472633], [-110.779558, 50.047307], [-110.7795839, 50.0473715], [-110.7795985, 50.0473902], [-110.7796406, 50.0474131], [-110.7796746, 50.0474401], [-110.7797135, 50.0474931], [-110.7797248, 50.0475223], [-110.7797331, 50.0475568]]}}, {"type": "Feature", "properties": {"name": "Coal Burner", "difficulty": "intermediate", "area": "Redcliff", "osm_id": 1332502636, "highway": "path"}, "geometry": {"type": "LineString", "coordinates": [[-110.7813519, 50.0461931], [-110.781328, 50.0461786], [-110.7813111, 50.0461642], [-110.7812939, 50.0461366], [-110.7812884, 50.0460994], [-110.7813022, 50.0460649], [-110.7813173, 50.0460197], [-110.7813201, 50.0459888], [-110.7813132, 50.0459551], [-110.7812953, 50.0459268], [-110.7812677, 50.04591], [-110.7812186, 50.045892], [-110.7811831, 50.0458853], [-110.7810943, 50.0458786], [-110.7810558, 50.045871], [-110.7809981, 50.0458511], [-110.7809271, 50.0458159], [-110.7808738, 50.0457703], [-110.7808398, 50.045719], [-110.7808235, 50.0457], [-110.7807554, 50.0456401], [-110.7807362, 50.0456163], [-110.7807217, 50.045585], [-110.7806992, 50.0455375], [-110.780677, 50.0455108], [-110.7806104, 50.0454491], [-110.7805778, 50.0454206], [-110.7805454, 50.0454064], [-110.7805038, 50.0453844], [-110.7804713, 50.0453569], [-110.7804091, 50.0452923], [-110.7803736, 50.0452675], [-110.7803366, 50.0452561], [-110.7802611, 50.0452533], [-110.7802241, 50.0452533], [-110.7801812, 50.0452628], [-110.7800731, 50.0453132], [-110.7800539, 50.0453322], [-110.7799355, 50.0454282], [-110.7798911, 50.045451], [-110.779792, 50.0455004], [-110.7797268, 50.0455184], [-110.7796351, 50.0455365], [-110.7795522, 50.0455403], [-110.7794767, 50.0455498], [-110.7793554, 50.0455745], [-110.7792947, 50.045584], [-110.7792355, 50.045585], [-110.7791171, 50.0455783], [-110.7790786, 50.0455812], [-110.7790549, 50.0455945], [-110.7789883, 50.0456391], [-110.7789499, 50.0456563], [-110.7788907, 50.0456734], [-110.7788463, 50.0456829], [-110.7788167, 50.0456933], [-110.7787885, 50.0457171], [-110.7787826, 50.0457456], [-110.7787959, 50.0457789], [-110.7788181, 50.045795], [-110.778864, 50.0458045], [-110.7788981, 50.0457979], [-110.7789425, 50.0457817], [-110.7790046, 50.0457522], [-110.7790771, 50.0456981], [-110.7791245, 50.0456743], [-110.7791926, 50.0456572], [-110.7792755, 50.0456525], [-110.7793642, 50.0456534], [-110.779459, 50.0456667], [-110.77957, 50.04568], [-110.7796114, 50.045681], [-110.779641, 50.0456895], [-110.7796617, 50.0457028], [-110.779681, 50.0457275], [-110.7797061, 50.0457598], [-110.7797416, 50.045795], [-110.7797905, 50.0458292], [-110.7798334, 50.045834], [-110.7798704, 50.0458273], [-110.7799252, 50.0458026], [-110.7799962, 50.0457627], [-110.7800524, 50.0457437], [-110.7801175, 50.0457361], [-110.7801501, 50.0457408], [-110.7801812, 50.0457541], [-110.7801975, 50.0457732], [-110.7802049, 50.0457922], [-110.7802285, 50.0459157], [-110.7802359, 50.0459404], [-110.7802655, 50.0459936], [-110.7803218, 50.0460602], [-110.7803381, 50.0460849], [-110.7803973, 50.0462198], [-110.7804032, 50.0462531], [-110.7803973, 50.0462759], [-110.7803499, 50.0463434], [-110.780341, 50.046369], [-110.7803428, 50.04642], [-110.7803638, 50.0464698], [-110.7803978, 50.0465051], [-110.7804463, 50.0465456], [-110.7804722, 50.0465737], [-110.7805094, 50.0466537], [-110.780532, 50.0466796], [-110.7805644, 50.0467097], [-110.7805838, 50.0467347], [-110.7806193, 50.0468001], [-110.7806743, 50.0468416], [-110.780752, 50.0468915], [-110.7808393, 50.0469289], [-110.7809379, 50.0469829], [-110.7809832, 50.0469974], [-110.7810317, 50.0470036], [-110.7811013, 50.0470171], [-110.7811579, 50.0470369], [-110.7811789, 50.0470649], [-110.7811821, 50.0470992], [-110.7811644, 50.047122], [-110.7811352, 50.0471293], [-110.7811013, 50.0471314], [-110.7810576, 50.0471272], [-110.781014, 50.047121], [-110.7808086, 50.0471106], [-110.7807681, 50.0470992], [-110.7806792, 50.047067], [-110.780642, 50.0470576], [-110.7805627, 50.0470608], [-110.7805126, 50.0470576], [-110.7804204, 50.0470473], [-110.780367, 50.0470306], [-110.7802829, 50.0469766], [-110.7802328, 50.0469579], [-110.780139, 50.0469289], [-110.7801067, 50.046906], [-110.7800695, 50.0468998], [-110.7800339, 50.0469029], [-110.7800032, 50.0469133], [-110.7799789, 50.0469299], [-110.7799692, 50.0469496], [-110.7799724, 50.0469735], [-110.779999, 50.0470078], [-110.7800323, 50.0470421], [-110.7800695, 50.047067], [-110.780152, 50.0470909], [-110.7802069, 50.0471272], [-110.7802312, 50.0471594], [-110.7802409, 50.0471906], [-110.7802377, 50.04723], [-110.7802425, 50.0472674], [-110.7802652, 50.0473111], [-110.7802635, 50.0473256], [-110.7802393, 50.047364], [-110.7802166, 50.0473962], [-110.7801981, 50.0474902]]}}, {"type": "Feature", "properties": {"name": "Path 1332502637", "difficulty": "intermediate", "area": "Redcliff", "osm_id": 1332502637, "highway": "cycleway"}, "geometry": {"type": "LineString", "coordinates": [[-110.7813519, 50.0461931], [-110.781328, 50.0462076], [-110.7813153, 50.0462194], [-110.7812998, 50.046233]]}}, {"type": "Feature", "properties": {"name": "Thin Lizzy", "difficulty": "intermediate", "area": "Medicine Hat", "osm_id": 1332502638, "highway": "path"}, "geometry": {"type": "LineString", "coordinates": [[-110.7510292, 50.0350521], [-110.7509629, 50.0349118], [-110.7509562, 50.0348588], [-110.7509219, 50.0348006], [-110.7508658, 50.0347228], [-110.7508404, 50.0346647], [-110.7508061, 50.0344625], [-110.7507717, 50.0343927], [-110.7507427, 50.0343265], [-110.7507102, 50.0342998], [-110.7506812, 50.0342765], [-110.7506613, 50.0342393], [-110.7506107, 50.0341731], [-110.7505817, 50.0340848], [-110.7505437, 50.0340208], [-110.7504894, 50.033979], [-110.7503736, 50.0339348], [-110.7503085, 50.0339267], [-110.7502416, 50.0339325], [-110.7501782, 50.033943], [-110.7501403, 50.0339418], [-110.7500896, 50.0339337], [-110.7500444, 50.0339197], [-110.7500046, 50.0339116], [-110.7499611, 50.0339151], [-110.7499231, 50.0339302], [-110.7498906, 50.0339558], [-110.7498707, 50.033986], [-110.7498707, 50.0340255], [-110.7498779, 50.0340685], [-110.7498725, 50.0340906], [-110.7498182, 50.0341371], [-110.7498092, 50.0341568], [-110.7497983, 50.0341917], [-110.7497892, 50.0342103], [-110.7497621, 50.0342393], [-110.7497295, 50.0342719], [-110.7496716, 50.0343404], [-110.7496228, 50.0343823], [-110.749554, 50.0344102], [-110.7494401, 50.0344427], [-110.7493405, 50.0344474], [-110.7492573, 50.0344485], [-110.7489678, 50.0344264], [-110.7488701, 50.0344171], [-110.7487887, 50.0344148], [-110.7485571, 50.0344253], [-110.7483617, 50.0344508], [-110.7483111, 50.0344497], [-110.7482568, 50.0344381], [-110.7482061, 50.0344148], [-110.7481736, 50.0343951], [-110.7481464, 50.0343544], [-110.7481048, 50.0343021], [-110.747951, 50.0341673], [-110.7477448, 50.0339825], [-110.747676, 50.0339314], [-110.7476091, 50.0339011], [-110.7473702, 50.033807], [-110.7473449, 50.0337849], [-110.7472743, 50.0336687], [-110.747173, 50.0335722], [-110.7471441, 50.0335595], [-110.74705, 50.0335351], [-110.7469432, 50.033513], [-110.7468926, 50.033513], [-110.7468003, 50.0335153], [-110.7467569, 50.0335223], [-110.7467062, 50.0335362], [-110.746661, 50.0335595], [-110.7466194, 50.0335699], [-110.7465705, 50.0335711], [-110.7465144, 50.0335595], [-110.7464837, 50.0335385], [-110.7464565, 50.0335037], [-110.7464167, 50.0334107], [-110.7463751, 50.0333503], [-110.746319, 50.0333108], [-110.7461815, 50.0332759], [-110.7461309, 50.0332701], [-110.7460295, 50.0332817], [-110.7459626, 50.0332991], [-110.7457998, 50.03337], [-110.74576, 50.0333944], [-110.745722, 50.0334421], [-110.7456659, 50.0335199], [-110.7456026, 50.0335711], [-110.7455193, 50.0336083], [-110.745447, 50.0336513], [-110.7454162, 50.0336861], [-110.7454144, 50.0337117], [-110.7454397, 50.0337559], [-110.7454813, 50.0338221], [-110.7454886, 50.0338605], [-110.7454632, 50.0339], [-110.7454271, 50.0339151], [-110.74538, 50.0339209], [-110.7453565, 50.0339162], [-110.7453239, 50.0339058], [-110.7452099, 50.0337931], [-110.7451774, 50.0337698], [-110.7450996, 50.0337408], [-110.7449693, 50.0337198], [-110.7448951, 50.0337338], [-110.7448318, 50.0337315], [-110.7447413, 50.0337338], [-110.7446527, 50.0337198], [-110.7445438, 50.0336916]]}}, {"type": "Feature", "properties": {"name": "Path 1332502639", "difficulty": "intermediate", "area": "Medicine Hat", "osm_id": 1332502639, "highway": "path"}, "geometry": {"type": "LineString", "coordinates": [[-110.7513412, 50.0349726], [-110.7511822, 50.0350055], [-110.7511219, 50.035021], [-110.7510292, 50.0350521]]}}, {"type": "Feature", "properties": {"name": "Path 1332502640", "difficulty": "intermediate", "area": "Redcliff", "osm_id": 1332502640, "highway": "path"}, "geometry": {"type": "LineString", "coordinates": [[-110.7803811, 50.0449968], [-110.779965, 50.0448966], [-110.7797678, 50.0448583], [-110.7794742, 50.0448171], [-110.7792311, 50.0447582], [-110.7789788, 50.0446551], [-110.7785352, 50.0444381], [-110.7783468, 50.0443247], [-110.7780436, 50.0441243], [-110.7778817, 50.0440638], [-110.7777492, 50.0440411], [-110.7775844, 50.0440279], [-110.7771929, 50.0440222], [-110.7768721, 50.0440449], [-110.7765394, 50.0440468], [-110.7764747, 50.0440354], [-110.7764364, 50.0440184], [-110.7764188, 50.0439976], [-110.7763687, 50.0438124], [-110.7763305, 50.0437443], [-110.7762628, 50.0436649], [-110.7762068, 50.0436177], [-110.7761627, 50.0435648], [-110.7761185, 50.0434702], [-110.7760655, 50.0434173], [-110.7759905, 50.0433762]]}}, {"type": "Feature", "properties": {"name": "Path 1332502641", "difficulty": "intermediate", "area": "Medicine Hat", "osm_id": 1332502641, "highway": "path"}, "geometry": {"type": "LineString", "coordinates": [[-110.7346923, 50.0303314], [-110.7347343, 50.0303608], [-110.7347602, 50.030379], [-110.734801, 50.0304076]]}}, {"type": "Feature", "properties": {"name": "Viper", "difficulty": "intermediate", "area": "Medicine Hat", "osm_id": 1332502642, "highway": "path"}, "geometry": {"type": "LineString", "coordinates": [[-110.734801, 50.0304076], [-110.7347666, 50.030476], [-110.7347383, 50.0305067], [-110.7346977, 50.030551], [-110.7346605, 50.0305782], [-110.7346217, 50.0306214], [-110.7345828, 50.0306702], [-110.7345174, 50.0307372], [-110.7344626, 50.0308302], [-110.7344025, 50.0309812], [-110.7343813, 50.0310096], [-110.7343636, 50.0310266], [-110.7343265, 50.0310437], [-110.7342399, 50.0310789], [-110.7342028, 50.0311004], [-110.7341781, 50.0311243], [-110.734141, 50.0311754], [-110.7338547, 50.0315614], [-110.733761, 50.0316737], [-110.7337416, 50.0317055], [-110.7337309, 50.0317351], [-110.733708, 50.0319292], [-110.7337186, 50.0319757], [-110.7337484, 50.0320826], [-110.7337589, 50.0321751], [-110.7337765, 50.032218], [-110.7338126, 50.0322767], [-110.733831, 50.0323292], [-110.7338205, 50.0323986], [-110.7337888, 50.0324629], [-110.7337572, 50.0324934], [-110.7337124, 50.0325086], [-110.7336439, 50.0325238], [-110.7334516, 50.0325357], [-110.7332883, 50.0325627], [-110.7331934, 50.0325915], [-110.7331487, 50.0326118], [-110.7331328, 50.0326338], [-110.7331249, 50.0326507], [-110.7331118, 50.0327878], [-110.7330881, 50.0328606], [-110.7330485, 50.0329097], [-110.733009, 50.0329537], [-110.7329748, 50.0330078], [-110.7329063, 50.0330958], [-110.7328404, 50.0331838], [-110.7327772, 50.0332837], [-110.7326481, 50.03348], [-110.7324584, 50.0337118], [-110.732324, 50.033832], [-110.732245, 50.0338641], [-110.7320975, 50.0339047], [-110.7319947, 50.0339386], [-110.7318946, 50.0339589], [-110.7317339, 50.0339876], [-110.7316127, 50.0340198], [-110.731531, 50.034052], [-110.7314757, 50.034101], [-110.7314099, 50.0341738], [-110.7313756, 50.0342381], [-110.731286, 50.0343244], [-110.7312386, 50.0343582], [-110.7311833, 50.0343853], [-110.7311464, 50.0344158], [-110.7310804, 50.0344981], [-110.7310292, 50.0345438], [-110.7309548, 50.0345863], [-110.7307646, 50.0346787], [-110.7306737, 50.0347127], [-110.7306042, 50.034736], [-110.7305629, 50.0347562], [-110.7305182, 50.0347976], [-110.7304107, 50.0348684], [-110.7301147, 50.0349909], [-110.72997, 50.0350585], [-110.7298943, 50.0350839], [-110.7297825, 50.0351029], [-110.7294175, 50.0351156], [-110.7292169, 50.0350987], [-110.7290031, 50.0350564], [-110.7289209, 50.0350501], [-110.7288354, 50.035048], [-110.7287696, 50.0350627], [-110.7287252, 50.0350757], [-110.7286611, 50.0350944]]}}, {"type": "Feature", "properties": {"name": "Sidewinder", "difficulty": "intermediate", "area": "Medicine Hat", "osm_id": 1332502643, "highway": "path"}, "geometry": {"type": "LineString", "coordinates": [[-110.7347602, 50.030379], [-110.7346906, 50.0304705], [-110.7346246, 50.0305387], [-110.7345656, 50.0306099], [-110.7345326, 50.0306432], [-110.7344336, 50.030722], [-110.7344124, 50.0307538], [-110.7343534, 50.0308583], [-110.7342898, 50.0309416], [-110.7342143, 50.031034], [-110.7341577, 50.031087], [-110.7340988, 50.0311234], [-110.733995, 50.0311855], [-110.7339384, 50.0312309], [-110.7337592, 50.0313309], [-110.7336908, 50.0313763], [-110.7336531, 50.0314233], [-110.7336319, 50.0315005], [-110.7336036, 50.0315445], [-110.7335517, 50.031599], [-110.7335328, 50.0316278], [-110.7334951, 50.0316899], [-110.7334739, 50.0317141], [-110.7334032, 50.0317641], [-110.7333678, 50.0317929], [-110.7333183, 50.0318338], [-110.7332805, 50.0318565], [-110.7332051, 50.0318807], [-110.7331485, 50.0318959], [-110.7331249, 50.031914], [-110.733033, 50.0319898], [-110.7329316, 50.0320458], [-110.7329033, 50.0320746], [-110.7328585, 50.0321261], [-110.7328089, 50.032167], [-110.7327783, 50.0321988], [-110.7327044, 50.0323106], [-110.7326482, 50.0323625], [-110.7325304, 50.0324754], [-110.7324672, 50.0325025], [-110.732359, 50.0325224], [-110.7322114, 50.032537], [-110.7321258, 50.0325508], [-110.7320664, 50.032568], [-110.73201, 50.0326001], [-110.7318751, 50.032702], [-110.7317258, 50.0328612], [-110.7316751, 50.0329118], [-110.7316357, 50.0329317], [-110.7315907, 50.0329353], [-110.7315541, 50.032919], [-110.7315484, 50.0328883], [-110.7315738, 50.0328214], [-110.7316329, 50.0327255], [-110.7316385, 50.0326966], [-110.7316442, 50.0325483], [-110.7316695, 50.0324687], [-110.7316667, 50.0324361], [-110.731692, 50.0323855], [-110.7317061, 50.032333], [-110.7317258, 50.0322806], [-110.731754, 50.032239], [-110.7317906, 50.0321775], [-110.7318385, 50.0321286], [-110.7318638, 50.0320906], [-110.7318553, 50.0320689], [-110.7318244, 50.0320563], [-110.7317962, 50.0320653], [-110.7317455, 50.0321051], [-110.7316977, 50.0321286], [-110.7316104, 50.0321395], [-110.7314583, 50.0321359], [-110.7313992, 50.0321539], [-110.7313316, 50.0321847], [-110.7312978, 50.0322173], [-110.731219, 50.032295], [-110.7311767, 50.0323258], [-110.7311261, 50.0323547], [-110.7310979, 50.03238], [-110.7310754, 50.0324162], [-110.7310754, 50.0324488], [-110.731081, 50.0324922], [-110.7311232, 50.0325862], [-110.7311458, 50.0326333], [-110.7311514, 50.0327129], [-110.7311345, 50.0327707], [-110.7310979, 50.0328322], [-110.7309919, 50.0329282], [-110.7309, 50.0329825], [-110.7308559, 50.0330533], [-110.7307971, 50.0331241], [-110.7306832, 50.0332256], [-110.7305399, 50.0333554], [-110.7305252, 50.0334263], [-110.7304884, 50.0334758], [-110.7304444, 50.033523], [-110.7304333, 50.0335844], [-110.7304076, 50.0336127], [-110.7302937, 50.0336882], [-110.7302753, 50.0337213], [-110.7301945, 50.0339337], [-110.730132, 50.0339738], [-110.7298785, 50.0340966], [-110.7298454, 50.0341509], [-110.729816, 50.0342429], [-110.7297903, 50.0342712], [-110.7296543, 50.0343326], [-110.7295698, 50.0343727], [-110.7294522, 50.0345261], [-110.7293861, 50.034571], [-110.7292759, 50.0346111], [-110.7290995, 50.0346441], [-110.7289672, 50.034689], [-110.7289121, 50.0347244], [-110.7288827, 50.0347669], [-110.728868, 50.0348188], [-110.7288717, 50.0349038], [-110.7288312, 50.0349557], [-110.7287357, 50.0350407], [-110.7286611, 50.0350944], [-110.7285704, 50.035128], [-110.7284454, 50.0351304], [-110.7283425, 50.0351044], [-110.7282139, 50.0350359], [-110.7281478, 50.0350194], [-110.7280853, 50.0350171], [-110.7280155, 50.0350383], [-110.7279898, 50.0350713], [-110.7279714, 50.0351422], [-110.7279824, 50.0351776], [-110.7280816, 50.0354254], [-110.7280816, 50.0354891], [-110.7280523, 50.0355127], [-110.7279236, 50.0356], [-110.7279089, 50.0356354], [-110.7279383, 50.0356708], [-110.7280633, 50.0357511], [-110.7280963, 50.0357888], [-110.7281404, 50.0358502], [-110.7282213, 50.0359541], [-110.7282139, 50.0360225], [-110.7281588, 50.0361193], [-110.7281147, 50.0361736], [-110.7280816, 50.0362278], [-110.7280853, 50.0362821], [-110.7281404, 50.0364025], [-110.7281478, 50.036452], [-110.7281184, 50.0364733], [-110.7280706, 50.0364733], [-110.7280449, 50.0364544], [-110.7279347, 50.0363411], [-110.7277987, 50.0362585], [-110.727762, 50.036209], [-110.7277179, 50.0361783], [-110.7276334, 50.0361523], [-110.7275709, 50.0361452], [-110.7274901, 50.0361499], [-110.7274349, 50.036157], [-110.7273725, 50.0361499], [-110.72731, 50.0361193], [-110.7272475, 50.036098], [-110.7271961, 50.0360886], [-110.7271483, 50.0360886], [-110.7270859, 50.0361051], [-110.727016, 50.0361429], [-110.7269536, 50.0361806], [-110.7268066, 50.0362278], [-110.7267405, 50.0362349], [-110.7266817, 50.0362255], [-110.7265751, 50.0361783], [-110.7264685, 50.0361405], [-110.7263546, 50.0361193], [-110.7263032, 50.0360957], [-110.7261415, 50.0360178], [-110.7260827, 50.0359706], [-110.7259835, 50.0358974], [-110.7259284, 50.0358408], [-110.7259215, 50.0357885]]}}, {"type": "Feature", "properties": {"name": "Cobra Chicken", "difficulty": "intermediate", "area": "Medicine Hat", "osm_id": 1332502644, "highway": "path"}, "geometry": {"type": "LineString", "coordinates": [[-110.7347343, 50.0303608], [-110.7346623, 50.0304388], [-110.7346131, 50.0304839], [-110.7345569, 50.0305584], [-110.7345182, 50.0306104], [-110.7344866, 50.0306375], [-110.7344198, 50.0306578], [-110.7343776, 50.0306849], [-110.7343073, 50.0307684], [-110.7341632, 50.0309378], [-110.7340823, 50.0310146], [-110.7339241, 50.0311387], [-110.7336992, 50.0312471], [-110.7335691, 50.0313036], [-110.733541, 50.0313284], [-110.7334988, 50.0313939], [-110.7334285, 50.0314729], [-110.7333758, 50.0315158], [-110.7333336, 50.0315565], [-110.7332317, 50.0316716], [-110.733193, 50.0317145], [-110.7331438, 50.0317439], [-110.7331087, 50.031771], [-110.7330559, 50.0318252], [-110.7329997, 50.0318703], [-110.7329364, 50.0319087], [-110.7328661, 50.0319855], [-110.7328274, 50.0320148], [-110.7327325, 50.0320758], [-110.7326939, 50.0321029], [-110.732613, 50.0321864], [-110.7325287, 50.0322497], [-110.7321244, 50.0324754], [-110.7320682, 50.0324958], [-110.7320295, 50.0324958], [-110.7320014, 50.0324845], [-110.7319926, 50.0324319], [-110.7320564, 50.0320965], [-110.732079, 50.0320434], [-110.7321165, 50.0319734], [-110.7321504, 50.0318431], [-110.7321804, 50.0317948], [-110.732203, 50.0317442], [-110.7321954, 50.0316838], [-110.7321466, 50.0316428], [-110.7321015, 50.0316283], [-110.7320264, 50.0316331], [-110.73194, 50.0316742], [-110.7318573, 50.0316983], [-110.7317972, 50.03172], [-110.7317446, 50.0317369], [-110.7316056, 50.0318214], [-110.731429, 50.0319276], [-110.7313464, 50.0319976], [-110.7310947, 50.0321544], [-110.7309519, 50.0322365], [-110.7308392, 50.0322968], [-110.7307678, 50.0323282], [-110.7307265, 50.0323595], [-110.7306814, 50.0324126], [-110.7306326, 50.0324295], [-110.7304973, 50.0324512], [-110.7304485, 50.0324802], [-110.7304147, 50.0325526], [-110.7303583, 50.0326998], [-110.7303283, 50.0327481], [-110.7302005, 50.0328639], [-110.7301742, 50.0329122], [-110.7301179, 50.0329556], [-110.7298361, 50.0331101], [-110.7296971, 50.0331945], [-110.7296144, 50.0332645], [-110.7295881, 50.0333345], [-110.729513, 50.0334914], [-110.7294942, 50.0335396], [-110.7294003, 50.0335806], [-110.7293139, 50.0336241], [-110.7292575, 50.0336579], [-110.7291674, 50.0336892], [-110.7290734, 50.0336989], [-110.7289908, 50.0336772], [-110.7289194, 50.0336555], [-110.7288443, 50.0336482], [-110.7288105, 50.0336796], [-110.7287654, 50.0337206], [-110.7287203, 50.0337496], [-110.7286489, 50.0337858], [-110.7286151, 50.0338171], [-110.7286076, 50.0338654], [-110.7286452, 50.0339016], [-110.7287579, 50.0339595], [-110.7287766, 50.0340078], [-110.7287654, 50.0340633], [-110.7287015, 50.0341574], [-110.7286414, 50.034225], [-110.7286151, 50.0343191], [-110.7284986, 50.0344711], [-110.7283972, 50.0345773], [-110.7282807, 50.0346569], [-110.7281417, 50.0346883], [-110.7280628, 50.0346859], [-110.7279576, 50.0346424], [-110.727905, 50.034599], [-110.7278938, 50.0345483], [-110.7278675, 50.0345001], [-110.7278224, 50.0344759], [-110.7277623, 50.0344663], [-110.7277134, 50.0344663], [-110.727627, 50.0344856], [-110.7275782, 50.0345146], [-110.7274655, 50.0345942], [-110.7273828, 50.0346955], [-110.7273678, 50.0347655], [-110.7273979, 50.0348258], [-110.7274805, 50.0348958], [-110.7275068, 50.0349417], [-110.7275106, 50.0350382], [-110.7275369, 50.0351492], [-110.7275895, 50.0352337], [-110.7275932, 50.035265], [-110.7275782, 50.0353374], [-110.727597, 50.0353978], [-110.7276045, 50.0354798], [-110.7275857, 50.0355305], [-110.7275331, 50.0355667], [-110.7274429, 50.0356125], [-110.7274279, 50.0356584], [-110.7274392, 50.0357018], [-110.7274655, 50.0357308], [-110.7276007, 50.035878], [-110.7276571, 50.0359311], [-110.7276721, 50.0359866], [-110.7276834, 50.0360348], [-110.7276608, 50.0360879], [-110.727627, 50.0361217], [-110.7275709, 50.0361452]]}}, {"type": "Feature", "properties": {"name": "Danger Noodle", "difficulty": "intermediate", "area": "Medicine Hat", "osm_id": 1332502645, "highway": "path"}, "geometry": {"type": "LineString", "coordinates": [[-110.732359, 50.0325224], [-110.7323002, 50.0326764], [-110.7322404, 50.0327532], [-110.7322088, 50.032787], [-110.7321385, 50.0328232], [-110.7320998, 50.0328615], [-110.7320401, 50.0329406], [-110.7320049, 50.0330083], [-110.7319522, 50.0330535], [-110.7318995, 50.0330625], [-110.7318397, 50.0330625], [-110.731794, 50.033076], [-110.7317262, 50.0331256], [-110.7317032, 50.0331594], [-110.7317097, 50.033265], [-110.7316834, 50.0332967], [-110.7316374, 50.0333136], [-110.7315914, 50.0333094], [-110.7315124, 50.0332925], [-110.7314466, 50.0332904], [-110.7313973, 50.0332967], [-110.7313217, 50.0333199], [-110.7311145, 50.0334551], [-110.7309665, 50.0335903], [-110.7309204, 50.0336685], [-110.7309204, 50.0337509], [-110.7309204, 50.0338333], [-110.7308843, 50.0338776], [-110.7308119, 50.0339537], [-110.7307988, 50.0339917], [-110.7307988, 50.034053], [-110.7308448, 50.0341565], [-110.7308481, 50.0342473], [-110.7308218, 50.0343001], [-110.7307889, 50.0343234], [-110.730733, 50.0343318], [-110.7305587, 50.0343339], [-110.7304765, 50.0343487], [-110.7304501, 50.0343741], [-110.7304501, 50.0344142], [-110.7304633, 50.0345093], [-110.7304205, 50.0345473], [-110.7303515, 50.0345558], [-110.7303087, 50.0345452], [-110.7302495, 50.0345198], [-110.7302068, 50.0344797], [-110.7301509, 50.0344628], [-110.7300982, 50.0344586], [-110.7300588, 50.0344438], [-110.7300226, 50.0344375], [-110.7299568, 50.0344438], [-110.7299272, 50.0344734], [-110.7299305, 50.0345114], [-110.730016, 50.034655], [-110.7300489, 50.0346741], [-110.7301213, 50.0347184], [-110.7301377, 50.0347522], [-110.7301213, 50.0347881], [-110.7300686, 50.0347987], [-110.7300062, 50.0347881], [-110.7298516, 50.03471], [-110.7298253, 50.0346888], [-110.7297759, 50.0346128], [-110.7297332, 50.034579], [-110.7296937, 50.0345705], [-110.7296378, 50.0345853], [-110.7296082, 50.0346191], [-110.7296181, 50.0346656], [-110.7296477, 50.0347184], [-110.7297167, 50.0348092], [-110.7297792, 50.0348452], [-110.7298417, 50.0348937], [-110.7298615, 50.0349339], [-110.7298516, 50.0349719], [-110.7298187, 50.0349867], [-110.7297463, 50.034993], [-110.7296674, 50.0349846], [-110.7296115, 50.0349677], [-110.7294668, 50.0349128], [-110.7293747, 50.0348494], [-110.7292925, 50.0348156], [-110.7291938, 50.0347987], [-110.729105, 50.0347881], [-110.7289834, 50.0347945], [-110.7289274, 50.0348135], [-110.728911, 50.0348409], [-110.7289176, 50.0349022], [-110.7288978, 50.0349444], [-110.7288682, 50.0349846], [-110.7288386, 50.0350142], [-110.7288123, 50.0350311], [-110.7287252, 50.0350757]]}}, {"type": "Feature", "properties": {"name": "Cobra Chicken", "difficulty": "intermediate", "area": "Medicine Hat", "osm_id": 1332502646, "highway": "path"}, "geometry": {"type": "LineString", "coordinates": [[-110.7276834, 50.0360348], [-110.7277585, 50.0361024], [-110.7277735, 50.0361338], [-110.727762, 50.036209]]}}, {"type": "Feature", "properties": {"name": "Path 1332506176", "difficulty": "intermediate", "area": "Medicine Hat", "osm_id": 1332506176, "highway": "cycleway"}, "geometry": {"type": "LineString", "coordinates": [[-110.6938894, 50.0011286], [-110.6938761, 50.0011523], [-110.693855, 50.001165], [-110.6938314, 50.0011726], [-110.6938011, 50.0011808], [-110.6937838, 50.0011907], [-110.6937635, 50.0012116], [-110.6937389, 50.0012506], [-110.6936987, 50.0012812], [-110.6934518, 50.0014019], [-110.6931672, 50.0015193], [-110.6929469, 50.0015995], [-110.6928889, 50.0016105], [-110.6928493, 50.0016081], [-110.6928188, 50.0016031]]}}, {"type": "Feature", "properties": {"name": "Path 1332506177", "difficulty": "intermediate", "area": "Medicine Hat", "osm_id": 1332506177, "highway": "cycleway"}, "geometry": {"type": "LineString", "coordinates": [[-110.6910418, 50.0018959], [-110.690963, 50.0018994], [-110.6909087, 50.0019018], [-110.6908168, 50.0019036]]}}, {"type": "Feature", "properties": {"name": "Path 1332506178", "difficulty": "intermediate", "area": "Medicine Hat", "osm_id": 1332506178, "highway": "cycleway"}, "geometry": {"type": "LineString", "coordinates": [[-110.6925805, 50.0016588], [-110.6925677, 50.0016783], [-110.6925484, 50.0016912], [-110.6923741, 50.0017571], [-110.692031, 50.0018246], [-110.6915958, 50.0018839], [-110.6913354, 50.0019053], [-110.6911238, 50.0019168], [-110.6911031, 50.0019168], [-110.6910903, 50.0019136], [-110.6910418, 50.0018959]]}}, {"type": "Feature", "properties": {"name": "Path 1332506179", "difficulty": "intermediate", "area": "Medicine Hat", "osm_id": 1332506179, "highway": "cycleway"}, "geometry": {"type": "LineString", "coordinates": [[-110.6928188, 50.0016031], [-110.6926927, 50.0016319], [-110.6925805, 50.0016588]]}}, {"type": "Feature", "properties": {"name": "Path 1332506181", "difficulty": "intermediate", "area": "Medicine Hat", "osm_id": 1332506181, "highway": "cycleway"}, "geometry": {"type": "LineString", "coordinates": [[-110.6940447, 50.0010139], [-110.6939572, 50.0010786], [-110.6938894, 50.0011286]]}}, {"type": "Feature", "properties": {"name": "Path 1332506182", "difficulty": "intermediate", "area": "Medicine Hat", "osm_id": 1332506182, "highway": "cycleway"}, "geometry": {"type": "LineString", "coordinates": [[-110.6872536, 50.0009202], [-110.6872042, 50.0009094], [-110.685331, 50.0000421], [-110.6853068, 50.0000308]]}}, {"type": "Feature", "properties": {"name": "Path 1332506183", "difficulty": "intermediate", "area": "Medicine Hat", "osm_id": 1332506183, "highway": "cycleway"}, "geometry": {"type": "LineString", "coordinates": [[-110.6874645, 50.0010232], [-110.6873612, 50.0009755], [-110.6872536, 50.0009202]]}}, {"type": "Feature", "properties": {"name": "Sierra Boulevard Trail", "difficulty": "intermediate", "area": "Medicine Hat", "osm_id": 1332506184, "highway": "cycleway"}, "geometry": {"type": "LineString", "coordinates": [[-110.6874548, 50.000748], [-110.6874453, 50.0007192], [-110.6872749, 50.0006341], [-110.6871952, 50.0006081], [-110.6871208, 50.0005803], [-110.6855676, 49.9998371], [-110.6855357, 49.9998219], [-110.685406, 49.9997716], [-110.6852719, 49.9997072], [-110.6851748, 49.9996587]]}}, {"type": "Feature", "properties": {"name": "Sierra Boulevard Trail", "difficulty": "intermediate", "area": "Medicine Hat", "osm_id": 1332506185, "highway": "cycleway"}, "geometry": {"type": "LineString", "coordinates": [[-110.6876642, 50.0008476], [-110.6875592, 50.0008012], [-110.6874548, 50.000748]]}}, {"type": "Feature", "properties": {"name": "Path 1332506186", "difficulty": "intermediate", "area": "Medicine Hat", "osm_id": 1332506186, "highway": "cycleway"}, "geometry": {"type": "LineString", "coordinates": [[-110.6918332, 50.004285], [-110.6917376, 50.0042789], [-110.6916481, 50.0042634]]}}, {"type": "Feature", "properties": {"name": "Path 1332506188", "difficulty": "intermediate", "area": "Medicine Hat", "osm_id": 1332506188, "highway": "cycleway"}, "geometry": {"type": "LineString", "coordinates": [[-110.6654811, 50.0020588], [-110.6654134, 50.0020567], [-110.6653522, 50.002054]]}}, {"type": "Feature", "properties": {"name": "Path 1332506189", "difficulty": "intermediate", "area": "Medicine Hat", "osm_id": 1332506189, "highway": "cycleway"}, "geometry": {"type": "LineString", "coordinates": [[-110.6654811, 50.0020588], [-110.6655286, 50.002075], [-110.6655493, 50.0020874], [-110.6655775, 50.0021102], [-110.6657242, 50.002274], [-110.6657864, 50.0023483], [-110.6659968, 50.0026455], [-110.666025, 50.0026893], [-110.6663095, 50.003217], [-110.6663332, 50.0032799], [-110.666351, 50.003337], [-110.6663792, 50.0034484], [-110.6664192, 50.0036618], [-110.6664251, 50.0037342], [-110.6664221, 50.003777], [-110.6664043, 50.0039285], [-110.6664029, 50.0040075], [-110.6664043, 50.0041466], [-110.6664177, 50.0041856], [-110.6664304, 50.0042025], [-110.6664384, 50.0042133], [-110.6665007, 50.0042609], [-110.6667674, 50.0044285], [-110.6671216, 50.0046361], [-110.6673794, 50.0048028], [-110.6673957, 50.0048019], [-110.6674557, 50.0047775]]}}, {"type": "Feature", "properties": {"name": "Path 1332506190", "difficulty": "intermediate", "area": "Medicine Hat", "osm_id": 1332506190, "highway": "cycleway"}, "geometry": {"type": "LineString", "coordinates": [[-110.6664304, 50.0042025], [-110.6661006, 50.0042961]]}}, {"type": "Feature", "properties": {"name": "Path 1332506191", "difficulty": "intermediate", "area": "Medicine Hat", "osm_id": 1332506191, "highway": "cycleway"}, "geometry": {"type": "LineString", "coordinates": [[-110.6661006, 50.0042961], [-110.6660438, 50.0043045], [-110.6660003, 50.0043106]]}}, {"type": "Feature", "properties": {"name": "Path 1332506196", "difficulty": "intermediate", "area": "Medicine Hat", "osm_id": 1332506196, "highway": "cycleway"}, "geometry": {"type": "LineString", "coordinates": [[-110.6650703, 50.0054874], [-110.6649906, 50.0056155]]}}, {"type": "Feature", "properties": {"name": "Path 1332506197", "difficulty": "intermediate", "area": "Medicine Hat", "osm_id": 1332506197, "highway": "cycleway"}, "geometry": {"type": "LineString", "coordinates": [[-110.6650973, 50.0054154], [-110.6657601, 50.00449]]}}, {"type": "Feature", "properties": {"name": "Path 1332506198", "difficulty": "intermediate", "area": "Medicine Hat", "osm_id": 1332506198, "highway": "cycleway"}, "geometry": {"type": "LineString", "coordinates": [[-110.6660003, 50.0043106], [-110.6658672, 50.004345], [-110.66582, 50.0044004]]}}, {"type": "Feature", "properties": {"name": "Path 1332506200", "difficulty": "intermediate", "area": "Medicine Hat", "osm_id": 1332506200, "highway": "cycleway"}, "geometry": {"type": "LineString", "coordinates": [[-110.6453606, 50.0007976], [-110.6452812, 50.0007803], [-110.6450835, 50.0007196], [-110.6449813, 50.0006889]]}}, {"type": "Feature", "properties": {"name": "Path 1332506201", "difficulty": "intermediate", "area": "Medicine Hat", "osm_id": 1332506201, "highway": "cycleway"}, "geometry": {"type": "LineString", "coordinates": [[-110.6454456, 50.0008941], [-110.6454138, 50.0008499], [-110.6453902, 50.0008172]]}}, {"type": "Feature", "properties": {"name": "Path 1332506202", "difficulty": "intermediate", "area": "Medicine Hat", "osm_id": 1332506202, "highway": "path"}, "geometry": {"type": "LineString", "coordinates": [[-110.6453902, 50.0008172], [-110.6453606, 50.0007976]]}}, {"type": "Feature", "properties": {"name": "Path 1332534149", "difficulty": "intermediate", "area": "Medicine Hat", "osm_id": 1332534149, "highway": "cycleway"}, "geometry": {"type": "LineString", "coordinates": [[-110.6938859, 50.0363634], [-110.6938977, 50.0363384], [-110.6939273, 50.0363036], [-110.6939519, 50.0362814], [-110.6939866, 50.0362645], [-110.6940229, 50.0362493], [-110.6941664, 50.0362033]]}}, {"type": "Feature", "properties": {"name": "Path 1332731525", "difficulty": "intermediate", "area": "Medicine Hat", "osm_id": 1332731525, "highway": "cycleway"}, "geometry": {"type": "LineString", "coordinates": [[-110.7038259, 50.0139471], [-110.7039357, 50.0139293], [-110.7039632, 50.0139179]]}}, {"type": "Feature", "properties": {"name": "Path 1332742918", "difficulty": "intermediate", "area": "Medicine Hat", "osm_id": 1332742918, "highway": "cycleway"}, "geometry": {"type": "LineString", "coordinates": [[-110.6236705, 50.0013121], [-110.623541, 50.0012963], [-110.6234963, 50.0012963], [-110.623066, 50.0013018], [-110.6230384, 50.0012985], [-110.6230104, 50.0012918]]}}, {"type": "Feature", "properties": {"name": "Ross Glen Town Center Loop", "difficulty": "intermediate", "area": "Medicine Hat", "osm_id": 1332742919, "highway": "cycleway"}, "geometry": {"type": "LineString", "coordinates": [[-110.6252184, 50.0013245], [-110.6253441, 50.0013041]]}}, {"type": "Feature", "properties": {"name": "Path 1332742920", "difficulty": "intermediate", "area": "Medicine Hat", "osm_id": 1332742920, "highway": "cycleway"}, "geometry": {"type": "LineString", "coordinates": [[-110.6230138, 49.9945374], [-110.6230881, 49.994548], [-110.6231832, 49.9945595]]}}, {"type": "Feature", "properties": {"name": "Path 1332742921", "difficulty": "intermediate", "area": "Medicine Hat", "osm_id": 1332742921, "highway": "cycleway"}, "geometry": {"type": "LineString", "coordinates": [[-110.6457734, 49.9924019], [-110.6456845, 49.9924314], [-110.6456097, 49.9924554]]}}, {"type": "Feature", "properties": {"name": "Path 1332742923", "difficulty": "intermediate", "area": "Medicine Hat", "osm_id": 1332742923, "highway": "cycleway"}, "geometry": {"type": "LineString", "coordinates": [[-110.642009, 49.9953984], [-110.6420028, 49.9954247], [-110.6419924, 49.995458]]}}, {"type": "Feature", "properties": {"name": "Path 1332742924", "difficulty": "intermediate", "area": "Medicine Hat", "osm_id": 1332742924, "highway": "cycleway"}, "geometry": {"type": "LineString", "coordinates": [[-110.6420559, 49.9953714], [-110.6420177, 49.9953807], [-110.642009, 49.9953984]]}}, {"type": "Feature", "properties": {"name": "Path 1332742925", "difficulty": "intermediate", "area": "Medicine Hat", "osm_id": 1332742925, "highway": "cycleway"}, "geometry": {"type": "LineString", "coordinates": [[-110.6418501, 49.9952095], [-110.6417839, 49.9951922], [-110.6417367, 49.9951786]]}}, {"type": "Feature", "properties": {"name": "Path 1332742926", "difficulty": "intermediate", "area": "Medicine Hat", "osm_id": 1332742926, "highway": "cycleway"}, "geometry": {"type": "LineString", "coordinates": [[-110.6422533, 49.995031], [-110.6421277, 49.9948604], [-110.6419748, 49.9945112], [-110.6418917, 49.9942354], [-110.6418903, 49.9941517], [-110.6418532, 49.9940666], [-110.641842, 49.9940129], [-110.6418474, 49.9939172], [-110.641844, 49.9928065], [-110.6418448, 49.992725], [-110.6418474, 49.9925981], [-110.6418407, 49.9916531], [-110.6419078, 49.99156]]}}, {"type": "Feature", "properties": {"name": "Path 1332742927", "difficulty": "intermediate", "area": "Medicine Hat", "osm_id": 1332742927, "highway": "cycleway"}, "geometry": {"type": "LineString", "coordinates": [[-110.6422329, 49.9950987], [-110.6422428, 49.9950671], [-110.6422533, 49.995031]]}}, {"type": "Feature", "properties": {"name": "Path 1332742929", "difficulty": "intermediate", "area": "Medicine Hat", "osm_id": 1332742929, "highway": "cycleway"}, "geometry": {"type": "LineString", "coordinates": [[-110.6425081, 49.9953018], [-110.6424668, 49.9952899], [-110.642409, 49.9952784]]}}, {"type": "Feature", "properties": {"name": "Path 1332742930", "difficulty": "intermediate", "area": "Medicine Hat", "osm_id": 1332742930, "highway": "cycleway"}, "geometry": {"type": "LineString", "coordinates": [[-110.642409, 49.9952784], [-110.6423666, 49.9952724], [-110.6423462, 49.9952492]]}}, {"type": "Feature", "properties": {"name": "Path 1332742931", "difficulty": "intermediate", "area": "Medicine Hat", "osm_id": 1332742931, "highway": "cycleway"}, "geometry": {"type": "LineString", "coordinates": [[-110.6422512, 49.9951308], [-110.6422324, 49.9951085], [-110.6422329, 49.9950987]]}}, {"type": "Feature", "properties": {"name": "Path 1332742934", "difficulty": "intermediate", "area": "Medicine Hat", "osm_id": 1332742934, "highway": "cycleway"}, "geometry": {"type": "LineString", "coordinates": [[-110.6419238, 49.9952054], [-110.6418906, 49.9952166], [-110.6418501, 49.9952095]]}}, {"type": "Feature", "properties": {"name": "Path 1332742935", "difficulty": "intermediate", "area": "Medicine Hat", "osm_id": 1332742935, "highway": "cycleway"}, "geometry": {"type": "LineString", "coordinates": [[-110.6420016, 49.995361], [-110.6420177, 49.9953807]]}}, {"type": "Feature", "properties": {"name": "Path 1332742936", "difficulty": "intermediate", "area": "Medicine Hat", "osm_id": 1332742936, "highway": "cycleway"}, "geometry": {"type": "LineString", "coordinates": [[-110.6419087, 49.9952394], [-110.6418906, 49.9952166]]}}, {"type": "Feature", "properties": {"name": "Path 1332742937", "difficulty": "intermediate", "area": "Medicine Hat", "osm_id": 1332742937, "highway": "cycleway"}, "geometry": {"type": "LineString", "coordinates": [[-110.6422324, 49.9951085], [-110.6422014, 49.9951186]]}}, {"type": "Feature", "properties": {"name": "Path 1332742938", "difficulty": "intermediate", "area": "Medicine Hat", "osm_id": 1332742938, "highway": "cycleway"}, "geometry": {"type": "LineString", "coordinates": [[-110.6423666, 49.9952724], [-110.6423367, 49.9952842]]}}, {"type": "Feature", "properties": {"name": "Path 1332742939", "difficulty": "intermediate", "area": "Medicine Hat", "osm_id": 1332742939, "highway": "cycleway"}, "geometry": {"type": "LineString", "coordinates": [[-110.6417367, 49.9951786], [-110.6416971, 49.9951867], [-110.6416649, 49.995204], [-110.6415952, 49.9952522], [-110.6415066, 49.9952953], [-110.6414047, 49.9953298], [-110.6413243, 49.9953505], [-110.64093, 49.995435], [-110.6407154, 49.9954729], [-110.6401253, 49.9955626], [-110.639951, 49.9955816], [-110.63979, 49.9955936], [-110.6396479, 49.9955971], [-110.6394655, 49.9955919]]}}, {"type": "Feature", "properties": {"name": "Path 1332742940", "difficulty": "intermediate", "area": "Medicine Hat", "osm_id": 1332742940, "highway": "cycleway"}, "geometry": {"type": "LineString", "coordinates": [[-110.6419924, 49.995458], [-110.6420029, 49.9955005], [-110.6420216, 49.9955333], [-110.6420904, 49.995611], [-110.6422271, 49.9957475], [-110.6422929, 49.9958036], [-110.6424115, 49.9959073], [-110.6425432, 49.9960037], [-110.6426145, 49.9960494], [-110.6427128, 49.9961148], [-110.6427839, 49.9961539], [-110.6428233, 49.9961756], [-110.6429153, 49.9962302], [-110.6430838, 49.9963125], [-110.6433204, 49.9964281], [-110.6434142, 49.9964683], [-110.6434587, 49.99648], [-110.6435377, 49.9965022], [-110.6436151, 49.9965329], [-110.6436843, 49.996571], [-110.6437518, 49.9966091], [-110.643788, 49.9966292], [-110.6438407, 49.9966472], [-110.6440613, 49.9967128], [-110.6441683, 49.9967509], [-110.6441864, 49.9967604], [-110.644226, 49.9967604]]}}, {"type": "Feature", "properties": {"name": "Path 1332742942", "difficulty": "intermediate", "area": "Medicine Hat", "osm_id": 1332742942, "highway": "cycleway"}, "geometry": {"type": "LineString", "coordinates": [[-110.6444067, 49.9964524], [-110.6443988, 49.9964382], [-110.6443568, 49.996441], [-110.6439959, 49.9963286], [-110.6436485, 49.9961915], [-110.6431992, 49.9959355], [-110.6428445, 49.9956333], [-110.6425914, 49.9953863], [-110.6425454, 49.9953182], [-110.6425081, 49.9953018]]}}, {"type": "Feature", "properties": {"name": "Path 1332742943", "difficulty": "intermediate", "area": "Medicine Hat", "osm_id": 1332742943, "highway": "cycleway"}, "geometry": {"type": "LineString", "coordinates": [[-110.6444312, 49.9965093], [-110.6444159, 49.9964787], [-110.6444067, 49.9964524]]}}, {"type": "Feature", "properties": {"name": "Path 1332742944", "difficulty": "intermediate", "area": "Medicine Hat", "osm_id": 1332742944, "highway": "cycleway"}, "geometry": {"type": "LineString", "coordinates": [[-110.644832, 49.9965747], [-110.6447779, 49.9965821], [-110.6447298, 49.9965871]]}}, {"type": "Feature", "properties": {"name": "Path 1332742945", "difficulty": "intermediate", "area": "Medicine Hat", "osm_id": 1332742945, "highway": "cycleway"}, "geometry": {"type": "LineString", "coordinates": [[-110.6426145, 49.9960494], [-110.642354, 49.9962065]]}}, {"type": "Feature", "properties": {"name": "Path 1332742946", "difficulty": "intermediate", "area": "Medicine Hat", "osm_id": 1332742946, "highway": "cycleway"}, "geometry": {"type": "LineString", "coordinates": [[-110.6430838, 49.9963125], [-110.6429412, 49.9965023]]}}, {"type": "Feature", "properties": {"name": "Meadowlands Trail", "difficulty": "intermediate", "area": "Medicine Hat", "osm_id": 1333360390, "highway": "cycleway"}, "geometry": {"type": "LineString", "coordinates": [[-110.6511906, 50.0082224], [-110.6511106, 50.0081703], [-110.6510385, 50.0081242]]}}, {"type": "Feature", "properties": {"name": "Path 1333360391", "difficulty": "intermediate", "area": "Medicine Hat", "osm_id": 1333360391, "highway": "cycleway"}, "geometry": {"type": "LineString", "coordinates": [[-110.6503105, 50.0082647], [-110.6503674, 50.0083032], [-110.6504047, 50.0083329], [-110.6504431, 50.0083729], [-110.6504657, 50.0084007], [-110.6504893, 50.0084386]]}}, {"type": "Feature", "properties": {"name": "Path 1333360394", "difficulty": "intermediate", "area": "Medicine Hat", "osm_id": 1333360394, "highway": "cycleway"}, "geometry": {"type": "LineString", "coordinates": [[-110.6501475, 50.0081794], [-110.6501971, 50.0081889], [-110.6502691, 50.0081958], [-110.6503641, 50.0082007], [-110.650479, 50.0081978], [-110.6506751, 50.008181]]}}, {"type": "Feature", "properties": {"name": "Path 1333360395", "difficulty": "intermediate", "area": "Medicine Hat", "osm_id": 1333360395, "highway": "cycleway"}, "geometry": {"type": "LineString", "coordinates": [[-110.6499622, 50.0080401], [-110.650027, 50.0080599], [-110.6502798, 50.0081259]]}}, {"type": "Feature", "properties": {"name": "Path 1333361773", "difficulty": "intermediate", "area": "Medicine Hat", "osm_id": 1333361773, "highway": "cycleway"}, "geometry": {"type": "LineString", "coordinates": [[-110.6606651, 50.0438547], [-110.6606522, 50.0438731], [-110.6606278, 50.0438943], [-110.6605748, 50.0439247], [-110.6605289, 50.0439431], [-110.6604916, 50.0439505], [-110.6604343, 50.0439581], [-110.6603555, 50.0439624], [-110.660301, 50.0439716], [-110.6602537, 50.0439854], [-110.6602207, 50.0439974], [-110.6601863, 50.0440158]]}}, {"type": "Feature", "properties": {"name": "Path 1333361774", "difficulty": "intermediate", "area": "Medicine Hat", "osm_id": 1333361774, "highway": "cycleway"}, "geometry": {"type": "LineString", "coordinates": [[-110.659755, 50.0435868], [-110.6595126, 50.0436927], [-110.6594782, 50.0437047], [-110.6594261, 50.0437166]]}}, {"type": "Feature", "properties": {"name": "McCutcheon Trail", "difficulty": "intermediate", "area": "Medicine Hat", "osm_id": 1333364695, "highway": "path"}, "geometry": {"type": "LineString", "coordinates": [[-110.689571, 50.0478874], [-110.6894695, 50.0478978], [-110.6893873, 50.0479186], [-110.6893437, 50.0479362], [-110.6893063, 50.0479705], [-110.689253, 50.0480386], [-110.689204, 50.0480866], [-110.6891449, 50.0481295], [-110.6890923, 50.0481632], [-110.6890332, 50.0481865], [-110.6889614, 50.0482058]]}}, {"type": "Feature", "properties": {"name": "McCutcheon Trail", "difficulty": "intermediate", "area": "Medicine Hat", "osm_id": 1333364696, "highway": "path"}, "geometry": {"type": "LineString", "coordinates": [[-110.6889614, 50.0482058], [-110.6887673, 50.0482367], [-110.6884609, 50.0482223]]}}, {"type": "Feature", "properties": {"name": "Path 1333364697", "difficulty": "intermediate", "area": "Medicine Hat", "osm_id": 1333364697, "highway": "cycleway"}, "geometry": {"type": "LineString", "coordinates": [[-110.6788521, 50.0497388], [-110.6788547, 50.0497879], [-110.6788572, 50.0498634]]}}, {"type": "Feature", "properties": {"name": "Jefferies Trail", "difficulty": "intermediate", "area": "Medicine Hat", "osm_id": 1333364698, "highway": "cycleway"}, "geometry": {"type": "LineString", "coordinates": [[-110.6724378, 50.0495957], [-110.6723363, 50.0496246], [-110.6715736, 50.0498316], [-110.671532, 50.0498403], [-110.6715048, 50.0498459], [-110.6713421, 50.0498733], [-110.67099, 50.0499056], [-110.6709124, 50.0499098], [-110.6708561, 50.0499052], [-110.6707888, 50.0498916], [-110.6706333, 50.0498602], [-110.6704429, 50.0498427], [-110.670186, 50.0498256], [-110.6699205, 50.0498483], [-110.6696799, 50.0499233], [-110.6693613, 50.0501642], [-110.6690888, 50.050371], [-110.6688835, 50.0504301], [-110.6686818, 50.0504983], [-110.6685332, 50.0506051], [-110.6683279, 50.050796], [-110.6681828, 50.0509323], [-110.6680271, 50.0511278], [-110.6679492, 50.0512732], [-110.667889, 50.0514505], [-110.6678749, 50.0515641], [-110.6678926, 50.0517232], [-110.6679493, 50.0518882]]}}, {"type": "Feature", "properties": {"name": "Path 1333364699", "difficulty": "intermediate", "area": "Medicine Hat", "osm_id": 1333364699, "highway": "cycleway"}, "geometry": {"type": "LineString", "coordinates": [[-110.671532, 50.0498403], [-110.6715494, 50.0498768], [-110.6715666, 50.0498938], [-110.6716649, 50.049989], [-110.6717184, 50.050021]]}}, {"type": "Feature", "properties": {"name": "Path 1333546872", "difficulty": "intermediate", "area": "Medicine Hat", "osm_id": 1333546872, "highway": "cycleway"}, "geometry": {"type": "LineString", "coordinates": [[-110.6541412, 50.0624588], [-110.6535772, 50.0622758], [-110.6535239, 50.0622627], [-110.6534808, 50.0622644], [-110.6534258, 50.0623121]]}}, {"type": "Feature", "properties": {"name": "Path 1333546873", "difficulty": "intermediate", "area": "Medicine Hat", "osm_id": 1333546873, "highway": "cycleway"}, "geometry": {"type": "LineString", "coordinates": [[-110.6547988, 50.0656913], [-110.6546848, 50.0657239], [-110.6545567, 50.0657631], [-110.6544434, 50.0657861], [-110.6543331, 50.0658023], [-110.6542631, 50.0658119], [-110.6540545, 50.0658301], [-110.6538653, 50.0658483], [-110.6537729, 50.0658607], [-110.6536954, 50.0658731], [-110.6536551, 50.0658837], [-110.6536373, 50.0658942], [-110.6536179, 50.0659162], [-110.6535791, 50.0659678], [-110.6535583, 50.0659956], [-110.653524, 50.0660281], [-110.653448, 50.0660922], [-110.6533497, 50.0661716], [-110.6532796, 50.0662232], [-110.6532409, 50.0662576], [-110.6532111, 50.0662959], [-110.6531917, 50.0663351], [-110.6531887, 50.0663724], [-110.6531932, 50.0664126], [-110.6532036, 50.0664499], [-110.6532483, 50.0666116], [-110.6532498, 50.0666517], [-110.6532379, 50.0666804], [-110.6531922, 50.0667485], [-110.6530755, 50.0669224], [-110.6530546, 50.0669664], [-110.6530367, 50.0670238], [-110.6530323, 50.067064], [-110.6530375, 50.0670964], [-110.6530412, 50.0671194], [-110.6530859, 50.0672964], [-110.6530889, 50.0673366], [-110.653074, 50.0673739], [-110.6530531, 50.0674045], [-110.6529757, 50.0674915], [-110.6528669, 50.0675948], [-110.6528631, 50.067598], [-110.6527879, 50.0676618], [-110.6527506, 50.0676991], [-110.6527059, 50.0677536], [-110.6526538, 50.0678292], [-110.6526091, 50.0678846], [-110.6525614, 50.0679411], [-110.6525022, 50.0679949], [-110.6524645, 50.0680291], [-110.6523349, 50.0681505], [-110.6523066, 50.0681897], [-110.6522723, 50.0682395], [-110.6522574, 50.0682921], [-110.6522529, 50.0683552], [-110.6522679, 50.0684174], [-110.6522828, 50.0684767], [-110.6522857, 50.0685159], [-110.6522679, 50.0685551], [-110.6522172, 50.0685924], [-110.6521531, 50.0686249], [-110.6520831, 50.0686479]]}}, {"type": "Feature", "properties": {"name": "Path 1333546874", "difficulty": "intermediate", "area": "Medicine Hat", "osm_id": 1333546874, "highway": "path"}, "geometry": {"type": "LineString", "coordinates": [[-110.6448886, 50.0667184], [-110.644894, 50.0664557], [-110.6448922, 50.0664111], [-110.6448886, 50.0663437], [-110.6448566, 50.0661701], [-110.6448566, 50.0661336], [-110.6448673, 50.0661027], [-110.6449314, 50.0659805], [-110.6449669, 50.0659245], [-110.6450577, 50.0657932], [-110.6450826, 50.0657384], [-110.6450897, 50.0656927], [-110.645079, 50.0654768], [-110.6450684, 50.0653991], [-110.6450114, 50.065109], [-110.6449741, 50.0648177], [-110.6449563, 50.0646429], [-110.6449545, 50.0645184], [-110.644958, 50.0644076], [-110.6449741, 50.0642648], [-110.6450203, 50.0638788], [-110.645031, 50.0637977], [-110.6450559, 50.0637108], [-110.6451022, 50.0635909], [-110.6451805, 50.0634161], [-110.6452694, 50.0632436], [-110.6453033, 50.0632048], [-110.6453495, 50.0631694], [-110.6454118, 50.0631408], [-110.6454581, 50.063126], [-110.6455079, 50.0631146], [-110.6455844, 50.0631054], [-110.6463585, 50.0630186], [-110.6465524, 50.0629923], [-110.6466414, 50.0629718], [-110.6467179, 50.0629432], [-110.6468051, 50.0629044], [-110.6474902, 50.0625206], [-110.6476325, 50.0624372], [-110.6477962, 50.0623229], [-110.6488532, 50.061569], [-110.6495187, 50.0610961], [-110.6496486, 50.0610138], [-110.6501309, 50.0606951], [-110.6522199, 50.0592512], [-110.6522947, 50.0591883], [-110.6523569, 50.0591369], [-110.6524299, 50.0590832], [-110.6524744, 50.0590558], [-110.652633, 50.0589783]]}}, {"type": "Feature", "properties": {"name": "Path 1333546875", "difficulty": "intermediate", "area": "Medicine Hat", "osm_id": 1333546875, "highway": "path"}, "geometry": {"type": "LineString", "coordinates": [[-110.650858, 50.0618354], [-110.6507189, 50.0617768], [-110.6506416, 50.0617325], [-110.6504709, 50.0616137], [-110.6504424, 50.0615863], [-110.6504241, 50.0615746], [-110.6503733, 50.0615589], [-110.6503123, 50.0615407], [-110.6502595, 50.0615159], [-110.6501436, 50.0614389], [-110.6499566, 50.0612927], [-110.6497696, 50.0611335], [-110.6497228, 50.0610918], [-110.6496761, 50.0610448], [-110.6496486, 50.0610138]]}}, {"type": "Feature", "properties": {"name": "Path 1333546876", "difficulty": "intermediate", "area": "Medicine Hat", "osm_id": 1333546876, "highway": "cycleway"}, "geometry": {"type": "LineString", "coordinates": [[-110.6528631, 50.067598], [-110.6526253, 50.0675726], [-110.6525495, 50.067566], [-110.6524999, 50.067566], [-110.6524446, 50.0675735], [-110.6523557, 50.067595], [-110.6523076, 50.0676081], [-110.6522726, 50.0676203], [-110.6522347, 50.0676465], [-110.6522041, 50.0676764], [-110.6521793, 50.0677092], [-110.6521706, 50.0677372], [-110.6521691, 50.0677625], [-110.6521851, 50.0677859], [-110.6522041, 50.0678018], [-110.65236, 50.0679168], [-110.6525022, 50.0679949]]}}, {"type": "Feature", "properties": {"name": "Path 1333546877", "difficulty": "intermediate", "area": "Medicine Hat", "osm_id": 1333546877, "highway": "cycleway"}, "geometry": {"type": "LineString", "coordinates": [[-110.6530375, 50.0670964], [-110.6530057, 50.0670955], [-110.6529809, 50.0670936], [-110.6529576, 50.0670871], [-110.6528104, 50.066987], [-110.6526209, 50.0668859], [-110.6525349, 50.0668261], [-110.6525189, 50.0668055], [-110.6525189, 50.0667858], [-110.6525335, 50.0667624], [-110.6525626, 50.0667428], [-110.6526005, 50.0667297], [-110.6526384, 50.0667231], [-110.6526821, 50.0667231], [-110.6531922, 50.0667485]]}}, {"type": "Feature", "properties": {"name": "Path 1333546878", "difficulty": "intermediate", "area": "Medicine Hat", "osm_id": 1333546878, "highway": "cycleway"}, "geometry": {"type": "LineString", "coordinates": [[-110.6536373, 50.0658942], [-110.6535647, 50.0658395], [-110.6535351, 50.0658172]]}}, {"type": "Feature", "properties": {"name": "Path 1333546885", "difficulty": "intermediate", "area": "Medicine Hat", "osm_id": 1333546885, "highway": "cycleway"}, "geometry": {"type": "LineString", "coordinates": [[-110.6577614, 50.0652378], [-110.6577203, 50.0652397], [-110.6576832, 50.065236], [-110.657612, 50.0652829]]}}, {"type": "Feature", "properties": {"name": "Path 1333546886", "difficulty": "intermediate", "area": "Medicine Hat", "osm_id": 1333546886, "highway": "cycleway"}, "geometry": {"type": "LineString", "coordinates": [[-110.6588885, 50.0655626], [-110.6587178, 50.0655192], [-110.6583226, 50.0654186], [-110.6582688, 50.0654092], [-110.6582517, 50.0654075]]}}, {"type": "Feature", "properties": {"name": "Path 1333546887", "difficulty": "intermediate", "area": "Medicine Hat", "osm_id": 1333546887, "highway": "cycleway"}, "geometry": {"type": "LineString", "coordinates": [[-110.6582385, 50.0654525], [-110.6582517, 50.0654075], [-110.6582708, 50.0653426]]}}, {"type": "Feature", "properties": {"name": "Path 1444630232", "difficulty": "intermediate", "area": "Medicine Hat", "osm_id": 1444630232, "highway": "cycleway"}, "geometry": {"type": "LineString", "coordinates": [[-110.6387252, 50.0154124], [-110.6387852, 50.0154021], [-110.6388399, 50.015398], [-110.6388943, 50.0153983], [-110.6389828, 50.0154022], [-110.6390387, 50.0154097], [-110.6391106, 50.0154303], [-110.6391735, 50.0154624], [-110.6392261, 50.0154963], [-110.6392625, 50.0155285], [-110.6392925, 50.015567], [-110.6393123, 50.0156101], [-110.6393208, 50.0156484], [-110.6393182, 50.0156879], [-110.6393103, 50.0157301], [-110.6392921, 50.0157782]]}}, {"type": "Feature", "properties": {"name": "Path 1457048399", "difficulty": "intermediate", "area": "Redcliff", "osm_id": 1457048399, "highway": "path"}, "geometry": {"type": "LineString", "coordinates": [[-110.7792024, 50.0608591], [-110.7791934, 50.060812], [-110.7791845, 50.0607672], [-110.7791756, 50.0607144], [-110.7791756, 50.0606628], [-110.7791881, 50.060595], [-110.7792095, 50.0605376], [-110.7792346, 50.0604791], [-110.7792542, 50.0604274], [-110.7792596, 50.0603758], [-110.7792578, 50.0603253], [-110.7792471, 50.0602885], [-110.7792238, 50.0602311], [-110.7792095, 50.0602024]]}}, {"type": "Feature", "properties": {"name": "Path 1457048400", "difficulty": "intermediate", "area": "Redcliff", "osm_id": 1457048400, "highway": "path"}, "geometry": {"type": "LineString", "coordinates": [[-110.7786856, 50.0602093], [-110.7787285, 50.0602564], [-110.7787786, 50.060323], [-110.7788197, 50.0603758], [-110.7788591, 50.0604424], [-110.7788877, 50.0604963], [-110.7789109, 50.0605399], [-110.7789288, 50.0606008], [-110.7789431, 50.0606501], [-110.7789556, 50.0607018], [-110.7789503, 50.0607546], [-110.7789298, 50.0607861], [-110.7789055, 50.0608112], [-110.7788751, 50.0608371], [-110.7788179, 50.0608878], [-110.778775, 50.0609279], [-110.7787285, 50.0609647], [-110.7786695, 50.0610014], [-110.7785998, 50.0610278], [-110.7785372, 50.0610496], [-110.7784764, 50.0610657], [-110.7784258, 50.0610841], [-110.7783852, 50.061107], [-110.7783387, 50.0611392], [-110.7783065, 50.0611793], [-110.7782933, 50.0612209], [-110.7782904, 50.0612653], [-110.7782815, 50.0613124], [-110.7782743, 50.061348], [-110.7782457, 50.0613755], [-110.7781849, 50.0613836], [-110.7780759, 50.0613824], [-110.7779704, 50.0613859], [-110.7779024, 50.0613904], [-110.7778416, 50.0614008], [-110.7777862, 50.0614249], [-110.7777374, 50.0614394], [-110.7777026, 50.0614451], [-110.7776677, 50.061448], [-110.7776203, 50.061448], [-110.7775577, 50.0614445], [-110.7775059, 50.0614411], [-110.777437, 50.0614382], [-110.7773673, 50.0614342], [-110.7773137, 50.0614308], [-110.7772493, 50.0614285], [-110.7772046, 50.0614285], [-110.7771352, 50.061425], [-110.777087, 50.061425], [-110.7770387, 50.0614239], [-110.7769993, 50.0614227], [-110.7769555, 50.0614227], [-110.7768983, 50.0614216], [-110.7768474, 50.0614216], [-110.7767776, 50.061421], [-110.7767401, 50.0614176], [-110.7767141, 50.0614072], [-110.7766873, 50.0613866], [-110.7766632, 50.0613539], [-110.7766507, 50.0613252], [-110.7766328, 50.0612821], [-110.7766158, 50.0612442], [-110.7766024, 50.0612104], [-110.7765863, 50.0611828], [-110.7765711, 50.0611679], [-110.7765519, 50.0611444], [-110.7765108, 50.0611082], [-110.7764705, 50.0610658], [-110.7764214, 50.0610078], [-110.7763749, 50.0609487], [-110.7763463, 50.0609027], [-110.7763069, 50.0608333], [-110.7762721, 50.0607587], [-110.7762524, 50.0606892], [-110.7762372, 50.060628], [-110.7762238, 50.0605729], [-110.7762059, 50.0605132], [-110.7761844, 50.0604604], [-110.7761782, 50.0604306], [-110.7761755, 50.0604093], [-110.7761791, 50.0603927], [-110.776188, 50.0603738], [-110.7762309, 50.0603215], [-110.7762685, 50.0602836], [-110.7762971, 50.0602567], [-110.7763114, 50.0602412], [-110.7763248, 50.0602251], [-110.7763382, 50.0602021], [-110.7763668, 50.0601683]]}}, {"type": "Feature", "properties": {"name": "Path 1457048401", "difficulty": "intermediate", "area": "Redcliff", "osm_id": 1457048401, "highway": "path"}, "geometry": {"type": "LineString", "coordinates": [[-110.7763346, 50.0587881], [-110.7762911, 50.0587481], [-110.7762646, 50.0587231], [-110.7762366, 50.0586931], [-110.7762054, 50.0586622], [-110.7761712, 50.0586252], [-110.7761494, 50.0585682], [-110.7761401, 50.0585212], [-110.7761401, 50.0584693], [-110.7761416, 50.0584213], [-110.7761634, 50.0583623], [-110.7762039, 50.0582914], [-110.7762646, 50.0582244], [-110.7763004, 50.0581989], [-110.7763502, 50.0581895], [-110.7764607, 50.0581855], [-110.7766413, 50.0581865]]}}, {"type": "Feature", "properties": {"name": "Path 1457048402", "difficulty": "intermediate", "area": "Redcliff", "osm_id": 1457048402, "highway": "path"}, "geometry": {"type": "LineString", "coordinates": [[-110.7763004, 50.0581989], [-110.7762506, 50.0581914], [-110.7761743, 50.0582044], [-110.7761214, 50.0582214], [-110.7760716, 50.0582424], [-110.7760218, 50.0582614], [-110.7759642, 50.0582684], [-110.775905, 50.0582734], [-110.7758147, 50.0582824], [-110.7756995, 50.0582944], [-110.7755797, 50.0583044], [-110.7755143, 50.0583074], [-110.7754551, 50.0583164], [-110.775368, 50.0583534], [-110.7753197, 50.0583723], [-110.775245, 50.0583723], [-110.7750558, 50.0583698], [-110.7749582, 50.0583686], [-110.7748667, 50.0583683], [-110.7747838, 50.0583753], [-110.7747075, 50.0583893], [-110.7746188, 50.0583943], [-110.7745316, 50.0583933], [-110.7744149, 50.0583803]]}}, {"type": "Feature", "properties": {"name": "Path 1457048403", "difficulty": "intermediate", "area": "Redcliff", "osm_id": 1457048403, "highway": "path"}, "geometry": {"type": "LineString", "coordinates": [[-110.7716971, 50.0574541], [-110.7716499, 50.0573368], [-110.7716314, 50.0572794], [-110.7716262, 50.0572141], [-110.771656, 50.0571666], [-110.7717105, 50.0571376], [-110.7718214, 50.0571258], [-110.7720134, 50.0571218], [-110.7722466, 50.0571165], [-110.7724622, 50.0571047], [-110.7726118, 50.0571188], [-110.7727188, 50.0571366], [-110.7727448, 50.0571409], [-110.772829, 50.0571739], [-110.7729163, 50.0572293], [-110.7729862, 50.0572801], [-110.7730622, 50.0573321], [-110.7731464, 50.0573836], [-110.7732429, 50.0574192], [-110.7733497, 50.0574456], [-110.7734381, 50.0574587], [-110.7735367, 50.0574634], [-110.7736815, 50.0574614], [-110.7738222, 50.0574574], [-110.7739567, 50.0574634]]}}, {"type": "Feature", "properties": {"name": "Path 1457048405", "difficulty": "intermediate", "area": "Redcliff", "osm_id": 1457048405, "highway": "path"}, "geometry": {"type": "LineString", "coordinates": [[-110.7762563, 50.0574604], [-110.7764235, 50.0574294], [-110.7765272, 50.0574127], [-110.7766595, 50.0573932], [-110.7768053, 50.0573795], [-110.7769125, 50.0573726], [-110.7769796, 50.0573795], [-110.7770502, 50.0573927], [-110.7771137, 50.0574099], [-110.7771414, 50.0574133], [-110.777162, 50.0574122], [-110.7771834, 50.0574093], [-110.7771978, 50.0574007], [-110.7772112, 50.0573835], [-110.7772121, 50.0573708], [-110.7772076, 50.0573605], [-110.7772013, 50.0573444], [-110.7771727, 50.0573364], [-110.7771396, 50.0573307], [-110.7771119, 50.0573255], [-110.7770556, 50.0573106], [-110.7770368, 50.0573048], [-110.7770189, 50.0572934], [-110.7769939, 50.0572715], [-110.776968, 50.057248], [-110.7769492, 50.0572233], [-110.7769027, 50.0571612], [-110.7768848, 50.0571325], [-110.7768696, 50.0571165], [-110.776858, 50.0570906], [-110.7768401, 50.0570677], [-110.7768231, 50.0570436], [-110.7768026, 50.0570166], [-110.7767704, 50.0570083], [-110.7767293, 50.0570054], [-110.7766819, 50.0570077], [-110.7766139, 50.0570054], [-110.7765612, 50.057006], [-110.776495, 50.0570054], [-110.7764271, 50.0569991], [-110.776326, 50.0569882], [-110.7762822, 50.056983], [-110.7762375, 50.0569744], [-110.7761892, 50.0569641], [-110.7761338, 50.0569509], [-110.7760641, 50.0569319], [-110.7760131, 50.0569159], [-110.7759523, 50.0568935], [-110.7757217, 50.0568053], [-110.7756206, 50.0567697], [-110.7755554, 50.0567462], [-110.7754803, 50.0567318], [-110.7753801, 50.056714], [-110.7752764, 50.0567031], [-110.7751754, 50.0566911], [-110.7750592, 50.056679], [-110.7749608, 50.0566721], [-110.7748741, 50.056671], [-110.7747418, 50.0566687], [-110.774664, 50.0566647], [-110.7745746, 50.0566583], [-110.7744105, 50.0566515], [-110.7743551, 50.0566486], [-110.7743023, 50.0566388], [-110.7742398, 50.0566256], [-110.7741763, 50.0566113], [-110.7741155, 50.0565929], [-110.7740484, 50.0565757], [-110.773993, 50.056559], [-110.7739313, 50.0565315], [-110.7738804, 50.0564903], [-110.773859, 50.0564651], [-110.7738375, 50.0564341], [-110.7738223, 50.0564025], [-110.7738143, 50.0563732], [-110.7738053, 50.0563411], [-110.7737973, 50.0562929], [-110.7737928, 50.0562602], [-110.7737883, 50.0562119], [-110.7737883, 50.0561723], [-110.7737955, 50.0561385], [-110.7738098, 50.0561149], [-110.7738286, 50.0560925], [-110.7738625, 50.0560593]]}}, {"type": "Feature", "properties": {"name": "Path 1457048406", "difficulty": "intermediate", "area": "Redcliff", "osm_id": 1457048406, "highway": "path"}, "geometry": {"type": "LineString", "coordinates": [[-110.7728033, 50.0551098], [-110.7727597, 50.0550639], [-110.7727286, 50.0550369], [-110.772699, 50.0550089], [-110.7726492, 50.0549959], [-110.7725978, 50.0549959], [-110.7725651, 50.0550049], [-110.7725449, 50.0550199], [-110.7725278, 50.0550519], [-110.7725215, 50.0550798], [-110.7725138, 50.0551208], [-110.772506, 50.0551808], [-110.7725091, 50.0552278], [-110.7725122, 50.0553057], [-110.7725231, 50.0554037], [-110.7725324, 50.0555876], [-110.7725589, 50.0556545], [-110.7725963, 50.0557455], [-110.7726196, 50.0558315], [-110.7726243, 50.0560074], [-110.7726243, 50.0561233], [-110.7726352, 50.0562442], [-110.7726445, 50.0563602], [-110.7726274, 50.0564441], [-110.772604, 50.0565321], [-110.7725542, 50.05664], [-110.7725262, 50.0566989], [-110.7725542, 50.0567979], [-110.7725605, 50.0568579], [-110.7725651, 50.0569008], [-110.7725698, 50.0569368], [-110.7725714, 50.0569788], [-110.7725714, 50.0570188], [-110.7727188, 50.0571366]]}}, {"type": "Feature", "properties": {"name": "Path 1457048407", "difficulty": "intermediate", "area": "Redcliff", "osm_id": 1457048407, "highway": "path"}, "geometry": {"type": "LineString", "coordinates": [[-110.7725714, 50.0570188], [-110.7725261, 50.0570827], [-110.7724622, 50.0571047]]}}, {"type": "Feature", "properties": {"name": "Path 1457048408", "difficulty": "intermediate", "area": "Redcliff", "osm_id": 1457048408, "highway": "path"}, "geometry": {"type": "LineString", "coordinates": [[-110.7725262, 50.0566989], [-110.7724748, 50.056636]]}}, {"type": "Feature", "properties": {"name": "Path 1457048409", "difficulty": "intermediate", "area": "Redcliff", "osm_id": 1457048409, "highway": "path"}, "geometry": {"type": "LineString", "coordinates": [[-110.7712295, 50.0544312], [-110.7712715, 50.0543782], [-110.7712933, 50.0543402], [-110.7713073, 50.0542843], [-110.7713214, 50.0542183], [-110.7713385, 50.0541583], [-110.7713572, 50.0541194], [-110.7713852, 50.0540884], [-110.7714288, 50.0540564], [-110.7714724, 50.0540404], [-110.7715284, 50.0540304], [-110.7715704, 50.0540294], [-110.7716016, 50.0540394], [-110.7716436, 50.0540584], [-110.7716872, 50.0540904], [-110.771751, 50.0541274], [-110.7718273, 50.0541743], [-110.7718942, 50.0542113], [-110.7719487, 50.0542313], [-110.7720281, 50.0542543], [-110.7721355, 50.0542753], [-110.7722709, 50.0543043], [-110.7724001, 50.0543293], [-110.7725636, 50.0543532], [-110.7727438, 50.0543732], [-110.7729897, 50.0543942], [-110.7731127, 50.0544052], [-110.7731843, 50.0544172], [-110.7732761, 50.0544412], [-110.7733789, 50.0544642], [-110.7734583, 50.0544832], [-110.7735408, 50.0545112], [-110.7736295, 50.0545511], [-110.7736871, 50.0545901], [-110.7737354, 50.0546291], [-110.7738365, 50.0546921], [-110.7739066, 50.054735], [-110.7739798, 50.054795], [-110.7740265, 50.0548585], [-110.774042, 50.0549205], [-110.7740514, 50.0550064], [-110.7740436, 50.0550834], [-110.7740436, 50.0551843], [-110.7740591, 50.0553113], [-110.77407, 50.0553922], [-110.7740965, 50.0555002], [-110.7741214, 50.0555991], [-110.774141, 50.0556649], [-110.7741784, 50.0556979], [-110.7742142, 50.0557259], [-110.77425, 50.0557439], [-110.7742811, 50.0557569], [-110.7743371, 50.0557729], [-110.7743761, 50.0557749], [-110.7744212, 50.0557699], [-110.7744835, 50.0557649], [-110.7745442, 50.0557619], [-110.7746189, 50.0557479], [-110.7746936, 50.0557399], [-110.7747901, 50.0557309], [-110.7748866, 50.0557079], [-110.7749723, 50.0556849], [-110.7750563, 50.0556669], [-110.7751731, 50.0556459], [-110.775254, 50.0556419], [-110.7753069, 50.0556519], [-110.7753428, 50.0556669], [-110.7753754, 50.0556899], [-110.7753926, 50.0557169], [-110.7753863, 50.0558029], [-110.7753817, 50.0558418], [-110.7753754, 50.0558948], [-110.7753832, 50.0559328], [-110.7754112, 50.055981], [-110.7754362, 50.0560129], [-110.7754797, 50.0560489], [-110.7755311, 50.0560689], [-110.7755934, 50.0560819], [-110.7756961, 50.0560899], [-110.7757475, 50.0560829], [-110.775802, 50.0560749], [-110.7758487, 50.0560519], [-110.7759078, 50.0560079], [-110.7759545, 50.055948], [-110.776009, 50.05591], [-110.7760667, 50.055881], [-110.7761384, 50.05586], [-110.7762177, 50.055847], [-110.7762925, 50.055846], [-110.7763656, 50.055863], [-110.776624, 50.055949], [-110.776789, 50.0560119], [-110.7769431, 50.0560959], [-110.7770116, 50.0561679], [-110.7771082, 50.0562888], [-110.7771549, 50.0563198], [-110.7771922, 50.0563398], [-110.7772296, 50.0563498], [-110.7772794, 50.0563578], [-110.7773448, 50.0563667], [-110.7774039, 50.0563727], [-110.7774553, 50.0563817], [-110.7775191, 50.0564057], [-110.777611, 50.0564477], [-110.7776727, 50.0564817], [-110.7777475, 50.0565307], [-110.7777942, 50.0565737], [-110.7778284, 50.0566367], [-110.7778393, 50.0567116], [-110.777844, 50.0567846], [-110.7778424, 50.0568365], [-110.7778533, 50.0568915], [-110.7779062, 50.0569285], [-110.7779452, 50.0569555], [-110.7780152, 50.0569905], [-110.7780681, 50.0570094], [-110.7782191, 50.0570514], [-110.7782907, 50.0570774], [-110.7783546, 50.0571154], [-110.7784028, 50.0571703], [-110.7784215, 50.0572453], [-110.7784308, 50.0573979], [-110.778434, 50.0575238], [-110.7784293, 50.0576837], [-110.7784277, 50.0578376], [-110.7784355, 50.0578786], [-110.7784526, 50.0579085], [-110.7784822, 50.0579745], [-110.7785367, 50.0580754], [-110.7785834, 50.0581424], [-110.7786223, 50.0582094], [-110.7786052, 50.0583093], [-110.7785865, 50.0583755], [-110.7785818, 50.0584245], [-110.7785756, 50.0585074]]}}, {"type": "Feature", "properties": {"name": "Path 1457051529", "difficulty": "intermediate", "area": "Redcliff", "osm_id": 1457051529, "highway": "path"}, "geometry": {"type": "LineString", "coordinates": [[-110.7796584, 50.0580898], [-110.7797709, 50.0580002], [-110.7798495, 50.0579428], [-110.7799145, 50.0578993], [-110.7799484, 50.0578845], [-110.7799863, 50.0578758], [-110.7800324, 50.0578723], [-110.7800785, 50.0578723], [-110.7801191, 50.0578749], [-110.7801598, 50.0578784], [-110.7802059, 50.0578827], [-110.7802519, 50.0578914], [-110.7803129, 50.057908], [-110.7803631, 50.0579288], [-110.7804484, 50.0579637], [-110.7805203, 50.0579976], [-110.7806747, 50.0580724], [-110.7807818, 50.0581255], [-110.7809146, 50.0581907], [-110.7810732, 50.0582795], [-110.7811599, 50.0583256], [-110.7812385, 50.0583717], [-110.7812916, 50.0584038], [-110.7813715, 50.0584717], [-110.7814095, 50.0585004], [-110.781446, 50.0585169], [-110.7815179, 50.0585473], [-110.781652, 50.0585926], [-110.7818282, 50.0586604], [-110.7819773, 50.0587161], [-110.7820491, 50.0587509], [-110.7821358, 50.0588188], [-110.7822144, 50.0588753], [-110.7822686, 50.058911], [-110.7823418, 50.0589545], [-110.7824068, 50.0590015], [-110.7824746, 50.0590607], [-110.7825373, 50.059132], [-110.7825956, 50.0591781], [-110.7826511, 50.0592172], [-110.7827162, 50.0592477], [-110.7827866, 50.0592738], [-110.7829262, 50.0593051], [-110.7831756, 50.0593503], [-110.7835211, 50.0594156], [-110.7838152, 50.0594721], [-110.7842591, 50.0595648], [-110.7844069, 50.0595996], [-110.7844963, 50.0596231], [-110.7845898, 50.0596509], [-110.7846941, 50.0596848], [-110.7847985, 50.059724], [-110.7849028, 50.0597649]]}}, {"type": "Feature", "properties": {"name": "Path 1457051530", "difficulty": "intermediate", "area": "Redcliff", "osm_id": 1457051530, "highway": "path"}, "geometry": {"type": "LineString", "coordinates": [[-110.7854856, 50.0594129], [-110.785574, 50.0594258], [-110.7856637, 50.0594417], [-110.7857534, 50.0594523], [-110.7858348, 50.0594568], [-110.7859185, 50.0594568], [-110.7860035, 50.0594523], [-110.7861037, 50.0594477], [-110.7861899, 50.059444], [-110.7862524, 50.0594356], [-110.7863137, 50.0594334], [-110.7863715, 50.0594409], [-110.7864329, 50.0594599], [-110.7864742, 50.0594826], [-110.7865249, 50.0595242], [-110.7865556, 50.0595583], [-110.7865827, 50.059581], [-110.7866323, 50.0595977], [-110.7867078, 50.0596106], [-110.7868139, 50.0596272], [-110.7869213, 50.0596469], [-110.7869685, 50.0596666], [-110.7870121, 50.0596863], [-110.7870404, 50.0597022], [-110.7870629, 50.0597121], [-110.7870888, 50.0597189], [-110.7871372, 50.0597249], [-110.7871832, 50.0597302], [-110.7872445, 50.0597477], [-110.7872797, 50.0597653], [-110.7873057, 50.059788], [-110.7873375, 50.0598183], [-110.7873611, 50.0598463], [-110.7873906, 50.0598781], [-110.7874319, 50.0599364], [-110.7874732, 50.0600023], [-110.7875121, 50.0600652], [-110.7875499, 50.0601341], [-110.7875688, 50.0601818], [-110.78759, 50.0602462], [-110.7876077, 50.0603129], [-110.7876372, 50.0603734], [-110.7876761, 50.0604333], [-110.787708, 50.0604748], [-110.7877339, 50.0605119], [-110.7877575, 50.0605513], [-110.7877658, 50.0605786], [-110.7877623, 50.0606028], [-110.7877457, 50.0606255], [-110.7877174, 50.0606452], [-110.7876926, 50.0606611], [-110.787682, 50.0606778], [-110.7876608, 50.0607202], [-110.787649, 50.0607528], [-110.7876348, 50.0607952], [-110.7876112, 50.0608368], [-110.78759, 50.0608702], [-110.7875511, 50.0609149], [-110.7875145, 50.0609588], [-110.7874791, 50.0609936], [-110.7874425, 50.0610244], [-110.7874107, 50.0610358], [-110.7873812, 50.0610471], [-110.7873493, 50.0610524], [-110.7873045, 50.061057], [-110.787255, 50.0610577], [-110.7872267, 50.0610577], [-110.7871901, 50.0610562], [-110.7871228, 50.0610524], [-110.7870273, 50.0610464], [-110.7869695, 50.0610456], [-110.7869353, 50.0610456], [-110.7868881, 50.0610486], [-110.7868525, 50.0610583], [-110.7867902, 50.0610646], [-110.7867229, 50.0610714], [-110.7866651, 50.0610744], [-110.7866038, 50.0610676], [-110.7865695, 50.0610593], [-110.7865271, 50.0610456], [-110.7864858, 50.061032], [-110.7864457, 50.0610237], [-110.7864162, 50.0610191], [-110.7863938, 50.0610267], [-110.7863678, 50.061035], [-110.7863419, 50.0610403], [-110.7863112, 50.0610411], [-110.7862463, 50.0610244], [-110.7861897, 50.0610047], [-110.7861366, 50.0609805], [-110.7860965, 50.060954], [-110.7860729, 50.0609335], [-110.7860422, 50.0609048], [-110.7859844, 50.0608464], [-110.785923, 50.0607843], [-110.7858558, 50.0607283]]}}, {"type": "Feature", "properties": {"name": "Path 1457051531", "difficulty": "intermediate", "area": "Redcliff", "osm_id": 1457051531, "highway": "path"}, "geometry": {"type": "LineString", "coordinates": [[-110.7833387, 50.0600691], [-110.7832771, 50.0600862], [-110.7832114, 50.0601027], [-110.7831703, 50.0601093], [-110.7831118, 50.0601185], [-110.7830481, 50.0601284], [-110.7830255, 50.0601337], [-110.7830152, 50.0601436], [-110.7830142, 50.0601554], [-110.7830214, 50.06017], [-110.7830419, 50.0601805], [-110.7830707, 50.0601838], [-110.7831148, 50.0601911], [-110.783159, 50.060199], [-110.7832042, 50.0602089], [-110.783274, 50.0602214], [-110.7833521, 50.0602346], [-110.7834147, 50.0602484], [-110.7834681, 50.0602609], [-110.7835143, 50.0602735], [-110.7835678, 50.0602906], [-110.7836253, 50.0603124]]}}, {"type": "Feature", "properties": {"name": "Path 1457051532", "difficulty": "intermediate", "area": "Redcliff", "osm_id": 1457051532, "highway": "path"}, "geometry": {"type": "LineString", "coordinates": [[-110.7870153, 50.0621669], [-110.7870342, 50.0621843], [-110.7870566, 50.0622025], [-110.7870708, 50.0622176], [-110.787092, 50.0622237], [-110.7871073, 50.062232], [-110.7871215, 50.0622419], [-110.7871357, 50.0622623], [-110.7871722, 50.0623289], [-110.7871887, 50.0623486], [-110.7872182, 50.0623683], [-110.7872548, 50.0623865], [-110.7872973, 50.0624017], [-110.7873586, 50.0624153], [-110.7874164, 50.0624289], [-110.7874754, 50.0624357], [-110.7875203, 50.0624403], [-110.7876571, 50.0624547], [-110.7878069, 50.0624622], [-110.7879733, 50.062463], [-110.7881951, 50.0624653], [-110.7889513, 50.0624721], [-110.7890704, 50.0624736], [-110.7891294, 50.0624691], [-110.7891801, 50.0624622], [-110.789225, 50.0624516], [-110.7892533, 50.062435], [-110.7892816, 50.0624153], [-110.7892946, 50.062388], [-110.7893016, 50.0623608], [-110.789304, 50.0623176], [-110.7893005, 50.0622297], [-110.7892946, 50.062157], [-110.7892792, 50.0621055], [-110.7892509, 50.062048], [-110.7892238, 50.0620139], [-110.7891943, 50.0619738], [-110.7891766, 50.0619283], [-110.7891648, 50.0618762], [-110.7891542, 50.0617974], [-110.7891554, 50.061699], [-110.7891506, 50.0615611], [-110.7891459, 50.0614013], [-110.7891459, 50.0611969], [-110.7891601, 50.0610992], [-110.7891703, 50.0610022], [-110.789153, 50.0609091], [-110.789107, 50.0608894], [-110.7890669, 50.0608954]]}}, {"type": "Feature", "properties": {"name": "Path 1457051533", "difficulty": "intermediate", "area": "Redcliff", "osm_id": 1457051533, "highway": "path"}, "geometry": {"type": "LineString", "coordinates": [[-110.7885688, 50.0603229], [-110.7885824, 50.0602498], [-110.7885715, 50.060208], [-110.7885525, 50.0601715], [-110.7884794, 50.0600897], [-110.7883953, 50.0600027], [-110.7883059, 50.0599262], [-110.78823, 50.0598844], [-110.7881352, 50.0598583], [-110.7880376, 50.0598426], [-110.7879454, 50.0598322], [-110.787837, 50.0598078], [-110.7877828, 50.0597626], [-110.7876717, 50.0596617], [-110.7876066, 50.0595938], [-110.787528, 50.0595068], [-110.7874711, 50.0594129], [-110.7874386, 50.059338], [-110.7874088, 50.0592476], [-110.7873736, 50.0592058], [-110.7872895, 50.0591849], [-110.7871432, 50.0591519], [-110.7869535, 50.0591066], [-110.7865903, 50.0590283], [-110.785769, 50.0588595]]}}, {"type": "Feature", "properties": {"name": "Path 1457054914", "difficulty": "intermediate", "area": "Redcliff", "osm_id": 1457054914, "highway": "path"}, "geometry": {"type": "LineString", "coordinates": [[-110.7828649, 50.0579175], [-110.7827457, 50.0577931], [-110.7826793, 50.0577435], [-110.7825709, 50.0577148], [-110.782438, 50.0576869], [-110.7823093, 50.0576869], [-110.7821751, 50.0576991], [-110.7820022, 50.0577086], [-110.7818911, 50.0577095], [-110.7818396, 50.0577008], [-110.7818084, 50.0576947], [-110.7816824, 50.0576529], [-110.7815875, 50.0576312], [-110.7814846, 50.0576086], [-110.781429, 50.0576033], [-110.7813856, 50.0576042], [-110.7813382, 50.0576025], [-110.7812718, 50.0575938], [-110.7812095, 50.0575781], [-110.7811431, 50.0575555], [-110.7810726, 50.0575285], [-110.7807609, 50.0573676], [-110.7804397, 50.0571823], [-110.7801712, 50.0570232], [-110.7800411, 50.0569606], [-110.7799869, 50.0569414], [-110.77993, 50.0569249], [-110.7798703, 50.0569101], [-110.7797755, 50.0568892], [-110.77964, 50.0568666], [-110.7794801, 50.0568423], [-110.7793418, 50.056824], [-110.7792185, 50.0568127], [-110.779102, 50.0568161], [-110.7789421, 50.0568257], [-110.7787672, 50.056837], [-110.7786493, 50.0568396], [-110.7785216, 50.0568518], [-110.7784172, 50.0568753], [-110.7782817, 50.0569179], [-110.7780744, 50.0569815], [-110.7779348, 50.0570284], [-110.7778643, 50.0570659], [-110.7778101, 50.0571094], [-110.7777884, 50.057179], [-110.7777708, 50.0572643], [-110.7777668, 50.0574148], [-110.777779, 50.0576323], [-110.7777979, 50.057681], [-110.777825, 50.0577411], [-110.7778386, 50.0578202], [-110.7778291, 50.0581641], [-110.777821, 50.0584016], [-110.7778142, 50.0585756], [-110.7777925, 50.0587468], [-110.7777884, 50.058839], [-110.7777857, 50.0589226], [-110.7777912, 50.0590139], [-110.7778088, 50.0590905], [-110.7778128, 50.0591488], [-110.7778074, 50.0592332], [-110.7777871, 50.0593825], [-110.7777776, 50.0595078], [-110.7777776, 50.0595887], [-110.7777884, 50.0596679], [-110.7778061, 50.0597583], [-110.7778291, 50.0598427], [-110.7778454, 50.0599228], [-110.7778413, 50.0600292], [-110.7778142, 50.0601328], [-110.7777803, 50.0602572], [-110.7777654, 50.0603503], [-110.7777654, 50.0604207], [-110.7777735, 50.0605286], [-110.7777884, 50.0606515], [-110.7778061, 50.060762], [-110.7778264, 50.0608499], [-110.7778508, 50.0609352], [-110.777886, 50.0609969], [-110.7779118, 50.0610735], [-110.777928, 50.0611509], [-110.7779213, 50.0612223], [-110.7779009, 50.0612927], [-110.7778589, 50.0613693], [-110.7778416, 50.0614008]]}}, {"type": "Feature", "properties": {"name": "Path 1458568040", "difficulty": "intermediate", "area": "Medicine Hat", "osm_id": 1458568040, "highway": "path"}, "geometry": {"type": "LineString", "coordinates": [[-110.7285864, 49.9810745], [-110.7286458, 49.9810331], [-110.7286766, 49.9809967], [-110.7287043, 49.9809617], [-110.7287218, 49.9809215], [-110.7287295, 49.98089], [-110.7287367, 49.9808216], [-110.7287424, 49.9806744], [-110.7287465, 49.9805993], [-110.7287571, 49.9805496], [-110.7287742, 49.980517], [-110.7287736, 49.980476], [-110.7287612, 49.9804302], [-110.7287412, 49.9803861], [-110.7287223, 49.9803569], [-110.7287082, 49.9803247], [-110.7287058, 49.9802974], [-110.7287152, 49.9802712], [-110.7287323, 49.9802371], [-110.728753, 49.9802107], [-110.7287671, 49.9801735], [-110.7287671, 49.9801435], [-110.7287707, 49.9801033], [-110.7287949, 49.980073], [-110.7288892, 49.9799827], [-110.7289045, 49.9799384], [-110.7289073, 49.9799182], [-110.7289037, 49.9798893], [-110.7288503, 49.9798606], [-110.728789, 49.9798204], [-110.7287182, 49.9797656], [-110.728671, 49.9797205], [-110.7286185, 49.9796674], [-110.7286026, 49.9796184], [-110.7285878, 49.9795562], [-110.7285955, 49.9794963], [-110.7286014, 49.979455], [-110.7286043, 49.9794042], [-110.7286038, 49.9793705], [-110.7285973, 49.9793431], [-110.7285872, 49.9793124], [-110.7285701, 49.979276], [-110.7285406, 49.9792392], [-110.7284781, 49.9791776], [-110.7284197, 49.9791286], [-110.7283619, 49.979088], [-110.7283141, 49.9790471], [-110.7282734, 49.9789952], [-110.7282428, 49.9789451], [-110.7282315, 49.978906], [-110.7282392, 49.9788632], [-110.7282628, 49.9788192], [-110.7282835, 49.9787786], [-110.7282876, 49.978746], [-110.7282728, 49.9786819], [-110.7282605, 49.9786394], [-110.7282605, 49.9786049], [-110.7282728, 49.9785677], [-110.7283071, 49.9785381], [-110.7283584, 49.9785006], [-110.7284445, 49.9784448], [-110.7284881, 49.9784205], [-110.7285265, 49.9784012], [-110.7285583, 49.9783818], [-110.7285855, 49.9783621], [-110.7286256, 49.9783219], [-110.7287322, 49.9782029], [-110.7287776, 49.9781604], [-110.7288054, 49.9781316], [-110.7288325, 49.9781058], [-110.7288508, 49.9780895], [-110.7288714, 49.9780789], [-110.7288868, 49.9780671], [-110.7288879, 49.9780553], [-110.7288732, 49.9780462], [-110.7288508, 49.9780405], [-110.7288166, 49.9780447], [-110.728767, 49.9780527], [-110.7287151, 49.9780682], [-110.7286697, 49.9780959], [-110.7286154, 49.978132], [-110.7285499, 49.9781851], [-110.7284916, 49.9782355], [-110.7284402, 49.9782719], [-110.7283718, 49.9783076], [-110.7283128, 49.9783467], [-110.7282686, 49.9783857], [-110.7282155, 49.9784332], [-110.7281518, 49.9784768], [-110.7280698, 49.9785503], [-110.7280338, 49.9785893], [-110.7279907, 49.9786311], [-110.7279471, 49.9786694], [-110.7279029, 49.9787043], [-110.7278315, 49.9787418], [-110.727792, 49.9787516], [-110.7277236, 49.9787668], [-110.7276835, 49.9787702], [-110.727631, 49.9787668], [-110.7275861, 49.9787554], [-110.7275425, 49.9787365], [-110.7275106, 49.978713], [-110.7274682, 49.9786845], [-110.727424, 49.9786591], [-110.7273774, 49.9786617], [-110.7273544, 49.9786781], [-110.7273267, 49.9787141], [-110.7273167, 49.9787418], [-110.7273078, 49.9787702], [-110.7272972, 49.9787975], [-110.7272919, 49.9788123], [-110.727283, 49.9788249], [-110.7270388, 49.9789231], [-110.7269647, 49.9789567], [-110.7269305, 49.9789746], [-110.7269128, 49.9789966], [-110.7268969, 49.9790262], [-110.7268948, 49.9790423], [-110.726901, 49.9790554], [-110.7269352, 49.9790922], [-110.7269535, 49.9791232], [-110.7269576, 49.9791505], [-110.7269547, 49.9791774], [-110.7269446, 49.9792081], [-110.7269228, 49.9792491], [-110.7268833, 49.9793083], [-110.726822, 49.9793907], [-110.7267907, 49.9794279], [-110.72676, 49.9794556], [-110.7267181, 49.9794867], [-110.7266515, 49.9795276], [-110.7265348, 49.9796084], [-110.7264623, 49.9796706], [-110.7264233, 49.9797101], [-110.7263773, 49.9797488], [-110.726313, 49.9797867], [-110.7262664, 49.9798019], [-110.7262287, 49.9798045], [-110.7261626, 49.9798045], [-110.7260865, 49.9798007], [-110.725968, 49.9797894], [-110.7259368, 49.9798095], [-110.7258719, 49.9798956], [-110.7258353, 49.9799351], [-110.7257946, 49.9799696], [-110.7257048, 49.9800261], [-110.7256506, 49.9800572], [-110.7255851, 49.9800948], [-110.7255297, 49.9801225], [-110.7254636, 49.9801532], [-110.7253519, 49.9801979], [-110.7252788, 49.9802256], [-110.7252027, 49.9802525], [-110.7251331, 49.9802711], [-110.7250629, 49.9802802], [-110.725008, 49.9802836], [-110.7249596, 49.9802791], [-110.724913, 49.9802684], [-110.7248553, 49.9802472], [-110.7248052, 49.9802161], [-110.7247491, 49.9801736]]}}, {"type": "Feature", "properties": {"name": "Path 1458568041", "difficulty": "intermediate", "area": "Medicine Hat", "osm_id": 1458568041, "highway": "path"}, "geometry": {"type": "LineString", "coordinates": [[-110.725968, 49.9797894], [-110.7259631, 49.9797753], [-110.7259607, 49.9797583], [-110.725969, 49.9797207], [-110.7259825, 49.9796847], [-110.7259973, 49.9796536], [-110.7260209, 49.9796149], [-110.7260557, 49.9795629], [-110.7260911, 49.9795257], [-110.7261365, 49.9794798], [-110.7261849, 49.9794415], [-110.7262862, 49.9793544], [-110.7263423, 49.9793192], [-110.7263877, 49.979282], [-110.7264107, 49.9792589], [-110.7264431, 49.9792255], [-110.7264957, 49.9791675], [-110.7265269, 49.9791371], [-110.7265606, 49.9791068], [-110.7266077, 49.9790806], [-110.7266372, 49.9790688], [-110.7266821, 49.979059], [-110.7267157, 49.9790533], [-110.7267641, 49.9790506], [-110.7268142, 49.9790495], [-110.7268378, 49.979048], [-110.7268596, 49.9790453], [-110.7268788, 49.9790382], [-110.7268969, 49.9790262]]}}, {"type": "Feature", "properties": {"name": "Path 1458568042", "difficulty": "intermediate", "area": "Medicine Hat", "osm_id": 1458568042, "highway": "path"}, "geometry": {"type": "LineString", "coordinates": [[-110.727424, 49.9786591], [-110.7273952, 49.9786296], [-110.7273657, 49.9785989]]}}, {"type": "Feature", "properties": {"name": "Path 1458568043", "difficulty": "intermediate", "area": "Medicine Hat", "osm_id": 1458568043, "highway": "path"}, "geometry": {"type": "LineString", "coordinates": [[-110.7273774, 49.9786617], [-110.7273858, 49.9786501], [-110.7273846, 49.9786375], [-110.7273657, 49.9785989], [-110.7273174, 49.9785583], [-110.7272802, 49.978531], [-110.7272301, 49.9785044], [-110.7271711, 49.9784729], [-110.7270914, 49.9784191], [-110.7270773, 49.9783987], [-110.7270737, 49.9783721], [-110.727082, 49.9783296], [-110.7271032, 49.9782799], [-110.7271221, 49.9782226], [-110.7271463, 49.9781278], [-110.7271758, 49.9780102], [-110.7271941, 49.9779282], [-110.7272088, 49.9778572], [-110.7272112, 49.9778071], [-110.7272094, 49.9777438], [-110.7272082, 49.9776626], [-110.7272065, 49.9776099], [-110.7272165, 49.9775353], [-110.727233, 49.9774814], [-110.7272519, 49.9774245], [-110.7272826, 49.9773703], [-110.7273097, 49.9773327], [-110.7273474, 49.9772872], [-110.7274037, 49.977237], [-110.7274479, 49.9772116], [-110.7274916, 49.9771888], [-110.7275736, 49.977163], [-110.7276727, 49.9771311], [-110.7277081, 49.9771171], [-110.7277701, 49.9770868], [-110.7278202, 49.9770625], [-110.7278538, 49.97705], [-110.7278839, 49.9770465], [-110.7279069, 49.9770465], [-110.727937, 49.9770484], [-110.7279694, 49.977056], [-110.7281346, 49.9771152], [-110.7282968, 49.977185], [-110.7283239, 49.9772013], [-110.7283558, 49.9772214], [-110.7283764, 49.9772396], [-110.7284018, 49.977259], [-110.7284336, 49.9772722], [-110.7284666, 49.9772814], [-110.7284979, 49.9772829], [-110.7285209, 49.9772757], [-110.7285439, 49.9772662], [-110.7285534, 49.9772563], [-110.7287026, 49.9770238], [-110.728705, 49.9770033], [-110.7286979, 49.9769877], [-110.7286713, 49.9769733], [-110.7286017, 49.9769563], [-110.7284932, 49.9769297], [-110.7283994, 49.9769013], [-110.7283599, 49.9768865], [-110.7283375, 49.9768702], [-110.7283174, 49.9768546], [-110.7283021, 49.9768303], [-110.728292, 49.9768064], [-110.7282932, 49.9767803], [-110.7283027, 49.9767492], [-110.7283392, 49.9767124], [-110.7283894, 49.9766797], [-110.7284548, 49.9766395], [-110.728518, 49.9766062], [-110.7285826, 49.9765751], [-110.7286286, 49.9765569], [-110.7287289, 49.9765265], [-110.7288097, 49.9764985], [-110.7288492, 49.9764802], [-110.7288681, 49.9764655], [-110.7288887, 49.9764465], [-110.7289053, 49.9764192], [-110.7289129, 49.9763926], [-110.7289141, 49.9763574], [-110.7289159, 49.9763278], [-110.7289165, 49.9763005], [-110.7289247, 49.9762603], [-110.7289371, 49.9762307], [-110.7289637, 49.9762023], [-110.729002, 49.9761689], [-110.7290489, 49.9761312], [-110.7291161, 49.9760869], [-110.729181, 49.9760455], [-110.7292152, 49.9760216], [-110.7292583, 49.9759932], [-110.7292836, 49.9759689], [-110.7293114, 49.9759423], [-110.729342, 49.9759055], [-110.729381, 49.9758729], [-110.7294217, 49.9758422], [-110.7294588, 49.9758149], [-110.7294871, 49.9757879], [-110.7295001, 49.9757667], [-110.7295379, 49.9757534], [-110.729591, 49.9757439], [-110.7296807, 49.9757274], [-110.7297444, 49.975716], [-110.7297892, 49.9757061], [-110.7298411, 49.9757016], [-110.7298718, 49.9757027], [-110.7298918, 49.975705], [-110.7299137, 49.9757057], [-110.7299302, 49.9756982], [-110.7299272, 49.975689], [-110.7299243, 49.9756769], [-110.7299237, 49.9756598], [-110.7299355, 49.9756356], [-110.7299544, 49.9756082], [-110.7299691, 49.9755843], [-110.7300222, 49.9755779]]}}, {"type": "Feature", "properties": {"name": "Path 1458568044", "difficulty": "intermediate", "area": "Medicine Hat", "osm_id": 1458568044, "highway": "path"}, "geometry": {"type": "LineString", "coordinates": [[-110.7295001, 49.9757667], [-110.7294808, 49.975757], [-110.7294466, 49.9757551], [-110.7293823, 49.9757551], [-110.7293304, 49.9757577], [-110.7292743, 49.9757623], [-110.729226, 49.9757729], [-110.7291746, 49.975793], [-110.7291298, 49.9758176], [-110.729032, 49.9758741], [-110.7289712, 49.9759006], [-110.7289299, 49.9759238], [-110.7288727, 49.9759609], [-110.7287984, 49.9760087], [-110.7287536, 49.9760402], [-110.7287052, 49.9760801], [-110.7286265, 49.976135], [-110.7285934, 49.9761589], [-110.7285681, 49.9761767], [-110.7285368, 49.9761892], [-110.7284955, 49.976193], [-110.728456, 49.9761957], [-110.7284182, 49.97619], [-110.7283811, 49.9761748], [-110.7283439, 49.976157], [-110.7282843, 49.9761247], [-110.7282519, 49.9761023], [-110.7282153, 49.9760781], [-110.7281841, 49.9760561], [-110.7281504, 49.9760333], [-110.7280817, 49.9760056], [-110.7280339, 49.9759923], [-110.7279891, 49.9759919], [-110.7279395, 49.9759984], [-110.7278947, 49.9760162], [-110.727844, 49.9760413], [-110.7277856, 49.9760724], [-110.727716, 49.9761099], [-110.7276635, 49.976141], [-110.7276062, 49.9761774], [-110.7275579, 49.9762112], [-110.7274863, 49.9762575], [-110.7274409, 49.9762837], [-110.7274043, 49.9762988], [-110.7273624, 49.9763125], [-110.7273247, 49.9763193], [-110.7272828, 49.9763224], [-110.7272309, 49.9763205], [-110.7271684, 49.9763125], [-110.7269424, 49.9762814], [-110.7269, 49.9762711], [-110.7268805, 49.9762609], [-110.7268599, 49.9762416], [-110.7268481, 49.9762123], [-110.7268457, 49.9761801], [-110.7268593, 49.9760966], [-110.7268711, 49.9760575], [-110.7268829, 49.9760283], [-110.7268994, 49.9759893], [-110.7269047, 49.975957], [-110.7269047, 49.9759236], [-110.7268958, 49.9758982], [-110.7268776, 49.9758747], [-110.7268386, 49.9758546], [-110.7267887, 49.9758413], [-110.7267327, 49.9758295], [-110.7266737, 49.9758299], [-110.7266594, 49.9758321], [-110.726633, 49.975836], [-110.7266041, 49.9758546], [-110.7265769, 49.975883], [-110.726538, 49.9759312], [-110.7264761, 49.9760113], [-110.7264401, 49.9760708], [-110.7263428, 49.9762304], [-110.7262838, 49.9763127], [-110.7261971, 49.9764198], [-110.7261758, 49.9764638], [-110.7261634, 49.9765203], [-110.7261434, 49.9766065], [-110.726131, 49.9766467], [-110.7261057, 49.9766841], [-110.7260856, 49.9767068], [-110.7260508, 49.9767368], [-110.7260184, 49.9767577], [-110.7259877, 49.9767804], [-110.72596, 49.9768066], [-110.7259458, 49.9768305], [-110.7259411, 49.976868], [-110.7259606, 49.9768957], [-110.7259942, 49.9769302], [-110.7260231, 49.9769518], [-110.7260532, 49.97697], [-110.7260845, 49.9769863], [-110.7261145, 49.9770095], [-110.7261322, 49.9770315], [-110.7261429, 49.9770523], [-110.726144, 49.9770794], [-110.7261311, 49.9771045], [-110.7261198, 49.9771272], [-110.7260915, 49.9771534], [-110.7260703, 49.9771682], [-110.7260213, 49.9771917], [-110.7259606, 49.977216], [-110.7259069, 49.9772418], [-110.7258724, 49.9772573], [-110.7258411, 49.9772759], [-110.7258223, 49.9772957], [-110.7258051, 49.9773304], [-110.7257981, 49.9773684], [-110.7257987, 49.9773998], [-110.7258075, 49.977429], [-110.7258293, 49.9774594], [-110.7258606, 49.9774848], [-110.7259178, 49.9775196], [-110.7259626, 49.9775465], [-110.7259945, 49.9775757], [-110.7260051, 49.9776057], [-110.7260027, 49.9776455], [-110.7259803, 49.9776773], [-110.7259544, 49.9776986], [-110.7259166, 49.9777213], [-110.7258659, 49.9777585], [-110.7258258, 49.9777938], [-110.725801, 49.9778173], [-110.7257851, 49.9778408], [-110.7257721, 49.977867], [-110.7257591, 49.9778958], [-110.725755, 49.9779212], [-110.7257544, 49.9779688], [-110.7257603, 49.9780158], [-110.725765, 49.9780446], [-110.7257686, 49.9780689], [-110.7257621, 49.9780966], [-110.7257491, 49.978119], [-110.7257278, 49.9781398], [-110.725696, 49.9781618], [-110.7256699, 49.9781766], [-110.7256379, 49.9781884]]}}, {"type": "Feature", "properties": {"name": "Path 1458568045", "difficulty": "intermediate", "area": "Medicine Hat", "osm_id": 1458568045, "highway": "path"}, "geometry": {"type": "LineString", "coordinates": [[-110.7256379, 49.9781884], [-110.7255913, 49.978199], [-110.7255471, 49.978207], [-110.7255011, 49.9782104], [-110.7254462, 49.9782093], [-110.7253389, 49.9782005], [-110.7252708, 49.9781922], [-110.7251841, 49.9781793], [-110.7251068, 49.9781664], [-110.7250225, 49.9781569], [-110.7249381, 49.9781505], [-110.7248838, 49.9781493], [-110.7248237, 49.9781634], [-110.7246994, 49.9781952], [-110.7246587, 49.9782036], [-110.7246227, 49.9782047], [-110.7245696, 49.9782051], [-110.7245065, 49.9782074], [-110.724454, 49.9782142], [-110.724408, 49.9782259], [-110.7243519, 49.9782464], [-110.724316, 49.9782669], [-110.7242013, 49.9783534], [-110.7241429, 49.9784016], [-110.7240881, 49.9784471], [-110.724048, 49.9784775], [-110.7240043, 49.9785112], [-110.7239, 49.9785838], [-110.7238557, 49.9786039], [-110.723795, 49.9786282], [-110.7237324, 49.9786597], [-110.7236852, 49.9786855], [-110.7236475, 49.9787097], [-110.7236204, 49.978734], [-110.7235873, 49.9787617], [-110.7234748, 49.9788437], [-110.7234352, 49.9788669], [-110.7233904, 49.9788915], [-110.7233426, 49.9789094], [-110.7232778, 49.9789348], [-110.7232199, 49.9789519], [-110.7231792, 49.9789629], [-110.7231703, 49.9789684], [-110.723158, 49.9789761], [-110.7231362, 49.9790203], [-110.7231167, 49.9790423], [-110.723076, 49.9790674], [-110.7230218, 49.9790856], [-110.7229846, 49.9790981], [-110.7228991, 49.9791259], [-110.7228655, 49.9791426], [-110.722839, 49.9791597], [-110.7228189, 49.9791794], [-110.7227918, 49.9792071], [-110.7227664, 49.9792363], [-110.7227493, 49.9792689], [-110.722734, 49.9793083], [-110.7227351, 49.9793428], [-110.7227387, 49.9793864], [-110.7227464, 49.9794236], [-110.7227576, 49.9794574], [-110.7227776, 49.9795055], [-110.7228065, 49.9795397], [-110.7228384, 49.9795814], [-110.7228785, 49.9796159], [-110.7229257, 49.9796466], [-110.7229853, 49.979683], [-110.7230059, 49.9796967], [-110.7230242, 49.9797154], [-110.7230413, 49.979753], [-110.7230572, 49.979786], [-110.7230743, 49.9798193], [-110.7230879, 49.9798387], [-110.7231115, 49.979858], [-110.7231404, 49.9798797], [-110.7232029, 49.9799466], [-110.7232236, 49.9799469], [-110.7232371, 49.9799348], [-110.7232359, 49.9799215], [-110.7232253, 49.9799101], [-110.7232023, 49.979901], [-110.7231764, 49.9798931], [-110.7231404, 49.9798797]]}}, {"type": "Feature", "properties": {"name": "Path 1458568046", "difficulty": "intermediate", "area": "Medicine Hat", "osm_id": 1458568046, "highway": "path"}, "geometry": {"type": "LineString", "coordinates": [[-110.7232029, 49.9799466], [-110.7232256, 49.9799981], [-110.7232569, 49.9800344], [-110.7232819, 49.9800597], [-110.7233141, 49.9800775], [-110.7233695, 49.9801057], [-110.7234428, 49.9801356], [-110.7235081, 49.9801632], [-110.72356, 49.9801907], [-110.7236011, 49.9802241], [-110.7236565, 49.9802776], [-110.7237021, 49.9803316], [-110.7237531, 49.9803632], [-110.7238085, 49.9803839], [-110.7238729, 49.9803943], [-110.7239462, 49.9803971], [-110.7240365, 49.9803977], [-110.7240892, 49.9803931]]}}, {"type": "Feature", "properties": {"name": "Path 1458568048", "difficulty": "intermediate", "area": "Medicine Hat", "osm_id": 1458568048, "highway": "path"}, "geometry": {"type": "LineString", "coordinates": [[-110.7231703, 49.9789684], [-110.7231246, 49.9789397], [-110.7230781, 49.9789121], [-110.7230397, 49.9788822], [-110.7230066, 49.9788454], [-110.7229825, 49.978785], [-110.7229807, 49.9787442], [-110.723003, 49.9787091], [-110.7230406, 49.9786798], [-110.7230898, 49.9786574], [-110.7231416, 49.9786402], [-110.723189, 49.9786154], [-110.7232301, 49.9785758], [-110.7232561, 49.9785217], [-110.7232874, 49.9784623], [-110.7233133, 49.9784318], [-110.7233482, 49.97841], [-110.7234116, 49.9783789], [-110.7234814, 49.9783496], [-110.7235216, 49.9783254], [-110.7235663, 49.9782892], [-110.7236468, 49.9782254], [-110.7236949, 49.9781929], [-110.7237924, 49.9781337], [-110.7238576, 49.9780963], [-110.7239452, 49.9780457], [-110.7239989, 49.9780095], [-110.7240436, 49.9779698], [-110.7240713, 49.9779359], [-110.7240954, 49.9778968], [-110.7241106, 49.9778554], [-110.7241169, 49.9778009], [-110.7241089, 49.9777227], [-110.7240776, 49.9776198], [-110.7240597, 49.9775514], [-110.7240642, 49.9775224], [-110.7240758, 49.9774752], [-110.7241062, 49.9774269], [-110.7241697, 49.9773298], [-110.7242608, 49.9772274], [-110.7243493, 49.9771165], [-110.7244485, 49.9770078], [-110.7245299, 49.976921], [-110.7245996, 49.9768539], [-110.7246613, 49.9768033], [-110.7247042, 49.9767683], [-110.7247409, 49.9767298], [-110.7247713, 49.9766855], [-110.7247981, 49.976632], [-110.7248338, 49.9765573], [-110.7248741, 49.9764727], [-110.7248911, 49.9764249], [-110.7248973, 49.9763772], [-110.7249018, 49.9763243], [-110.7249018, 49.9762743], [-110.724892, 49.9762254], [-110.7248821, 49.9761863], [-110.7248759, 49.9761495], [-110.7249027, 49.9760972], [-110.7249286, 49.9760593], [-110.7249581, 49.9760144], [-110.7249671, 49.9759828], [-110.7249796, 49.9759454], [-110.7249867, 49.9759109], [-110.724993, 49.9758827], [-110.7250091, 49.9758574], [-110.7250672, 49.9758141], [-110.7251137, 49.9757819], [-110.7251369, 49.975756], [-110.7251593, 49.9757261], [-110.7251736, 49.975691], [-110.7251816, 49.9756485], [-110.7251727, 49.9756174], [-110.7251441, 49.9755783], [-110.7251164, 49.9755478], [-110.7251048, 49.9755208], [-110.7251048, 49.9754909], [-110.7251744, 49.9753692], [-110.7252102, 49.9753283]]}}, {"type": "Feature", "properties": {"name": "Path 1458568049", "difficulty": "intermediate", "area": "Medicine Hat", "osm_id": 1458568049, "highway": "path"}, "geometry": {"type": "LineString", "coordinates": [[-110.7266501, 49.9753082], [-110.7267065, 49.9752764], [-110.72677, 49.9752385], [-110.7268317, 49.9752028], [-110.72688, 49.9751781], [-110.7269462, 49.9751574], [-110.7270034, 49.9751459], [-110.7270731, 49.9751407], [-110.727175, 49.9751562], [-110.7273025, 49.9751758], [-110.7273696, 49.975185], [-110.7274375, 49.9751833], [-110.7275215, 49.9751752], [-110.7275698, 49.9751643], [-110.7276118, 49.9751649], [-110.7276494, 49.9751672], [-110.7276852, 49.9751706], [-110.7277299, 49.9751821], [-110.7277674, 49.9751976], [-110.7277951, 49.9752068], [-110.7278595, 49.9752281], [-110.7279015, 49.975235], [-110.7279471, 49.9752356], [-110.7279999, 49.9752287], [-110.7281048, 49.9752097], [-110.7282594, 49.9751804], [-110.7283167, 49.9751718], [-110.7283703, 49.9751729], [-110.728449, 49.9751769], [-110.7285268, 49.9751833], [-110.728592, 49.9751844], [-110.7286573, 49.9751804], [-110.728727, 49.9751758], [-110.7288084, 49.9751689], [-110.7288558, 49.9751706], [-110.7289425, 49.9751838], [-110.7290029, 49.9751919], [-110.7290539, 49.9751931], [-110.7291111, 49.9751896], [-110.7291772, 49.9751816], [-110.7293113, 49.9751638], [-110.7294159, 49.97515], [-110.7294893, 49.9751436], [-110.7295787, 49.9751448], [-110.7296654, 49.9751511], [-110.7297566, 49.9751592], [-110.7298567, 49.9751615], [-110.7299399, 49.975177], [-110.7299756, 49.9752006], [-110.7299953, 49.9752224], [-110.730015, 49.9752575], [-110.7300114, 49.9752954], [-110.7299971, 49.9753593], [-110.7299721, 49.9754599], [-110.7299756, 49.975522], [-110.7299971, 49.9755559], [-110.7300222, 49.9755779], [-110.7300901, 49.9755939]]}}, {"type": "Feature", "properties": {"name": "Path 1458568050", "difficulty": "intermediate", "area": "Medicine Hat", "osm_id": 1458568050, "highway": "path"}, "geometry": {"type": "LineString", "coordinates": [[-110.7299691, 49.9755843], [-110.7299756, 49.975522]]}}, {"type": "Feature", "properties": {"name": "Path 1458568051", "difficulty": "intermediate", "area": "Medicine Hat", "osm_id": 1458568051, "highway": "path"}, "geometry": {"type": "LineString", "coordinates": [[-110.7299237, 49.9756598], [-110.7298931, 49.975687], [-110.7298411, 49.9757016]]}}, {"type": "Feature", "properties": {"name": "Path 1458568052", "difficulty": "intermediate", "area": "Medicine Hat", "osm_id": 1458568052, "highway": "path"}, "geometry": {"type": "LineString", "coordinates": [[-110.7314469, 49.9761065], [-110.7314778, 49.9761446], [-110.7315091, 49.976159], [-110.7315485, 49.9761682], [-110.7315735, 49.976182], [-110.7315905, 49.9761969], [-110.7316048, 49.9762148], [-110.73162, 49.9762441], [-110.7316334, 49.9762751], [-110.731687, 49.9762895], [-110.731738, 49.9762935], [-110.7317845, 49.9762935], [-110.7318319, 49.9762889], [-110.7318766, 49.9762832], [-110.7319088, 49.9762711], [-110.7319302, 49.9762521], [-110.7319445, 49.9762383], [-110.7319714, 49.9762251], [-110.7319901, 49.9762125], [-110.731991, 49.9761958], [-110.7319722, 49.97619], [-110.7319508, 49.9761929], [-110.7319427, 49.9762061], [-110.7319445, 49.9762383]]}}, {"type": "Feature", "properties": {"name": "Path 1458568053", "difficulty": "intermediate", "area": "Medicine Hat", "osm_id": 1458568053, "highway": "path"}, "geometry": {"type": "LineString", "coordinates": [[-110.7316334, 49.9762751], [-110.7316137, 49.9762964], [-110.7315654, 49.9763211], [-110.7314564, 49.97637], [-110.731409, 49.9764011], [-110.7313652, 49.9764494], [-110.7312901, 49.9765182], [-110.7312391, 49.9765556], [-110.7312114, 49.9765855], [-110.7311774, 49.9766188], [-110.7311506, 49.9766654], [-110.7311238, 49.9767022], [-110.7310844, 49.9767413], [-110.7310281, 49.9767895], [-110.7309673, 49.9768309], [-110.7309226, 49.9768706], [-110.7309038, 49.9769057], [-110.7308877, 49.9769505], [-110.7308743, 49.9770028], [-110.7308529, 49.9770529], [-110.7308207, 49.9771058], [-110.730787, 49.9771294], [-110.7307459, 49.9771536], [-110.7306985, 49.977172], [-110.7306305, 49.9771938], [-110.7305241, 49.977222], [-110.7303999, 49.9772507], [-110.730314, 49.977276], [-110.7302604, 49.9772956], [-110.7302202, 49.977314], [-110.7301889, 49.9773387], [-110.7300871, 49.9774268], [-110.7297178, 49.9773434]]}}, {"type": "Feature", "properties": {"name": "Path 1458568054", "difficulty": "intermediate", "area": "Medicine Hat", "osm_id": 1458568054, "highway": "path"}, "geometry": {"type": "LineString", "coordinates": [[-110.7300871, 49.9774268], [-110.7300316, 49.9774849], [-110.7299977, 49.9775217], [-110.7299592, 49.9775906], [-110.7299378, 49.9776498], [-110.7299378, 49.9776923], [-110.7299556, 49.9777389], [-110.7299834, 49.9777705], [-110.7300477, 49.97783], [-110.7301202, 49.9778852], [-110.7301836, 49.9779294], [-110.7302641, 49.9779708], [-110.7303678, 49.9780168], [-110.7303642, 49.9780738], [-110.7304152, 49.9780226], [-110.730459, 49.977995], [-110.7305144, 49.9779749], [-110.730586, 49.9779593], [-110.7306557, 49.9779501], [-110.7307272, 49.9779524], [-110.7308095, 49.9779605], [-110.7308864, 49.9779662], [-110.7309534, 49.9779651], [-110.7310062, 49.9779467], [-110.7310321, 49.9779243], [-110.7310605, 49.9778894], [-110.7311052, 49.9778417], [-110.7311437, 49.9778089], [-110.7311937, 49.977779], [-110.7312402, 49.9777635], [-110.7312885, 49.9777382], [-110.7313368, 49.977706], [-110.7313833, 49.9776738], [-110.7314166, 49.9776491], [-110.7314298, 49.9776393], [-110.7314548, 49.9776261], [-110.73147, 49.9776106], [-110.7314611, 49.9775973], [-110.7314432, 49.9775933], [-110.7314226, 49.9775968], [-110.7314163, 49.9776071], [-110.7314146, 49.977622], [-110.7314166, 49.9776491]]}}, {"type": "Feature", "properties": {"name": "Path 1458568055", "difficulty": "intermediate", "area": "Medicine Hat", "osm_id": 1458568055, "highway": "path"}, "geometry": {"type": "LineString", "coordinates": [[-110.7303678, 49.9780168], [-110.7304152, 49.9780226], [-110.7303642, 49.9780738], [-110.730314, 49.9781286], [-110.730255, 49.978174], [-110.7302263, 49.9782051], [-110.730212, 49.9782263], [-110.7302076, 49.9782557], [-110.7302272, 49.9783001], [-110.7302433, 49.9783432], [-110.7302523, 49.978391], [-110.7302371, 49.9784347], [-110.7302183, 49.9784726], [-110.7301959, 49.9785083], [-110.7301575, 49.9785537], [-110.7301056, 49.9786209], [-110.7300735, 49.9786698], [-110.7300484, 49.9787313], [-110.7300091, 49.9788749], [-110.7300001, 49.9789381], [-110.7300001, 49.9790094], [-110.7300144, 49.9790876], [-110.7300171, 49.9791382], [-110.7300037, 49.9791917], [-110.729959, 49.9792966], [-110.7299295, 49.9793392], [-110.7298902, 49.9793662], [-110.7298356, 49.979399], [-110.729783, 49.9794337], [-110.7297392, 49.9794659], [-110.7297133, 49.9795073], [-110.7296882, 49.9795516], [-110.729673, 49.979601], [-110.7296748, 49.9796441], [-110.7296873, 49.9798253], [-110.72969, 49.9798897], [-110.7296811, 49.9799443], [-110.7296632, 49.9799788], [-110.7296417, 49.9799954], [-110.7296069, 49.9800098], [-110.729564, 49.980015], [-110.7295175, 49.9800156], [-110.7294397, 49.9800121], [-110.7293757, 49.9800029], [-110.7293202, 49.9799903], [-110.7292433, 49.9799696], [-110.7291682, 49.9799466], [-110.7290994, 49.9799322], [-110.7290297, 49.9799195], [-110.7289787, 49.9799115], [-110.7288892, 49.9799827]]}}, {"type": "Feature", "properties": {"name": "Path 1458568056", "difficulty": "intermediate", "area": "Medicine Hat", "osm_id": 1458568056, "highway": "path"}, "geometry": {"type": "LineString", "coordinates": [[-110.7289787, 49.9799115], [-110.7289037, 49.9798893]]}}, {"type": "Feature", "properties": {"name": "Path 1458568057", "difficulty": "intermediate", "area": "Medicine Hat", "osm_id": 1458568057, "highway": "path"}, "geometry": {"type": "LineString", "coordinates": [[-110.7287323, 49.9802371], [-110.7287706, 49.9802241], [-110.7288222, 49.9802237], [-110.728792, 49.9802003], [-110.7287671, 49.9801735], [-110.7287323, 49.9802371]]}}, {"type": "Feature", "properties": {"name": "Path 1458568058", "difficulty": "intermediate", "area": "Medicine Hat", "osm_id": 1458568058, "highway": "path"}, "geometry": {"type": "LineString", "coordinates": [[-110.7288222, 49.9802237], [-110.7289277, 49.980257], [-110.7289993, 49.9802875], [-110.7290654, 49.9803237], [-110.7290985, 49.9803553], [-110.7291468, 49.9804226], [-110.7291852, 49.980504], [-110.7292049, 49.9805644], [-110.7292192, 49.9805972], [-110.7292389, 49.9806391], [-110.7292737, 49.9806903], [-110.7293068, 49.9807438], [-110.7293479, 49.9808139], [-110.7293283, 49.9808748], [-110.7292934, 49.9809093], [-110.7292353, 49.9809466], [-110.7291906, 49.9809829], [-110.729145, 49.9810343], [-110.7291191, 49.9810947], [-110.729094, 49.981166], [-110.7290627, 49.9812344], [-110.7290422, 49.9812808], [-110.72885, 49.9812975], [-110.7287579, 49.9813331], [-110.7286676, 49.9814636], [-110.7286318, 49.9815132], [-110.7285764, 49.9815534], [-110.7285245, 49.9815833], [-110.7284646, 49.9816138], [-110.7283779, 49.9816414], [-110.7281559, 49.9816885], [-110.728079, 49.9817029], [-110.727953, 49.9817541], [-110.7278132, 49.9817985], [-110.7276996, 49.9818249], [-110.7275861, 49.9818433], [-110.7274708, 49.9818474], [-110.7273241, 49.9818479], [-110.7271256, 49.9818554], [-110.7270541, 49.9818629], [-110.7269808, 49.9818807], [-110.7269093, 49.9819066], [-110.7268297, 49.9819462], [-110.7267583, 49.9819821], [-110.7266939, 49.9820005], [-110.7266394, 49.9820085], [-110.7265839, 49.9820068], [-110.7264999, 49.9820028], [-110.7264177, 49.9820016], [-110.726339, 49.9820028], [-110.7262701, 49.9820114], [-110.7262147, 49.9820252], [-110.7261512, 49.9820482], [-110.7260314, 49.9820936], [-110.7259571, 49.9821166], [-110.7258838, 49.982127], [-110.7258006, 49.982131], [-110.7257058, 49.9821252], [-110.7255708, 49.9821161], [-110.7254486, 49.9821218], [-110.7253851, 49.9821207], [-110.7253466, 49.982112], [-110.7253001, 49.9820936], [-110.7252519, 49.9820695], [-110.7252054, 49.9820384], [-110.7251508, 49.9820022], [-110.7250865, 49.9819689], [-110.7250194, 49.9819396], [-110.7249497, 49.9819229], [-110.7248737, 49.9819189], [-110.7248165, 49.9819229]]}}, {"type": "Feature", "properties": {"name": "Path 1458568059", "difficulty": "intermediate", "area": "Medicine Hat", "osm_id": 1458568059, "highway": "path"}, "geometry": {"type": "LineString", "coordinates": [[-110.7248165, 49.9819229], [-110.7247015, 49.9819372], [-110.7246255, 49.9819464], [-110.7244848, 49.9819484], [-110.724339, 49.9819557], [-110.7242373, 49.981961], [-110.7241048, 49.9819861], [-110.7239908, 49.9819993], [-110.7238697, 49.981994], [-110.7237978, 49.981994], [-110.7237197, 49.9820085], [-110.7236211, 49.9820396], [-110.723487, 49.9820779], [-110.7234182, 49.9821049], [-110.7233699, 49.98213], [-110.723335, 49.9821637], [-110.7232918, 49.9822047], [-110.7232436, 49.9822446], [-110.723145, 49.9823014], [-110.7231018, 49.9823331], [-110.7230063, 49.9824295], [-110.7229231, 49.9825035], [-110.7228492, 49.9825662], [-110.7228112, 49.9826207], [-110.7227732, 49.9826735], [-110.7227424, 49.9827132], [-110.7226951, 49.9827482], [-110.722651, 49.9827686], [-110.7225904, 49.9827805], [-110.722499, 49.9827845], [-110.7224168, 49.9827937], [-110.7223449, 49.9828109], [-110.7222515, 49.9828386], [-110.7221796, 49.9828644], [-110.7221364, 49.9828888], [-110.7220943, 49.9829146], [-110.7220738, 49.9829403], [-110.7220625, 49.9829707], [-110.7220378, 49.983007], [-110.7219937, 49.9830374], [-110.7219228, 49.9830612], [-110.7218324, 49.9830982], [-110.7217503, 49.9831239], [-110.7216466, 49.9831503], [-110.7215433, 49.9831777], [-110.721492, 49.9831962], [-110.721456, 49.9832154], [-110.7214149, 49.9832457], [-110.7213461, 49.9833177], [-110.7212989, 49.9833778], [-110.7212886, 49.9834049], [-110.7212927, 49.9834372], [-110.7213143, 49.9835191], [-110.7213482, 49.9836354], [-110.7213738, 49.9837859], [-110.7213903, 49.9839021], [-110.7213952, 49.9840089], [-110.7213969, 49.9841688]]}}, {"type": "Feature", "properties": {"name": "Path 1458568060", "difficulty": "intermediate", "area": "Medicine Hat", "osm_id": 1458568060, "highway": "path"}, "geometry": {"type": "LineString", "coordinates": [[-110.7213988, 49.9842938], [-110.7214105, 49.9843177], [-110.7214827, 49.9844299], [-110.7215567, 49.9845303], [-110.7216142, 49.9846069], [-110.7216347, 49.9846623], [-110.7216542, 49.9847145], [-110.7217004, 49.9847726]]}}, {"type": "Feature", "properties": {"name": "Path 1458568061", "difficulty": "intermediate", "area": "Medicine Hat", "osm_id": 1458568061, "highway": "path"}, "geometry": {"type": "LineString", "coordinates": [[-110.7217004, 49.9847726], [-110.7216994, 49.9848175], [-110.7217171, 49.9848598], [-110.7217458, 49.984902], [-110.7217736, 49.9849522], [-110.7217982, 49.9849945], [-110.7218013, 49.985083], [-110.7217931, 49.985219], [-110.7217787, 49.9853576], [-110.7217746, 49.9854296], [-110.721791, 49.9854685], [-110.7218105, 49.985489], [-110.7218403, 49.9855068], [-110.7218958, 49.9855352], [-110.7219225, 49.985557], [-110.721941, 49.9855828], [-110.7219451, 49.9856059], [-110.7219379, 49.9856363], [-110.7219204, 49.9856752], [-110.7218927, 49.98573], [-110.7218794, 49.9857868], [-110.721867, 49.9858502], [-110.7218691, 49.9859095], [-110.7218773, 49.985959], [-110.7219009, 49.986029], [-110.7219235, 49.9861089], [-110.7219441, 49.9861802], [-110.7219564, 49.986239], [-110.7219461, 49.9863262], [-110.7219369, 49.9864232], [-110.721941, 49.9864767], [-110.7219615, 49.986519], [-110.7219903, 49.9865533], [-110.7220601, 49.9866101], [-110.7221197, 49.9866418], [-110.7222306, 49.9866775], [-110.722507, 49.9867597], [-110.7225943, 49.9867933], [-110.7227031, 49.9868415], [-110.7228911, 49.9869551], [-110.7232499, 49.9871577], [-110.723293, 49.9871742], [-110.723331, 49.9871815], [-110.7233762, 49.9871841], [-110.7234132, 49.9871788], [-110.7234604, 49.9871702], [-110.7235138, 49.987155], [-110.72356, 49.9871425], [-110.7236104, 49.9871412], [-110.7236494, 49.9871498], [-110.7237028, 49.9871676], [-110.7239267, 49.9872666], [-110.7239883, 49.9873168], [-110.7240304, 49.9873472], [-110.7240622, 49.9873624], [-110.7241002, 49.9873703], [-110.7241454, 49.987373], [-110.724205, 49.9873703], [-110.7242913, 49.9873631], [-110.7244073, 49.9873538], [-110.7245521, 49.9873492], [-110.7246497, 49.9873439], [-110.7247842, 49.9873327], [-110.7248684, 49.98733], [-110.7249722, 49.9873518], [-110.7250512, 49.9873789], [-110.725119, 49.9873928], [-110.7251848, 49.9874086], [-110.7252228, 49.9874152], [-110.7252464, 49.9874007], [-110.7252598, 49.9873782], [-110.7252783, 49.9873485], [-110.7252814, 49.9873076], [-110.7252824, 49.9872851], [-110.7252711, 49.9872554], [-110.7252352, 49.9872409], [-110.7252157, 49.9872482], [-110.7252054, 49.9872614], [-110.7252167, 49.9872858], [-110.7252362, 49.987303], [-110.7252547, 49.9873201], [-110.7252783, 49.9873485]]}}, {"type": "Feature", "properties": {"name": "Path 1458568062", "difficulty": "intermediate", "area": "Medicine Hat", "osm_id": 1458568062, "highway": "path"}, "geometry": {"type": "LineString", "coordinates": [[-110.7236017, 49.9863198], [-110.7237522, 49.9864234], [-110.7238405, 49.986461], [-110.7240367, 49.9865238], [-110.7243345, 49.9866261], [-110.7244793, 49.9866789], [-110.7245913, 49.9867186], [-110.7246395, 49.9867324], [-110.7246734, 49.986739], [-110.7247453, 49.9867351], [-110.7251078, 49.9866895], [-110.7251561, 49.9866842], [-110.7254436, 49.9866829], [-110.7255011, 49.9866803], [-110.7255648, 49.986675], [-110.7256398, 49.9866651], [-110.7256962, 49.9866506], [-110.7257538, 49.9866261], [-110.7258749, 49.9865515], [-110.7261954, 49.9863567], [-110.7262587, 49.9863243], [-110.7263152, 49.9862979], [-110.7263573, 49.9862827], [-110.7264005, 49.9862748], [-110.726458, 49.9862742], [-110.7265032, 49.9862808], [-110.7265484, 49.9862979], [-110.7266192, 49.9863303], [-110.7266983, 49.9863785], [-110.7267856, 49.9864175], [-110.7269037, 49.9864657], [-110.7272125, 49.9866136], [-110.7272464, 49.9866598], [-110.7272772, 49.9866129], [-110.7272125, 49.9866136]]}}, {"type": "Feature", "properties": {"name": "Path 1458568063", "difficulty": "intermediate", "area": "Medicine Hat", "osm_id": 1458568063, "highway": "path"}, "geometry": {"type": "LineString", "coordinates": [[-110.7249722, 49.9873518], [-110.7249831, 49.9873904], [-110.7250512, 49.9873789]]}}, {"type": "Feature", "properties": {"name": "Path 1458568064", "difficulty": "intermediate", "area": "Medicine Hat", "osm_id": 1458568064, "highway": "path"}, "geometry": {"type": "LineString", "coordinates": [[-110.7249831, 49.9873904], [-110.7249344, 49.9874069], [-110.7248747, 49.9874209], [-110.724811, 49.9874322], [-110.7247351, 49.9874422], [-110.7246681, 49.9874483], [-110.7246105, 49.9874575], [-110.7245671, 49.9874697], [-110.72454, 49.9874862], [-110.7245258, 49.9875045], [-110.724517, 49.9875267], [-110.724521, 49.9875481], [-110.72454, 49.9875703], [-110.7245786, 49.9875951], [-110.724599, 49.9876086], [-110.7247074, 49.9876622], [-110.7248354, 49.9877223], [-110.7249845, 49.9877846], [-110.7251065, 49.9878439], [-110.7251939, 49.9878883], [-110.7254393, 49.9879602], [-110.7255863, 49.9879916], [-110.7256337, 49.9879964], [-110.7256784, 49.9879946], [-110.7257787, 49.9879863], [-110.7258905, 49.987965], [-110.7259351, 49.9879571], [-110.7259771, 49.9879537], [-110.7261078, 49.9879554], [-110.7262359, 49.9879606], [-110.7263823, 49.9879628], [-110.7265218, 49.987965], [-110.7267631, 49.9879855], [-110.7268532, 49.9879863], [-110.7269569, 49.9879846], [-110.7270518, 49.9879942], [-110.7271852, 49.9880208], [-110.7272869, 49.9880334], [-110.7273729, 49.9880391], [-110.7274326, 49.9880316], [-110.7275078, 49.9880151], [-110.727585, 49.9879959], [-110.7277666, 49.9879445], [-110.727871, 49.9879105], [-110.7279794, 49.987884], [-110.7281135, 49.9878569], [-110.7282978, 49.987836], [-110.7284354, 49.9878217], [-110.7285573, 49.9878182], [-110.7287843, 49.9878317], [-110.7289869, 49.9878587], [-110.7292065, 49.9879014], [-110.7293115, 49.9879288], [-110.7294687, 49.9879894], [-110.7296232, 49.9880578], [-110.7297235, 49.9881149], [-110.7298, 49.9881536], [-110.7298637, 49.988175], [-110.7299132, 49.9881819], [-110.7299599, 49.9881837], [-110.7300202, 49.9881824], [-110.7300819, 49.9881772], [-110.7301368, 49.9881623], [-110.7301889, 49.9881471], [-110.7302445, 49.9881318], [-110.7302784, 49.9881275], [-110.730319, 49.9881327], [-110.7303861, 49.9881532], [-110.730479, 49.9881828], [-110.7305386, 49.9881963], [-110.7305758, 49.9882037], [-110.7306531, 49.9882033], [-110.7307649, 49.9881994], [-110.7311124, 49.9882046], [-110.7313773, 49.9882081], [-110.7314383, 49.9882185], [-110.731563, 49.9882503], [-110.7316592, 49.988276], [-110.7317195, 49.9882813], [-110.7318503, 49.9882726], [-110.7318977, 49.9882865], [-110.7319391, 49.9883052], [-110.7319756, 49.9883283], [-110.7320116, 49.9883614], [-110.7320753, 49.9884242], [-110.732101, 49.9884459], [-110.7321146, 49.9884542], [-110.7321396, 49.988456], [-110.7321566, 49.9884529], [-110.7321721, 49.9884446], [-110.7321796, 49.988432], [-110.7321898, 49.9884163], [-110.7321945, 49.9883893], [-110.7321904, 49.9883423], [-110.7321674, 49.9883035], [-110.7321328, 49.9882482], [-110.7320976, 49.9881933], [-110.7320827, 49.9881571], [-110.7320692, 49.988104], [-110.7320671, 49.9880499], [-110.732061, 49.9879833], [-110.7320827, 49.9879184], [-110.7321091, 49.9878774], [-110.7321362, 49.9878143], [-110.7321423, 49.9877642], [-110.7321335, 49.9877188], [-110.7321166, 49.9876454], [-110.732124, 49.9876045], [-110.732141, 49.987577], [-110.7321586, 49.9875444], [-110.7321735, 49.9875078], [-110.7321803, 49.9874747], [-110.7321749, 49.9874342], [-110.7321383, 49.9872582], [-110.7321254, 49.9871833], [-110.7321186, 49.9871123], [-110.7320942, 49.9870221], [-110.7320664, 49.9869637], [-110.7320326, 49.9868955], [-110.7319872, 49.9868336], [-110.7319228, 49.9867634], [-110.7318826, 49.9867311], [-110.7318713, 49.9867221], [-110.73183, 49.9867099], [-110.7317958, 49.9867083], [-110.7317812, 49.9867077], [-110.7317263, 49.9867164], [-110.7316159, 49.9867316], [-110.7315318, 49.986753], [-110.7315054, 49.9867574], [-110.731481, 49.9867543], [-110.7314607, 49.9867574], [-110.7314498, 49.9867648], [-110.7314458, 49.9867778], [-110.7314587, 49.9867887], [-110.7314722, 49.9867931], [-110.7314925, 49.9867931], [-110.7315047, 49.9867857], [-110.7315156, 49.9867752], [-110.7315318, 49.986753]]}}, {"type": "Feature", "properties": {"name": "Path 1458568065", "difficulty": "intermediate", "area": "Medicine Hat", "osm_id": 1458568065, "highway": "path"}, "geometry": {"type": "LineString", "coordinates": [[-110.7317958, 49.9867083], [-110.7319242, 49.9866811], [-110.7318826, 49.9867311]]}}, {"type": "Feature", "properties": {"name": "Path 1458568066", "difficulty": "intermediate", "area": "Medicine Hat", "osm_id": 1458568066, "highway": "path"}, "geometry": {"type": "LineString", "coordinates": [[-110.7319242, 49.9866811], [-110.7320007, 49.9866628], [-110.7320434, 49.9866471], [-110.7320732, 49.986628], [-110.7320874, 49.9865996], [-110.7320969, 49.9865757], [-110.7320922, 49.9865578], [-110.7320725, 49.9865461], [-110.7320299, 49.9865408], [-110.7319153, 49.9865217], [-110.7318049, 49.9865038], [-110.7317426, 49.9864994], [-110.7316904, 49.9865012], [-110.7316402, 49.9865112], [-110.731584, 49.9865282], [-110.7315257, 49.9865491], [-110.7314749, 49.9865661], [-110.7314119, 49.9865818], [-110.7313394, 49.9865909], [-110.7312564, 49.9865935], [-110.7311351, 49.9865988], [-110.7310185, 49.9866036], [-110.7309108, 49.9866153], [-110.7307516, 49.986624], [-110.7306445, 49.9866253], [-110.7305605, 49.9866284], [-110.7304805, 49.9866445], [-110.7303762, 49.9866685], [-110.730301, 49.9866881], [-110.7302472, 49.9866951], [-110.7301503, 49.9866937], [-110.7300819, 49.9866842], [-110.7299816, 49.986668], [-110.7299152, 49.9866484], [-110.7298454, 49.9866223], [-110.7297688, 49.9865848], [-110.7296624, 49.9865369], [-110.7295852, 49.9865116], [-110.729508, 49.9864938], [-110.729472, 49.9864864], [-110.7294449, 49.9864872], [-110.7293968, 49.9864885], [-110.7293413, 49.986499], [-110.7292369, 49.9865395], [-110.7291671, 49.9865626], [-110.7291082, 49.9865752], [-110.7290323, 49.9865835], [-110.7289076, 49.9865992], [-110.7287538, 49.986621], [-110.728581, 49.9866436], [-110.7284954, 49.9866528], [-110.7284351, 49.9866497], [-110.7283517, 49.9866458], [-110.7282738, 49.986645], [-110.7281959, 49.9866445], [-110.728139, 49.9866537], [-110.7280807, 49.9866676], [-110.7279906, 49.9866911], [-110.7278016, 49.9867391], [-110.7277101, 49.9867617], [-110.727643, 49.9867726], [-110.7275787, 49.98678], [-110.7275089, 49.9867796], [-110.7274194, 49.9867748], [-110.7273401, 49.9867574], [-110.7272914, 49.9867273], [-110.7272697, 49.9866959], [-110.7272464, 49.9866598], [-110.7272772, 49.9866129], [-110.7273232, 49.9865853], [-110.7273977, 49.9865587], [-110.7274804, 49.9865387], [-110.7275753, 49.9865295], [-110.7276999, 49.9865251], [-110.7277379, 49.9865169], [-110.7277569, 49.9865064], [-110.7278192, 49.9864576], [-110.7278653, 49.9864263], [-110.7279113, 49.9864071], [-110.727954, 49.9863958], [-110.7280062, 49.9863905], [-110.7280536, 49.9863897], [-110.728202, 49.9863992], [-110.7283796, 49.986411], [-110.7285545, 49.9864223], [-110.7286115, 49.9864188], [-110.7286745, 49.9864141], [-110.7287415, 49.9864101], [-110.7288073, 49.9864032], [-110.7288798, 49.9863918], [-110.7289691, 49.9863676], [-110.7290287, 49.9863388], [-110.7291304, 49.9862826], [-110.7292381, 49.9862159], [-110.7292815, 49.9861833], [-110.7293126, 49.9861519], [-110.7293248, 49.9861297], [-110.7293485, 49.9860739], [-110.7293587, 49.9860327], [-110.7293736, 49.9859756], [-110.7294027, 49.9859386], [-110.72944, 49.9859055], [-110.7294929, 49.9858576], [-110.7295874, 49.9857879], [-110.7296246, 49.9857578], [-110.7296517, 49.9857304], [-110.7296795, 49.9857025], [-110.7297032, 49.985675], [-110.7297391, 49.985628], [-110.7297811, 49.9855753], [-110.7298184, 49.9855252], [-110.7298564, 49.9854585], [-110.7298962, 49.9853724], [-110.729928, 49.9853202], [-110.7299673, 49.9852796], [-110.7300256, 49.9852365], [-110.7300906, 49.985203], [-110.7301916, 49.985169], [-110.7303054, 49.9851341], [-110.7304613, 49.9850836], [-110.7305744, 49.9850448], [-110.7306388, 49.98501], [-110.7306937, 49.9849712], [-110.7307269, 49.984935], [-110.7307479, 49.9848884], [-110.7307621, 49.9848344], [-110.7307608, 49.9847878], [-110.7307621, 49.9847292], [-110.730777, 49.9846848], [-110.7307987, 49.9846325], [-110.7308055, 49.9845841], [-110.730817, 49.9844972], [-110.730819, 49.984363], [-110.7308001, 49.9842964], [-110.7307689, 49.984282], [-110.7307174, 49.9842593], [-110.730653, 49.9842323], [-110.7305948, 49.9842058], [-110.7305433, 49.9841835], [-110.7305162, 49.9841534], [-110.7305067, 49.9841312], [-110.7305107, 49.9841086], [-110.7305223, 49.9840571], [-110.7305263, 49.9840179], [-110.7305243, 49.9839857], [-110.7305175, 49.983953], [-110.7304896, 49.9838687], [-110.7304396, 49.9837367], [-110.7303931, 49.983662], [-110.7303117, 49.9835758], [-110.7302402, 49.9835194], [-110.7300891, 49.9834079], [-110.7299709, 49.9833366], [-110.7298529, 49.9832797], [-110.7297429, 49.9832452], [-110.7295873, 49.9832228], [-110.7293683, 49.9832021], [-110.7292171, 49.9831889], [-110.7291437, 49.9831756], [-110.7291151, 49.9831572], [-110.7290999, 49.9831342], [-110.7291008, 49.9831055], [-110.7291169, 49.9830727], [-110.7291697, 49.9830129], [-110.7293065, 49.9829169], [-110.7293851, 49.9828566], [-110.7293959, 49.9828387], [-110.7293878, 49.9828278], [-110.7293699, 49.9828238], [-110.7293226, 49.9828405], [-110.7291983, 49.9829072], [-110.7289596, 49.983017], [-110.7288433, 49.9830796], [-110.7287763, 49.9831227], [-110.7286672, 49.9831647], [-110.7285179, 49.9831992], [-110.7282926, 49.9832222], [-110.7281585, 49.9832389], [-110.7280145, 49.9832676], [-110.7278938, 49.9832912], [-110.727859, 49.983305], [-110.7278375, 49.9833263], [-110.7278205, 49.9833562], [-110.7278044, 49.983409], [-110.7277837, 49.983481], [-110.7277372, 49.9835948], [-110.7277086, 49.9836512], [-110.72768, 49.9836834], [-110.7276487, 49.9837012], [-110.7276147, 49.9837109], [-110.7275709, 49.9837184], [-110.7275226, 49.983723], [-110.7274645, 49.9837161], [-110.7273724, 49.9837], [-110.7272491, 49.9836765], [-110.7272008, 49.9836696], [-110.72714, 49.9836707], [-110.7270685, 49.9836799], [-110.7269782, 49.9836954], [-110.726878, 49.983723], [-110.7267742, 49.9837575], [-110.7266875, 49.9837886], [-110.7266052, 49.9838282], [-110.7265269, 49.9838695], [-110.7265012, 49.983897], [-110.7264907, 49.9839223], [-110.726451, 49.9839448], [-110.7264849, 49.9839663], [-110.7264934, 49.9840069], [-110.7265067, 49.9840529], [-110.7265319, 49.9841228], [-110.7265703, 49.984163], [-110.7266056, 49.9841918], [-110.7266511, 49.9842085], [-110.7267313, 49.9842286], [-110.7268369, 49.9842449], [-110.7269513, 49.9842547], [-110.7270327, 49.9842574], [-110.7270811, 49.9842604], [-110.7270988, 49.984265], [-110.7271165, 49.9842684], [-110.727133, 49.9842654], [-110.7271436, 49.9842585], [-110.7271448, 49.984246], [-110.7271371, 49.9842362], [-110.7271247, 49.9842343], [-110.727107, 49.9842373], [-110.7270876, 49.9842434], [-110.7270652, 49.9842517], [-110.7270327, 49.9842574]]}}, {"type": "Feature", "properties": {"name": "Path 1458568067", "difficulty": "intermediate", "area": "Medicine Hat", "osm_id": 1458568067, "highway": "path"}, "geometry": {"type": "LineString", "coordinates": [[-110.7264849, 49.9839663], [-110.7264907, 49.9839223], [-110.726451, 49.9839448], [-110.7264294, 49.9839447], [-110.7263967, 49.9839372], [-110.7263543, 49.9839237], [-110.7263006, 49.9838976], [-110.7262267, 49.9838499], [-110.7260313, 49.9837267], [-110.7259694, 49.9837372], [-110.7259382, 49.983758], [-110.7257054, 49.9838959], [-110.7256365, 49.9839429], [-110.7256112, 49.9839695], [-110.7255828, 49.9840118], [-110.7255731, 49.9840516], [-110.7255762, 49.9840884], [-110.7255918, 49.9841254], [-110.7256229, 49.9841637], [-110.7256988, 49.9842152], [-110.7258506, 49.9843521], [-110.725946, 49.9844493], [-110.7260141, 49.9844929], [-110.7260612, 49.9845258], [-110.7260799, 49.9845353], [-110.7260947, 49.984541], [-110.7261134, 49.984542], [-110.7261328, 49.9845375], [-110.7261433, 49.9845265], [-110.7261395, 49.9845135], [-110.7261309, 49.9845032], [-110.7261204, 49.9844975], [-110.7261001, 49.9844942], [-110.7260737, 49.9844925], [-110.7260515, 49.9844912], [-110.7260141, 49.9844929]]}}, {"type": "Feature", "properties": {"name": "Path 1458568068", "difficulty": "intermediate", "area": "Medicine Hat", "osm_id": 1458568068, "highway": "path"}, "geometry": {"type": "LineString", "coordinates": [[-110.7259694, 49.9837372], [-110.725999, 49.9836767], [-110.7260313, 49.9837267]]}}, {"type": "Feature", "properties": {"name": "Path 1458568069", "difficulty": "intermediate", "area": "Medicine Hat", "osm_id": 1458568069, "highway": "path"}, "geometry": {"type": "LineString", "coordinates": [[-110.725999, 49.9836767], [-110.7260087, 49.9836419], [-110.7260141, 49.9836016], [-110.7260099, 49.9835624], [-110.7259974, 49.9835188], [-110.7259702, 49.9834551], [-110.7259682, 49.9834266], [-110.7259748, 49.9833963], [-110.725992, 49.9833707], [-110.7260317, 49.9833162], [-110.7260714, 49.9832679], [-110.7261231, 49.9832148], [-110.7262457, 49.983114], [-110.7262959, 49.9830694], [-110.7263453, 49.9830184], [-110.7263928, 49.9829653], [-110.7265226, 49.9828472], [-110.7265658, 49.9828101], [-110.7266052, 49.9827751], [-110.7266332, 49.9827426], [-110.7266557, 49.9827125], [-110.7266608, 49.9826883], [-110.7266678, 49.9826597], [-110.7266721, 49.9825063], [-110.7266752, 49.9824748], [-110.726718, 49.9824357], [-110.7266729, 49.9824315], [-110.7266752, 49.9824748]]}}, {"type": "Feature", "properties": {"name": "Path 1458568070", "difficulty": "intermediate", "area": "Medicine Hat", "osm_id": 1458568070, "highway": "path"}, "geometry": {"type": "LineString", "coordinates": [[-110.7266729, 49.9824315], [-110.7266631, 49.9823929], [-110.7266491, 49.9823604], [-110.7266215, 49.9823259], [-110.7265908, 49.9822983], [-110.7265441, 49.9822753], [-110.726502, 49.9822627], [-110.7264452, 49.9822525], [-110.7263557, 49.9822482], [-110.7262635, 49.982249], [-110.7261424, 49.9822537], [-110.7260245, 49.9822542], [-110.7259346, 49.9822515], [-110.7258879, 49.982248], [-110.7258524, 49.9822405], [-110.7258229, 49.9822305], [-110.7257952, 49.982219], [-110.7257629, 49.9821989], [-110.725745, 49.9821759], [-110.7257415, 49.9821559], [-110.7257058, 49.9821252], [-110.7258006, 49.982131], [-110.7257415, 49.9821559]]}}, {"type": "Feature", "properties": {"name": "Path 1458568071", "difficulty": "intermediate", "area": "Medicine Hat", "osm_id": 1458568071, "highway": "path"}, "geometry": {"type": "LineString", "coordinates": [[-110.726718, 49.9824357], [-110.7267771, 49.9823876], [-110.7268191, 49.9823543], [-110.72686, 49.9823311], [-110.7269191, 49.9823012], [-110.726962, 49.9822842], [-110.7270316, 49.9822619], [-110.7270639, 49.9822471], [-110.7271192, 49.9822141], [-110.7271694, 49.9821856], [-110.7272102, 49.9821715], [-110.7272506, 49.9821645], [-110.727307, 49.9821543], [-110.7273728, 49.9821508], [-110.7274413, 49.9821535], [-110.727528, 49.982155], [-110.7276055, 49.9821513], [-110.7276903, 49.982143], [-110.7277382, 49.9821326], [-110.7277789, 49.98212], [-110.72782, 49.9821036], [-110.7278544, 49.9820855], [-110.7278871, 49.9820622], [-110.7279224, 49.9820343], [-110.7279666, 49.9819978], [-110.7279993, 49.9819665], [-110.72804, 49.9819331], [-110.7280873, 49.9819044], [-110.7281566, 49.9818663], [-110.7282206, 49.9818385], [-110.7282867, 49.9818132], [-110.7283851, 49.9817864], [-110.7285254, 49.9817482], [-110.7286372, 49.9817117], [-110.7286878, 49.9816952], [-110.7287177, 49.9816814], [-110.7287468, 49.9816671], [-110.7287834, 49.9816444], [-110.7288076, 49.9816162], [-110.7288339, 49.9815877], [-110.7288578, 49.9815553], [-110.728894, 49.9815167], [-110.7289177, 49.9814876], [-110.7289611, 49.9814585], [-110.7290264, 49.9814281], [-110.7291603, 49.9813793], [-110.7291862, 49.9813617], [-110.7291987, 49.9813462], [-110.7291952, 49.9813301], [-110.7291777, 49.9813177], [-110.7291527, 49.9813083], [-110.729112, 49.981297], [-110.7290736, 49.981289], [-110.7290422, 49.9812808]]}}, {"type": "Feature", "properties": {"name": "Path 1459170135", "difficulty": "intermediate", "area": "Medicine Hat", "osm_id": 1459170135, "highway": "cycleway"}, "geometry": {"type": "LineString", "coordinates": [[-110.7082262, 50.0016304], [-110.7078812, 50.0017506], [-110.7077448, 50.0017973], [-110.7076541, 50.0018218], [-110.7075429, 50.0018459], [-110.7074473, 50.0018744], [-110.7073476, 50.00191], [-110.7072839, 50.0019398], [-110.7071795, 50.0019957], [-110.7070903, 50.0020315], [-110.706993, 50.0020622], [-110.7068468, 50.0021035], [-110.7066171, 50.0021785], [-110.7065577, 50.0022062], [-110.7064171, 50.0022565], [-110.7063012, 50.0022975], [-110.7062186, 50.0023357], [-110.7061684, 50.0023672], [-110.7061563, 50.0023748], [-110.7060751, 50.0024307], [-110.7058782, 50.0025578], [-110.7058232, 50.0025933]]}}, {"type": "Feature", "properties": {"name": "Path 1459170136", "difficulty": "intermediate", "area": "Medicine Hat", "osm_id": 1459170136, "highway": "cycleway"}, "geometry": {"type": "LineString", "coordinates": [[-110.7062117, 50.002838], [-110.7062294, 50.0027771], [-110.7062346, 50.002759], [-110.7062665, 50.0026584], [-110.7062665, 50.0026332], [-110.7062549, 50.0026053], [-110.7062317, 50.0025736], [-110.7061854, 50.0025158], [-110.7061654, 50.0024792], [-110.7061574, 50.0024467], [-110.7061567, 50.0024162], [-110.7061684, 50.0023672]]}}, {"type": "Feature", "properties": {"name": "Path 1459170137", "difficulty": "intermediate", "area": "Medicine Hat", "osm_id": 1459170137, "highway": "cycleway"}, "geometry": {"type": "LineString", "coordinates": [[-110.7066171, 50.0021785], [-110.7064737, 50.0021848], [-110.7063824, 50.0021783], [-110.7062751, 50.002155], [-110.7062084, 50.0021326], [-110.7061606, 50.002101], [-110.7061026, 50.0020469], [-110.7060751, 50.0020087], [-110.7060476, 50.0019603], [-110.7059954, 50.0018504], [-110.7059533, 50.0017851], [-110.705908, 50.0017355], [-110.7058431, 50.0016855], [-110.7057716, 50.0016348], [-110.7057316, 50.0015978], [-110.705707, 50.0015616], [-110.7056963, 50.0015245], [-110.7056971, 50.0014919], [-110.7057053, 50.0014536], [-110.7057262, 50.0014056], [-110.7057628, 50.0013558], [-110.7058109, 50.00131], [-110.7058606, 50.0012794], [-110.7059244, 50.0012498], [-110.7059827, 50.0012333], [-110.7060756, 50.0012175], [-110.7063937, 50.0011848]]}}, {"type": "Feature", "properties": {"name": "Path 1459170138", "difficulty": "intermediate", "area": "Medicine Hat", "osm_id": 1459170138, "highway": "cycleway"}, "geometry": {"type": "LineString", "coordinates": [[-110.708315, 50.0012597], [-110.7082291, 50.0012577], [-110.7079532, 50.0012513], [-110.7078902, 50.0012511], [-110.7077981, 50.0012556], [-110.7076399, 50.0012646], [-110.7072702, 50.0012872], [-110.7071604, 50.0012928], [-110.7070372, 50.0012922], [-110.7069428, 50.001281], [-110.7068452, 50.0012626], [-110.7067511, 50.0012392], [-110.7066905, 50.0012141], [-110.7066213, 50.0011805], [-110.7065646, 50.001134], [-110.7065223, 50.0010852], [-110.7065035, 50.00106]]}}, {"type": "Feature", "properties": {"name": "Path 1459170139", "difficulty": "intermediate", "area": "Medicine Hat", "osm_id": 1459170139, "highway": "cycleway"}, "geometry": {"type": "LineString", "coordinates": [[-110.7064827, 50.0011748], [-110.7065184, 50.0011727], [-110.7065493, 50.0011743], [-110.7066213, 50.0011805]]}}, {"type": "Feature", "properties": {"name": "Path 1459170140", "difficulty": "intermediate", "area": "Medicine Hat", "osm_id": 1459170140, "highway": "cycleway"}, "geometry": {"type": "LineString", "coordinates": [[-110.7063937, 50.0011848], [-110.7064827, 50.0011748]]}}, {"type": "Feature", "properties": {"name": "Rotary Centennial Trail", "difficulty": "intermediate", "area": "Medicine Hat", "osm_id": 1459201357, "highway": "cycleway"}, "geometry": {"type": "LineString", "coordinates": [[-110.709859, 49.9898449], [-110.7099258, 49.9898399], [-110.7102063, 49.9898294], [-110.7103088, 49.9898271], [-110.7170069, 49.9898011], [-110.7201918, 49.9898302], [-110.7209739, 49.9898268], [-110.7212557, 49.9898235], [-110.7213021, 49.9898198], [-110.7213313, 49.9898112], [-110.7213546, 49.9897967], [-110.7213671, 49.9897785], [-110.7213696, 49.9897155]]}}, {"type": "Feature", "properties": {"name": "Rotary Centennial Trail", "difficulty": "intermediate", "area": "Medicine Hat", "osm_id": 1459201358, "highway": "cycleway"}, "geometry": {"type": "LineString", "coordinates": [[-110.709724, 49.9898679], [-110.7097788, 49.9898567], [-110.709859, 49.9898449]]}}, {"type": "Feature", "properties": {"name": "Rotary Centennial Trail", "difficulty": "intermediate", "area": "Medicine Hat", "osm_id": 1459201359, "highway": "cycleway"}, "geometry": {"type": "LineString", "coordinates": [[-110.7213696, 49.9897155], [-110.7213682, 49.9896787]]}}, {"type": "Feature", "properties": {"name": "Path 1459201360", "difficulty": "intermediate", "area": "Medicine Hat", "osm_id": 1459201360, "highway": "cycleway"}, "geometry": {"type": "LineString", "coordinates": [[-110.7213663, 49.9896373], [-110.7213673, 49.9896583], [-110.7213682, 49.9896787]]}}, {"type": "Feature", "properties": {"name": "Path 1459201361", "difficulty": "intermediate", "area": "Medicine Hat", "osm_id": 1459201361, "highway": "cycleway"}, "geometry": {"type": "LineString", "coordinates": [[-110.7212287, 49.9871403], [-110.7212133, 49.9871701], [-110.7212056, 49.9871964], [-110.7212052, 49.9872193], [-110.7212133, 49.989304], [-110.721218, 49.9893361], [-110.7212307, 49.9893696], [-110.7212495, 49.989392], [-110.7213397, 49.989483], [-110.7213507, 49.9895043], [-110.7213609, 49.9895245], [-110.7213641, 49.9895455], [-110.7213666, 49.9895669], [-110.7213663, 49.9896373]]}}, {"type": "Feature", "properties": {"name": "Path 1459201362", "difficulty": "intermediate", "area": "Medicine Hat", "osm_id": 1459201362, "highway": "cycleway"}, "geometry": {"type": "LineString", "coordinates": [[-110.7213285, 49.9870071], [-110.7212849, 49.9870664], [-110.7212287, 49.9871403]]}}, {"type": "Feature", "properties": {"name": "Path 1459201363", "difficulty": "intermediate", "area": "Medicine Hat", "osm_id": 1459201363, "highway": "cycleway"}, "geometry": {"type": "LineString", "coordinates": [[-110.7213988, 49.9842938], [-110.7213721, 49.9843107], [-110.7213186, 49.9843756], [-110.7212964, 49.984417], [-110.7212877, 49.9844398], [-110.7212904, 49.9861003], [-110.7212958, 49.9862745], [-110.7213008, 49.9864454], [-110.7212904, 49.9864642], [-110.7212611, 49.9864946], [-110.721251, 49.9865087], [-110.7212458, 49.9865249], [-110.7212442, 49.9866879], [-110.7212522, 49.9867127], [-110.7213248, 49.9869351], [-110.7213292, 49.986974], [-110.7213285, 49.9870071]]}}, {"type": "Feature", "properties": {"name": "Path 1459201364", "difficulty": "intermediate", "area": "Medicine Hat", "osm_id": 1459201364, "highway": "cycleway"}, "geometry": {"type": "LineString", "coordinates": [[-110.7213969, 49.9841688], [-110.7213979, 49.9842255], [-110.7213988, 49.9842938]]}}, {"type": "Feature", "properties": {"name": "Path 1459201365", "difficulty": "intermediate", "area": "Medicine Hat", "osm_id": 1459201365, "highway": "cycleway"}, "geometry": {"type": "LineString", "coordinates": [[-110.7220511, 49.9817784], [-110.7220476, 49.9818409], [-110.7220429, 49.9819092]]}}, {"type": "Feature", "properties": {"name": "South Boundary Trail", "difficulty": "intermediate", "area": "Medicine Hat", "osm_id": 1459201366, "highway": "cycleway"}, "geometry": {"type": "LineString", "coordinates": [[-110.6640462, 49.9899388], [-110.6640127, 49.9899642], [-110.6639902, 49.9899778], [-110.6639557, 49.9899847], [-110.6639017, 49.9899897], [-110.6637967, 49.9899789], [-110.6636081, 49.9899599], [-110.6634718, 49.9899517], [-110.6633362, 49.9899484], [-110.6601672, 49.9899141], [-110.6593082, 49.9899255], [-110.6587904, 49.9899557], [-110.6582138, 49.9900125], [-110.6576313, 49.9900995], [-110.6570664, 49.9901978], [-110.6565604, 49.9903151], [-110.6560368, 49.9904551], [-110.6555602, 49.9905912], [-110.6551189, 49.9907615], [-110.6545776, 49.9909771], [-110.6540951, 49.9911851], [-110.653642, 49.9914197], [-110.6529654, 49.9918093], [-110.6524712, 49.9921649], [-110.6521652, 49.9924032], [-110.6519651, 49.9925696], [-110.6519063, 49.9926793], [-110.6519057, 49.9927145], [-110.6518196, 49.9927302], [-110.6517555, 49.9927481], [-110.6517091, 49.9927989], [-110.6516437, 49.9928656], [-110.6515919, 49.9929197], [-110.651601, 49.9929404], [-110.6516123, 49.9930046]]}}, {"type": "Feature", "properties": {"name": "South Boundary Trail", "difficulty": "intermediate", "area": "Medicine Hat", "osm_id": 1459201367, "highway": "cycleway"}, "geometry": {"type": "LineString", "coordinates": [[-110.6644446, 49.9898802], [-110.664398, 49.9898797], [-110.664277, 49.9898776], [-110.6641877, 49.9898765]]}}, {"type": "Feature", "properties": {"name": "South Boundary Trail", "difficulty": "intermediate", "area": "Medicine Hat", "osm_id": 1459201368, "highway": "cycleway"}, "geometry": {"type": "LineString", "coordinates": [[-110.6641877, 49.9898765], [-110.6641316, 49.9898767], [-110.6641236, 49.9898815]]}}, {"type": "Feature", "properties": {"name": "South Boundary Trail", "difficulty": "intermediate", "area": "Medicine Hat", "osm_id": 1459201369, "highway": "cycleway"}, "geometry": {"type": "LineString", "coordinates": [[-110.6641236, 49.9898815], [-110.6640798, 49.9899134], [-110.6640462, 49.9899388]]}}, {"type": "Feature", "properties": {"name": "South Boundary Trail", "difficulty": "intermediate", "area": "Medicine Hat", "osm_id": 1459201370, "highway": "cycleway"}, "geometry": {"type": "LineString", "coordinates": [[-110.6645359, 49.989895], [-110.6645115, 49.9898809], [-110.6644446, 49.9898802]]}}, {"type": "Feature", "properties": {"name": "South Boundary Trail", "difficulty": "intermediate", "area": "Medicine Hat", "osm_id": 1459201371, "highway": "cycleway"}, "geometry": {"type": "LineString", "coordinates": [[-110.6646209, 49.9899523], [-110.6645774, 49.9899217], [-110.6645359, 49.989895]]}}, {"type": "Feature", "properties": {"name": "South Boundary Trail", "difficulty": "intermediate", "area": "Medicine Hat", "osm_id": 1459201372, "highway": "cycleway"}, "geometry": {"type": "LineString", "coordinates": [[-110.6707037, 49.989923], [-110.6706911, 49.9899333], [-110.6706802, 49.9899422], [-110.6706579, 49.9899477], [-110.6706381, 49.989945], [-110.6704687, 49.989921], [-110.6703935, 49.9899186], [-110.6702933, 49.989915], [-110.6684418, 49.9899171], [-110.6654782, 49.9899269], [-110.6651947, 49.9899345], [-110.6649687, 49.989955], [-110.6647382, 49.9899861], [-110.6646949, 49.9899865], [-110.6646682, 49.9899781], [-110.6646375, 49.989965], [-110.6646209, 49.9899523]]}}, {"type": "Feature", "properties": {"name": "South Boundary Trail", "difficulty": "intermediate", "area": "Medicine Hat", "osm_id": 1459201373, "highway": "cycleway"}, "geometry": {"type": "LineString", "coordinates": [[-110.6707819, 49.9898632], [-110.6707363, 49.9898963], [-110.6707037, 49.989923]]}}, {"type": "Feature", "properties": {"name": "South Boundary Trail", "difficulty": "intermediate", "area": "Medicine Hat", "osm_id": 1459201374, "highway": "cycleway"}, "geometry": {"type": "LineString", "coordinates": [[-110.6708548, 49.9898628], [-110.6707819, 49.9898632]]}}, {"type": "Feature", "properties": {"name": "South Boundary Trail", "difficulty": "intermediate", "area": "Medicine Hat", "osm_id": 1459201375, "highway": "cycleway"}, "geometry": {"type": "LineString", "coordinates": [[-110.6710664, 49.9898627], [-110.6710256, 49.9898625], [-110.6709155, 49.9898625], [-110.6708548, 49.9898628]]}}, {"type": "Feature", "properties": {"name": "South Boundary Trail", "difficulty": "intermediate", "area": "Medicine Hat", "osm_id": 1459201376, "highway": "cycleway"}, "geometry": {"type": "LineString", "coordinates": [[-110.671158, 49.9898803], [-110.6711313, 49.9898629], [-110.6710664, 49.9898627]]}}, {"type": "Feature", "properties": {"name": "South Boundary Trail", "difficulty": "intermediate", "area": "Medicine Hat", "osm_id": 1459201377, "highway": "cycleway"}, "geometry": {"type": "LineString", "coordinates": [[-110.6712386, 49.9899333], [-110.6712003, 49.989908], [-110.671158, 49.9898803]]}}, {"type": "Feature", "properties": {"name": "Path 1459201378", "difficulty": "intermediate", "area": "Medicine Hat", "osm_id": 1459201378, "highway": "cycleway"}, "geometry": {"type": "LineString", "coordinates": [[-110.6871894, 49.989833], [-110.6872351, 49.9898576], [-110.6872438, 49.9898622]]}}, {"type": "Feature", "properties": {"name": "Path 1459201379", "difficulty": "intermediate", "area": "Medicine Hat", "osm_id": 1459201379, "highway": "cycleway"}, "geometry": {"type": "LineString", "coordinates": [[-110.6867466, 49.9898846], [-110.6867828, 49.9898601], [-110.6868331, 49.9898284]]}}, {"type": "Feature", "properties": {"name": "Path 1459201380", "difficulty": "intermediate", "area": "Medicine Hat", "osm_id": 1459201380, "highway": "cycleway"}, "geometry": {"type": "LineString", "coordinates": [[-110.6868331, 49.9898284], [-110.6868498, 49.9898168], [-110.6868746, 49.9898168]]}}, {"type": "Feature", "properties": {"name": "Path 1459201381", "difficulty": "intermediate", "area": "Medicine Hat", "osm_id": 1459201381, "highway": "cycleway"}, "geometry": {"type": "LineString", "coordinates": [[-110.6871314, 49.9898185], [-110.6871633, 49.989819], [-110.6871894, 49.989833]]}}, {"type": "Feature", "properties": {"name": "Path 1459201382", "difficulty": "intermediate", "area": "Medicine Hat", "osm_id": 1459201382, "highway": "cycleway"}, "geometry": {"type": "LineString", "coordinates": [[-110.6871794, 49.9917762], [-110.6871212, 49.9917767], [-110.6869432, 49.9917773], [-110.6868798, 49.9917778]]}}, {"type": "Feature", "properties": {"name": "Path 1459201383", "difficulty": "intermediate", "area": "Medicine Hat", "osm_id": 1459201383, "highway": "cycleway"}, "geometry": {"type": "LineString", "coordinates": [[-110.6872543, 49.9917757], [-110.6871974, 49.9917761], [-110.6871794, 49.9917762]]}}, {"type": "Feature", "properties": {"name": "Path 1459201384", "difficulty": "intermediate", "area": "Medicine Hat", "osm_id": 1459201384, "highway": "cycleway"}, "geometry": {"type": "LineString", "coordinates": [[-110.6868798, 49.9917778], [-110.6868164, 49.9917783]]}}, {"type": "Feature", "properties": {"name": "South Ridge Drive Trail", "difficulty": "intermediate", "area": "Medicine Hat", "osm_id": 1459201385, "highway": "cycleway"}, "geometry": {"type": "LineString", "coordinates": [[-110.686725, 49.9917008], [-110.6867181, 49.9916966], [-110.6866903, 49.9916795], [-110.6867146, 49.9916537], [-110.6867321, 49.9916263], [-110.6867495, 49.9915884], [-110.6867702, 49.9915238], [-110.6867792, 49.9914787], [-110.6867834, 49.9914329], [-110.6867844, 49.9912047], [-110.6867785, 49.9902488], [-110.6867781, 49.9901841], [-110.686756, 49.9900988], [-110.6867252, 49.9900188], [-110.6867009, 49.9899708], [-110.6866714, 49.9899398]]}}, {"type": "Feature", "properties": {"name": "South Ridge Drive Trail", "difficulty": "intermediate", "area": "Medicine Hat", "osm_id": 1459201386, "highway": "cycleway"}, "geometry": {"type": "LineString", "coordinates": [[-110.6868054, 49.9917555], [-110.6867766, 49.991735], [-110.6867617, 49.9917244], [-110.686725, 49.9917008]]}}, {"type": "Feature", "properties": {"name": "South Ridge Drive Trail", "difficulty": "intermediate", "area": "Medicine Hat", "osm_id": 1459201387, "highway": "cycleway"}, "geometry": {"type": "LineString", "coordinates": [[-110.686817, 49.9918079], [-110.6868164, 49.9917783], [-110.686816, 49.9917633], [-110.6868054, 49.9917555]]}}, {"type": "Feature", "properties": {"name": "South Ridge Drive Trail", "difficulty": "intermediate", "area": "Medicine Hat", "osm_id": 1459201388, "highway": "cycleway"}, "geometry": {"type": "LineString", "coordinates": [[-110.6868217, 49.9919472], [-110.6868209, 49.9919211], [-110.6868177, 49.9918375], [-110.686817, 49.9918079]]}}, {"type": "Feature", "properties": {"name": "South Ridge Drive Trail", "difficulty": "intermediate", "area": "Medicine Hat", "osm_id": 1459201389, "highway": "cycleway"}, "geometry": {"type": "LineString", "coordinates": [[-110.686823, 49.9920028], [-110.6868217, 49.9919472]]}}, {"type": "Feature", "properties": {"name": "South Ridge Drive Trail", "difficulty": "intermediate", "area": "Medicine Hat", "osm_id": 1459201390, "highway": "cycleway"}, "geometry": {"type": "LineString", "coordinates": [[-110.6867467, 49.9920578], [-110.6867875, 49.9920281], [-110.686823, 49.9920028]]}}, {"type": "Feature", "properties": {"name": "South Ridge PUL Trail", "difficulty": "intermediate", "area": "Medicine Hat", "osm_id": 1459201391, "highway": "cycleway"}, "geometry": {"type": "LineString", "coordinates": [[-110.687033, 49.997073], [-110.6870943, 49.9970794]]}}, {"type": "Feature", "properties": {"name": "Samis Heights", "difficulty": "intermediate", "area": "Medicine Hat", "osm_id": 1459201392, "highway": "cycleway"}, "geometry": {"type": "LineString", "coordinates": [[-110.6871532, 49.9970841], [-110.6870943, 49.9970794]]}}, {"type": "Feature", "properties": {"name": "Path 1459443559", "difficulty": "intermediate", "area": "Medicine Hat", "osm_id": 1459443559, "highway": "cycleway"}, "geometry": {"type": "LineString", "coordinates": [[-110.6692038, 50.0441662], [-110.6678312, 50.0446515], [-110.66778, 50.0446654], [-110.6677391, 50.0446719], [-110.6676993, 50.0446763], [-110.6676693, 50.044671]]}}, {"type": "Feature", "properties": {"name": "Path 1459443560", "difficulty": "intermediate", "area": "Medicine Hat", "osm_id": 1459443560, "highway": "cycleway"}, "geometry": {"type": "LineString", "coordinates": [[-110.6674125, 50.0446246], [-110.6673843, 50.0446128], [-110.6673687, 50.0446057], [-110.667342, 50.0445894], [-110.6668453, 50.0440028]]}}, {"type": "Feature", "properties": {"name": "Path 1459443563", "difficulty": "intermediate", "area": "Medicine Hat", "osm_id": 1459443563, "highway": "cycleway"}, "geometry": {"type": "LineString", "coordinates": [[-110.6700272, 50.0444876], [-110.6700061, 50.0444643], [-110.6699794, 50.0444441], [-110.6699532, 50.0444273], [-110.6699376, 50.0444124], [-110.6698556, 50.0443155], [-110.6696621, 50.0440819], [-110.6696325, 50.0440607], [-110.6695961, 50.0440483], [-110.66957, 50.0440468], [-110.6695359, 50.0440505], [-110.6695074, 50.0440578], [-110.6692901, 50.0441355]]}}, {"type": "Feature", "properties": {"name": "Path 1459443564", "difficulty": "intermediate", "area": "Medicine Hat", "osm_id": 1459443564, "highway": "cycleway"}, "geometry": {"type": "LineString", "coordinates": [[-110.6692901, 50.0441355], [-110.6692446, 50.0441518], [-110.6692038, 50.0441662]]}}, {"type": "Feature", "properties": {"name": "Path 1459443565", "difficulty": "intermediate", "area": "Medicine Hat", "osm_id": 1459443565, "highway": "cycleway"}, "geometry": {"type": "LineString", "coordinates": [[-110.669932, 50.0442891], [-110.6698556, 50.0443155]]}}, {"type": "Feature", "properties": {"name": "Path 1459443569", "difficulty": "intermediate", "area": "Medicine Hat", "osm_id": 1459443569, "highway": "cycleway"}, "geometry": {"type": "LineString", "coordinates": [[-110.6714747, 50.0442493], [-110.6714427, 50.0442155], [-110.6714146, 50.0441915]]}}, {"type": "Feature", "properties": {"name": "Path 1459443570", "difficulty": "intermediate", "area": "Medicine Hat", "osm_id": 1459443570, "highway": "cycleway"}, "geometry": {"type": "LineString", "coordinates": [[-110.671387, 50.0441532], [-110.6713896, 50.0441202], [-110.6713918, 50.0440924]]}}, {"type": "Feature", "properties": {"name": "Path 1459443571", "difficulty": "intermediate", "area": "Medicine Hat", "osm_id": 1459443571, "highway": "cycleway"}, "geometry": {"type": "LineString", "coordinates": [[-110.6714146, 50.0441915], [-110.671387, 50.0441532]]}}, {"type": "Feature", "properties": {"name": "Path 1459443572", "difficulty": "intermediate", "area": "Medicine Hat", "osm_id": 1459443572, "highway": "cycleway"}, "geometry": {"type": "LineString", "coordinates": [[-110.6714947, 50.0442703], [-110.6714747, 50.0442493]]}}, {"type": "Feature", "properties": {"name": "Path 1459855575", "difficulty": "intermediate", "area": "Medicine Hat", "osm_id": 1459855575, "highway": "path"}, "geometry": {"type": "LineString", "coordinates": [[-110.7314255, 49.9759301], [-110.7314469, 49.9761065]]}}, {"type": "Feature", "properties": {"name": "Path 1459855576", "difficulty": "intermediate", "area": "Medicine Hat", "osm_id": 1459855576, "highway": "path"}, "geometry": {"type": "LineString", "coordinates": [[-110.7314662, 49.975811], [-110.7314528, 49.9758367], [-110.7314322, 49.9758798], [-110.731426, 49.9759011], [-110.7314255, 49.9759301]]}}, {"type": "Feature", "properties": {"name": "Path 1459855577", "difficulty": "intermediate", "area": "Medicine Hat", "osm_id": 1459855577, "highway": "path"}, "geometry": {"type": "LineString", "coordinates": [[-110.7300901, 49.9755939], [-110.7301528, 49.9756039], [-110.7302288, 49.9756073], [-110.7302842, 49.9756056], [-110.7303477, 49.9756027], [-110.7304165, 49.9756016], [-110.7304791, 49.975605], [-110.7305569, 49.9756171], [-110.7306517, 49.9756389], [-110.730759, 49.9756717], [-110.7308367, 49.9757051], [-110.7309002, 49.9757367], [-110.7309671, 49.9757815], [-110.7310154, 49.9758028], [-110.731054, 49.9758097], [-110.7310978, 49.9758091], [-110.7311381, 49.9758011], [-110.731181, 49.9757884], [-110.7312373, 49.9757775], [-110.7313071, 49.9757758], [-110.7313768, 49.9757867], [-110.7314662, 49.975811], [-110.7315277, 49.9758125], [-110.7316198, 49.9758097]]}}, {"type": "Feature", "properties": {"name": "Path 1464430820", "difficulty": "intermediate", "area": "Medicine Hat", "osm_id": 1464430820, "highway": "path"}, "geometry": {"type": "LineString", "coordinates": [[-110.7217004, 49.9847726], [-110.7217456, 49.984807], [-110.7218288, 49.9848928], [-110.7219582, 49.9849885], [-110.7221431, 49.9851398], [-110.7224882, 49.9854076], [-110.7226731, 49.9855589], [-110.7233514, 49.9861013], [-110.7236017, 49.9863198], [-110.7234045, 49.9864162]]}}, {"type": "Feature", "properties": {"name": "Path 1464430821", "difficulty": "intermediate", "area": "Medicine Hat", "osm_id": 1464430821, "highway": "path"}, "geometry": {"type": "LineString", "coordinates": [[-110.7252102, 49.9753283], [-110.7252397, 49.9752881], [-110.7252656, 49.9752714], [-110.7252978, 49.9752582], [-110.7253434, 49.9752473], [-110.7254131, 49.9752317], [-110.7254739, 49.9752248], [-110.725524, 49.9752294], [-110.7255991, 49.9752409], [-110.7256501, 49.975253], [-110.7257466, 49.9752737], [-110.725832, 49.9752795], [-110.7259527, 49.9752864], [-110.72611, 49.975291], [-110.7262942, 49.9752984], [-110.7264444, 49.9753059], [-110.7265553, 49.9753145], [-110.7266197, 49.9753151], [-110.7266501, 49.9753082], [-110.7266609, 49.9753368], [-110.7266636, 49.9753788], [-110.7266609, 49.9754115], [-110.7266466, 49.9754483], [-110.7266216, 49.9754878], [-110.7265849, 49.9755217], [-110.7265635, 49.9755585], [-110.7265617, 49.9755999], [-110.726568, 49.9756413], [-110.7265894, 49.9756879], [-110.7266594, 49.9758321]]}}, {"type": "Feature", "properties": {"name": "Path 1464430822", "difficulty": "intermediate", "area": "Medicine Hat", "osm_id": 1464430822, "highway": "path"}, "geometry": {"type": "LineString", "coordinates": [[-110.7252102, 49.9753283], [-110.725178, 49.9752777], [-110.7252397, 49.9752881]]}}, {"type": "Feature", "properties": {"name": "Path 1528645754", "difficulty": "intermediate", "area": "Medicine Hat", "osm_id": 1528645754, "highway": "cycleway"}, "geometry": {"type": "LineString", "coordinates": [[-110.6647842, 50.0064614], [-110.6647425, 50.0064466], [-110.6646917, 50.0064276], [-110.664662, 50.0064085], [-110.6646381, 50.0063926], [-110.6646274, 50.0063733], [-110.6646186, 50.0063385], [-110.6646298, 50.0062942], [-110.6646483, 50.0062234], [-110.6646695, 50.006156], [-110.6647197, 50.0060298], [-110.6647831, 50.005912], [-110.6648436, 50.0058082], [-110.664907, 50.0057489], [-110.6649762, 50.00571], [-110.6650368, 50.0056878]]}}, {"type": "Feature", "properties": {"name": "Path 1543339694", "difficulty": "intermediate", "area": "Medicine Hat", "osm_id": 1543339694, "highway": "path"}, "geometry": {"type": "LineString", "coordinates": [[-110.6785596, 50.0419222], [-110.6785254, 50.0418768]]}}, {"type": "Feature", "properties": {"name": "Path 1544076330", "difficulty": "intermediate", "area": "Medicine Hat", "osm_id": 1544076330, "highway": "path"}, "geometry": {"type": "LineString", "coordinates": [[-110.6655164, 50.0520336], [-110.666363, 50.0520326], [-110.6665548, 50.0520334], [-110.6667077, 50.0520093], [-110.6667357, 50.0519882]]}}], "properties": {"source": "OpenStreetMap via Overpass", "license": "ODbL \u2014 https://www.openstreetmap.org/copyright", "bbox": [49.62, -110.85, 50.12, -110.2], "note": "Not Trailforks data. Enrich with club GPX where OSM is incomplete."}}